Num_Acc,id_vehicule,num_veh,senc,catv,obs,obsm,choc,manv,motor,occutc
2.024E+11,155 780 816,A01,2,7,0,9,3,1,1,
2.024E+11,155 780 818,B01,2,1,0,2,2,1,5,
2.024E+11,155 780 812,A01,0,10,0,2,4,23,6,
2.024E+11,155 780 814,B01,0,10,0,2,4,23,6,
2.024E+11,155 780 813,B01,2,33,0,2,8,1,1,
2.024E+11,155 780 815,A01,1,7,0,2,1,1,2,
2.024E+11,155 780 810,A01,2,7,0,2,2,15,1,
2.024E+11,155 780 811,B01,0,1,0,2,1,26,5,
2.024E+11,155 780 808,B01,2,7,0,2,1,1,2,
2.024E+11,155 780 809,A01,1,7,0,2,7,16,1,
2.024E+11,155 780 806,A01,2,7,0,1,3,15,2,
2.024E+11,155 780 803,A01,2,7,0,2,3,24,2,
2.024E+11,155 780 804,B01,2,30,0,2,1,1,1,
2.024E+11,155 780 801,A01,2,7,0,2,3,11,1,
2.024E+11,155 780 802,B01,1,7,0,2,3,16,1,
2.024E+11,155 780 799,A01,1,7,9,0,4,1,1,
2.024E+11,155 780 800,B01,1,7,14,2,1,2,1,
2.024E+11,155 780 797,A01,1,7,0,2,1,1,1,
2.024E+11,155 780 798,B01,1,10,0,2,4,1,1,
2.024E+11,155 780 796,A01,1,50,0,0,0,2,3,
2.024E+11,155 780 794,A01,1,10,0,2,7,15,1,
2.024E+11,155 780 795,B01,2,33,0,2,1,0,1,
2.024E+11,155 780 792,B01,2,7,0,2,1,5,0,
2.024E+11,155 780 791,A01,1,10,0,2,7,13,1,
2.024E+11,155 780 793,B01,1,2,8,2,9,17,1,
2.024E+11,155 780 790,A01,1,15,0,1,6,4,0,
2.024E+11,155 780 788,B01,2,7,0,2,1,1,1,
2.024E+11,155 780 789,A01,2,33,0,2,1,1,1,
2.024E+11,155 780 785,B01,0,1,0,2,1,1,5,
2.024E+11,155 780 787,A01,0,31,0,2,1,15,1,
2.024E+11,155 780 784,A01,2,2,0,2,1,2,1,
2.024E+11,155 780 786,B01,2,7,0,2,4,2,1,
2.024E+11,155 780 782,A01,1,33,0,2,2,14,1,
2.024E+11,155 780 783,B01,2,7,0,2,3,1,2,
2.024E+11,155 780 779,B01,2,33,0,2,1,2,1,
2.024E+11,155 780 780,A01,2,10,0,0,6,1,1,
2.024E+11,155 780 781,A01,1,3,0,1,1,1,1,
2.024E+11,155 780 778,A01,1,7,0,1,3,26,1,
2.024E+11,155 780 776,A01,2,7,2,0,1,1,1,
2.024E+11,155 780 774,A01,2,31,0,2,1,1,1,
2.024E+11,155 780 777,B01,1,10,0,2,1,1,1,
2.024E+11,155 780 772,A01,2,33,9,0,1,17,1,
2.024E+11,155 780 771,A01,1,7,8,0,1,1,1,
2.024E+11,155 780 766,A01,3,7,0,2,2,19,1,
2.024E+11,155 780 769,B01,1,7,0,2,1,1,1,
2.024E+11,155 780 765,C01,2,10,0,2,4,1,1,
2.024E+11,155 780 768,B01,2,7,0,2,1,1,1,
2.024E+11,155 780 770,A01,2,7,0,2,1,1,1,
2.024E+11,155 780 764,A01,1,3,0,2,1,9,1,
2.024E+11,155 780 767,B01,2,2,0,2,1,1,1,
2.024E+11,155 780 761,A01,2,33,3,0,1,16,1,
2.024E+11,155 780 762,A01,2,7,0,2,1,13,1,
2.024E+11,155 780 763,B01,1,7,0,2,1,21,1,
2.024E+11,155 780 759,B01,2,7,0,2,1,15,1,
2.024E+11,155 780 760,A01,1,33,0,2,2,3,1,
2.024E+11,155 780 756,B01,1,7,3,0,9,1,1,
2.024E+11,155 780 758,A01,1,17,0,0,7,12,1,
2.024E+11,155 780 755,A01,1,31,0,2,1,2,1,
2.024E+11,155 780 757,B01,1,15,0,2,4,1,1,
2.024E+11,155 780 753,A01,2,7,0,2,3,15,1,
2.024E+11,155 780 754,B01,1,2,0,2,0,1,1,
2.024E+11,155 780 751,A01,3,7,13,0,9,1,1,
2.024E+11,155 780 749,A01,2,7,0,0,1,1,1,
2.024E+11,155 780 747,A01,2,7,0,2,1,13,1,
2.024E+11,155 780 750,B01,1,10,0,2,1,21,1,
2.024E+11,155 780 746,A01,1,33,0,0,9,1,1,
2.024E+11,155 780 744,Z01,1,30,0,1,1,1,0,
2.024E+11,155 780 743,A01,2,7,0,2,1,2,1,
2.024E+11,155 780 745,B01,2,7,0,2,4,2,1,
2.024E+11,155 780 748,C01,2,7,0,2,4,2,1,
2.024E+11,155 780 738,A01,2,7,0,2,1,14,0,
2.024E+11,155 780 741,C01,1,14,0,2,5,1,0,
2.024E+11,155 780 742,B01,1,7,0,2,1,1,1,
2.024E+11,155 780 739,A01,1,7,0,1,3,1,1,
2.024E+11,155 780 737,A01,2,7,0,2,8,19,1,
2.024E+11,155 780 740,B01,2,7,0,2,1,1,1,
2.024E+11,155 780 736,A01,2,7,0,0,3,13,1,
2.024E+11,155 780 734,Z01,3,7,0,2,1,1,1,
2.024E+11,155 780 735,A01,3,7,0,2,4,1,2,
2.024E+11,155 780 731,B01,2,33,0,2,1,1,1,
2.024E+11,155 780 733,A01,2,7,0,2,7,1,1,
2.024E+11,155 780 732,A01,1,2,0,0,8,10,1,
2.024E+11,155 780 728,A01,1,43,0,2,1,2,1,
2.024E+11,155 780 730,B01,1,33,0,2,4,23,1,
2.024E+11,155 780 726,A01,1,2,13,0,1,1,1,
2.024E+11,155 780 725,A01,1,2,0,2,1,1,1,
2.024E+11,155 780 727,B01,1,7,0,2,4,23,1,
2.024E+11,155 780 724,B01,2,2,8,2,1,1,3,
2.024E+11,155 780 729,A01,1,7,0,2,5,1,1,
2.024E+11,155 780 721,A01,1,7,2,0,1,13,1,
2.024E+11,155 780 720,A01,1,33,0,2,1,21,1,
2.024E+11,155 780 723,B01,1,7,0,2,6,26,2,
2.024E+11,155 780 718,A01,2,10,0,9,1,1,1,
2.024E+11,155 780 722,B01,0,1,0,0,8,19,5,
2.024E+11,155 780 716,A01,1,1,0,2,1,16,5,
2.024E+11,155 780 719,B01,3,7,0,2,6,1,1,
2.024E+11,155 780 715,A01,1,2,0,0,8,14,1,
2.024E+11,155 780 713,A01,1,17,0,2,3,13,1,
2.024E+11,155 780 717,B01,2,7,0,2,3,1,1,
2.024E+11,155 780 712,B01,2,80,0,2,8,11,3,
2.024E+11,155 780 714,A01,2,7,14,2,7,23,1,
2.024E+11,155 780 711,A01,3,2,11,0,1,1,1,
2.024E+11,155 780 709,A01,1,7,0,1,1,1,1,
2.024E+11,155 780 707,B01,2,7,0,2,3,1,1,
2.024E+11,155 780 710,A01,1,1,0,2,1,13,5,
2.024E+11,155 780 708,A01,1,1,1,2,2,14,5,
2.024E+11,155 780 705,A01,1,33,0,6,0,0,1,
2.024E+11,155 780 701,A01,1,7,0,2,1,1,1,
2.024E+11,155 780 702,B01,2,7,0,2,1,1,1,
2.024E+11,155 780 704,C01,2,7,0,2,3,1,1,
2.024E+11,155 780 700,A01,2,80,0,0,0,1,3,
2.024E+11,155 780 703,A01,3,7,0,2,1,9,1,
2.024E+11,155 780 706,B01,1,1,0,2,1,1,5,
2.024E+11,155 780 699,A01,1,7,1,0,2,14,2,
2.024E+11,155 780 698,A01,3,7,0,1,2,1,1,
2.024E+11,155 780 697,A01,2,7,0,1,3,1,1,
2.024E+11,155 780 695,A01,1,7,0,2,7,18,1,
2.024E+11,155 780 696,B01,1,1,0,2,8,1,5,
2.024E+11,155 780 693,A01,2,7,0,2,1,13,1,
2.024E+11,155 780 694,B01,1,17,0,2,3,1,1,
2.024E+11,155 780 689,A01,1,7,0,2,1,1,1,
2.024E+11,155 780 691,B01,1,7,0,2,4,23,1,
2.024E+11,155 780 688,B01,1,7,0,2,1,2,1,
2.024E+11,155 780 692,A01,2,7,0,2,1,13,1,
2.024E+11,155 780 687,B01,1,7,0,2,2,1,1,
2.024E+11,155 780 690,A01,1,7,0,2,1,19,1,
2.024E+11,155 780 685,B01,2,7,0,2,6,2,1,
2.024E+11,155 780 686,A01,2,32,0,2,1,2,1,
2.024E+11,155 780 684,A01,1,7,0,0,9,14,1,
2.024E+11,155 780 682,A01,1,10,13,0,3,13,1,
2.024E+11,155 780 681,A01,1,34,0,2,1,1,0,
2.024E+11,155 780 683,B01,1,7,0,2,4,16,0,
2.024E+11,155 780 678,B01,2,7,5,2,3,1,1,
2.024E+11,155 780 680,A01,1,7,0,2,2,13,1,
2.024E+11,155 780 677,B01,1,50,0,2,1,5,3,
2.024E+11,155 780 679,A01,2,7,0,2,3,2,1,
2.024E+11,155 780 676,A01,2,31,0,0,0,26,1,
2.024E+11,155 780 674,A01,2,7,0,2,3,13,1,
2.024E+11,155 780 675,B01,1,7,0,2,3,1,1,
2.024E+11,155 780 672,A01,1,7,0,0,0,1,1,
2.024E+11,155 780 671,B01,0,7,0,2,1,1,1,
2.024E+11,155 780 673,A01,0,7,0,2,5,1,1,
2.024E+11,155 780 670,A01,2,7,2,0,3,1,1,
2.024E+11,155 780 668,A01,2,7,13,0,3,1,1,
2.024E+11,155 780 666,A01,1,7,0,2,1,1,1,
2.024E+11,155 780 667,B01,1,7,0,2,4,1,1,
2.024E+11,155 780 669,C01,1,7,0,2,4,1,1,
2.024E+11,155 780 665,A01,0,7,8,0,1,14,1,
2.024E+11,155 780 663,B01,2,50,0,2,7,1,3,
2.024E+11,155 780 664,A01,1,7,0,2,1,1,1,
2.024E+11,155 780 660,A01,3,7,12,1,2,1,1,
2.024E+11,155 780 659,A01,1,7,4,0,0,0,2,
2.024E+11,155 780 657,B01,1,10,0,0,4,23,1,
2.024E+11,155 780 658,A01,1,30,0,2,1,1,1,
2.024E+11,155 780 655,A01,1,1,0,2,8,11,5,
2.024E+11,155 780 656,B01,1,10,0,9,7,1,1,
2.024E+11,155 780 653,A01,1,7,0,2,3,20,1,
2.024E+11,155 780 654,B01,2,33,0,2,1,1,1,
2.024E+11,155 780 652,A01,1,15,4,0,7,2,1,
2.024E+11,155 780 649,A01,2,7,0,2,1,2,1,
2.024E+11,155 780 651,B01,2,7,0,2,4,2,1,
2.024E+11,155 780 648,A01,3,99,0,2,1,19,1,
2.024E+11,155 780 650,B01,3,99,0,2,7,13,1,
2.024E+11,155 780 643,A01,1,30,0,2,1,1,1,
2.024E+11,155 780 646,B01,2,21,0,2,3,19,1,
2.024E+11,155 780 642,C01,1,7,0,2,1,1,1,
2.024E+11,155 780 644,B01,1,7,0,2,1,1,1,
2.024E+11,155 780 645,D01,1,7,13,0,2,1,1,
2.024E+11,155 780 647,A01,2,7,0,2,1,17,2,
2.024E+11,155 780 640,A01,1,7,3,0,3,0,1,
2.024E+11,155 780 639,B01,1,7,0,2,1,1,2,
2.024E+11,155 780 641,A01,2,7,0,2,4,13,1,
2.024E+11,155 780 638,A01,2,7,0,1,2,1,1,
2.024E+11,155 780 636,A01,1,50,0,2,1,1,3,
2.024E+11,155 780 637,B01,1,10,0,2,7,1,1,
2.024E+11,155 780 635,A01,1,10,6,0,1,13,1,
2.024E+11,155 780 634,A01,3,10,9,0,2,1,1,
2.024E+11,155 780 633,A01,1,7,1,0,2,1,1,
2.024E+11,155 780 630,A01,1,7,0,2,3,1,1,
2.024E+11,155 780 632,B01,2,31,0,2,8,1,1,
2.024E+11,155 780 628,A01,2,7,0,2,7,15,1,
2.024E+11,155 780 629,B01,1,10,0,2,1,1,1,
2.024E+11,155 780 631,C01,2,7,0,2,1,1,1,
2.024E+11,155 780 626,A01,2,1,14,0,1,2,5,
2.024E+11,155 780 627,B01,2,7,0,2,4,23,1,
2.024E+11,155 780 621,A01,2,7,0,2,1,1,1,
2.024E+11,155 780 622,B01,2,7,0,2,4,1,1,
2.024E+11,155 780 624,C01,2,7,0,2,4,1,1,
2.024E+11,155 780 625,D01,2,7,0,2,4,1,1,
2.024E+11,155 780 620,B01,1,7,3,2,1,1,1,
2.024E+11,155 780 623,A01,1,7,0,0,4,17,1,
2.024E+11,155 780 618,A01,2,7,2,0,1,14,1,
2.024E+11,155 780 617,B01,3,7,0,2,3,23,1,
2.024E+11,155 780 619,A01,3,7,0,2,3,5,1,
2.024E+11,155 780 614,B01,1,1,0,2,1,1,5,
2.024E+11,155 780 616,A01,2,7,0,9,7,15,1,
2.024E+11,155 780 613,B01,3,10,0,2,3,0,1,
2.024E+11,155 780 615,A01,3,2,0,2,1,19,1,
2.024E+11,155 780 611,A01,1,7,0,2,3,15,1,
2.024E+11,155 780 612,B01,2,1,0,2,1,1,5,
2.024E+11,155 780 610,A01,1,7,0,1,3,1,1,
2.024E+11,155 780 609,A01,2,15,6,0,1,13,0,
2.024E+11,155 780 607,A01,2,15,0,2,1,1,1,
2.024E+11,155 780 608,B01,2,33,0,2,6,23,1,
2.024E+11,155 780 605,A01,1,7,0,2,8,15,1,
2.024E+11,155 780 606,B01,2,2,0,2,1,1,1,
2.024E+11,155 780 604,A01,1,7,0,1,1,1,1,
2.024E+11,155 780 603,A01,2,7,13,0,0,13,1,
2.024E+11,155 780 602,A01,3,7,0,1,1,1,1,
2.024E+11,155 780 600,A01,1,7,0,2,2,9,1,
2.024E+11,155 780 601,B01,1,2,0,2,1,1,1,
2.024E+11,155 780 598,A01,2,7,0,0,0,16,1,
2.024E+11,155 780 599,B01,2,50,12,0,7,1,3,
2.024E+11,155 780 597,A01,1,7,0,1,1,16,1,
2.024E+11,155 780 594,B01,1,7,0,2,8,17,1,
2.024E+11,155 780 595,Z01,1,7,0,2,2,17,3,
2.024E+11,155 780 596,C01,1,7,0,2,8,1,1,
2.024E+11,155 780 591,A01,1,7,13,0,9,19,1,
2.024E+11,155 780 590,A01,1,7,3,2,1,1,1,
2.024E+11,155 780 592,B01,1,7,0,2,4,1,1,
2.024E+11,155 780 593,C01,1,7,0,2,4,1,1,
2.024E+11,155 780 588,Z01,1,7,0,2,3,0,1,
2.024E+11,155 780 589,A01,1,7,0,2,3,1,1,
2.024E+11,155 780 585,A01,3,37,0,2,3,15,1,1
2.024E+11,155 780 587,B01,1,10,0,2,5,1,3,
2.024E+11,155 780 584,A01,1,33,0,2,1,12,1,
2.024E+11,155 780 586,B01,1,7,0,2,4,23,2,
2.024E+11,155 780 583,Y01,0,0,0,1,0,26,0,
2.024E+11,155 780 581,A01,1,33,0,2,1,1,1,
2.024E+11,155 780 582,B01,3,7,0,2,7,10,1,
2.024E+11,155 780 579,A01,3,0,0,2,3,2,0,
2.024E+11,155 780 580,B01,3,1,0,2,7,2,5,
2.024E+11,155 780 578,A01,3,33,0,2,8,1,1,
2.024E+11,155 780 576,A01,3,7,0,2,1,1,1,
2.024E+11,155 780 577,B01,3,1,0,2,4,2,5,
2.024E+11,155 780 574,B01,1,2,0,2,2,17,1,
2.024E+11,155 780 575,A01,1,10,0,2,3,15,1,
2.024E+11,155 780 571,A01,2,30,0,2,3,15,1,
2.024E+11,155 780 573,B01,1,7,0,0,0,1,2,
2.024E+11,155 780 570,A01,2,30,0,2,1,25,1,
2.024E+11,155 780 572,B01,2,1,0,2,2,1,5,
2.024E+11,155 780 569,A01,2,7,15,0,1,1,1,
2.024E+11,155 780 568,Z01,1,7,0,1,0,1,0,
2.024E+11,155 780 566,A01,3,7,0,2,8,7,1,
2.024E+11,155 780 567,B01,3,50,0,2,7,1,3,
2.024E+11,155 780 563,A01,3,30,0,2,1,1,1,
2.024E+11,155 780 564,B01,3,7,0,2,7,1,1,
2.024E+11,155 780 562,B01,3,7,0,2,7,1,1,
2.024E+11,155 780 565,A01,3,7,0,2,1,19,1,
2.024E+11,155 780 561,A01,2,7,0,1,1,1,1,
2.024E+11,155 780 559,B01,3,7,1,2,5,2,1,
2.024E+11,155 780 560,A01,1,7,0,2,2,19,1,
2.024E+11,155 780 558,A01,1,10,0,1,2,12,1,
2.024E+11,155 780 556,A01,2,31,0,0,3,0,1,
2.024E+11,155 780 555,A01,1,7,0,2,3,15,1,
2.024E+11,155 780 557,B01,1,2,0,2,7,17,1,
2.024E+11,155 780 553,A01,2,7,0,2,1,13,1,
2.024E+11,155 780 554,B01,1,7,0,2,1,26,1,
2.024E+11,155 780 551,A01,3,30,0,4,3,19,1,
2.024E+11,155 780 552,B01,3,39,0,9,2,1,3,
2.024E+11,155 780 550,A01,1,7,0,1,3,17,1,
2.024E+11,155 780 549,A01,1,7,0,1,1,1,1,
2.024E+11,155 780 546,A01,2,7,0,2,1,2,1,
2.024E+11,155 780 548,B01,2,7,0,2,4,0,1,
2.024E+11,155 780 542,A01,2,7,0,2,1,2,1,
2.024E+11,155 780 544,B01,2,7,0,2,4,2,1,
2.024E+11,155 780 543,A01,3,7,0,2,6,10,1,
2.024E+11,155 780 545,B01,3,33,0,2,3,21,1,
2.024E+11,155 780 541,A01,1,7,0,1,3,21,1,
2.024E+11,155 780 540,A01,2,15,0,1,3,1,6,
2.024E+11,155 780 539,A01,1,7,0,1,3,15,1,
2.024E+11,155 780 535,A01,1,7,0,2,2,1,2,
2.024E+11,155 780 537,B01,1,34,0,2,1,1,1,
2.024E+11,155 780 536,B01,3,33,0,2,0,0,1,
2.024E+11,155 780 538,Z01,3,7,0,2,1,19,0,
2.024E+11,155 780 532,A01,1,7,0,2,1,1,1,
2.024E+11,155 780 533,B01,2,7,0,2,3,1,1,
2.024E+11,155 780 530,A01,1,50,0,0,0,1,3,
2.024E+11,155 780 529,A01,1,7,0,2,3,15,1,
2.024E+11,155 780 531,B01,2,32,0,2,8,1,1,
2.024E+11,155 780 528,A01,1,50,0,0,0,26,3,
2.024E+11,155 780 527,A01,2,7,0,1,2,21,1,
2.024E+11,155 780 523,C01,1,7,0,2,2,1,1,
2.024E+11,155 780 525,B01,1,7,0,2,2,1,1,
2.024E+11,155 780 526,A01,1,7,0,2,3,1,1,
2.024E+11,155 780 522,A01,3,10,0,2,1,1,1,
2.024E+11,155 780 524,B01,3,7,0,2,4,1,1,
2.024E+11,155 780 520,A01,1,7,0,9,7,16,1,
2.024E+11,155 780 521,B01,3,1,0,0,0,0,5,
2.024E+11,155 780 518,B01,3,7,0,2,3,1,1,
2.024E+11,155 780 519,A01,3,33,0,2,1,1,1,
2.024E+11,155 780 517,A01,1,14,0,1,5,26,1,
2.024E+11,155 780 516,A01,1,7,0,1,1,15,1,
2.024E+11,155 780 514,B01,1,7,0,2,8,15,1,
2.024E+11,155 780 515,A01,1,32,0,2,7,17,1,
2.024E+11,155 780 510,A01,2,7,0,2,3,1,1,
2.024E+11,155 780 512,B01,1,7,0,2,1,1,1,
2.024E+11,155 780 511,A01,2,10,0,2,1,1,1,
2.024E+11,155 780 513,B01,2,10,0,2,4,1,1,
2.024E+11,155 780 506,A01,1,10,0,2,2,15,1,
2.024E+11,155 780 509,B01,2,33,0,2,1,2,1,
2.024E+11,155 780 505,C01,1,7,0,2,4,1,2,
2.024E+11,155 780 507,A01,1,10,0,2,1,1,3,
2.024E+11,155 780 508,B01,1,7,0,2,4,1,1,
2.024E+11,155 780 504,A01,3,7,2,0,7,2,1,
2.024E+11,155 780 503,A01,1,7,8,0,3,2,1,
2.024E+11,155 780 502,A01,1,33,12,0,6,14,1,
2.024E+11,155 780 499,A01,2,50,0,2,1,19,3,
2.024E+11,155 780 501,B01,1,7,0,2,3,1,2,
2.024E+11,155 780 498,A01,1,7,0,2,2,16,1,
2.024E+11,155 780 500,B01,2,2,0,2,8,2,3,
2.024E+11,155 780 497,A01,3,7,0,1,1,1,0,
2.024E+11,155 780 494,A01,3,7,0,1,5,19,1,
2.024E+11,155 780 495,A01,1,7,0,2,5,1,1,
2.024E+11,155 780 496,B01,1,43,7,2,2,18,1,
2.024E+11,155 780 491,A01,1,1,0,2,1,17,5,
2.024E+11,155 780 493,B01,2,1,0,2,1,1,5,
2.024E+11,155 780 490,A01,3,7,0,2,2,1,1,
2.024E+11,155 780 492,B01,3,50,0,2,1,1,3,
2.024E+11,155 780 488,A01,1,15,0,2,7,16,1,
2.024E+11,155 780 489,B01,1,1,0,2,8,16,5,
2.024E+11,155 780 486,A01,2,1,0,2,8,1,5,
2.024E+11,155 780 487,Z01,2,10,0,2,7,14,1,
2.024E+11,155 780 484,A01,1,7,0,2,2,1,1,
2.024E+11,155 780 485,B01,2,1,0,2,1,19,5,
2.024E+11,155 780 483,A01,2,30,0,1,8,1,1,
2.024E+11,155 780 482,Z01,1,7,0,1,1,1,1,
2.024E+11,155 780 481,A01,3,1,0,1,1,1,5,
2.024E+11,155 780 479,A01,3,43,0,0,0,9,1,
2.024E+11,155 780 478,B01,1,7,0,2,1,1,1,
2.024E+11,155 780 480,A01,1,7,0,2,8,16,1,
2.024E+11,155 780 476,A01,0,7,0,1,2,23,1,
2.024E+11,155 780 475,B01,3,7,16,2,8,23,0,
2.024E+11,155 780 477,A01,3,7,0,2,7,11,0,
2.024E+11,155 780 473,A01,3,50,9,0,2,1,3,
2.024E+11,155 780 472,A01,3,7,0,2,4,23,1,
2.024E+11,155 780 474,B01,3,7,14,0,1,2,1,
2.024E+11,155 780 471,A01,2,10,8,0,1,14,0,
2.024E+11,155 780 470,A01,1,1,0,1,8,0,5,
2.024E+11,155 780 469,A01,1,1,12,0,1,1,5,
2.024E+11,155 780 467,A01,2,7,0,2,2,15,1,
2.024E+11,155 780 468,B01,1,33,0,2,1,1,1,
2.024E+11,155 780 466,A01,2,10,0,1,2,20,1,
2.024E+11,155 780 464,A01,1,50,0,2,8,18,3,
2.024E+11,155 780 465,B01,1,7,0,9,2,2,1,
2.024E+11,155 780 462,A01,1,10,0,2,1,2,1,
2.024E+11,155 780 463,B01,1,7,0,2,4,1,1,
2.024E+11,155 780 461,A01,2,7,0,1,3,15,1,
2.024E+11,155 780 459,A01,1,50,0,2,1,19,3,
2.024E+11,155 780 460,B01,1,7,0,2,0,1,2,
2.024E+11,155 780 457,A01,1,7,0,2,2,1,1,
2.024E+11,155 780 458,B01,3,50,16,2,7,19,3,
2.024E+11,155 780 456,A01,2,7,9,0,1,26,1,
2.024E+11,155 780 454,A01,0,7,0,2,0,0,3,
2.024E+11,155 780 455,B01,1,33,0,2,1,2,1,
2.024E+11,155 780 452,A01,2,7,0,2,1,9,1,
2.024E+11,155 780 453,B01,2,7,0,2,1,1,1,
2.024E+11,155 780 450,A01,2,30,0,2,1,5,1,
2.024E+11,155 780 451,B01,1,30,0,2,1,1,1,
2.024E+11,155 780 447,B01,1,7,0,2,4,23,1,
2.024E+11,155 780 449,A01,1,7,0,2,1,1,1,
2.024E+11,155 780 446,B01,2,7,0,2,1,1,0,
2.024E+11,155 780 448,A01,1,7,0,2,3,1,2,
2.024E+11,155 780 442,B01,2,7,0,2,4,2,1,
2.024E+11,155 780 445,A01,2,7,0,2,1,2,1,
2.024E+11,155 780 443,A01,1,7,1,0,1,16,1,
2.024E+11,155 780 444,B01,1,7,1,0,3,0,1,
2.024E+11,155 780 440,A01,3,7,0,1,0,14,1,
2.024E+11,155 780 439,A01,0,7,0,2,3,26,1,
2.024E+11,155 780 441,B01,2,50,0,0,0,0,3,
2.024E+11,155 780 438,A01,3,30,1,0,1,1,1,
2.024E+11,155 780 435,A01,3,10,0,2,3,14,0,
2.024E+11,155 780 437,B01,3,37,0,2,8,7,1,7
2.024E+11,155 780 434,A01,1,50,0,2,1,5,3,
2.024E+11,155 780 436,B01,2,7,0,2,2,1,6,
2.024E+11,155 780 433,A01,3,7,0,1,3,19,1,
2.024E+11,155 780 431,B01,2,7,0,2,6,1,1,
2.024E+11,155 780 432,A01,1,30,0,2,1,1,1,
2.024E+11,155 780 429,B01,2,10,0,9,2,15,1,
2.024E+11,155 780 430,A01,1,50,0,2,1,2,3,
2.024E+11,155 780 428,A01,2,33,3,0,1,1,1,
2.024E+11,155 780 425,A01,2,60,0,2,1,1,5,
2.024E+11,155 780 427,B01,2,7,0,2,7,1,3,
2.024E+11,155 780 423,B01,2,7,0,2,1,1,1,
2.024E+11,155 780 424,A01,3,7,0,2,7,15,1,
2.024E+11,155 780 426,C01,3,7,0,2,1,23,2,
2.024E+11,155 780 422,A01,3,33,0,2,3,13,1,
2.024E+11,155 780 420,A01,2,7,0,2,1,15,1,
2.024E+11,155 780 421,B01,1,30,0,2,3,3,3,
2.024E+11,155 780 418,A01,2,10,0,2,2,15,1,
2.024E+11,155 780 419,B01,1,34,0,2,1,1,1,
2.024E+11,155 780 416,B01,3,2,0,0,4,23,1,
2.024E+11,155 780 417,A01,0,7,0,2,1,2,1,
2.024E+11,155 780 414,A01,3,7,0,2,2,1,1,
2.024E+11,155 780 415,B01,3,1,0,2,8,19,5,
2.024E+11,155 780 413,A01,0,33,1,0,8,13,1,
2.024E+11,155 780 410,A01,2,33,0,2,7,1,1,
2.024E+11,155 780 412,B01,1,7,0,2,2,21,1,
2.024E+11,155 780 409,A01,1,7,0,2,1,1,1,
2.024E+11,155 780 411,B01,1,7,0,2,4,23,1,
2.024E+11,155 780 405,A01,1,7,0,2,3,2,1,
2.024E+11,155 780 407,B01,1,1,0,0,4,2,5,
2.024E+11,155 780 404,A01,1,7,4,0,2,0,1,
2.024E+11,155 780 403,A01,0,10,0,1,1,1,1,
2.024E+11,155 780 400,B01,2,7,0,0,4,1,1,
2.024E+11,155 780 401,A01,2,15,0,2,1,1,1,
2.024E+11,155 780 398,A01,2,7,0,2,2,10,3,
2.024E+11,155 780 399,B01,1,2,0,2,1,1,1,
2.024E+11,155 780 397,A01,2,50,0,1,3,25,3,
2.024E+11,155 780 395,B01,1,7,0,2,1,1,1,
2.024E+11,155 780 396,A01,2,7,0,2,1,5,1,
2.024E+11,155 780 394,A01,2,7,11,0,1,1,1,
2.024E+11,155 780 392,A01,1,1,0,2,2,5,5,
2.024E+11,155 780 393,B01,1,21,0,2,2,0,1,
2.024E+11,155 780 391,A01,0,80,6,0,1,1,3,
2.024E+11,155 780 390,A01,2,37,0,1,0,1,1,6
2.024E+11,155 780 387,A01,1,7,0,1,2,1,1,
2.024E+11,155 780 388,A01,3,7,0,2,1,9,1,
2.024E+11,155 780 389,B01,3,2,0,2,4,1,3,
2.024E+11,155 780 386,A01,2,33,4,0,8,17,1,
2.024E+11,155 780 384,B01,2,14,0,0,3,23,1,
2.024E+11,155 780 385,A01,2,7,14,0,1,13,1,
2.024E+11,155 780 382,B01,2,33,0,2,1,1,1,
2.024E+11,155 780 383,A01,1,10,0,2,3,5,1,
2.024E+11,155 780 379,A01,1,7,0,2,2,9,1,
2.024E+11,155 780 380,B01,2,33,0,2,1,21,1,
2.024E+11,155 780 378,A01,1,7,0,2,1,9,1,
2.024E+11,155 780 381,B01,1,2,0,2,2,1,1,
2.024E+11,155 780 376,A01,2,7,13,0,9,1,1,
2.024E+11,155 780 375,A01,1,10,0,2,3,26,1,
2.024E+11,155 780 377,B01,3,33,0,2,4,9,1,
2.024E+11,155 780 374,A01,1,7,0,1,3,16,1,
2.024E+11,155 780 373,A01,0,7,0,1,1,1,1,
2.024E+11,155 780 370,A01,1,7,0,1,1,1,1,
2.024E+11,155 780 371,A01,2,7,0,2,1,13,1,
2.024E+11,155 780 372,B01,1,7,0,2,1,21,1,
2.024E+11,155 780 368,A01,0,34,0,2,1,1,1,
2.024E+11,155 780 369,B01,2,7,0,2,5,0,1,
2.024E+11,155 780 367,A01,0,7,13,0,9,1,1,
2.024E+11,155 780 365,A01,3,7,0,2,2,1,1,
2.024E+11,155 780 366,B01,3,7,0,2,4,1,1,
2.024E+11,155 780 362,A01,3,7,0,2,3,9,1,
2.024E+11,155 780 364,B01,3,1,0,2,7,2,5,
2.024E+11,155 780 361,B01,3,33,0,2,7,1,0,
2.024E+11,155 780 363,Z01,0,0,0,2,1,0,0,
2.024E+11,155 780 358,A01,2,7,0,2,1,15,1,
2.024E+11,155 780 360,B01,2,7,7,2,2,1,1,
2.024E+11,155 780 357,A01,1,31,0,2,1,13,0,
2.024E+11,155 780 359,B01,1,7,0,2,8,1,0,