Num_Acc,id_vehicule,num_veh,senc,catv,obs,obsm,choc,manv,motor,occutc
2.024E+11,155 778 021,A01,0,7,0,1,1,14,3,
2.024E+11,155 778 020,A01,2,2,0,2,1,21,1,
2.024E+11,155 778 023,B01,3,7,0,2,1,1,0,
2.024E+11,155 778 019,A01,1,7,0,2,3,13,1,
2.024E+11,155 778 022,B01,2,7,0,2,3,1,1,
2.024E+11,155 778 015,B01,2,7,0,2,4,15,1,
2.024E+11,155 778 017,A01,2,32,0,2,1,2,1,
2.024E+11,155 778 010,A01,2,7,0,2,1,2,1,
2.024E+11,155 778 013,B01,2,7,0,2,2,14,1,
2.024E+11,155 778 009,A01,2,7,0,2,3,16,1,
2.024E+11,155 778 012,B01,3,1,0,2,1,19,5,
2.024E+11,155 778 008,B01,3,1,0,2,1,14,5,
2.024E+11,155 778 011,A01,2,7,0,2,3,13,1,
2.024E+11,155 778 006,A01,3,2,0,2,1,14,1,
2.024E+11,155 778 007,B01,3,7,0,2,7,23,1,
2.024E+11,155 778 004,A01,1,7,0,1,2,15,1,
2.024E+11,155 778 001,A01,1,50,0,2,1,13,3,
2.024E+11,155 778 003,B01,2,7,0,2,3,1,1,
2.024E+11,155 778 005,C01,1,7,0,2,3,1,1,
2.024E+11,155 777 999,A01,3,10,0,1,1,1,1,
2.024E+11,155 777 998,A01,1,7,0,1,3,1,1,
2.024E+11,155 777 996,B01,2,7,0,2,1,1,1,
2.024E+11,155 777 997,A01,1,7,0,2,7,17,1,
2.024E+11,155 777 994,A01,1,1,0,0,0,1,5,
2.024E+11,155 777 993,B01,2,10,0,2,8,15,1,
2.024E+11,155 777 995,A01,1,33,0,2,1,17,1,
2.024E+11,155 777 991,A01,1,7,0,2,2,1,1,
2.024E+11,155 777 992,B01,1,50,0,2,2,19,3,
2.024E+11,155 777 988,A01,3,7,0,1,1,18,1,
2.024E+11,155 777 989,A01,2,7,2,0,1,14,1,
2.024E+11,155 777 987,A01,2,30,0,2,3,17,1,
2.024E+11,155 777 990,B01,2,30,0,2,8,1,1,
2.024E+11,155 777 984,A01,2,7,0,2,0,0,1,
2.024E+11,155 777 986,B01,1,2,0,0,0,1,1,
2.024E+11,155 777 980,A01,0,50,14,0,1,1,3,
2.024E+11,155 777 979,A01,3,10,0,2,1,2,3,
2.024E+11,155 777 982,C01,3,10,0,2,4,2,1,
2.024E+11,155 777 983,B01,3,7,0,2,1,2,1,
2.024E+11,155 777 977,A01,0,7,1,0,1,1,1,
2.024E+11,155 777 976,A01,2,7,0,2,3,13,1,
2.024E+11,155 777 978,B01,1,7,0,2,3,1,1,
2.024E+11,155 777 981,C01,1,7,0,2,6,1,1,
2.024E+11,155 777 985,D01,1,33,0,2,1,1,1,
2.024E+11,155 777 975,A01,1,7,0,1,1,26,1,
2.024E+11,155 777 974,A01,2,33,12,0,1,15,1,
2.024E+11,155 777 972,A01,3,34,0,5,1,1,1,
2.024E+11,155 777 970,B01,1,7,0,2,1,1,1,
2.024E+11,155 777 968,A01,2,7,0,2,2,19,1,
2.024E+11,155 777 969,B01,2,33,0,2,1,1,1,
2.024E+11,155 777 967,A01,3,80,14,0,1,1,3,
2.024E+11,155 777 966,A01,0,7,12,2,1,21,1,
2.024E+11,155 777 965,A01,2,7,0,1,2,26,0,
2.024E+11,155 777 963,A01,3,7,0,1,1,1,1,
2.024E+11,155 777 962,A01,1,7,0,4,2,0,1,
2.024E+11,155 777 964,B01,3,39,0,2,3,1,3,
2.024E+11,155 777 960,A01,1,7,0,1,2,2,1,
2.024E+11,155 777 959,B01,1,33,0,2,1,2,1,
2.024E+11,155 777 961,A01,1,7,0,2,8,15,2,
2.024E+11,155 777 958,A01,1,2,0,5,1,1,1,
2.024E+11,155 777 956,A01,1,30,0,2,1,13,1,
2.024E+11,155 777 957,B01,2,7,0,2,1,13,1,
2.024E+11,155 777 954,A01,2,7,2,0,2,14,1,
2.024E+11,155 777 951,B01,1,7,0,2,6,15,1,
2.024E+11,155 777 953,C01,2,7,0,2,1,9,1,
2.024E+11,155 777 955,A01,1,3,0,2,1,9,1,
2.024E+11,155 777 949,A01,1,1,0,2,8,19,5,
2.024E+11,155 777 952,B01,1,7,0,2,1,1,1,
2.024E+11,155 777 950,A01,1,7,8,0,0,1,1,
2.024E+11,155 777 947,B01,3,1,0,2,3,9,5,
2.024E+11,155 777 948,A01,3,7,0,9,1,9,0,
2.024E+11,155 777 944,A01,3,7,0,1,3,14,1,
2.024E+11,155 777 943,C01,0,7,0,2,4,2,1,
2.024E+11,155 777 945,A01,0,7,0,2,1,2,1,
2.024E+11,155 777 946,B01,0,7,0,2,4,2,1,
2.024E+11,155 777 941,A01,2,50,0,2,4,1,3,
2.024E+11,155 777 942,B01,2,1,0,2,4,17,5,
2.024E+11,155 777 937,A01,3,7,0,1,1,16,1,
2.024E+11,155 777 935,B01,3,1,0,2,8,16,5,
2.024E+11,155 777 938,A01,3,37,0,2,2,16,1,1
2.024E+11,155 777 936,A01,2,10,0,0,4,23,1,
2.024E+11,155 777 939,B01,2,7,0,0,4,23,3,
2.024E+11,155 777 940,C01,2,7,0,2,1,1,1,
2.024E+11,155 777 933,A01,1,7,0,2,2,1,1,
2.024E+11,155 777 934,B01,1,7,0,2,6,1,1,
2.024E+11,155 777 931,A01,2,7,3,0,2,1,1,
2.024E+11,155 777 930,B01,2,30,0,2,1,1,1,
2.024E+11,155 777 932,A01,1,7,0,2,2,15,1,
2.024E+11,155 777 926,A01,1,7,0,2,8,15,1,
2.024E+11,155 777 929,B01,1,33,0,2,1,1,1,
2.024E+11,155 777 925,A01,3,7,0,2,7,14,1,
2.024E+11,155 777 927,B01,3,80,0,2,8,1,2,
2.024E+11,155 777 924,B01,2,7,0,2,8,19,1,
2.024E+11,155 777 928,A01,1,7,0,2,1,1,1,
2.024E+11,155 777 921,A01,3,10,0,1,4,4,1,
2.024E+11,155 777 922,A01,1,7,1,2,2,1,1,
2.024E+11,155 777 923,D01,2,7,0,2,3,1,1,
2.024E+11,155 777 919,B01,1,80,0,2,1,1,3,
2.024E+11,155 777 920,A01,1,7,0,2,6,9,1,
2.024E+11,155 777 914,C01,2,7,0,2,4,23,4,
2.024E+11,155 777 916,B01,2,7,0,2,4,23,1,
2.024E+11,155 777 918,A01,2,7,0,2,1,2,1,
2.024E+11,155 777 915,A01,0,7,0,2,2,15,1,
2.024E+11,155 777 917,B01,0,1,0,2,1,1,5,
2.024E+11,155 777 912,A01,1,7,0,2,1,5,1,
2.024E+11,155 777 913,B01,2,7,0,2,3,1,1,
2.024E+11,155 777 911,A01,1,7,0,0,4,13,1,
2.024E+11,155 777 909,A01,1,7,0,2,7,15,1,
2.024E+11,155 777 910,B01,1,2,0,2,1,18,1,
2.024E+11,155 777 907,A01,1,7,6,0,1,1,1,
2.024E+11,155 777 905,B01,2,7,0,2,3,15,1,
2.024E+11,155 777 908,A01,1,10,0,2,2,9,1,
2.024E+11,155 777 903,A01,2,33,13,0,1,1,1,
2.024E+11,155 777 904,B01,2,7,0,2,0,1,1,
2.024E+11,155 777 906,A01,3,7,0,2,7,19,1,
2.024E+11,155 777 900,B01,2,1,0,2,8,1,5,
2.024E+11,155 777 902,A01,1,7,0,2,2,1,2,
2.024E+11,155 777 899,B01,1,7,0,2,1,1,0,
2.024E+11,155 777 901,A01,1,10,8,2,3,1,1,
2.024E+11,155 777 898,A01,3,7,1,0,2,14,1,
2.024E+11,155 777 896,A01,1,7,0,2,4,4,1,
2.024E+11,155 777 897,B01,1,7,0,2,1,23,1,
2.024E+11,155 777 894,A01,2,7,0,1,1,26,1,
2.024E+11,155 777 893,A01,0,7,0,1,1,15,1,
2.024E+11,155 777 890,A01,1,7,0,2,1,2,0,
2.024E+11,155 777 892,B01,1,2,0,2,4,2,1,
2.024E+11,155 777 888,A01,1,7,0,0,1,1,1,
2.024E+11,155 777 891,B01,2,50,0,2,8,1,3,
2.024E+11,155 777 887,B01,1,1,0,2,4,1,5,
2.024E+11,155 777 889,A01,1,7,0,2,0,1,0,
2.024E+11,155 777 884,B01,3,7,0,2,3,9,1,
2.024E+11,155 777 886,A01,3,2,12,2,7,9,1,
2.024E+11,155 777 885,A01,3,7,0,1,1,26,1,
2.024E+11,155 777 883,A01,2,7,0,1,2,16,1,
2.024E+11,155 777 882,A01,3,2,0,0,8,1,1,
2.024E+11,155 777 879,A01,1,7,0,0,1,1,1,
2.024E+11,155 777 878,B01,3,50,0,2,1,1,3,
2.024E+11,155 777 881,A01,3,7,0,2,2,16,1,
2.024E+11,155 777 877,A01,1,7,0,2,1,1,1,
2.024E+11,155 777 880,B01,1,7,0,2,4,1,1,
2.024E+11,155 777 874,A01,2,7,0,2,3,5,1,
2.024E+11,155 777 876,B01,1,10,0,2,3,2,1,
2.024E+11,155 777 873,A01,1,7,0,1,1,1,1,
2.024E+11,155 777 872,A01,2,7,0,2,1,1,1,
2.024E+11,155 777 875,B01,2,1,0,2,8,1,5,
2.024E+11,155 777 870,B01,2,7,0,2,1,1,1,
2.024E+11,155 777 871,A01,2,7,2,0,4,11,1,
2.024E+11,155 777 869,A01,1,7,1,0,8,1,1,
2.024E+11,155 777 867,B01,1,30,0,2,1,1,1,
2.024E+11,155 777 868,A01,1,7,0,2,3,9,1,
2.024E+11,155 777 866,A01,2,7,13,0,1,26,1,
2.024E+11,155 777 864,A01,0,3,0,9,1,17,0,
2.024E+11,155 777 865,B01,0,60,0,2,1,1,0,
2.024E+11,155 777 863,A01,3,7,0,1,1,15,1,
2.024E+11,155 777 860,A01,1,2,8,2,2,2,1,
2.024E+11,155 777 862,B01,1,7,0,2,3,15,1,
2.024E+11,155 777 859,A01,2,50,0,2,1,1,3,
2.024E+11,155 777 861,B01,2,7,0,2,3,1,1,
2.024E+11,155 777 857,A01,2,7,2,0,2,26,1,
2.024E+11,155 777 854,A01,2,14,0,2,3,15,1,
2.024E+11,155 777 856,B01,3,7,0,2,8,1,1,
2.024E+11,155 777 851,B01,1,7,0,2,2,1,1,
2.024E+11,155 777 853,A01,3,7,0,2,2,9,1,
2.024E+11,155 777 855,C01,1,7,0,2,1,1,2,
2.024E+11,155 777 848,A01,3,7,0,2,3,13,2,
2.024E+11,155 777 850,B01,3,7,0,2,3,1,1,
2.024E+11,155 777 852,C01,3,7,0,2,1,2,1,
2.024E+11,155 777 847,A01,1,30,0,2,7,26,1,
2.024E+11,155 777 849,Z01,0,7,0,2,1,11,0,
2.024E+11,155 777 846,A01,1,3,0,1,1,15,1,
2.024E+11,155 777 842,A01,3,1,0,2,1,1,5,
2.024E+11,155 777 844,B01,3,1,0,2,1,1,5,
2.024E+11,155 777 838,A01,1,7,0,2,1,2,1,
2.024E+11,155 777 840,C01,1,7,0,2,4,2,1,
2.024E+11,155 777 841,B01,1,10,0,2,1,2,1,
2.024E+11,155 777 837,D01,2,10,0,2,6,1,0,
2.024E+11,155 777 839,A01,1,7,0,2,1,5,1,
2.024E+11,155 777 843,B01,2,10,0,2,1,1,1,
2.024E+11,155 777 845,C01,2,7,0,2,1,1,1,
2.024E+11,155 777 835,A01,2,7,0,2,5,15,1,
2.024E+11,155 777 836,B01,1,2,0,2,1,1,3,
2.024E+11,155 777 833,A01,1,7,14,0,1,26,1,
2.024E+11,155 777 832,A01,1,7,2,0,0,0,1,
2.024E+11,155 777 834,B01,2,7,2,0,0,0,1,
2.024E+11,155 777 831,A01,3,7,12,0,2,9,1,
2.024E+11,155 777 829,A01,3,10,0,1,3,1,1,
2.024E+11,155 777 828,B01,0,7,0,2,3,1,1,
2.024E+11,155 777 830,A01,0,32,0,2,1,17,1,
2.024E+11,155 777 826,A01,3,7,0,2,4,1,1,
2.024E+11,155 777 827,B01,3,32,0,2,1,1,1,
2.024E+11,155 777 823,B01,1,7,0,2,6,2,1,
2.024E+11,155 777 825,A01,1,7,0,2,2,2,1,
2.024E+11,155 777 822,B01,2,7,0,2,3,1,1,
2.024E+11,155 777 824,A01,1,10,0,2,1,5,1,
2.024E+11,155 777 820,A01,2,2,0,2,1,2,1,
2.024E+11,155 777 818,A01,1,7,0,2,1,9,1,
2.024E+11,155 777 821,B01,0,10,0,2,7,1,1,
2.024E+11,155 777 816,B01,1,7,0,2,4,1,1,
2.024E+11,155 777 817,C01,1,7,0,2,4,1,1,
2.024E+11,155 777 819,A01,1,7,0,2,1,1,1,
2.024E+11,155 777 815,A01,0,2,9,0,2,14,1,
2.024E+11,155 777 813,A01,0,7,0,2,1,2,1,
2.024E+11,155 777 814,B01,0,7,0,2,4,2,1,
2.024E+11,155 777 812,A01,1,1,0,0,0,1,5,
2.024E+11,155 777 809,A01,2,10,0,2,6,0,1,
2.024E+11,155 777 811,B01,2,7,0,2,2,0,1,
2.024E+11,155 777 808,A01,1,15,0,2,5,12,1,
2.024E+11,155 777 810,B01,1,7,0,2,3,1,1,
2.024E+11,155 777 805,A01,1,13,0,2,1,15,1,
2.024E+11,155 777 806,B01,1,33,0,2,2,1,1,
2.024E+11,155 777 807,C01,1,33,0,2,8,1,1,
2.024E+11,155 777 804,A01,2,34,4,0,7,2,1,
2.024E+11,155 777 800,A01,2,7,4,0,1,26,1,
2.024E+11,155 777 799,A01,1,7,0,2,1,2,1,
2.024E+11,155 777 801,B01,1,7,0,2,4,1,1,
2.024E+11,155 777 797,A01,3,7,0,2,6,10,1,
2.024E+11,155 777 798,B01,3,33,0,2,1,2,1,
2.024E+11,155 777 792,A01,1,7,0,2,1,1,1,
2.024E+11,155 777 794,B01,1,7,0,2,9,12,1,
2.024E+11,155 777 796,C01,1,7,0,2,4,23,6,
2.024E+11,155 777 791,A01,2,7,0,2,7,15,1,
2.024E+11,155 777 795,B01,1,10,0,2,2,1,1,
2.024E+11,155 777 790,A01,1,7,0,2,2,16,1,
2.024E+11,155 777 793,B01,2,1,0,2,1,1,5,
2.024E+11,155 777 789,A01,2,7,0,0,9,1,1,
2.024E+11,155 777 786,A01,1,10,0,2,3,15,3,
2.024E+11,155 777 787,B01,2,32,0,2,6,15,1,
2.024E+11,155 777 785,A01,2,7,0,2,0,1,1,
2.024E+11,155 777 788,B01,2,15,0,2,0,0,1,
2.024E+11,155 777 783,A01,3,7,0,2,3,15,1,
2.024E+11,155 777 784,B01,2,2,0,2,7,17,1,
2.024E+11,155 777 782,A01,1,7,4,0,1,0,1,
2.024E+11,155 777 779,A01,1,7,0,1,3,1,1,
2.024E+11,155 777 776,Z01,1,7,0,2,3,11,1,
2.024E+11,155 777 778,A01,1,7,0,2,5,1,2,
2.024E+11,155 777 780,B01,1,10,0,2,6,1,1,
2.024E+11,155 777 781,C01,1,43,0,2,0,3,1,
2.024E+11,155 777 774,A01,2,7,0,2,1,19,1,
2.024E+11,155 777 775,B01,3,1,0,2,5,19,5,
2.024E+11,155 777 773,A01,3,7,1,0,1,1,1,
2.024E+11,155 777 771,A01,2,33,0,2,8,3,1,
2.024E+11,155 777 772,B01,2,7,0,2,2,12,1,
2.024E+11,155 777 769,B01,1,1,0,2,1,1,5,
2.024E+11,155 777 770,A01,1,7,0,9,3,15,1,
2.024E+11,155 777 768,A01,0,30,0,1,1,16,3,
2.024E+11,155 777 766,A01,1,7,0,2,5,12,1,
2.024E+11,155 777 767,B01,1,33,0,2,5,0,1,
2.024E+11,155 777 764,A01,1,37,0,1,2,1,1,1
2.024E+11,155 777 763,B01,3,7,0,2,3,9,0,
2.024E+11,155 777 765,A01,3,32,0,2,7,15,1,
2.024E+11,155 777 761,A01,2,43,0,2,8,13,1,
2.024E+11,155 777 762,B01,2,14,0,2,7,2,1,
2.024E+11,155 777 759,B01,1,7,0,9,5,16,1,
2.024E+11,155 777 760,A01,1,50,0,2,1,1,3,
2.024E+11,155 777 756,A01,1,7,0,2,2,17,1,
2.024E+11,155 777 758,B01,1,7,0,2,3,15,1,
2.024E+11,155 777 755,A01,2,33,0,2,3,3,1,
2.024E+11,155 777 757,B01,2,7,0,2,5,1,1,
2.024E+11,155 777 753,A01,1,7,0,2,2,2,1,
2.024E+11,155 777 754,B01,1,7,0,2,6,2,1,
2.024E+11,155 777 752,A01,3,50,0,1,1,5,3,
2.024E+11,155 777 750,B01,2,33,0,2,8,3,1,
2.024E+11,155 777 751,A01,2,7,0,2,2,12,1,
2.024E+11,155 777 748,A01,1,7,0,2,3,13,1,
2.024E+11,155 777 749,B01,2,7,0,2,3,0,1,
2.024E+11,155 777 747,A01,3,7,0,1,1,1,1,
2.024E+11,155 777 744,B01,1,7,0,2,4,1,1,
2.024E+11,155 777 746,A01,1,33,0,2,1,3,1,
2.024E+11,155 777 743,A01,1,10,0,1,1,1,1,
2.024E+11,155 777 742,A01,3,7,0,2,1,15,1,
2.024E+11,155 777 745,B01,3,7,0,2,1,1,1,
2.024E+11,155 777 740,A01,1,7,3,0,2,1,1,
2.024E+11,155 777 738,B01,2,2,0,2,2,0,1,
2.024E+11,155 777 741,A01,2,32,0,2,1,0,1,
2.024E+11,155 777 737,B01,3,10,0,2,1,16,1,
2.024E+11,155 777 739,A01,3,10,0,2,1,1,1,
2.024E+11,155 777 735,A01,1,30,0,0,7,26,1,
2.024E+11,155 777 734,A01,1,7,0,2,5,1,1,
2.024E+11,155 777 736,B01,1,33,0,2,1,3,1,
2.024E+11,155 777 732,A01,1,10,0,2,7,17,1,
2.024E+11,155 777 733,B01,1,7,0,2,3,1,1,
2.024E+11,155 777 731,A01,1,1,8,0,1,2,5,
2.024E+11,155 777 730,A01,0,10,0,1,1,0,1,
2.024E+11,155 777 728,A01,2,7,0,2,1,2,1,
2.024E+11,155 777 729,B01,2,10,0,2,4,1,3,
2.024E+11,155 777 726,A01,1,10,0,2,2,0,1,
2.024E+11,155 777 727,B01,1,7,0,2,4,2,1,
2.024E+11,155 777 721,A01,2,10,0,2,1,15,1,
2.024E+11,155 777 723,B01,1,2,0,2,8,1,1,
2.024E+11,155 777 720,A01,1,33,0,2,1,1,1,
2.024E+11,155 777 722,B01,1,7,0,2,4,1,1,
2.024E+11,155 777 716,B01,1,80,0,2,3,11,3,
2.024E+11,155 777 717,A01,1,7,0,9,2,17,1,
2.024E+11,155 777 715,A01,1,7,9,1,1,14,2,
2.024E+11,155 777 710,A01,1,10,0,2,1,15,1,
2.024E+11,155 777 712,B01,2,1,0,2,1,1,5,
2.024E+11,155 777 711,C01,1,10,0,2,5,23,2,
2.024E+11,155 777 713,B01,1,10,0,2,6,23,1,
2.024E+11,155 777 714,A01,1,2,0,2,1,1,3,
2.024E+11,155 777 709,A01,1,37,0,1,1,1,2,1
2.024E+11,155 777 705,B01,3,7,0,2,3,1,1,
2.024E+11,155 777 708,A01,3,7,0,2,1,14,1,
2.024E+11,155 777 703,B01,2,7,0,2,8,26,1,
2.024E+11,155 777 706,A01,2,7,0,2,7,12,1,
2.024E+11,155 777 701,A01,2,34,0,2,2,17,1,
2.024E+11,155 777 704,B01,2,7,0,2,3,15,1,
2.024E+11,155 777 700,B01,3,33,0,2,1,2,1,
2.024E+11,155 777 702,A01,3,7,0,2,2,15,1,
2.024E+11,155 777 696,A01,2,1,0,2,1,5,5,
2.024E+11,155 777 698,B01,1,1,0,2,1,1,5,
2.024E+11,155 777 697,A01,1,33,0,2,2,17,1,
2.024E+11,155 777 699,B01,2,7,0,2,1,15,1,
2.024E+11,155 777 693,C01,1,7,0,2,4,2,1,
2.024E+11,155 777 694,A01,1,7,0,2,1,2,1,
2.024E+11,155 777 695,B01,1,7,0,2,4,2,1,
2.024E+11,155 777 691,A01,1,33,0,1,1,1,1,
2.024E+11,155 777 690,B01,1,33,0,2,4,0,1,
2.024E+11,155 777 692,A01,1,7,0,2,1,26,1,
2.024E+11,155 777 689,A01,2,10,1,2,2,14,1,
2.024E+11,155 777 687,Z01,2,10,0,1,1,1,1,
2.024E+11,155 777 688,A01,1,2,0,0,3,26,1,
2.024E+11,155 777 685,B01,2,50,0,2,1,2,3,
2.024E+11,155 777 686,A01,2,7,0,9,2,16,1,
2.024E+11,155 777 682,B01,2,80,0,2,2,10,3,
2.024E+11,155 777 684,A01,2,32,0,2,1,1,3,
2.024E+11,155 777 681,B01,1,7,0,2,4,0,1,
2.024E+11,155 777 683,A01,1,33,0,2,1,2,1,
2.024E+11,155 777 680,A01,3,37,0,1,7,16,2,1
2.024E+11,155 777 674,B01,2,7,0,2,7,17,1,
2.024E+11,155 777 677,A01,2,7,0,2,8,1,1,
2.024E+11,155 777 675,B01,1,1,0,2,1,1,5,
2.024E+11,155 777 679,A01,2,50,0,2,8,15,3,
2.024E+11,155 777 672,C01,1,7,0,2,4,2,1,
2.024E+11,155 777 676,A01,1,13,1,0,1,2,1,
2.024E+11,155 777 678,B01,1,7,0,2,4,2,1,
2.024E+11,155 777 671,B01,2,7,0,2,3,15,2,
2.024E+11,155 777 673,A01,2,30,0,2,0,0,1,
2.024E+11,155 777 668,A01,1,10,0,2,1,2,1,
2.024E+11,155 777 670,B01,1,7,0,2,4,2,1,
2.024E+11,155 777 669,Z01,1,1,0,1,6,9,5,
2.024E+11,155 777 667,A01,1,7,0,1,7,1,1,
2.024E+11,155 777 666,A01,2,7,4,0,1,13,1,
2.024E+11,155 777 661,C01,1,7,0,2,6,1,2,
2.024E+11,155 777 663,A01,1,7,0,2,7,12,2,
2.024E+11,155 777 665,B01,1,34,0,2,1,3,1,
2.024E+11,155 777 662,A01,1,1,0,2,6,12,5,
2.024E+11,155 777 664,B01,1,32,0,0,6,1,1,
2.024E+11,155 777 659,A01,2,7,0,1,2,1,2,
2.024E+11,155 777 658,B01,2,7,0,2,6,11,1,
2.024E+11,155 777 660,A01,2,7,0,2,2,12,1,
2.024E+11,155 777 656,A01,1,30,0,0,1,3,2,
2.024E+11,155 777 657,A01,2,10,0,1,2,1,1,
2.024E+11,155 777 654,A01,1,7,0,2,7,15,2,
2.024E+11,155 777 655,B01,2,80,0,2,3,1,3,
2.024E+11,155 777 649,A01,2,7,0,2,2,15,1,
2.024E+11,155 777 653,B01,1,2,0,2,1,1,1,
2.024E+11,155 777 647,A01,1,50,0,2,4,1,3,
2.024E+11,155 777 652,Z01,1,7,0,2,1,1,1,
2.024E+11,155 777 645,A01,1,7,0,2,3,15,3,
2.024E+11,155 777 648,B01,1,31,0,2,3,15,1,
2.024E+11,155 777 646,B01,2,33,0,2,1,1,1,
2.024E+11,155 777 650,C01,2,33,0,2,1,1,1,
2.024E+11,155 777 651,A01,2,37,0,2,6,1,0,1
2.024E+11,155 777 644,A01,2,33,4,0,3,1,1,
2.024E+11,155 777 642,A01,0,10,0,2,1,15,0,
2.024E+11,155 777 643,B01,0,10,0,2,3,1,0,
2.024E+11,155 777 640,B01,3,50,0,2,8,19,3,
2.024E+11,155 777 641,A01,3,7,0,2,2,1,2,
2.024E+11,155 777 639,A01,3,10,0,1,1,1,1,
2.024E+11,155 777 638,Z01,1,1,0,1,1,19,5,
2.024E+11,155 777 635,A01,2,10,0,2,2,15,1,
2.024E+11,155 777 637,B01,1,1,0,2,3,1,5,
2.024E+11,155 777 631,A01,1,7,0,2,1,15,1,
2.024E+11,155 777 636,B01,1,10,0,2,5,1,1,
2.024E+11,155 777 630,A01,3,34,0,2,4,2,1,
2.024E+11,155 777 633,B01,3,7,0,2,0,0,0,
2.024E+11,155 777 632,B01,2,7,0,2,2,15,1,
2.024E+11,155 777 634,A01,1,7,0,2,1,1,1,
2.024E+11,155 777 627,A01,1,1,2,0,1,14,5,
2.024E+11,155 777 625,A01,1,33,0,2,4,12,1,
2.024E+11,155 777 628,B01,1,7,0,2,1,2,1,
2.024E+11,155 777 624,B01,3,10,12,2,4,2,1,
2.024E+11,155 777 626,A01,3,7,12,2,1,2,1,
2.024E+11,155 777 623,B01,1,31,0,2,3,23,1,
2.024E+11,155 777 629,A01,2,1,0,2,1,1,5,
2.024E+11,155 777 622,A01,1,7,1,0,1,14,1,
2.024E+11,155 777 621,A01,2,7,0,1,3,26,3,
2.024E+11,155 777 620,A01,1,7,10,0,4,10,1,
2.024E+11,155 777 617,B01,0,33,0,2,1,1,1,
2.024E+11,155 777 619,A01,0,10,0,2,5,15,3,
2.024E+11,155 777 616,B01,2,33,0,2,2,1,1,
2.024E+11,155 777 618,A01,2,7,0,2,3,23,1,
2.024E+11,155 777 613,A01,3,37,0,2,5,16,6,1
2.024E+11,155 777 615,B01,3,7,0,2,3,0,1,
2.024E+11,155 777 610,A01,0,7,0,2,1,15,1,
2.024E+11,155 777 614,B01,0,7,0,2,1,1,3,
2.024E+11,155 777 611,A01,1,32,4,0,3,17,1,
2.024E+11,155 777 609,B01,3,7,0,2,1,21,1,
2.024E+11,155 777 612,A01,3,10,0,2,6,24,1,
2.024E+11,155 777 608,A01,0,7,0,1,2,19,1,
2.024E+11,155 777 604,B01,0,7,0,2,3,15,1,
2.024E+11,155 777 607,A01,2,80,0,2,1,1,3,
2.024E+11,155 777 605,A01,1,1,0,1,1,1,5,
2.024E+11,155 777 602,A01,1,7,0,2,3,22,0,
2.024E+11,155 777 603,B01,1,1,1,2,2,1,5,
2.024E+11,155 777 601,A01,2,7,0,2,8,10,2,
2.024E+11,155 777 606,B01,2,7,0,2,1,0,2,
2.024E+11,155 777 599,A01,1,7,6,0,1,1,1,
2.024E+11,155 777 597,Z01,1,7,0,1,4,4,1,
2.024E+11,155 777 598,A01,2,80,0,2,1,5,3,
2.024E+11,155 777 600,B01,1,33,0,2,5,4,1,
2.024E+11,155 777 596,A01,3,10,1,0,1,1,3,
2.024E+11,155 777 593,B01,3,7,0,2,5,15,1,
2.024E+11,155 777 595,A01,3,32,0,2,1,1,1,
2.024E+11,155 777 594,A01,3,10,0,1,2,16,1,
2.024E+11,155 777 591,A01,2,7,0,1,1,1,2,
2.024E+11,155 777 590,B01,1,1,0,2,5,2,5,
2.024E+11,155 777 592,A01,1,10,0,2,0,1,0,
2.024E+11,155 777 589,A01,1,7,1,0,1,1,1,
2.024E+11,155 777 588,A01,1,1,0,0,0,1,5,
2.024E+11,155 777 586,A01,3,7,0,1,1,15,1,
2.024E+11,155 777 583,B01,1,33,1,2,7,1,0,
2.024E+11,155 777 585,A01,1,7,0,2,7,1,2,
2.024E+11,155 777 587,C01,2,7,0,2,1,0,1,
2.024E+11,155 777 582,B01,1,2,0,2,9,1,1,
2.024E+11,155 777 584,A01,2,7,0,2,3,15,1,
2.024E+11,155 777 580,A01,1,50,0,0,0,1,3,
2.024E+11,155 777 579,A01,3,1,0,2,8,19,5,
2.024E+11,155 777 581,B01,1,10,0,2,1,1,1,
2.024E+11,155 777 578,A01,1,7,0,1,2,2,1,
2.024E+11,155 777 576,A01,2,7,0,2,1,1,1,
2.024E+11,155 777 577,B01,2,1,0,2,1,1,5,
2.024E+11,155 777 573,A01,2,7,0,2,1,13,1,
2.024E+11,155 777 575,B01,1,7,0,2,1,1,1,
2.024E+11,155 777 572,A01,0,7,0,0,1,1,0,
2.024E+11,155 777 574,B01,0,1,0,0,7,19,5,
2.024E+11,155 777 570,A01,1,10,0,1,4,4,1,
2.024E+11,155 777 569,B01,2,1,0,2,3,15,5,
2.024E+11,155 777 571,A01,1,7,0,2,2,1,1,
2.024E+11,155 777 564,A01,2,7,0,2,3,15,1,
2.024E+11,155 777 566,B01,1,33,6,2,3,1,1,
2.024E+11,155 777 563,B01,1,50,0,2,2,1,3,
2.024E+11,155 777 568,A01,1,7,0,2,3,10,1,
2.024E+11,155 777 565,B01,1,7,0,2,4,1,1,
2.024E+11,155 777 567,A01,1,30,0,2,1,2,1,
2.024E+11,155 777 562,A01,2,7,2,0,1,1,1,
2.024E+11,155 777 560,A01,2,50,0,1,1,1,3,
2.024E+11,155 777 561,A01,-1,99,-1,-1,7,-1,-1,
2.024E+11,155 777 557,A01,3,1,0,0,0,1,5,
2.024E+11,155 777 559,A01,1,7,13,0,0,0,1,
2.024E+11,155 777 555,A01,2,7,0,2,1,1,1,