Num_Acc,id_vehicule,num_veh,senc,catv,obs,obsm,choc,manv,motor,occutc
2.024E+11,155 776 166,A01,1,7,0,1,1,26,1,
2.024E+11,155 776 168,B01,2,7,0,2,4,23,2,
2.024E+11,155 776 164,A01,1,7,0,2,0,0,1,
2.024E+11,155 776 167,C01,1,7,0,2,0,0,1,
2.024E+11,155 776 170,B01,1,7,0,2,0,0,1,
2.024E+11,155 776 163,Y01,3,1,0,0,0,1,5,
2.024E+11,155 776 165,A01,3,7,0,9,1,9,1,
2.024E+11,155 776 160,A01,1,10,0,1,1,16,1,
2.024E+11,155 776 161,A01,3,1,0,2,1,1,5,
2.024E+11,155 776 162,B01,2,7,0,9,1,1,1,
2.024E+11,155 776 159,A01,1,1,0,0,0,1,5,
2.024E+11,155 776 157,B01,1,7,0,2,4,1,1,
2.024E+11,155 776 158,A01,1,7,0,2,1,2,1,
2.024E+11,155 776 154,A01,1,7,1,0,1,7,1,
2.024E+11,155 776 156,B01,1,37,0,2,4,23,1,1
2.024E+11,155 776 153,B01,2,7,0,2,2,1,1,
2.024E+11,155 776 155,A01,2,30,0,2,1,1,1,
2.024E+11,155 776 149,A01,2,50,0,1,1,1,3,
2.024E+11,155 776 143,A01,1,7,0,2,1,13,1,
2.024E+11,155 776 144,B01,2,1,0,2,1,1,5,
2.024E+11,155 776 146,C01,2,1,0,2,1,1,5,
2.024E+11,155 776 147,D01,2,1,0,2,1,1,5,
2.024E+11,155 776 148,E01,2,1,0,2,1,1,5,
2.024E+11,155 776 150,G01,2,1,0,2,1,1,5,
2.024E+11,155 776 151,F01,2,1,0,2,1,1,5,
2.024E+11,155 776 152,H01,2,1,0,2,1,1,5,
2.024E+11,155 776 142,A01,1,7,6,2,5,1,1,
2.024E+11,155 776 145,Z01,1,7,1,2,0,0,1,
2.024E+11,155 776 139,B01,1,33,0,2,1,1,1,
2.024E+11,155 776 141,A01,2,37,0,2,1,15,1,1
2.024E+11,155 776 138,A01,1,7,0,2,0,0,0,
2.024E+11,155 776 140,B01,1,50,0,0,0,5,3,
2.024E+11,155 776 136,A01,3,7,0,1,3,15,1,
2.024E+11,155 776 134,A01,1,7,0,2,1,1,1,
2.024E+11,155 776 135,B01,2,7,0,2,5,15,1,
2.024E+11,155 776 137,C01,1,10,0,2,1,16,1,
2.024E+11,155 776 132,A01,3,15,0,2,8,16,0,
2.024E+11,155 776 133,B01,3,33,16,2,3,26,1,
2.024E+11,155 776 130,A01,2,7,0,2,5,0,1,
2.024E+11,155 776 131,B01,1,33,0,2,1,0,1,
2.024E+11,155 776 128,B01,3,7,0,2,8,1,1,
2.024E+11,155 776 129,A01,3,7,1,2,3,16,2,
2.024E+11,155 776 127,A01,2,7,0,1,7,1,1,
2.024E+11,155 776 125,A01,1,7,0,1,1,15,1,
2.024E+11,155 776 124,B01,2,7,0,2,2,1,1,
2.024E+11,155 776 126,A01,2,7,0,2,3,15,1,
2.024E+11,155 776 122,A01,1,10,0,2,3,19,0,
2.024E+11,155 776 123,B01,1,31,0,2,2,1,1,
2.024E+11,155 776 120,A01,1,33,0,2,0,1,1,
2.024E+11,155 776 121,B01,1,31,0,2,0,15,1,
2.024E+11,155 776 119,A01,1,7,0,1,3,0,0,
2.024E+11,155 776 116,A01,3,30,0,2,7,2,0,
2.024E+11,155 776 118,B01,1,0,0,2,1,15,0,
2.024E+11,155 776 115,B01,2,33,0,2,0,1,1,
2.024E+11,155 776 117,A01,1,7,0,2,0,9,1,
2.024E+11,155 776 112,B01,1,7,0,2,1,0,1,
2.024E+11,155 776 114,A01,2,10,0,2,1,13,1,
2.024E+11,155 776 111,A01,1,10,0,2,2,9,1,
2.024E+11,155 776 113,B01,2,1,0,2,1,1,5,
2.024E+11,155 776 109,A01,2,50,8,0,1,1,3,
2.024E+11,155 776 104,C01,2,10,0,2,4,1,0,
2.024E+11,155 776 106,A01,2,7,0,2,4,1,1,
2.024E+11,155 776 107,B01,2,7,0,2,4,1,1,
2.024E+11,155 776 108,D01,2,7,0,2,4,0,1,
2.024E+11,155 776 110,E01,2,10,0,2,1,1,1,
2.024E+11,155 776 105,A01,2,7,0,1,3,15,1,
2.024E+11,155 776 101,A01,2,10,0,2,1,2,1,
2.024E+11,155 776 103,B01,2,7,0,2,4,1,1,
2.024E+11,155 776 100,A01,1,7,0,2,3,9,2,
2.024E+11,155 776 102,B01,2,33,0,2,1,1,1,
2.024E+11,155 776 099,A01,1,7,0,1,3,1,1,
2.024E+11,155 776 096,B01,3,7,0,2,1,1,1,
2.024E+11,155 776 098,A01,3,7,0,2,7,15,1,
2.024E+11,155 776 094,B01,1,7,0,2,4,2,1,
2.024E+11,155 776 095,C01,1,7,0,2,4,2,1,
2.024E+11,155 776 097,A01,1,10,0,2,1,1,1,
2.024E+11,155 776 093,A01,2,7,0,1,1,1,0,
2.024E+11,155 776 091,A01,3,7,0,2,3,19,1,
2.024E+11,155 776 092,B01,3,30,0,2,1,21,1,
2.024E+11,155 776 090,A01,2,7,6,0,1,14,1,
2.024E+11,155 776 089,A01,1,7,0,1,3,1,2,
2.024E+11,155 776 088,A01,0,10,0,1,1,1,1,
2.024E+11,155 776 086,B01,2,7,0,2,3,1,1,
2.024E+11,155 776 087,A01,1,7,0,2,2,15,1,
2.024E+11,155 776 085,A01,2,7,0,1,2,1,1,
2.024E+11,155 776 083,A01,1,7,0,2,4,17,1,
2.024E+11,155 776 084,B01,1,33,0,2,1,1,1,
2.024E+11,155 776 080,A01,3,7,0,2,1,1,1,
2.024E+11,155 776 082,B01,3,7,0,2,8,1,1,
2.024E+11,155 776 079,B01,3,50,0,2,1,1,3,
2.024E+11,155 776 081,A01,3,7,0,2,3,22,2,
2.024E+11,155 776 077,Z01,1,1,0,1,0,1,5,
2.024E+11,155 776 076,B01,2,60,0,2,0,19,5,
2.024E+11,155 776 078,A01,2,7,0,2,3,1,2,
2.024E+11,155 776 075,A01,1,1,0,1,1,1,5,
2.024E+11,155 776 073,A01,1,10,14,0,1,26,1,
2.024E+11,155 776 074,B01,1,7,0,2,4,23,1,
2.024E+11,155 776 071,A01,1,38,0,1,1,1,1,1
2.024E+11,155 776 070,B01,2,1,0,2,4,1,5,
2.024E+11,155 776 072,A01,2,10,0,2,1,0,1,
2.024E+11,155 776 067,B01,2,7,0,2,3,10,1,
2.024E+11,155 776 069,A01,2,32,0,2,1,5,3,
2.024E+11,155 776 066,A01,1,7,0,2,1,14,0,
2.024E+11,155 776 068,B01,1,7,0,2,5,0,1,
2.024E+11,155 776 063,A01,2,1,0,2,1,5,5,
2.024E+11,155 776 065,B01,1,32,0,2,1,1,1,
2.024E+11,155 776 062,A01,1,7,0,2,1,2,1,
2.024E+11,155 776 064,B01,1,7,0,2,4,2,2,
2.024E+11,155 776 060,B01,3,32,0,2,1,17,1,
2.024E+11,155 776 061,A01,3,7,0,2,3,10,1,
2.024E+11,155 776 058,A01,3,7,0,2,7,15,1,
2.024E+11,155 776 059,B01,3,7,0,2,1,1,1,
2.024E+11,155 776 056,A01,2,7,0,2,2,16,3,
2.024E+11,155 776 057,B01,2,1,0,2,1,1,5,
2.024E+11,155 776 054,A01,2,1,0,1,1,17,5,
2.024E+11,155 776 053,A01,3,7,0,2,3,9,1,
2.024E+11,155 776 055,B01,3,7,15,2,7,1,1,
2.024E+11,155 776 050,B01,1,10,0,2,8,15,1,
2.024E+11,155 776 052,A01,1,34,0,2,8,17,1,
2.024E+11,155 776 049,A01,3,7,0,2,1,1,1,
2.024E+11,155 776 051,B01,3,10,0,2,5,1,1,
2.024E+11,155 776 047,A01,1,1,0,2,1,1,5,
2.024E+11,155 776 048,B01,2,1,0,2,1,1,5,
2.024E+11,155 776 045,A01,3,7,0,2,1,1,1,
2.024E+11,155 776 046,B01,3,7,0,2,4,23,1,
2.024E+11,155 776 043,A01,1,33,0,2,2,1,1,
2.024E+11,155 776 044,B01,1,1,0,2,3,15,5,
2.024E+11,155 776 041,A01,3,7,0,2,1,15,1,
2.024E+11,155 776 042,B01,3,7,0,2,3,1,1,
2.024E+11,155 776 039,A01,1,14,0,2,3,22,1,
2.024E+11,155 776 040,B01,1,1,0,2,7,1,5,
2.024E+11,155 776 037,A01,2,7,0,2,8,13,1,
2.024E+11,155 776 038,B01,2,43,0,2,7,2,1,
2.024E+11,155 776 036,A01,3,80,0,1,1,1,3,
2.024E+11,155 776 034,A01,1,15,0,2,1,13,1,
2.024E+11,155 776 035,B01,2,7,0,2,0,1,1,
2.024E+11,155 776 032,B01,2,7,0,2,1,15,1,
2.024E+11,155 776 033,A01,1,7,0,2,8,1,1,
2.024E+11,155 776 030,A01,0,50,0,2,1,1,3,
2.024E+11,155 776 031,B01,0,7,0,2,2,1,1,
2.024E+11,155 776 028,B01,3,31,0,2,1,1,1,
2.024E+11,155 776 029,A01,3,7,0,2,5,15,1,
2.024E+11,155 776 026,A01,1,7,0,2,2,15,1,
2.024E+11,155 776 027,B01,2,7,0,2,8,1,1,
2.024E+11,155 776 025,A01,1,33,4,0,3,13,1,
2.024E+11,155 776 023,A01,1,7,0,2,1,1,1,
2.024E+11,155 776 024,B01,1,1,0,2,4,1,5,
2.024E+11,155 776 020,A01,3,10,8,0,1,1,3,
2.024E+11,155 776 021,A01,2,32,0,2,1,1,1,
2.024E+11,155 776 022,B01,2,7,5,2,4,2,0,
2.024E+11,155 776 018,B01,2,7,0,2,3,1,1,
2.024E+11,155 776 019,A01,2,1,0,2,1,1,5,
2.024E+11,155 776 016,B01,1,1,0,2,7,1,5,
2.024E+11,155 776 017,A01,1,7,0,2,8,24,1,
2.024E+11,155 776 014,B01,0,50,0,2,1,1,3,
2.024E+11,155 776 015,A01,0,7,0,9,8,15,1,
2.024E+11,155 776 012,B01,1,50,0,2,1,1,3,
2.024E+11,155 776 013,A01,2,7,0,2,2,15,1,
2.024E+11,155 776 009,A01,3,7,0,2,1,2,1,
2.024E+11,155 776 010,B01,3,7,0,2,4,2,1,
2.024E+11,155 776 011,C01,3,7,0,2,4,2,1,
2.024E+11,155 776 007,A01,1,7,0,2,2,2,1,
2.024E+11,155 776 008,B01,1,50,0,2,7,2,3,
2.024E+11,155 776 003,A01,2,7,1,2,3,16,1,
2.024E+11,155 776 005,B01,2,7,0,2,2,1,1,
2.024E+11,155 776 006,C01,2,7,0,2,6,24,1,
2.024E+11,155 776 002,B01,1,7,8,0,2,1,1,
2.024E+11,155 776 004,A01,1,7,8,2,1,1,1,
2.024E+11,155 776 000,B01,2,7,0,2,1,2,1,
2.024E+11,155 776 001,A01,1,10,0,2,1,15,1,
2.024E+11,155 775 999,A01,2,7,0,1,3,1,3,
2.024E+11,155 775 997,A01,2,7,0,2,3,9,3,
2.024E+11,155 775 998,B01,2,50,0,2,1,1,3,
2.024E+11,155 775 995,TA01,0,7,0,9,3,1,1,
2.024E+11,155 775 996,B01,0,99,0,2,0,0,0,
2.024E+11,155 775 993,A01,1,7,0,9,3,1,1,
2.024E+11,155 775 994,B01,2,50,0,2,1,15,3,
2.024E+11,155 775 992,A01,3,7,0,1,2,1,2,
2.024E+11,155 775 990,B01,1,33,0,2,2,2,1,
2.024E+11,155 775 991,A01,1,7,0,2,3,2,1,
2.024E+11,155 775 988,B01,3,7,0,2,6,1,0,
2.024E+11,155 775 989,A01,3,14,0,2,2,14,0,
2.024E+11,155 775 986,A01,1,33,5,0,2,13,1,
2.024E+11,155 775 985,B01,1,10,0,2,1,1,1,
2.024E+11,155 775 987,A01,2,7,0,2,7,1,1,
2.024E+11,155 775 982,B01,1,7,0,2,3,9,1,
2.024E+11,155 775 984,A01,1,43,0,2,0,0,1,
2.024E+11,155 775 981,B01,1,32,0,2,6,1,1,
2.024E+11,155 775 983,Z01,1,10,0,2,3,13,0,
2.024E+11,155 775 978,A01,3,33,0,2,1,2,1,
2.024E+11,155 775 979,B01,3,7,0,2,4,16,1,
2.024E+11,155 775 977,B01,1,7,0,2,2,1,1,
2.024E+11,155 775 980,A01,3,7,0,2,1,1,1,
2.024E+11,155 775 976,A01,2,30,0,1,8,25,1,
2.024E+11,155 775 975,A01,1,30,0,0,0,17,1,
2.024E+11,155 775 974,A01,1,7,0,1,2,26,1,
2.024E+11,155 775 972,A01,2,30,0,2,1,1,1,
2.024E+11,155 775 973,B01,2,7,0,2,4,1,3,
2.024E+11,155 775 971,A01,2,7,0,1,7,17,1,
2.024E+11,155 775 970,A01,2,10,0,1,7,1,1,
2.024E+11,155 775 968,A01,1,33,0,2,2,0,6,
2.024E+11,155 775 969,B01,3,7,0,2,6,23,6,
2.024E+11,155 775 965,B01,1,7,0,2,1,1,1,
2.024E+11,155 775 967,A01,1,10,0,2,1,13,1,
2.024E+11,155 775 961,A01,0,7,0,1,1,23,1,
2.024E+11,155 775 962,A01,2,7,0,2,1,2,1,
2.024E+11,155 775 963,C01,2,10,0,2,4,2,1,
2.024E+11,155 775 964,B01,2,7,0,2,4,2,1,
2.024E+11,155 775 966,D01,2,7,0,2,4,2,2,
2.024E+11,155 775 959,A01,1,33,13,0,1,21,1,
2.024E+11,155 775 958,A01,1,7,0,2,2,11,1,
2.024E+11,155 775 960,B01,1,7,0,2,3,1,1,
2.024E+11,155 775 957,A01,1,1,0,1,1,1,5,
2.024E+11,155 775 956,A01,3,7,8,0,1,13,1,
2.024E+11,155 775 954,A01,1,80,12,0,0,26,3,
2.024E+11,155 775 953,B01,1,50,0,2,7,1,3,
2.024E+11,155 775 955,A01,1,7,0,2,1,9,2,
2.024E+11,155 775 951,A01,2,7,0,1,2,1,1,
2.024E+11,155 775 950,A01,3,33,14,0,1,0,0,
2.024E+11,155 775 952,B01,3,7,0,2,1,0,6,
2.024E+11,155 775 949,A01,1,2,8,0,2,1,1,
2.024E+11,155 775 947,A01,2,7,8,0,0,0,1,
2.024E+11,155 775 948,A01,2,7,0,1,1,15,1,
2.024E+11,155 775 944,A01,1,7,0,2,2,5,1,
2.024E+11,155 775 946,B01,2,7,0,2,2,0,1,
2.024E+11,155 775 942,C01,1,7,0,2,4,2,1,
2.024E+11,155 775 943,B01,1,10,0,2,4,2,1,
2.024E+11,155 775 945,A01,1,14,0,2,1,1,1,
2.024E+11,155 775 940,B01,3,7,0,2,8,16,1,
2.024E+11,155 775 941,A01,3,7,0,2,1,2,1,
2.024E+11,155 775 937,A01,2,7,6,0,1,1,1,
2.024E+11,155 775 938,A01,2,33,0,2,1,3,1,
2.024E+11,155 775 939,B01,2,7,0,2,5,0,2,
2.024E+11,155 775 936,A01,2,43,13,0,2,14,1,
2.024E+11,155 775 934,A01,3,7,0,1,1,0,2,
2.024E+11,155 775 933,A01,1,7,0,2,3,13,1,
2.024E+11,155 775 935,B01,2,7,3,2,3,1,1,
2.024E+11,155 775 930,A01,1,7,8,2,1,1,1,
2.024E+11,155 775 929,A01,1,7,0,2,2,2,0,
2.024E+11,155 775 931,B01,1,7,0,2,4,14,1,
2.024E+11,155 775 932,C01,2,7,0,2,8,21,1,
2.024E+11,155 775 926,A01,1,30,0,2,1,1,1,
2.024E+11,155 775 928,B01,1,7,0,2,2,1,1,
2.024E+11,155 775 924,A01,2,7,0,2,1,1,1,
2.024E+11,155 775 925,C01,1,7,0,2,1,5,1,
2.024E+11,155 775 927,B01,2,7,0,2,3,1,1,
2.024E+11,155 775 921,A01,2,33,9,0,1,1,1,
2.024E+11,155 775 922,A01,2,1,0,2,8,2,5,
2.024E+11,155 775 923,B01,0,34,0,2,7,1,1,
2.024E+11,155 775 919,A01,1,13,13,0,8,15,1,
2.024E+11,155 775 920,B01,1,7,0,2,1,1,1,
2.024E+11,155 775 917,A01,1,2,0,0,8,1,1,
2.024E+11,155 775 916,B01,1,7,0,2,6,16,1,
2.024E+11,155 775 918,A01,1,7,0,2,2,13,2,
2.024E+11,155 775 914,A01,3,33,0,0,0,26,1,
2.024E+11,155 775 913,A01,3,1,0,2,1,1,5,
2.024E+11,155 775 915,Z01,3,2,0,2,8,26,1,
2.024E+11,155 775 910,A01,1,43,0,1,8,21,1,
2.024E+11,155 775 909,A01,2,33,0,0,7,1,1,
2.024E+11,155 775 906,A01,1,50,1,0,1,1,3,
2.024E+11,155 775 908,B01,1,7,0,2,4,24,1,
2.024E+11,155 775 905,A01,2,33,0,2,0,1,1,
2.024E+11,155 775 907,B01,1,7,0,2,1,19,1,
2.024E+11,155 775 903,A01,2,7,0,2,3,0,1,
2.024E+11,155 775 904,B01,2,1,1,0,7,17,5,
2.024E+11,155 775 901,A01,2,7,13,2,2,17,1,
2.024E+11,155 775 902,B01,2,7,0,0,8,15,1,
2.024E+11,155 775 899,A01,3,7,13,0,8,13,1,
2.024E+11,155 775 900,A01,2,33,0,1,7,21,1,
2.024E+11,155 775 898,A01,2,7,2,0,1,1,1,
2.024E+11,155 775 896,A01,3,33,0,2,3,13,1,
2.024E+11,155 775 897,B01,3,2,0,2,7,1,1,
2.024E+11,155 775 895,A01,1,7,8,0,1,0,1,
2.024E+11,155 775 894,A01,2,1,12,9,1,2,5,
2.024E+11,155 775 893,A01,1,7,16,0,8,1,1,
2.024E+11,155 775 892,A01,3,33,0,0,0,16,1,
2.024E+11,155 775 890,B01,1,80,9,2,1,1,3,
2.024E+11,155 775 891,A01,1,10,9,2,7,16,1,
2.024E+11,155 775 888,A01,1,1,10,2,5,1,5,
2.024E+11,155 775 889,B01,2,15,0,9,6,1,1,
2.024E+11,155 775 887,A01,1,2,0,0,0,21,1,
2.024E+11,155 775 886,A01,1,7,6,0,2,1,1,
2.024E+11,155 775 885,A01,2,50,14,0,1,26,3,
2.024E+11,155 775 883,A01,1,7,1,0,4,23,1,
2.024E+11,155 775 884,B01,1,1,1,0,1,1,5,
2.024E+11,155 775 881,A01,1,7,0,2,7,15,2,
2.024E+11,155 775 882,B01,2,33,0,2,7,1,1,
2.024E+11,155 775 878,A01,3,7,0,2,7,19,1,
2.024E+11,155 775 880,B01,2,7,0,2,1,1,1,
2.024E+11,155 775 877,A01,1,7,0,2,1,16,1,
2.024E+11,155 775 879,B01,1,1,0,2,0,19,5,
2.024E+11,155 775 876,A01,3,7,8,0,1,0,1,
2.024E+11,155 775 875,A01,3,7,0,1,1,1,2,
2.024E+11,155 775 869,B01,1,30,0,2,2,1,1,
2.024E+11,155 775 871,A01,1,7,0,2,3,15,1,
2.024E+11,155 775 870,B01,3,1,0,2,8,0,5,
2.024E+11,155 775 872,A01,3,7,0,2,1,1,1,
2.024E+11,155 775 867,A01,2,7,13,0,9,21,1,
2.024E+11,155 775 866,B01,3,1,0,2,0,0,5,
2.024E+11,155 775 868,A01,3,14,15,2,7,16,6,
2.024E+11,155 775 864,A01,3,7,15,0,6,2,1,
2.024E+11,155 775 863,A01,0,7,0,2,3,1,1,
2.024E+11,155 775 865,B01,0,1,0,2,8,1,5,
2.024E+11,155 775 858,C01,1,13,0,2,1,1,1,
2.024E+11,155 775 859,A01,1,13,0,2,1,1,1,
2.024E+11,155 775 861,B01,1,10,0,0,6,23,1,
2.024E+11,155 775 860,B01,1,7,0,2,1,1,1,
2.024E+11,155 775 862,A01,1,7,0,2,8,15,1,
2.024E+11,155 775 857,A01,0,7,0,1,1,1,1,
2.024E+11,155 775 855,A01,1,7,0,2,3,13,1,
2.024E+11,155 775 856,B01,2,7,0,2,6,1,1,
2.024E+11,155 775 852,A01,2,7,0,2,6,15,1,
2.024E+11,155 775 854,B01,2,33,0,2,1,1,1,
2.024E+11,155 775 851,A01,2,7,0,2,1,15,1,
2.024E+11,155 775 853,B01,1,7,6,2,1,1,1,
2.024E+11,155 775 848,B01,3,32,0,2,1,1,1,
2.024E+11,155 775 850,A01,3,10,0,2,2,9,1,
2.024E+11,155 775 847,A01,1,7,0,9,2,12,1,
2.024E+11,155 775 849,B01,1,33,0,2,3,3,1,
2.024E+11,155 775 844,B01,2,7,0,0,5,1,1,
2.024E+11,155 775 846,A01,2,33,13,2,1,21,1,
2.024E+11,155 775 843,A01,3,7,0,2,6,11,0,
2.024E+11,155 775 845,B01,3,33,0,2,2,3,0,
2.024E+11,155 775 841,B01,2,10,0,2,3,1,1,
2.024E+11,155 775 842,A01,1,1,0,2,3,1,5,
2.024E+11,155 775 840,A01,1,7,14,0,1,1,1,
2.024E+11,155 775 838,A01,0,7,0,1,1,0,0,
2.024E+11,155 775 837,A01,1,7,0,2,3,13,1,
2.024E+11,155 775 839,B01,2,15,0,2,3,2,1,
2.024E+11,155 775 836,A01,1,7,0,1,1,1,0,
2.024E+11,155 775 835,A01,0,7,2,0,1,0,1,
2.024E+11,155 775 833,A01,2,7,0,0,0,0,1,
2.024E+11,155 775 834,B01,0,1,0,2,1,26,5,
2.024E+11,155 775 831,A01,3,1,0,0,4,1,5,
2.024E+11,155 775 832,B01,3,1,0,0,1,1,5,
2.024E+11,155 775 829,B01,1,14,0,2,7,9,1,
2.024E+11,155 775 830,Z01,1,50,0,2,1,0,3,
2.024E+11,155 775 827,B01,1,10,0,2,7,0,1,
2.024E+11,155 775 828,A01,1,1,0,2,1,0,5,
2.024E+11,155 775 826,A01,2,7,13,0,2,1,1,
2.024E+11,155 775 823,A01,1,33,4,0,3,13,1,
2.024E+11,155 775 825,B01,2,7,0,9,3,1,1,
2.024E+11,155 775 822,A01,1,2,0,2,1,19,1,
2.024E+11,155 775 824,B01,2,7,0,0,3,1,1,
2.024E+11,155 775 819,B01,0,20,0,2,0,19,1,
2.024E+11,155 775 821,A01,1,7,0,2,1,1,1,
2.024E+11,155 775 818,A01,1,7,0,9,2,2,0,
2.024E+11,155 775 820,B01,1,1,0,2,4,2,5,
2.024E+11,155 775 816,A01,2,7,5,0,3,21,1,
2.024E+11,155 775 815,A01,2,10,0,2,1,1,1,
2.024E+11,155 775 817,B01,2,7,0,2,4,1,1,
2.024E+11,155 775 813,A01,1,33,0,0,2,6,1,
2.024E+11,155 775 812,B01,0,34,0,2,0,11,1,
2.024E+11,155 775 814,A01,0,7,0,2,8,1,0,
2.024E+11,155 775 809,A01,2,13,0,2,7,2,1,
2.024E+11,155 775 811,B01,2,1,0,2,1,2,5,
2.024E+11,155 775 807,B01,1,80,0,0,6,1,3,
2.024E+11,155 775 808,A01,1,7,0,9,2,1,1,
2.024E+11,155 775 806,A01,3,2,12,0,2,1,1,
2.024E+11,155 775 805,A01,3,33,0,0,0,25,1,
2.024E+11,155 775 802,C01,2,7,0,2,3,1,1,
2.024E+11,155 775 803,A01,2,13,0,0,0,21,1,
2.024E+11,155 775 804,B01,1,21,0,2,1,21,1,
2.024E+11,155 775 800,A01,1,99,1,0,0,0,6,
2.024E+11,155 775 801,B01,2,7,0,0,3,23,1,
2.024E+11,155 775 798,B01,3,2,0,2,1,13,1,
2.024E+11,155 775 799,A01,3,7,0,2,3,21,1,
2.024E+11,155 775 797,A01,1,7,13,0,1,15,1,
2.024E+11,155 775 794,B01,1,7,0,2,1,1,1,
2.024E+11,155 775 796,A01,2,7,0,2,1,13,1,
2.024E+11,155 775 793,A01,1,7,0,0,1,26,1,
2.024E+11,155 775 795,B01,1,7,0,0,1,26,1,
2.024E+11,155 775 792,A01,2,10,0,1,2,1,1,
2.024E+11,155 775 791,A01,3,2,0,0,0,0,1,
2.024E+11,155 775 788,A01,2,7,0,2,1,11,1,
2.024E+11,155 775 789,B01,1,7,0,2,1,1,1,
2.024E+11,155 775 786,A01,0,7,0,2,1,2,1,
2.024E+11,155 775 787,B01,0,7,1,2,9,23,1,
2.024E+11,155 775 790,C01,0,7,0,2,4,23,1,
2.024E+11,155 775 781,A01,2,7,0,2,2,15,1,
2.024E+11,155 775 782,B01,1,33,0,2,1,1,1,
2.024E+11,155 775 784,C01,2,7,0,0,8,23,1,
2.024E+11,155 775 779,B01,1,1,0,2,3,1,5,
2.024E+11,155 775 780,A01,1,7,0,9,2,2,2,
2.024E+11,155 775 778,A01,1,21,7,0,9,1,1,
2.024E+11,155 775 777,A01,3,30,0,0,8,1,1,
2.024E+11,155 775 774,B01,1,7,0,2,3,1,1,
2.024E+11,155 775 776,A01,2,7,0,2,2,15,1,
2.024E+11,155 775 773,A01,3,7,0,2,3,1,1,
2.024E+11,155 775 775,B01,3,1,0,2,7,16,5,
2.024E+11,155 775 772,A01,2,7,3,0,7,0,1,
2.024E+11,155 775 771,A01,2,34,12,0,1,14,1,
2.024E+11,155 775 770,A01,0,7,15,0,1,1,1,
2.024E+11,155 775 767,A01,1,7,0,2,7,15,1,
2.024E+11,155 775 768,B01,2,30,0,2,1,1,1,
2.024E+11,155 775 764,A01,2,7,6,0,2,1,1,
2.024E+11,155 775 763,C01,2,7,0,2,1,1,1,
2.024E+11,155 775 765,D01,2,7,0,2,4,23,1,
2.024E+11,155 775 766,A01,2,7,0,2,9,23,1,
2.024E+11,155 775 769,B01,2,7,0,2,9,23,1,
2.024E+11,155 775 760,A01,2,31,0,2,5,3,1,
2.024E+11,155 775 762,B01,2,7,0,2,3,11,1,
2.024E+11,155 775 757,A01,1,7,0,2,1,15,1,
2.024E+11,155 775 759,B01,1,7,0,2,6,15,1,
2.024E+11,155 775 761,C01,2,7,0,2,1,1,1,
2.024E+11,155 775 754,A01,3,3,13,0,0,2,1,
2.024E+11,155 775 752,E01,1,10,0,2,5,21,1,
2.024E+11,155 775 753,A01,1,10,0,0,0,26,1,
2.024E+11,155 775 755,B01,1,7,0,2,5,2,3,
2.024E+11,155 775 756,C01,1,7,0,2,1,1,1,
2.024E+11,155 775 758,D01,1,14,0,2,6,2,1,
2.024E+11,155 775 750,A01,1,7,3,0,2,0,1,
2.024E+11,155 775 749,A01,1,7,0,0,2,1,1,
2.024E+11,155 775 751,B01,1,7,0,0,3,1,1,
2.024E+11,155 775 746,B01,1,2,0,2,1,1,1,
2.024E+11,155 775 747,A01,2,7,0,2,5,15,1,
2.024E+11,155 775 744,A01,2,31,0,2,3,3,1,
2.024E+11,155 775 745,B01,2,10,0,2,5,2,1,
2.024E+11,155 775 748,C01,2,10,0,2,4,1,1,
2.024E+11,155 775 743,A01,2,7,0,1,3,1,1,
2.024E+11,155 775 740,B01,1,80,0,0,8,19,3,
2.024E+11,155 775 741,A01,1,13,0,9,1,1,1,
2.024E+11,155 775 737,A01,2,2,0,2,0,17,1,
2.024E+11,155 775 738,C01,1,7,1,2,3,1,1,
2.024E+11,155 775 734,A01,1,7,8,2,1,13,1,
2.024E+11,155 775 735,B01,2,14,0,2,3,1,1,
2.024E+11,155 775 732,A01,1,1,0,0,0,26,5,
2.024E+11,155 775 731,C01,1,7,0,2,4,1,2,
2.024E+11,155 775 733,A01,1,7,0,2,1,1,1,
2.024E+11,155 775 736,B01,1,7,0,2,4,1,1,
2.024E+11,155 775 739,E01,1,7,0,2,4,1,1,
2.024E+11,155 775 742,D01,1,7,0,2,4,1,1,
2.024E+11,155 775 729,A01,1,38,0,2,3,13,1,1
2.024E+11,155 775 730,B01,2,7,0,2,3,1,1,
2.024E+11,155 775 727,A01,1,14,0,2,3,2,1,
2.024E+11,155 775 728,B01,1,7,0,2,5,0,1,
2.024E+11,155 775 726,A01,1,7,0,0,1,26,1,
2.024E+11,155 775 724,B01,1,7,13,2,8,1,1,
2.024E+11,155 775 725,A01,3,7,0,2,1,1,1,
2.024E+11,155 775 721,A01,1,7,8,1,2,1,1,
2.024E+11,155 775 719,A01,2,10,0,6,3,1,1,
2.024E+11,155 775 720,B01,1,7,0,6,3,1,1,
2.024E+11,155 775 718,A01,2,7,0,1,2,2,1,
2.024E+11,155 775 716,A01,3,7,0,2,1,9,1,
2.024E+11,155 775 717,B01,3,7,0,0,4,1,1,
2.024E+11,155 775 712,A01,1,10,0,2,1,2,1,
2.024E+11,155 775 713,B01,1,7,0,2,4,2,1,
2.024E+11,155 775 714,C01,1,7,0,2,4,2,1,
2.024E+11,155 775 715,D01,1,7,0,2,4,2,1,
2.024E+11,155 775 710,B01,1,17,0,2,4,1,1,