Num_Acc,id_vehicule,num_veh,senc,catv,obs,obsm,choc,manv,motor,occutc
2.024E+11,155 775 251,A01,1,80,0,2,7,19,3,
2.024E+11,155 775 248,A01,0,33,2,0,1,1,1,
2.024E+11,155 775 247,A01,3,10,0,2,2,19,1,
2.024E+11,155 775 249,B01,1,30,0,2,1,1,1,
2.024E+11,155 775 245,A01,2,7,0,2,5,17,1,
2.024E+11,155 775 246,B01,2,2,0,2,8,1,1,
2.024E+11,155 775 243,B01,3,7,0,2,1,1,1,
2.024E+11,155 775 244,A01,3,7,0,2,1,15,1,
2.024E+11,155 775 241,A01,1,33,0,2,1,7,1,
2.024E+11,155 775 242,B01,1,7,0,2,7,16,1,
2.024E+11,155 775 239,A01,2,7,0,2,1,9,1,
2.024E+11,155 775 240,B01,1,2,0,2,7,2,1,
2.024E+11,155 775 237,A01,3,10,0,2,1,1,1,
2.024E+11,155 775 238,B01,3,7,0,2,4,2,1,
2.024E+11,155 775 233,B01,1,10,0,2,3,15,1,
2.024E+11,155 775 235,A01,1,33,0,2,1,17,1,
2.024E+11,155 775 234,A01,1,7,0,2,7,1,1,
2.024E+11,155 775 236,B01,1,7,0,2,1,1,1,
2.024E+11,155 775 232,A01,1,7,3,0,1,14,1,
2.024E+11,155 775 231,A01,1,7,11,0,1,14,1,
2.024E+11,155 775 229,A01,1,7,0,2,5,1,1,
2.024E+11,155 775 230,B01,2,2,0,2,1,0,1,
2.024E+11,155 775 227,B01,2,1,0,2,1,1,5,
2.024E+11,155 775 228,A01,2,80,0,2,1,13,3,
2.024E+11,155 775 225,A01,2,7,0,4,7,13,1,
2.024E+11,155 775 226,B01,2,40,0,2,1,1,3,
2.024E+11,155 775 223,A01,2,30,0,2,1,1,1,
2.024E+11,155 775 224,B01,1,7,0,2,8,16,1,
2.024E+11,155 775 219,A01,1,37,0,1,2,13,6,2
2.024E+11,155 775 218,A01,0,32,0,2,1,1,1,
2.024E+11,155 775 220,B01,0,10,0,2,4,1,1,
2.024E+11,155 775 216,A01,1,7,0,1,1,1,1,
2.024E+11,155 775 215,A01,1,80,0,2,1,9,3,
2.024E+11,155 775 217,B01,1,7,0,2,0,1,1,
2.024E+11,155 775 212,A01,2,30,0,2,1,2,1,
2.024E+11,155 775 213,B01,2,10,0,2,5,23,3,
2.024E+11,155 775 211,B01,2,1,0,2,0,1,5,
2.024E+11,155 775 214,A01,3,17,0,9,1,16,1,
2.024E+11,155 775 210,A01,1,32,0,1,3,1,1,
2.024E+11,155 775 209,A01,3,7,8,0,1,0,1,
2.024E+11,155 775 207,A01,1,31,8,0,1,21,1,
2.024E+11,155 775 206,A01,2,10,0,2,1,1,1,
2.024E+11,155 775 208,B01,2,7,0,2,4,1,1,
2.024E+11,155 775 204,A01,3,33,0,0,8,1,1,
2.024E+11,155 775 203,A01,0,7,0,2,4,1,1,
2.024E+11,155 775 205,Z01,0,7,0,2,1,1,1,
2.024E+11,155 775 201,A01,3,7,0,1,3,17,1,
2.024E+11,155 775 202,A01,2,7,0,0,1,1,1,
2.024E+11,155 775 199,B01,0,7,0,0,3,15,1,
2.024E+11,155 775 200,A01,3,32,0,2,8,1,1,
2.024E+11,155 775 197,A01,3,32,0,2,8,1,1,
2.024E+11,155 775 198,B01,3,3,0,2,2,1,3,
2.024E+11,155 775 194,A01,3,30,0,2,1,0,1,
2.024E+11,155 775 196,B01,0,7,0,2,1,16,1,
2.024E+11,155 775 193,A01,3,2,14,2,1,19,1,
2.024E+11,155 775 195,B01,3,7,14,2,3,1,1,
2.024E+11,155 775 189,A01,2,7,0,2,1,13,1,
2.024E+11,155 775 190,B01,1,33,0,2,1,1,1,
2.024E+11,155 775 188,A01,1,33,12,0,7,1,1,
2.024E+11,155 775 187,A01,3,1,16,0,0,1,5,
2.024E+11,155 775 184,Z01,2,7,0,2,1,0,0,
2.024E+11,155 775 186,A01,2,7,0,2,6,1,0,
2.024E+11,155 775 183,A01,1,7,0,2,7,15,3,
2.024E+11,155 775 185,B01,2,7,0,2,1,2,1,
2.024E+11,155 775 181,A01,1,33,0,0,0,1,1,
2.024E+11,155 775 180,A01,2,7,0,2,3,11,1,
2.024E+11,155 775 182,B01,2,33,0,2,2,3,1,
2.024E+11,155 775 177,A01,1,7,0,2,1,1,1,
2.024E+11,155 775 178,B01,2,7,0,2,6,1,2,
2.024E+11,155 775 176,A01,3,10,0,2,7,1,1,
2.024E+11,155 775 179,B01,3,10,0,2,1,1,3,
2.024E+11,155 775 175,A01,1,43,4,0,3,3,1,
2.024E+11,155 775 172,B01,1,43,0,2,5,3,1,
2.024E+11,155 775 173,A01,1,7,0,2,5,12,3,
2.024E+11,155 775 171,A01,3,7,0,2,1,1,1,
2.024E+11,155 775 174,B01,3,7,0,2,3,15,2,
2.024E+11,155 775 168,A01,3,7,0,2,2,12,1,
2.024E+11,155 775 169,B01,3,7,0,2,8,2,1,
2.024E+11,155 775 167,B01,3,14,0,2,1,1,1,
2.024E+11,155 775 170,A01,3,31,0,2,0,0,1,
2.024E+11,155 775 166,A01,1,7,6,0,1,26,1,
2.024E+11,155 775 165,A01,1,43,0,0,3,1,1,
2.024E+11,155 775 163,A01,2,80,14,0,3,13,3,
2.024E+11,155 775 162,A01,1,30,0,2,1,1,1,
2.024E+11,155 775 164,Y01,1,50,0,2,3,15,3,
2.024E+11,155 775 160,A01,2,31,0,1,1,1,1,
2.024E+11,155 775 159,B01,3,10,0,2,1,1,1,
2.024E+11,155 775 161,A01,1,7,8,2,5,1,1,
2.024E+11,155 775 156,B01,2,7,0,2,3,1,1,
2.024E+11,155 775 158,A01,1,60,0,2,1,13,5,
2.024E+11,155 775 152,A01,1,7,7,0,1,6,1,
2.024E+11,155 775 151,B01,2,7,9,0,8,1,1,
2.024E+11,155 775 153,Z01,2,7,0,2,0,26,4,
2.024E+11,155 775 154,A01,2,33,14,2,7,14,1,
2.024E+11,155 775 148,A01,3,7,0,2,1,1,1,
2.024E+11,155 775 150,B01,0,7,0,0,4,1,1,
2.024E+11,155 775 149,A01,1,50,4,0,3,13,3,
2.024E+11,155 775 146,A01,1,7,0,1,3,1,3,
2.024E+11,155 775 145,A01,1,2,0,2,8,18,1,
2.024E+11,155 775 147,B01,1,1,0,2,7,14,5,
2.024E+11,155 775 141,B01,1,7,0,0,3,1,1,
2.024E+11,155 775 143,A01,1,7,0,0,5,1,2,
2.024E+11,155 775 142,B01,1,7,0,2,4,2,1,
2.024E+11,155 775 144,A01,1,7,0,2,1,2,2,
2.024E+11,155 775 140,A01,0,10,0,1,2,1,1,
2.024E+11,155 775 139,A01,2,7,0,1,7,1,1,
2.024E+11,155 775 138,A01,1,7,0,1,1,1,1,
2.024E+11,155 775 135,B01,1,1,0,2,2,1,5,
2.024E+11,155 775 137,Z01,1,10,0,2,3,15,1,
2.024E+11,155 775 134,A01,2,7,0,2,1,15,1,
2.024E+11,155 775 136,B01,1,1,0,2,8,1,5,
2.024E+11,155 775 130,B01,3,10,0,2,3,1,1,
2.024E+11,155 775 132,A01,3,7,0,2,1,15,1,
2.024E+11,155 775 131,A01,1,7,0,2,1,19,1,
2.024E+11,155 775 133,B01,1,7,0,2,4,2,1,
2.024E+11,155 775 127,Z01,1,7,0,2,6,22,1,
2.024E+11,155 775 129,A01,1,50,0,2,1,1,3,
2.024E+11,155 775 126,A01,3,10,0,2,3,15,1,
2.024E+11,155 775 128,B01,3,7,0,2,6,1,1,
2.024E+11,155 775 122,A01,1,7,0,9,3,15,1,
2.024E+11,155 775 124,B01,2,1,0,2,1,2,5,
2.024E+11,155 775 123,A01,1,33,0,2,3,18,1,
2.024E+11,155 775 125,B01,1,7,0,2,2,14,2,
2.024E+11,155 775 118,A01,1,7,0,2,1,16,1,
2.024E+11,155 775 120,B01,2,50,0,2,7,19,3,
2.024E+11,155 775 117,C01,3,14,0,0,4,0,0,
2.024E+11,155 775 119,A01,3,10,0,2,1,2,1,
2.024E+11,155 775 121,B01,0,10,0,2,4,2,1,
2.024E+11,155 775 116,A01,1,7,1,0,1,14,2,
2.024E+11,155 775 113,A01,1,1,0,1,1,1,5,
2.024E+11,155 775 111,B01,1,10,0,2,7,16,1,
2.024E+11,155 775 112,A01,1,33,0,2,3,18,1,
2.024E+11,155 775 114,A01,2,7,0,2,5,17,1,
2.024E+11,155 775 115,B01,2,7,0,2,3,0,0,
2.024E+11,155 775 109,B01,3,1,0,2,7,1,5,
2.024E+11,155 775 110,A01,3,1,0,2,8,15,5,
2.024E+11,155 775 107,A01,2,7,0,2,3,1,1,
2.024E+11,155 775 108,B01,1,2,0,2,2,1,1,
2.024E+11,155 775 106,A01,1,80,12,0,1,13,3,
2.024E+11,155 775 104,A01,1,50,0,0,0,1,3,
2.024E+11,155 775 103,A01,1,7,0,2,0,15,1,
2.024E+11,155 775 105,B01,1,50,0,2,8,1,3,
2.024E+11,155 775 100,B01,1,1,0,2,0,0,5,
2.024E+11,155 775 101,A01,1,32,0,9,1,16,1,
2.024E+11,155 775 099,A01,1,7,0,2,2,15,1,
2.024E+11,155 775 102,B01,1,7,0,2,8,1,2,
2.024E+11,155 775 096,B01,2,7,0,2,2,1,0,
2.024E+11,155 775 098,A01,2,7,0,2,3,17,1,
2.024E+11,155 775 097,A01,1,7,0,1,1,16,0,
2.024E+11,155 775 095,A01,1,14,0,1,5,4,1,
2.024E+11,155 775 094,A01,2,34,0,1,1,1,1,
2.024E+11,155 775 091,A01,3,7,0,2,2,15,1,
2.024E+11,155 775 093,B01,2,33,0,2,1,1,1,
2.024E+11,155 775 092,A01,2,7,0,1,1,1,1,
2.024E+11,155 775 090,A01,2,60,14,0,1,1,5,
2.024E+11,155 775 088,A01,1,7,0,2,1,2,1,
2.024E+11,155 775 089,B01,1,32,0,2,4,2,1,
2.024E+11,155 775 086,B01,1,7,0,2,1,1,1,
2.024E+11,155 775 087,A01,1,7,0,2,3,16,1,
2.024E+11,155 775 084,A01,1,7,0,2,1,5,2,
2.024E+11,155 775 085,B01,1,31,0,2,7,1,1,
2.024E+11,155 775 082,B01,3,7,0,2,2,19,3,
2.024E+11,155 775 083,A01,2,30,0,2,3,1,3,
2.024E+11,155 775 080,B01,1,7,0,2,2,1,1,
2.024E+11,155 775 081,A01,1,7,8,2,1,1,2,
2.024E+11,155 775 079,A01,1,1,12,0,1,26,5,
2.024E+11,155 775 078,A01,1,10,0,1,4,4,3,
2.024E+11,155 775 074,B01,2,7,0,0,3,13,0,
2.024E+11,155 775 075,A01,1,7,0,2,3,13,1,
2.024E+11,155 775 076,C01,2,7,0,2,8,13,1,
2.024E+11,155 775 077,D01,2,7,0,2,3,13,1,
2.024E+11,155 775 072,A01,2,21,0,2,6,15,0,
2.024E+11,155 775 073,B01,2,33,0,2,1,17,1,
2.024E+11,155 775 071,A01,1,2,15,0,2,1,1,
2.024E+11,155 775 069,B01,1,33,0,2,1,0,1,
2.024E+11,155 775 070,A01,1,7,0,2,7,15,1,
2.024E+11,155 775 067,A01,1,7,0,2,1,1,1,
2.024E+11,155 775 068,B01,2,7,0,2,1,1,1,
2.024E+11,155 775 065,B01,2,7,0,2,1,15,1,
2.024E+11,155 775 066,A01,1,33,0,2,1,17,1,
2.024E+11,155 775 063,A01,1,7,0,2,3,10,1,
2.024E+11,155 775 064,B01,1,33,0,2,1,21,1,
2.024E+11,155 775 061,A01,1,15,0,2,2,2,1,
2.024E+11,155 775 062,B01,1,15,0,0,6,2,1,
2.024E+11,155 775 060,A01,2,33,0,0,0,16,1,
2.024E+11,155 775 058,A01,2,10,0,2,3,13,1,
2.024E+11,155 775 059,B01,1,17,0,2,3,1,1,
2.024E+11,155 775 057,A01,2,7,2,0,1,21,1,
2.024E+11,155 775 056,A01,3,7,13,0,1,13,1,
2.024E+11,155 775 054,A01,3,7,0,2,3,1,1,
2.024E+11,155 775 055,B01,3,7,0,2,3,1,1,
2.024E+11,155 775 052,B01,2,33,0,2,1,1,1,
2.024E+11,155 775 053,A01,1,7,0,2,1,15,3,
2.024E+11,155 775 050,A01,1,7,0,0,6,1,1,
2.024E+11,155 775 051,B01,2,80,12,0,8,5,3,
2.024E+11,155 775 048,A01,2,2,0,2,1,1,1,
2.024E+11,155 775 049,B01,1,7,0,2,6,1,1,
2.024E+11,155 775 047,A01,1,33,3,0,1,2,0,
2.024E+11,155 775 044,C01,2,13,0,2,1,1,1,
2.024E+11,155 775 045,A01,1,7,0,2,4,1,3,
2.024E+11,155 775 046,B01,1,10,0,2,4,1,1,
2.024E+11,155 775 043,A01,1,33,8,0,2,14,1,
2.024E+11,155 775 042,A01,2,33,6,9,1,1,1,
2.024E+11,155 775 039,A01,1,7,0,2,1,1,1,
2.024E+11,155 775 040,B01,1,7,0,2,4,1,1,
2.024E+11,155 775 041,C01,1,7,0,2,4,1,1,
2.024E+11,155 775 038,A01,1,33,0,0,0,1,1,
2.024E+11,155 775 034,B01,2,10,0,2,1,1,1,
2.024E+11,155 775 035,C01,1,7,0,2,4,23,1,
2.024E+11,155 775 036,D01,1,7,0,2,4,23,1,
2.024E+11,155 775 037,A01,1,7,0,2,1,13,1,
2.024E+11,155 775 031,A01,3,7,0,2,2,1,1,
2.024E+11,155 775 032,B01,3,7,0,2,3,1,1,
2.024E+11,155 775 033,C01,3,7,0,2,1,0,2,
2.024E+11,155 775 030,A01,1,33,13,0,9,14,1,
2.024E+11,155 775 028,A01,1,7,0,2,2,17,1,
2.024E+11,155 775 029,B01,1,7,0,2,8,15,1,
2.024E+11,155 775 027,A01,1,33,0,0,1,1,1,
2.024E+11,155 775 025,A01,1,7,0,2,1,13,1,
2.024E+11,155 775 026,B01,2,17,0,2,1,1,1,
2.024E+11,155 775 023,A01,1,7,0,2,8,19,1,
2.024E+11,155 775 024,B01,2,33,0,2,1,1,1,
2.024E+11,155 775 020,A01,2,7,0,2,1,2,1,
2.024E+11,155 775 021,B01,2,7,0,2,6,13,1,
2.024E+11,155 775 022,C01,1,7,0,2,3,1,1,
2.024E+11,155 775 017,B01,2,7,0,2,3,9,1,
2.024E+11,155 775 018,C01,2,7,0,0,6,26,1,
2.024E+11,155 775 019,A01,2,2,1,2,1,1,1,
2.024E+11,155 775 016,A01,1,2,0,0,0,0,1,
2.024E+11,155 775 014,A01,3,1,0,9,1,1,5,
2.024E+11,155 775 015,B01,3,1,0,9,1,1,5,
2.024E+11,155 775 013,A01,2,33,0,0,0,1,1,
2.024E+11,155 775 011,A01,3,10,0,2,3,13,1,
2.024E+11,155 775 012,B01,3,1,0,2,1,1,5,
2.024E+11,155 775 010,A01,2,7,2,0,1,1,1,
2.024E+11,155 775 009,A01,2,2,0,0,1,0,1,
2.024E+11,155 775 008,A01,2,7,13,0,3,13,1,
2.024E+11,155 775 006,B01,1,7,0,2,1,5,1,
2.024E+11,155 775 007,A01,2,7,0,2,1,5,1,
2.024E+11,155 775 004,A01,1,7,0,2,7,15,1,
2.024E+11,155 775 005,B01,2,34,0,2,1,1,1,
2.024E+11,155 775 002,A01,1,7,0,0,8,16,1,
2.024E+11,155 775 003,B01,1,7,0,2,2,1,1,
2.024E+11,155 775 001,A01,1,7,4,0,1,1,1,
2.024E+11,155 774 999,B01,2,7,0,0,4,1,1,
2.024E+11,155 775 000,A01,2,10,5,2,1,0,1,
2.024E+11,155 774 997,A01,2,7,0,2,3,11,1,
2.024E+11,155 774 998,B01,2,33,0,2,9,3,1,
2.024E+11,155 774 995,B01,3,2,0,0,8,9,1,
2.024E+11,155 774 996,A01,3,7,13,2,2,1,1,
2.024E+11,155 774 993,A01,3,33,0,2,3,13,1,
2.024E+11,155 774 994,B01,3,7,0,2,2,26,1,
2.024E+11,155 774 992,A01,1,31,0,0,1,0,1,
2.024E+11,155 774 990,B01,1,1,0,9,3,12,5,
2.024E+11,155 774 991,A01,1,7,0,2,3,9,1,
2.024E+11,155 774 988,B01,1,7,0,0,3,15,3,
2.024E+11,155 774 989,A01,1,33,8,0,2,17,1,
2.024E+11,155 774 986,B01,2,31,0,2,1,1,1,
2.024E+11,155 774 987,A01,1,7,0,2,6,15,1,
2.024E+11,155 774 984,A01,1,32,0,2,3,1,1,
2.024E+11,155 774 985,B01,2,1,4,2,1,13,5,
2.024E+11,155 774 982,A01,1,33,0,2,8,13,1,
2.024E+11,155 774 983,B01,2,10,0,2,6,1,1,
2.024E+11,155 774 980,A01,1,7,0,2,7,1,1,
2.024E+11,155 774 981,B01,1,33,0,2,8,3,1,
2.024E+11,155 774 978,B01,2,50,0,2,3,9,3,
2.024E+11,155 774 979,A01,2,7,0,2,2,9,1,
2.024E+11,155 774 976,B01,1,7,0,2,2,1,1,
2.024E+11,155 774 977,A01,2,33,0,2,0,0,1,
2.024E+11,155 774 974,A01,2,10,0,2,6,17,1,
2.024E+11,155 774 975,B01,2,33,0,2,2,17,1,
2.024E+11,155 774 972,A01,1,33,3,2,1,0,1,
2.024E+11,155 774 973,B01,2,38,0,2,3,0,1,1
2.024E+11,155 774 971,A01,3,7,0,0,9,1,1,
2.024E+11,155 774 969,A01,2,7,0,2,2,19,1,
2.024E+11,155 774 970,B01,1,7,0,2,1,1,1,
2.024E+11,155 774 967,A01,1,7,0,2,3,1,1,
2.024E+11,155 774 968,B01,1,1,0,2,1,1,5,
2.024E+11,155 774 965,B01,2,7,0,2,1,1,1,
2.024E+11,155 774 966,A01,1,10,0,2,1,1,1,
2.024E+11,155 774 963,B01,3,7,0,2,3,13,1,
2.024E+11,155 774 964,A01,3,7,0,2,3,1,1,
2.024E+11,155 774 961,A01,0,7,0,0,5,23,1,
2.024E+11,155 774 962,B01,0,1,0,2,1,2,5,
2.024E+11,155 774 960,A01,2,33,16,0,8,16,1,
2.024E+11,155 774 958,A01,2,7,0,2,6,2,1,
2.024E+11,155 774 959,B01,2,7,0,2,2,12,1,
2.024E+11,155 774 957,A01,3,32,0,0,0,0,1,
2.024E+11,155 774 955,A01,2,7,0,9,3,20,1,
2.024E+11,155 774 956,B01,2,50,1,0,7,1,3,
2.024E+11,155 774 953,A01,0,7,0,2,1,1,1,
2.024E+11,155 774 954,B01,0,1,0,2,4,1,5,
2.024E+11,155 774 951,B01,1,33,12,2,2,0,1,
2.024E+11,155 774 952,A01,1,7,15,2,1,1,1,
2.024E+11,155 774 949,A01,1,30,0,2,1,1,1,
2.024E+11,155 774 950,B01,1,1,0,2,8,0,5,
2.024E+11,155 774 948,A01,0,10,1,0,3,1,1,
2.024E+11,155 774 946,A01,0,7,0,2,3,1,1,
2.024E+11,155 774 947,C01,1,32,0,2,1,1,1,
2.024E+11,155 774 944,A01,1,37,1,0,0,0,1,2
2.024E+11,155 774 945,B01,1,10,0,2,3,22,1,
2.024E+11,155 774 943,B01,3,7,0,1,1,1,1,
2.024E+11,155 774 941,A01,0,7,1,0,3,20,0,
2.024E+11,155 774 942,B01,0,7,0,0,6,23,1,
2.024E+11,155 774 939,B01,1,50,0,2,1,1,3,
2.024E+11,155 774 940,A01,1,7,0,2,8,15,1,
2.024E+11,155 774 937,B01,2,30,0,2,9,1,1,
2.024E+11,155 774 938,A01,2,7,0,2,3,0,1,
2.024E+11,155 774 936,A01,1,33,0,0,0,1,1,
2.024E+11,155 774 932,A01,2,7,0,2,4,1,1,
2.024E+11,155 774 933,B01,2,7,0,2,4,1,1,
2.024E+11,155 774 934,C01,2,7,0,2,4,1,1,
2.024E+11,155 774 935,D01,2,7,0,2,1,1,1,
2.024E+11,155 774 930,B01,2,7,0,2,2,0,1,
2.024E+11,155 774 931,A01,2,7,0,2,1,15,2,
2.024E+11,155 774 929,A01,3,7,15,0,1,14,1,
2.024E+11,155 774 927,A01,3,10,0,2,2,15,1,
2.024E+11,155 774 928,B01,3,2,0,2,8,16,1,
2.024E+11,155 774 926,A01,3,31,3,0,7,1,1,
2.024E+11,155 774 924,B01,1,1,0,0,4,2,5,
2.024E+11,155 774 925,A01,1,1,0,2,1,1,5,
2.024E+11,155 774 923,A01,1,7,13,0,3,1,1,
2.024E+11,155 774 921,A01,1,33,0,2,1,17,1,
2.024E+11,155 774 922,B01,2,7,0,2,3,1,1,
2.024E+11,155 774 920,A01,2,10,13,0,3,1,1,
2.024E+11,155 774 918,B01,2,7,0,2,2,19,1,
2.024E+11,155 774 919,A01,1,34,0,2,8,1,1,
2.024E+11,155 774 916,B01,0,1,0,2,7,9,5,
2.024E+11,155 774 917,A01,0,7,0,2,1,9,1,
2.024E+11,155 774 915,A01,3,33,6,0,1,1,1,
2.024E+11,155 774 914,A01,1,33,0,0,7,0,1,
2.024E+11,155 774 913,A01,2,7,13,0,9,1,1,
2.024E+11,155 774 911,B01,1,13,0,2,1,1,1,
2.024E+11,155 774 912,A01,1,7,0,2,5,19,1,
2.024E+11,155 774 907,A01,1,7,2,2,3,13,1,
2.024E+11,155 774 908,B01,2,7,13,2,8,1,1,
2.024E+11,155 774 906,A01,3,7,2,0,9,0,1,
2.024E+11,155 774 904,A01,3,7,0,2,2,9,1,
2.024E+11,155 774 905,B01,2,2,0,2,7,1,1,
2.024E+11,155 774 902,A01,2,7,0,2,3,13,1,
2.024E+11,155 774 903,B01,1,34,0,2,3,9,1,
2.024E+11,155 774 900,A01,1,7,0,2,1,13,1,
2.024E+11,155 774 901,B01,2,14,0,2,1,0,1,
2.024E+11,155 774 898,A01,1,2,0,2,1,1,1,
2.024E+11,155 774 899,B01,2,7,0,2,5,15,1,
2.024E+11,155 774 897,A01,3,7,2,0,1,1,1,
2.024E+11,155 774 896,A01,1,10,0,1,2,1,1,
2.024E+11,155 774 894,A01,2,33,0,2,8,1,1,
2.024E+11,155 774 895,B01,1,7,0,2,3,26,1,
2.024E+11,155 774 892,A01,2,7,13,0,8,1,1,
2.024E+11,155 774 891,A01,1,7,0,2,1,13,1,
2.024E+11,155 774 893,B01,2,7,0,2,1,1,1,
2.024E+11,155 774 887,A01,1,2,0,2,1,2,1,
2.024E+11,155 774 889,B01,1,38,0,2,4,15,1,1
2.024E+11,155 774 882,A01,2,7,0,0,9,0,2,
2.024E+11,155 774 884,B01,2,7,0,2,3,0,1,
2.024E+11,155 774 886,C01,2,7,14,0,1,0,1,
2.024E+11,155 774 883,A01,1,7,0,2,1,17,1,
2.024E+11,155 774 885,B01,2,7,0,2,1,1,1,
2.024E+11,155 774 878,B01,2,7,7,0,2,1,1,
2.024E+11,155 774 880,A01,1,7,9,0,3,1,1,
2.024E+11,155 774 876,A01,2,7,3,2,9,0,1,
2.024E+11,155 774 877,B01,2,7,0,0,6,1,0,
2.024E+11,155 774 879,C01,2,7,0,0,4,1,1,
2.024E+11,155 774 881,D01,2,10,0,2,3,21,1,
2.024E+11,155 774 875,A01,1,33,12,0,7,16,1,
2.024E+11,155 774 874,A01,2,7,6,0,1,1,1,
2.024E+11,155 774 872,A01,3,7,0,2,1,1,1,
2.024E+11,155 774 873,B01,3,7,0,2,2,1,1,
2.024E+11,155 774 871,A01,2,10,16,0,9,1,1,
2.024E+11,155 774 869,A01,2,7,0,2,3,1,1,
2.024E+11,155 774 870,B01,1,7,0,2,3,13,1,
2.024E+11,155 774 868,A01,3,32,12,0,1,0,1,
2.024E+11,155 774 866,A01,1,7,0,1,1,1,1,
2.024E+11,155 774 865,A01,1,7,0,2,4,23,1,
2.024E+11,155 774 867,B01,1,7,0,2,1,2,1,
2.024E+11,155 774 863,A01,2,7,0,2,1,13,1,
2.024E+11,155 774 864,B01,1,10,0,2,1,1,1,
2.024E+11,155 774 861,B01,0,0,0,0,0,0,0,
2.024E+11,155 774 862,A01,3,1,0,0,6,1,5,
2.024E+11,155 774 860,A01,3,33,3,0,3,0,1,
2.024E+11,155 774 857,A01,1,7,0,2,1,9,1,
2.024E+11,155 774 859,B01,1,7,0,0,4,0,1,
2.024E+11,155 774 856,A01,1,7,0,2,2,19,1,
2.024E+11,155 774 858,B01,2,2,0,2,3,1,1,
2.024E+11,155 774 854,A01,2,7,0,2,3,1,1,
2.024E+11,155 774 855,B01,1,43,0,2,1,1,1,
2.024E+11,155 774 851,A01,2,7,2,0,3,1,1,
2.024E+11,155 774 852,A01,1,7,0,2,2,19,1,
2.024E+11,155 774 853,B01,1,30,0,2,1,1,1,
2.024E+11,155 774 850,A01,1,7,4,0,1,1,1,
2.024E+11,155 774 848,A01,2,42,0,2,1,1,1,
2.024E+11,155 774 849,B01,2,7,0,2,5,0,1,
2.024E+11,155 774 843,A01,1,7,0,2,1,1,1,
2.024E+11,155 774 846,B01,1,7,0,2,4,1,2,
2.024E+11,155 774 842,A01,1,10,0,1,1,1,1,
2.024E+11,155 774 839,B01,2,7,0,2,5,1,1,
2.024E+11,155 774 840,A01,2,33,0,2,1,2,1,
2.024E+11,155 774 841,C01,2,7,0,2,3,1,2,
2.024E+11,155 774 838,A01,2,7,8,1,1,1,1,
2.024E+11,155 774 836,A01,1,7,0,1,2,1,2,
2.024E+11,155 774 835,B01,1,7,3,2,4,2,1,
2.024E+11,155 774 837,A01,1,7,0,2,1,2,1,
2.024E+11,155 774 832,A01,2,7,0,2,1,13,1,
2.024E+11,155 774 834,B01,1,7,0,2,1,1,2,
2.024E+11,155 774 831,A01,1,7,1,0,1,12,1,
2.024E+11,155 774 833,B01,1,7,0,2,4,23,1,
2.024E+11,155 774 830,A01,3,7,0,1,1,1,1,
2.024E+11,155 774 829,A01,1,34,0,9,2,21,1,
2.024E+11,155 774 824,A01,3,7,0,1,1,1,1,
2.024E+11,155 774 822,F01,2,7,0,2,4,2,1,
2.024E+11,155 774 823,A01,2,7,0,2,1,2,1,
2.024E+11,155 774 825,B01,2,7,1,2,1,2,1,
2.024E+11,155 774 826,C01,2,7,0,2,4,2,1,
2.024E+11,155 774 827,D01,2,7,0,2,4,2,1,
2.024E+11,155 774 828,E01,2,7,0,2,4,2,1,
2.024E+11,155 774 820,A01,1,38,0,2,3,1,1,1
2.024E+11,155 774 821,B01,2,33,0,2,3,13,1,
2.024E+11,155 774 818,A01,1,7,0,2,4,1,1,
2.024E+11,155 774 819,B01,1,7,0,0,0,0,1,
2.024E+11,155 774 817,A01,2,7,4,0,9,1,1,
2.024E+11,155 774 815,B01,1,7,0,2,4,2,1,
2.024E+11,155 774 816,A01,1,7,0,2,1,2,1,
2.024E+11,155 774 812,A01,1,7,0,2,2,16,1,
2.024E+11,155 774 814,B01,1,1,0,2,1,2,5,
2.024E+11,155 774 811,A01,1,7,0,2,1,12,1,
2.024E+11,155 774 813,B01,1,7,0,2,7,1,1,
2.024E+11,155 774 807,B01,1,7,0,2,6,3,1,
2.024E+11,155 774 809,A01,1,7,0,2,1,1,1,
2.024E+11,155 774 808,B01,1,7,0,2,6,24,2,
2.024E+11,155 774 810,A01,1,7,0,2,2,20,1,
2.024E+11,155 774 803,A01,2,1,0,0,4,15,5,
2.024E+11,155 774 805,B01,2,33,0,9,1,1,0,
2.024E+11,155 774 802,B01,1,7,0,2,4,1,1,
2.024E+11,155 774 804,A01,1,7,0,2,1,1,2,
2.024E+11,155 774 806,C01,1,7,0,2,4,1,1,
2.024E+11,155 774 799,B01,1,34,0,2,1,2,1,
2.024E+11,155 774 801,A01,1,30,14,0,4,11,1,
2.024E+11,155 774 796,A01,2,7,0,2,1,1,1,
2.024E+11,155 774 797,D01,2,7,0,2,4,1,1,
2.024E+11,155 774 798,B01,2,10,0,2,9,1,1,
2.024E+11,155 774 800,C01,2,7,0,2,9,1,1,
2.024E+11,155 774 794,A01,1,10,12,2,2,26,2,
2.024E+11,155 774 795,B01,1,20,12,2,1,1,1,
2.024E+11,155 774 789,D01,2,7,0,2,4,1,1,
2.024E+11,155 774 790,A01,2,10,0,2,3,2,1,
2.024E+11,155 774 792,B01,2,7,0,2,9,0,1,
2.024E+11,155 774 793,C01,2,7,0,2,9,2,1,
2.024E+11,155 774 788,A01,3,99,0,2,3,9,0,