Num_Acc,id_vehicule,num_veh,senc,catv,obs,obsm,choc,manv,motor,occutc
2.024E+11,155 771 052,A01,1,7,0,2,1,13,1,
2.024E+11,155 771 054,B01,1,7,0,2,5,1,1,
2.024E+11,155 771 051,A01,3,38,0,1,7,26,1,1
2.024E+11,155 771 050,A01,3,7,0,1,2,16,1,
2.024E+11,155 771 048,A01,1,7,0,2,1,1,1,
2.024E+11,155 771 049,B01,1,7,0,2,4,1,1,
2.024E+11,155 771 047,A01,1,33,0,6,1,1,1,
2.024E+11,155 771 045,A01,1,7,4,2,1,1,1,
2.024E+11,155 771 044,A01,2,33,0,2,1,26,1,
2.024E+11,155 771 046,B01,3,10,0,2,2,26,1,
2.024E+11,155 771 042,A01,1,33,0,2,3,5,1,
2.024E+11,155 771 043,B01,2,13,0,2,8,1,1,
2.024E+11,155 771 038,A01,2,7,0,2,1,2,1,
2.024E+11,155 771 040,B01,2,7,0,2,4,2,1,
2.024E+11,155 771 041,C01,2,7,0,2,4,2,1,
2.024E+11,155 771 037,B01,1,7,0,2,1,1,1,
2.024E+11,155 771 039,A01,2,50,0,2,1,5,3,
2.024E+11,155 771 035,A01,1,7,0,2,3,9,1,
2.024E+11,155 771 036,B01,1,31,0,2,1,1,1,
2.024E+11,155 771 034,A01,2,7,4,0,4,1,1,
2.024E+11,155 771 032,A01,3,7,0,2,2,1,1,
2.024E+11,155 771 033,B01,3,50,0,2,4,1,3,
2.024E+11,155 771 031,A01,1,10,3,0,1,1,1,
2.024E+11,155 771 028,B01,2,33,0,2,2,1,1,
2.024E+11,155 771 030,A01,2,7,0,0,6,1,1,
2.024E+11,155 771 026,B01,3,7,0,2,6,23,1,
2.024E+11,155 771 029,A01,2,10,0,2,2,14,1,
2.024E+11,155 771 024,A01,1,33,13,0,9,1,1,
2.024E+11,155 771 022,A01,1,7,0,1,2,1,1,
2.024E+11,155 771 023,B01,1,7,0,2,4,2,1,
2.024E+11,155 771 025,A01,1,7,0,2,4,2,1,
2.024E+11,155 771 027,Z01,1,7,0,2,1,0,1,
2.024E+11,155 771 020,A01,3,2,0,2,1,1,0,
2.024E+11,155 771 021,B01,3,2,0,2,1,1,0,
2.024E+11,155 771 019,A01,2,7,0,1,1,1,1,
2.024E+11,155 771 016,A01,1,7,0,2,4,2,1,
2.024E+11,155 771 018,B01,1,33,0,2,1,2,1,
2.024E+11,155 771 015,A01,1,7,0,2,1,1,1,
2.024E+11,155 771 017,B01,2,7,0,2,3,1,1,
2.024E+11,155 771 013,B01,2,10,0,2,3,2,1,
2.024E+11,155 771 014,A01,1,33,0,2,2,2,1,
2.024E+11,155 771 010,B01,1,33,0,2,8,1,1,
2.024E+11,155 771 012,A01,1,7,0,2,7,14,1,
2.024E+11,155 771 008,A01,1,7,0,2,2,15,1,
2.024E+11,155 771 011,B01,1,7,16,2,1,1,1,
2.024E+11,155 771 006,A01,2,7,0,2,2,14,1,
2.024E+11,155 771 007,B01,2,33,0,2,3,3,1,
2.024E+11,155 771 009,C01,2,7,0,0,4,1,1,
2.024E+11,155 771 004,A01,1,14,0,1,1,1,1,
2.024E+11,155 771 003,A01,2,7,0,1,1,1,1,
2.024E+11,155 771 002,B01,1,7,0,2,2,1,1,
2.024E+11,155 771 005,A01,1,7,0,2,3,1,1,
2.024E+11,155 771 000,A01,1,7,2,0,2,1,1,
2.024E+11,155 770 997,C01,2,7,0,2,4,2,1,
2.024E+11,155 770 999,A01,2,7,0,2,1,2,1,
2.024E+11,155 771 001,B01,2,7,0,2,9,2,1,
2.024E+11,155 770 996,A01,3,7,0,2,1,9,1,
2.024E+11,155 770 998,B01,3,2,0,2,8,1,1,
2.024E+11,155 770 994,Z01,1,7,0,1,3,1,0,
2.024E+11,155 770 995,A01,1,7,3,0,2,1,1,
2.024E+11,155 770 993,A01,3,32,0,0,0,13,1,
2.024E+11,155 770 992,A01,1,7,0,1,1,1,1,
2.024E+11,155 770 989,A01,2,7,0,2,1,2,1,
2.024E+11,155 770 991,B01,2,7,0,1,4,2,1,
2.024E+11,155 770 987,B01,2,2,0,0,0,1,0,
2.024E+11,155 770 990,A01,1,7,0,2,3,13,-1,
2.024E+11,155 770 986,A01,1,2,0,2,1,17,1,
2.024E+11,155 770 988,B01,1,7,0,2,8,10,1,
2.024E+11,155 770 983,A01,1,33,0,1,8,1,0,
2.024E+11,155 770 982,A01,2,7,0,2,3,19,1,
2.024E+11,155 770 985,B01,1,33,0,2,1,1,1,
2.024E+11,155 770 981,B01,1,2,0,2,7,2,1,
2.024E+11,155 770 984,A01,2,7,0,2,1,16,1,
2.024E+11,155 770 979,A01,2,33,3,0,3,0,1,
2.024E+11,155 770 978,B01,3,7,0,2,6,2,1,
2.024E+11,155 770 980,A01,3,7,0,2,3,21,1,
2.024E+11,155 770 977,A01,1,33,14,0,1,17,1,
2.024E+11,155 770 975,B01,1,15,0,0,4,0,1,
2.024E+11,155 770 976,A01,1,7,0,2,1,0,1,
2.024E+11,155 770 972,A01,1,50,13,0,1,1,3,
2.024E+11,155 770 971,B01,2,7,0,2,4,1,1,
2.024E+11,155 770 973,A01,1,7,0,0,6,1,1,
2.024E+11,155 770 974,C01,1,7,0,2,1,2,1,
2.024E+11,155 770 967,A01,3,7,10,0,3,6,1,
2.024E+11,155 770 968,A01,1,7,0,2,4,1,1,
2.024E+11,155 770 970,B01,1,7,0,2,1,2,1,
2.024E+11,155 770 966,A01,1,7,0,2,1,1,1,
2.024E+11,155 770 969,B01,1,7,0,2,4,1,1,
2.024E+11,155 770 964,A01,3,7,0,1,2,1,1,
2.024E+11,155 770 962,A01,2,7,0,2,3,9,1,
2.024E+11,155 770 965,B01,1,1,0,2,4,1,5,
2.024E+11,155 770 961,A01,1,7,0,9,2,9,1,
2.024E+11,155 770 963,B01,1,60,0,2,4,9,5,
2.024E+11,155 770 959,A01,0,32,0,0,0,0,0,
2.024E+11,155 770 958,A01,2,7,0,2,2,15,1,
2.024E+11,155 770 960,B01,2,30,0,2,3,0,1,
2.024E+11,155 770 955,A01,1,1,0,2,5,2,5,
2.024E+11,155 770 957,B01,1,7,0,2,2,1,1,
2.024E+11,155 770 953,A01,1,33,0,2,1,17,1,
2.024E+11,155 770 956,B01,2,7,0,2,1,16,1,
2.024E+11,155 770 954,A01,2,37,0,1,2,15,1,1
2.024E+11,155 770 950,B01,2,7,0,2,4,2,1,
2.024E+11,155 770 952,Z01,2,31,0,2,0,0,0,
2.024E+11,155 770 949,A01,1,33,0,2,8,13,1,
2.024E+11,155 770 951,B01,2,7,0,2,8,1,1,
2.024E+11,155 770 948,A01,1,10,8,0,1,13,1,
2.024E+11,155 770 947,A01,1,2,0,5,1,19,3,
2.024E+11,155 770 946,A01,1,7,0,1,1,1,1,
2.024E+11,155 770 945,A01,0,7,2,0,2,1,1,
2.024E+11,155 770 941,A01,1,33,3,0,3,17,1,
2.024E+11,155 770 943,A01,2,1,0,2,2,1,5,
2.024E+11,155 770 944,Z01,2,7,0,2,8,22,1,
2.024E+11,155 770 942,A01,0,34,0,1,2,1,3,
2.024E+11,155 770 936,A01,1,30,1,0,3,17,1,
2.024E+11,155 770 938,B01,1,30,1,0,5,18,1,
2.024E+11,155 770 937,B01,2,50,0,2,1,1,3,
2.024E+11,155 770 939,A01,2,10,0,2,1,1,6,
2.024E+11,155 770 932,B01,2,7,0,2,8,15,1,
2.024E+11,155 770 934,A01,2,43,0,2,2,17,1,
2.024E+11,155 770 931,B01,2,7,0,2,2,19,1,
2.024E+11,155 770 933,C01,1,7,0,2,1,21,1,
2.024E+11,155 770 935,A01,3,7,0,2,1,23,1,
2.024E+11,155 770 930,A01,1,7,0,1,3,1,1,
2.024E+11,155 770 929,A01,3,50,16,0,0,1,3,
2.024E+11,155 770 927,A01,2,37,0,1,2,1,2,1
2.024E+11,155 770 925,A01,3,10,0,1,4,4,1,
2.024E+11,155 770 926,A01,1,7,0,2,2,1,1,
2.024E+11,155 770 928,B01,1,7,0,2,1,1,1,
2.024E+11,155 770 922,A01,1,7,0,2,3,1,3,
2.024E+11,155 770 923,B01,2,1,0,2,1,18,5,
2.024E+11,155 770 924,A01,2,10,0,2,7,20,1,
2.024E+11,155 770 920,B01,1,33,13,2,0,1,1,
2.024E+11,155 770 921,A01,1,10,0,2,3,15,1,
2.024E+11,155 770 918,A01,1,7,0,2,3,16,1,
2.024E+11,155 770 919,B01,1,1,0,2,6,25,5,
2.024E+11,155 770 917,A01,3,50,0,1,1,1,3,
2.024E+11,155 770 914,A01,1,31,0,2,1,1,1,
2.024E+11,155 770 916,B01,1,7,0,2,6,23,3,
2.024E+11,155 770 913,A01,0,13,0,2,2,16,1,
2.024E+11,155 770 915,B01,0,30,0,2,8,16,1,
2.024E+11,155 770 911,A01,2,50,0,2,1,5,3,
2.024E+11,155 770 912,B01,2,10,0,2,3,15,1,
2.024E+11,155 770 910,A01,3,31,0,6,3,1,1,
2.024E+11,155 770 908,A01,1,7,0,2,2,1,1,
2.024E+11,155 770 909,B01,1,99,0,2,1,1,3,
2.024E+11,155 770 905,A01,2,7,0,9,1,2,1,
2.024E+11,155 770 906,B01,2,1,0,0,4,2,5,
2.024E+11,155 770 904,A01,3,30,0,2,6,1,1,
2.024E+11,155 770 907,B01,3,7,0,0,6,15,1,
2.024E+11,155 770 903,A01,1,7,0,1,3,15,1,
2.024E+11,155 770 900,A01,2,1,12,0,3,1,5,
2.024E+11,155 770 898,A01,0,7,0,2,2,16,1,
2.024E+11,155 770 899,B01,0,50,0,2,1,5,3,
2.024E+11,155 770 896,A01,1,10,0,1,4,4,1,
2.024E+11,155 770 893,A01,3,7,13,0,8,1,1,
2.024E+11,155 770 895,B01,3,7,0,2,7,17,3,
2.024E+11,155 770 891,A01,1,7,0,2,3,16,1,
2.024E+11,155 770 892,B01,2,50,0,2,1,19,3,
2.024E+11,155 770 888,A01,1,7,0,2,7,12,1,
2.024E+11,155 770 890,B01,1,32,0,2,8,1,1,
2.024E+11,155 770 887,A01,1,7,16,0,4,6,1,
2.024E+11,155 770 889,B01,2,7,0,0,1,1,1,
2.024E+11,155 770 884,A01,2,80,12,2,1,13,3,
2.024E+11,155 770 886,B01,1,1,0,2,1,1,5,
2.024E+11,155 770 883,A01,2,10,0,2,4,2,1,
2.024E+11,155 770 885,B01,2,7,0,2,1,2,1,
2.024E+11,155 770 882,A01,3,7,1,0,1,1,0,
2.024E+11,155 770 881,Z01,1,32,0,1,1,5,1,
2.024E+11,155 770 879,A01,3,10,0,1,4,4,1,
2.024E+11,155 770 878,A01,2,7,0,2,4,2,1,
2.024E+11,155 770 880,B01,2,7,0,2,1,2,1,
2.024E+11,155 770 877,A01,1,1,0,1,1,1,5,
2.024E+11,155 770 872,B01,2,10,0,2,8,15,1,
2.024E+11,155 770 874,A01,1,33,0,2,3,1,1,
2.024E+11,155 770 870,A01,3,32,12,0,0,18,1,
2.024E+11,155 770 869,B01,1,7,0,2,4,1,1,
2.024E+11,155 770 871,C01,1,10,0,2,1,1,1,
2.024E+11,155 770 873,A01,1,7,0,2,4,1,2,
2.024E+11,155 770 865,B01,3,7,0,2,1,1,1,
2.024E+11,155 770 868,A01,0,2,0,2,1,1,1,
2.024E+11,155 770 864,A01,2,33,0,2,1,2,1,
2.024E+11,155 770 866,B01,2,10,0,2,4,2,1,
2.024E+11,155 770 861,A01,1,7,0,2,1,1,1,
2.024E+11,155 770 863,B01,1,7,0,2,7,0,1,
2.024E+11,155 770 859,A01,1,34,12,2,3,17,1,
2.024E+11,155 770 862,B01,2,7,12,2,3,1,1,
2.024E+11,155 770 858,A01,2,10,1,0,4,2,1,
2.024E+11,155 770 860,B01,2,10,0,2,1,2,1,
2.024E+11,155 770 855,A01,1,33,0,2,1,17,1,
2.024E+11,155 770 856,B01,2,7,0,2,3,9,1,
2.024E+11,155 770 853,A01,1,33,0,2,1,15,1,
2.024E+11,155 770 857,B01,2,7,0,2,3,1,1,
2.024E+11,155 770 852,A01,1,7,0,2,2,14,1,
2.024E+11,155 770 854,B01,1,7,0,2,6,1,1,
2.024E+11,155 770 849,B01,1,7,0,2,3,2,0,
2.024E+11,155 770 851,A01,1,2,0,2,1,16,1,
2.024E+11,155 770 848,A01,2,33,7,0,1,0,1,
2.024E+11,155 770 847,A01,1,7,0,2,1,2,1,
2.024E+11,155 770 850,B01,1,2,0,2,4,2,1,
2.024E+11,155 770 845,A01,3,7,0,2,2,15,2,
2.024E+11,155 770 846,B01,3,30,0,2,1,1,1,
2.024E+11,155 770 841,B01,1,33,0,2,1,3,1,
2.024E+11,155 770 843,A01,1,7,0,2,4,11,1,
2.024E+11,155 770 840,A01,2,33,0,2,1,2,1,
2.024E+11,155 770 842,B01,2,33,0,2,1,2,1,
2.024E+11,155 770 844,C01,2,33,0,2,4,0,1,
2.024E+11,155 770 839,A01,2,7,0,1,1,1,1,
2.024E+11,155 770 836,A01,1,7,0,2,5,15,1,
2.024E+11,155 770 838,B01,2,30,0,2,2,1,1,
2.024E+11,155 770 835,B01,1,7,0,0,0,2,2,
2.024E+11,155 770 837,A01,1,7,0,2,1,2,1,
2.024E+11,155 770 834,A01,2,7,0,1,2,15,1,
2.024E+11,155 770 833,A01,3,7,4,0,9,13,1,
2.024E+11,155 770 832,A01,1,7,6,0,8,13,1,
2.024E+11,155 770 830,A01,2,7,0,1,6,20,1,
2.024E+11,155 770 829,B01,3,7,0,2,3,1,1,
2.024E+11,155 770 831,A01,3,7,0,2,2,2,1,
2.024E+11,155 770 822,C01,1,7,1,0,1,1,1,
2.024E+11,155 770 826,B01,1,7,0,2,4,1,1,
2.024E+11,155 770 827,A01,1,7,0,2,1,0,1,
2.024E+11,155 770 828,D01,1,7,0,9,2,1,1,
2.024E+11,155 770 823,B01,3,7,0,2,2,15,3,
2.024E+11,155 770 825,A01,3,32,0,2,2,1,1,
2.024E+11,155 770 821,A01,1,7,0,2,1,1,1,
2.024E+11,155 770 824,B01,2,7,0,2,5,15,1,
2.024E+11,155 770 820,A01,1,7,6,0,0,1,1,
2.024E+11,155 770 816,A01,3,7,0,2,2,1,1,
2.024E+11,155 770 818,B01,3,7,0,2,7,1,1,
2.024E+11,155 770 819,C01,3,7,0,2,6,1,1,
2.024E+11,155 770 814,A01,1,2,0,2,2,13,1,
2.024E+11,155 770 817,B01,2,7,0,2,2,1,1,
2.024E+11,155 770 813,B01,1,33,0,2,1,1,1,
2.024E+11,155 770 815,A01,1,80,0,2,1,15,3,
2.024E+11,155 770 812,A01,1,7,0,1,1,13,1,
2.024E+11,155 770 810,A01,1,7,1,2,1,1,1,
2.024E+11,155 770 811,B01,1,7,0,2,5,1,1,
2.024E+11,155 770 809,A01,3,13,3,1,4,4,1,
2.024E+11,155 770 806,A01,2,50,0,2,1,5,3,
2.024E+11,155 770 808,B01,1,7,0,9,3,1,1,
2.024E+11,155 770 804,B01,1,33,0,2,7,1,1,
2.024E+11,155 770 807,A01,1,7,0,2,3,9,1,
2.024E+11,155 770 805,A01,3,7,12,0,1,1,1,
2.024E+11,155 770 803,A01,2,43,0,0,0,1,1,
2.024E+11,155 770 801,B01,3,32,0,2,5,1,0,
2.024E+11,155 770 802,A01,3,7,0,2,1,9,0,
2.024E+11,155 770 799,A01,1,7,0,0,0,21,1,
2.024E+11,155 770 798,A01,2,15,0,9,2,16,1,
2.024E+11,155 770 800,B01,2,1,0,2,4,19,5,
2.024E+11,155 770 794,B01,3,50,0,2,1,1,3,
2.024E+11,155 770 796,A01,1,7,0,2,8,1,1,
2.024E+11,155 770 795,B01,1,7,0,2,5,2,1,
2.024E+11,155 770 797,A01,1,7,0,2,3,2,2,
2.024E+11,155 770 793,A01,2,37,0,1,5,1,1,1
2.024E+11,155 770 792,A01,2,7,0,1,1,15,1,
2.024E+11,155 770 791,A01,1,10,0,1,3,15,1,
2.024E+11,155 770 787,A01,2,7,0,1,4,4,1,
2.024E+11,155 770 788,B01,1,7,0,2,6,2,1,
2.024E+11,155 770 789,C01,2,7,0,2,1,1,1,
2.024E+11,155 770 790,A01,1,32,0,2,1,2,1,
2.024E+11,155 770 785,A01,1,10,0,2,1,2,1,
2.024E+11,155 770 786,B01,1,7,0,0,4,2,1,
2.024E+11,155 770 783,A01,2,7,0,2,3,15,1,
2.024E+11,155 770 784,B01,2,50,0,2,7,1,3,
2.024E+11,155 770 782,A01,1,10,3,0,1,2,1,
2.024E+11,155 770 780,B01,1,10,0,2,2,1,1,
2.024E+11,155 770 781,A01,1,10,0,2,3,10,1,
2.024E+11,155 770 777,A01,1,7,0,9,6,1,1,
2.024E+11,155 770 776,B01,3,7,0,2,2,15,1,
2.024E+11,155 770 778,C01,1,7,0,2,3,1,1,
2.024E+11,155 770 779,A01,2,33,0,2,1,1,1,
2.024E+11,155 770 774,B01,1,50,0,2,8,15,3,
2.024E+11,155 770 775,A01,1,7,0,9,1,19,1,
2.024E+11,155 770 770,A01,2,40,0,2,2,1,3,
2.024E+11,155 770 771,B01,3,50,0,4,3,1,3,
2.024E+11,155 770 772,B01,2,13,0,2,3,1,0,
2.024E+11,155 770 773,A01,1,3,0,2,3,21,1,
2.024E+11,155 770 768,A01,0,7,13,0,1,1,1,
2.024E+11,155 770 767,A01,1,50,0,2,1,1,3,
2.024E+11,155 770 769,B01,1,7,0,2,1,15,1,
2.024E+11,155 770 766,A01,1,7,13,0,1,1,2,
2.024E+11,155 770 764,A01,1,33,0,2,9,3,1,
2.024E+11,155 770 761,A01,2,7,0,2,1,2,1,
2.024E+11,155 770 763,B01,2,10,0,0,5,15,1,
2.024E+11,155 770 760,A01,0,7,0,2,1,1,1,
2.024E+11,155 770 762,B01,0,7,0,2,4,1,1,
2.024E+11,155 770 765,C01,0,7,0,2,4,1,1,
2.024E+11,155 770 758,A01,1,7,0,2,3,13,1,
2.024E+11,155 770 759,B01,2,7,0,2,3,1,1,
2.024E+11,155 770 755,A01,2,7,4,0,7,1,1,
2.024E+11,155 770 756,A01,2,7,0,2,1,1,1,
2.024E+11,155 770 757,B01,2,7,0,2,4,9,1,
2.024E+11,155 770 753,B01,0,7,0,2,7,1,1,
2.024E+11,155 770 754,A01,2,33,0,2,1,1,1,
2.024E+11,155 770 752,A01,1,7,13,0,9,17,1,
2.024E+11,155 770 750,A01,2,7,0,2,5,12,1,
2.024E+11,155 770 751,B01,1,7,0,2,2,1,1,
2.024E+11,155 770 748,A01,2,33,3,2,8,18,1,
2.024E+11,155 770 749,B01,2,7,0,2,5,1,1,
2.024E+11,155 770 746,A01,1,7,0,1,5,1,1,
2.024E+11,155 770 745,B01,2,2,0,2,1,1,1,
2.024E+11,155 770 747,A01,1,7,13,2,1,17,1,
2.024E+11,155 770 744,A01,1,7,4,0,2,6,1,
2.024E+11,155 770 741,B01,1,1,0,2,6,1,5,
2.024E+11,155 770 743,Z01,1,7,0,2,2,16,0,
2.024E+11,155 770 738,A01,1,10,0,9,2,26,1,
2.024E+11,155 770 742,B01,1,1,0,0,4,26,5,
2.024E+11,155 770 739,A01,2,7,0,2,1,2,1,
2.024E+11,155 770 740,B01,2,7,0,2,4,2,1,
2.024E+11,155 770 735,A01,0,33,1,2,1,1,1,
2.024E+11,155 770 737,B01,0,7,0,2,7,11,1,
2.024E+11,155 770 733,A01,1,10,0,2,1,1,1,
2.024E+11,155 770 734,B01,1,7,0,2,4,1,1,
2.024E+11,155 770 732,B01,2,7,0,0,4,23,1,
2.024E+11,155 770 736,A01,2,2,0,2,1,1,1,
2.024E+11,155 770 730,A01,1,10,0,0,0,16,1,
2.024E+11,155 770 731,B01,1,1,0,2,8,1,5,
2.024E+11,155 770 728,B01,1,1,0,2,8,15,5,
2.024E+11,155 770 729,A01,1,2,12,9,1,2,1,
2.024E+11,155 770 726,A01,1,1,12,0,1,15,5,
2.024E+11,155 770 725,A01,2,7,4,0,4,23,1,
2.024E+11,155 770 723,A01,2,7,0,2,1,2,1,
2.024E+11,155 770 724,B01,2,7,0,2,1,0,1,
2.024E+11,155 770 727,C01,2,7,0,2,4,0,2,
2.024E+11,155 770 720,A01,1,10,0,2,2,12,1,
2.024E+11,155 770 721,B01,1,7,0,0,6,1,1,
2.024E+11,155 770 718,A01,0,7,0,1,1,1,2,
2.024E+11,155 770 717,A01,2,2,5,0,3,21,1,
2.024E+11,155 770 716,A01,2,7,0,2,1,1,1,
2.024E+11,155 770 719,B01,2,7,0,2,4,1,1,
2.024E+11,155 770 714,A01,1,33,0,2,3,1,1,
2.024E+11,155 770 715,B01,1,99,0,2,3,1,0,
2.024E+11,155 770 711,A01,1,7,0,1,2,1,1,
2.024E+11,155 770 712,A01,2,7,4,0,3,0,1,
2.024E+11,155 770 709,A01,1,7,0,2,1,2,3,
2.024E+11,155 770 710,B01,1,21,13,2,3,2,1,
2.024E+11,155 770 706,A01,2,7,0,2,1,15,1,
2.024E+11,155 770 708,B01,1,2,0,2,1,1,1,
2.024E+11,155 770 703,B01,1,50,0,0,3,1,3,
2.024E+11,155 770 705,A01,2,7,0,2,3,15,1,
2.024E+11,155 770 701,B01,1,7,0,2,4,1,1,
2.024E+11,155 770 704,A01,1,7,0,2,1,1,1,
2.024E+11,155 770 707,C01,1,7,0,2,5,1,1,
2.024E+11,155 770 699,A01,1,7,0,1,1,1,1,
2.024E+11,155 770 698,A01,2,7,0,2,4,21,1,
2.024E+11,155 770 700,B01,0,7,0,2,1,26,1,
2.024E+11,155 770 694,A01,2,33,0,2,1,1,1,
2.024E+11,155 770 696,B01,2,7,0,2,0,0,1,
2.024E+11,155 770 695,A01,1,43,14,0,0,16,1,
2.024E+11,155 770 693,B01,1,7,0,2,9,0,1,
2.024E+11,155 770 697,A01,1,7,0,2,9,26,1,
2.024E+11,155 770 692,A01,2,50,0,0,0,0,3,
2.024E+11,155 770 691,A01,1,7,0,1,8,15,1,
2.024E+11,155 770 688,B01,1,2,0,2,2,17,1,
2.024E+11,155 770 690,A01,1,3,0,2,8,15,1,
2.024E+11,155 770 685,B01,1,7,0,2,4,15,1,
2.024E+11,155 770 686,A01,1,43,0,2,1,3,1,
2.024E+11,155 770 684,A01,0,7,0,2,3,19,1,
2.024E+11,155 770 687,B01,3,7,0,2,3,9,1,
2.024E+11,155 770 689,C01,3,13,0,2,1,9,0,
2.024E+11,155 770 681,A01,1,10,0,1,4,26,1,
2.024E+11,155 770 682,A01,2,10,0,9,1,1,1,
2.024E+11,155 770 683,B01,1,1,0,2,8,0,5,
2.024E+11,155 770 676,A01,1,7,0,2,3,15,1,
2.024E+11,155 770 678,B01,2,43,0,2,1,1,1,
2.024E+11,155 770 674,A01,1,10,0,2,2,15,1,
2.024E+11,155 770 677,B01,0,7,0,2,2,0,1,
2.024E+11,155 770 672,A01,3,1,0,2,8,15,5,
2.024E+11,155 770 675,B01,3,10,0,2,8,1,1,
2.024E+11,155 770 671,A01,1,99,0,2,4,2,1,
2.024E+11,155 770 673,C01,1,10,0,2,3,26,1,
2.024E+11,155 770 670,A01,1,7,0,1,7,1,1,
2.024E+11,155 770 669,A01,1,7,1,0,2,1,1,
2.024E+11,155 770 667,A01,1,30,0,2,0,0,1,
2.024E+11,155 770 668,B01,1,7,0,2,4,23,3,
2.024E+11,155 770 662,A01,1,33,12,0,1,1,1,
2.024E+11,155 770 663,A01,1,7,3,2,3,26,1,
2.024E+11,155 770 665,B01,1,7,3,0,4,2,1,
2.024E+11,155 770 664,A01,3,1,0,2,1,19,5,
2.024E+11,155 770 666,B01,1,7,0,2,7,1,1,
2.024E+11,155 770 661,A01,1,7,4,0,3,13,1,
2.024E+11,155 770 658,A01,3,7,0,2,1,1,1,
2.024E+11,155 770 660,B01,3,7,0,2,3,9,1,
2.024E+11,155 770 656,A01,1,7,3,0,2,1,1,
2.024E+11,155 770 657,A01,1,7,0,2,8,15,1,
2.024E+11,155 770 659,B01,1,2,0,2,0,0,0,
2.024E+11,155 770 654,A01,3,7,0,2,1,16,1,
2.024E+11,155 770 655,B01,1,80,0,2,3,0,3,
2.024E+11,155 770 651,A01,1,7,0,9,2,1,1,
2.024E+11,155 770 652,B01,1,1,0,2,7,9,5,
2.024E+11,155 770 647,A01,2,31,0,2,8,2,1,
2.024E+11,155 770 649,Z01,2,7,0,2,7,11,0,
2.024E+11,155 770 645,A01,1,38,0,2,1,2,1,3
2.024E+11,155 770 648,B01,1,10,0,2,1,2,1,
2.024E+11,155 770 650,C01,1,7,0,0,0,0,2,
2.024E+11,155 770 653,D01,1,7,0,0,0,0,1,
2.024E+11,155 770 642,B01,1,7,0,2,8,1,1,
2.024E+11,155 770 646,A01,2,50,0,2,1,1,3,
2.024E+11,155 770 641,A01,2,7,0,2,2,2,2,
2.024E+11,155 770 643,C01,2,33,0,2,4,1,1,
2.024E+11,155 770 644,B01,2,7,0,2,6,2,1,
2.024E+11,155 770 637,A01,2,10,0,1,3,17,3,
2.024E+11,155 770 636,A01,2,7,0,2,4,1,2,
2.024E+11,155 770 639,B01,1,7,0,2,1,1,1,
2.024E+11,155 770 640,C01,1,15,0,2,1,1,1,
2.024E+11,155 770 635,B01,1,1,1,2,1,1,0,
2.024E+11,155 770 638,A01,1,7,0,2,8,22,1,
2.024E+11,155 770 632,A01,2,1,0,2,1,5,5,
2.024E+11,155 770 634,B01,1,2,0,2,1,1,1,
2.024E+11,155 770 631,A01,1,7,15,0,1,25,1,
2.024E+11,155 770 630,A01,2,32,0,2,1,3,1,
2.024E+11,155 770 633,B01,2,7,0,2,4,14,1,
2.024E+11,155 770 629,A01,0,50,0,1,1,7,3,
2.024E+11,155 770 625,A01,2,37,8,0,1,1,3,1
2.024E+11,155 770 626,A01,1,31,3,0,1,16,1,
2.024E+11,155 770 624,B01,1,7,0,2,4,1,1,
2.024E+11,155 770 627,C01,1,7,0,2,4,1,1,
2.024E+11,155 770 628,A01,1,10,0,2,1,1,1,
2.024E+11,155 770 621,A01,3,7,0,2,6,13,1,
2.024E+11,155 770 623,B01,3,33,0,2,7,1,1,
2.024E+11,155 770 618,A01,1,7,0,2,1,1,1,
2.024E+11,155 770 620,B01,1,7,0,2,4,0,1,
2.024E+11,155 770 622,C01,1,7,0,2,4,1,1,
2.024E+11,155 770 617,A01,1,7,0,2,1,1,1,
2.024E+11,155 770 619,B01,1,7,0,2,4,1,1,
2.024E+11,155 770 615,B01,2,10,0,2,7,24,0,
2.024E+11,155 770 616,A01,2,1,1,0,1,1,5,
2.024E+11,155 770 614,A01,1,7,4,0,3,1,1,
2.024E+11,155 770 610,B01,1,7,0,2,4,1,1,
2.024E+11,155 770 612,A01,1,33,0,2,1,1,1,
2.024E+11,155 770 609,A01,2,7,0,1,1,15,2,
2.024E+11,155 770 606,A01,1,33,0,0,0,9,1,
2.024E+11,155 770 604,D01,2,7,0,2,9,1,1,
2.024E+11,155 770 607,E01,2,7,0,2,7,1,1,
2.024E+11,155 770 608,A01,2,33,0,2,1,1,1,
2.024E+11,155 770 611,B01,2,7,4,2,1,1,1,
2.024E+11,155 770 613,C01,2,10,0,2,3,1,1,
2.024E+11,155 770 603,A01,1,10,1,2,8,22,1,
2.024E+11,155 770 605,B01,1,1,1,2,1,1,5,
2.024E+11,155 770 601,A01,1,33,0,2,2,1,1,
2.024E+11,155 770 602,Z01,1,7,0,2,0,0,0,
2.024E+11,155 770 599,A01,1,7,0,1,3,16,1,
2.024E+11,155 770 597,B01,3,13,0,2,3,1,6,
2.024E+11,155 770 600,A01,3,30,0,2,1,1,1,
2.024E+11,155 770 595,B01,1,7,0,2,7,12,1,
2.024E+11,155 770 596,A01,1,33,0,2,1,3,1,
2.024E+11,155 770 598,C01,1,7,0,2,6,0,1,
2.024E+11,155 770 594,A01,3,7,0,0,9,0,1,
2.024E+11,155 770 591,A01,1,7,0,0,7,1,1,
2.024E+11,155 770 593,B01,2,7,0,0,1,1,2,
2.024E+11,155 770 590,A01,2,15,0,2,1,1,1,