Num_Acc,id_vehicule,num_veh,senc,catv,obs,obsm,choc,manv,motor,occutc
2.024E+11,155 770 592,B01,2,7,0,2,8,9,1,
2.024E+11,155 770 589,A01,3,33,0,0,0,1,1,
2.024E+11,155 770 588,A01,3,10,1,1,4,4,1,
2.024E+11,155 770 586,A01,3,1,9,0,0,23,5,
2.024E+11,155 770 585,B01,1,7,0,2,5,14,1,
2.024E+11,155 770 587,A01,1,31,0,2,3,3,1,
2.024E+11,155 770 582,A01,2,7,0,0,9,1,1,
2.024E+11,155 770 580,B01,1,1,0,2,1,1,5,
2.024E+11,155 770 581,A01,2,7,0,2,5,15,1,
2.024E+11,155 770 583,B01,2,7,0,2,5,15,1,
2.024E+11,155 770 584,A01,1,1,0,2,1,19,5,
2.024E+11,155 770 579,B01,3,50,0,0,0,0,3,
2.024E+11,155 770 578,A01,1,50,14,0,1,5,3,
2.024E+11,155 770 576,A01,1,7,6,0,1,21,1,
2.024E+11,155 770 575,A01,1,33,0,2,1,9,1,
2.024E+11,155 770 577,B01,1,7,0,2,8,2,1,
2.024E+11,155 770 574,A01,2,10,0,1,1,1,1,
2.024E+11,155 770 573,A01,1,7,5,0,2,1,1,
2.024E+11,155 770 572,A01,1,7,9,0,1,1,2,
2.024E+11,155 770 570,A01,1,10,0,5,1,1,1,
2.024E+11,155 770 569,B01,1,31,0,2,3,1,1,
2.024E+11,155 770 571,A01,2,10,0,2,2,15,1,
2.024E+11,155 770 567,A01,2,33,14,0,1,17,1,
2.024E+11,155 770 566,A01,2,7,0,2,3,15,1,
2.024E+11,155 770 568,B01,2,10,0,2,2,1,1,
2.024E+11,155 770 565,A01,0,10,0,1,0,26,0,
2.024E+11,155 770 563,A01,1,10,4,0,1,15,1,
2.024E+11,155 770 562,A01,2,7,13,2,1,13,1,
2.024E+11,155 770 564,B01,1,7,0,2,1,1,1,
2.024E+11,155 770 560,B01,1,7,0,2,3,15,1,
2.024E+11,155 770 561,A01,2,32,0,2,1,17,1,
2.024E+11,155 770 558,Z01,3,33,0,1,1,26,0,
2.024E+11,155 770 556,A01,1,33,0,2,1,1,1,
2.024E+11,155 770 559,B01,1,7,0,2,4,9,1,
2.024E+11,155 770 557,A01,2,7,0,1,1,15,1,
2.024E+11,155 770 553,B01,1,1,0,2,1,1,5,
2.024E+11,155 770 555,A01,1,7,0,2,3,9,3,
2.024E+11,155 770 551,A01,2,7,0,2,3,1,1,
2.024E+11,155 770 554,B01,1,50,0,2,1,5,3,
2.024E+11,155 770 550,A01,3,7,0,2,1,1,1,
2.024E+11,155 770 552,B01,3,50,0,2,8,19,3,
2.024E+11,155 770 547,A01,0,33,0,2,7,26,1,
2.024E+11,155 770 549,B01,0,7,0,0,8,0,2,
2.024E+11,155 770 546,B01,2,7,0,2,2,1,1,
2.024E+11,155 770 548,A01,3,7,0,2,3,9,1,
2.024E+11,155 770 545,A01,3,7,1,1,1,26,1,
2.024E+11,155 770 544,A01,3,7,0,1,3,1,0,
2.024E+11,155 770 541,A01,2,43,1,1,1,1,1,
2.024E+11,155 770 542,A01,2,10,0,1,2,1,0,
2.024E+11,155 770 540,A01,3,7,0,2,1,2,1,
2.024E+11,155 770 543,B01,3,7,0,2,5,1,1,
2.024E+11,155 770 538,A01,3,7,0,2,1,1,1,
2.024E+11,155 770 539,B01,3,7,0,2,7,15,1,
2.024E+11,155 770 537,A01,1,7,0,1,2,1,1,
2.024E+11,155 770 536,A01,1,37,0,1,3,1,1,1
2.024E+11,155 770 533,A01,1,7,0,2,1,1,1,
2.024E+11,155 770 535,B01,2,30,0,2,7,0,0,
2.024E+11,155 770 531,A01,0,7,0,2,7,26,0,
2.024E+11,155 770 534,B01,3,50,0,2,1,25,3,
2.024E+11,155 770 532,A01,1,7,0,1,3,0,1,
2.024E+11,155 770 529,A01,3,30,0,2,1,18,3,
2.024E+11,155 770 530,B01,3,10,0,2,2,16,1,
2.024E+11,155 770 527,A01,1,7,0,2,3,13,1,
2.024E+11,155 770 528,B01,2,30,0,2,1,1,1,
2.024E+11,155 770 526,A01,1,33,0,1,1,1,1,
2.024E+11,155 770 524,A01,1,7,0,2,1,19,1,
2.024E+11,155 770 525,B01,2,7,0,2,3,1,1,
2.024E+11,155 770 520,A01,2,7,0,2,4,1,1,
2.024E+11,155 770 522,B01,2,7,0,2,4,15,1,
2.024E+11,155 770 521,A01,1,7,0,2,1,1,1,
2.024E+11,155 770 523,B01,1,7,0,2,2,15,1,
2.024E+11,155 770 518,B01,1,7,0,2,3,16,2,
2.024E+11,155 770 519,A01,1,80,0,2,7,1,3,
2.024E+11,155 770 516,A01,3,7,0,2,7,16,1,
2.024E+11,155 770 517,B01,3,32,0,2,8,16,1,
2.024E+11,155 770 513,B01,2,33,8,2,3,1,1,
2.024E+11,155 770 514,A01,2,10,0,2,3,15,1,
2.024E+11,155 770 509,A01,1,33,0,1,3,1,1,
2.024E+11,155 770 510,A01,2,50,0,9,8,2,3,
2.024E+11,155 770 512,Y01,1,60,0,2,0,26,5,
2.024E+11,155 770 511,B01,3,1,0,2,7,1,5,
2.024E+11,155 770 515,A01,3,7,0,2,3,9,2,
2.024E+11,155 770 506,A01,2,10,0,2,1,15,1,
2.024E+11,155 770 508,B01,2,33,0,2,1,1,1,
2.024E+11,155 770 507,A01,1,10,0,1,2,1,1,
2.024E+11,155 770 505,A01,2,7,0,1,2,1,1,
2.024E+11,155 770 502,A01,1,10,0,2,6,26,1,
2.024E+11,155 770 504,B01,1,32,0,2,1,2,1,
2.024E+11,155 770 503,A01,2,33,6,0,1,14,1,
2.024E+11,155 770 498,A01,3,32,0,2,3,11,1,
2.024E+11,155 770 501,B01,3,33,0,2,2,3,0,
2.024E+11,155 770 494,A01,1,31,0,0,1,1,6,
2.024E+11,155 770 496,B01,1,7,0,2,4,1,1,
2.024E+11,155 770 500,A01,1,7,0,2,1,2,1,
2.024E+11,155 770 495,C01,2,7,0,2,1,2,3,
2.024E+11,155 770 497,B01,2,7,0,2,4,2,1,
2.024E+11,155 770 499,A01,2,7,0,2,4,1,1,
2.024E+11,155 770 493,A01,1,33,0,0,0,1,1,
2.024E+11,155 770 492,A01,1,7,13,0,1,1,1,
2.024E+11,155 770 490,A01,1,7,0,1,1,1,1,
2.024E+11,155 770 489,B01,3,7,0,2,1,1,1,
2.024E+11,155 770 491,A01,3,10,0,2,3,10,1,
2.024E+11,155 770 488,A01,1,33,12,0,1,1,1,
2.024E+11,155 770 487,A01,1,7,4,0,3,13,1,
2.024E+11,155 770 484,A01,1,33,14,0,1,6,1,
2.024E+11,155 770 483,A01,1,7,0,2,7,19,1,
2.024E+11,155 770 486,B01,1,7,0,2,1,1,1,
2.024E+11,155 770 482,A01,1,7,0,2,4,2,1,
2.024E+11,155 770 485,B01,1,7,0,2,1,2,1,
2.024E+11,155 770 480,A01,2,7,6,2,8,9,1,
2.024E+11,155 770 481,B01,2,7,0,2,1,1,1,
2.024E+11,155 770 478,A01,3,7,13,0,2,17,1,
2.024E+11,155 770 475,A01,1,7,0,2,1,1,1,
2.024E+11,155 770 477,B01,1,7,0,2,4,23,1,
2.024E+11,155 770 476,A01,2,33,0,2,1,1,1,
2.024E+11,155 770 479,B01,1,13,0,2,8,15,1,
2.024E+11,155 770 474,A01,2,7,0,1,2,2,3,
2.024E+11,155 770 473,A01,2,7,13,0,9,1,1,
2.024E+11,155 770 472,A01,1,7,13,0,1,1,1,
2.024E+11,155 770 471,A01,1,7,0,1,2,1,1,
2.024E+11,155 770 470,A01,1,33,3,0,3,1,1,
2.024E+11,155 770 469,A01,1,7,13,0,1,1,1,
2.024E+11,155 770 465,A01,1,33,0,2,1,17,1,
2.024E+11,155 770 466,B01,1,10,0,2,8,15,1,
2.024E+11,155 770 467,B01,3,7,8,2,1,1,1,
2.024E+11,155 770 468,A01,3,7,0,2,1,15,1,
2.024E+11,155 770 462,A01,1,7,0,0,3,15,1,
2.024E+11,155 770 464,B01,1,7,0,0,1,1,1,
2.024E+11,155 770 461,A01,2,30,0,2,1,2,1,
2.024E+11,155 770 463,B01,2,7,0,2,6,16,2,
2.024E+11,155 770 459,A01,2,7,0,2,1,1,1,
2.024E+11,155 770 460,B01,1,7,0,2,1,1,1,
2.024E+11,155 770 457,A01,3,33,15,0,3,1,1,
2.024E+11,155 770 455,A01,1,7,0,2,3,1,1,
2.024E+11,155 770 458,B01,1,50,0,2,2,15,3,
2.024E+11,155 770 454,B01,1,14,0,0,1,1,1,
2.024E+11,155 770 456,A01,1,7,0,2,1,13,1,
2.024E+11,155 770 452,A01,1,43,0,2,1,13,1,
2.024E+11,155 770 453,B01,2,7,0,2,3,1,1,
2.024E+11,155 770 450,A01,3,10,0,1,5,4,1,
2.024E+11,155 770 451,A01,1,38,0,1,3,1,1,1
2.024E+11,155 770 449,A01,2,7,6,0,2,1,1,
2.024E+11,155 770 446,B01,1,1,0,2,8,1,5,
2.024E+11,155 770 448,A01,2,14,15,2,3,13,1,
2.024E+11,155 770 445,A01,3,10,0,2,1,15,1,
2.024E+11,155 770 447,B01,3,32,0,2,1,1,1,
2.024E+11,155 770 443,A01,1,7,0,2,2,12,1,
2.024E+11,155 770 444,B01,1,7,0,2,6,1,1,
2.024E+11,155 770 442,A01,1,31,14,0,1,0,1,
2.024E+11,155 770 441,A01,1,7,1,0,2,1,1,
2.024E+11,155 770 439,A01,2,7,0,2,2,13,1,
2.024E+11,155 770 440,B01,1,7,0,2,2,1,1,
2.024E+11,155 770 437,A01,2,7,0,2,1,1,1,
2.024E+11,155 770 438,B01,1,7,2,2,7,1,1,
2.024E+11,155 770 436,A01,2,7,8,0,1,15,1,
2.024E+11,155 770 434,A01,2,7,0,2,2,9,1,
2.024E+11,155 770 435,B01,2,7,0,2,5,1,1,
2.024E+11,155 770 433,A01,1,32,1,0,1,17,1,
2.024E+11,155 770 431,A01,3,7,0,2,7,15,1,
2.024E+11,155 770 432,B01,3,1,0,2,1,1,5,
2.024E+11,155 770 430,A01,2,7,3,0,1,13,1,
2.024E+11,155 770 428,A01,2,7,0,2,1,2,1,
2.024E+11,155 770 429,B01,2,7,0,2,4,2,1,
2.024E+11,155 770 426,B01,3,7,0,2,8,9,1,
2.024E+11,155 770 427,A01,3,30,0,2,8,12,1,
2.024E+11,155 770 425,A01,3,7,0,1,2,1,1,
2.024E+11,155 770 423,A01,2,7,0,2,3,26,1,
2.024E+11,155 770 424,B01,0,0,0,9,1,1,0,
2.024E+11,155 770 422,A01,3,7,0,1,1,19,0,
2.024E+11,155 770 420,A01,3,33,0,2,6,14,1,
2.024E+11,155 770 421,B01,3,7,0,2,0,0,1,
2.024E+11,155 770 416,A01,1,7,0,9,2,15,1,
2.024E+11,155 770 417,B01,2,1,0,2,1,1,5,
2.024E+11,155 770 415,A01,1,50,0,0,0,1,3,
2.024E+11,155 770 413,B01,1,7,0,2,8,10,1,
2.024E+11,155 770 414,A01,1,7,0,2,1,10,3,
2.024E+11,155 770 412,A01,1,7,0,1,1,1,1,
2.024E+11,155 770 410,B01,1,7,8,0,1,2,1,
2.024E+11,155 770 411,A01,1,7,0,2,1,2,1,
2.024E+11,155 770 409,A01,2,50,0,1,1,26,3,
2.024E+11,155 770 407,A01,2,10,0,2,3,9,1,
2.024E+11,155 770 408,B01,2,50,0,2,2,1,3,
2.024E+11,155 770 406,A01,3,7,0,1,3,15,2,
2.024E+11,155 770 405,A01,1,10,8,0,1,26,1,
2.024E+11,155 770 401,A01,1,7,0,2,3,1,1,
2.024E+11,155 770 402,B01,2,30,0,2,1,1,1,
2.024E+11,155 770 400,A01,2,7,0,1,3,16,1,
2.024E+11,155 770 398,A01,3,33,0,0,3,15,1,
2.024E+11,155 770 399,A01,3,7,9,0,1,1,1,
2.024E+11,155 770 397,A01,1,7,4,0,2,1,1,
2.024E+11,155 770 394,A01,3,7,0,2,3,1,1,
2.024E+11,155 770 396,B01,3,7,0,2,3,1,1,
2.024E+11,155 770 391,A01,2,21,0,2,3,1,1,
2.024E+11,155 770 392,B01,1,7,0,2,3,13,1,
2.024E+11,155 770 393,B01,1,7,0,2,5,2,1,
2.024E+11,155 770 395,A01,1,33,0,2,1,1,1,
2.024E+11,155 770 390,A01,2,33,0,0,0,0,1,
2.024E+11,155 770 387,A01,2,7,0,2,1,5,1,
2.024E+11,155 770 388,B01,1,15,0,2,2,1,1,
2.024E+11,155 770 385,A01,1,7,4,0,3,0,1,
2.024E+11,155 770 386,A01,0,7,0,0,6,0,1,
2.024E+11,155 770 389,B01,0,33,0,2,1,15,1,
2.024E+11,155 770 383,A01,2,17,0,0,4,23,1,
2.024E+11,155 770 384,B01,2,17,1,0,1,2,1,
2.024E+11,155 770 382,A01,1,34,4,0,2,1,1,
2.024E+11,155 770 380,A01,2,10,2,0,1,0,1,
2.024E+11,155 770 378,A01,2,7,0,2,1,2,1,
2.024E+11,155 770 379,B01,2,7,0,0,4,1,1,
2.024E+11,155 770 377,A01,1,7,3,0,2,13,1,
2.024E+11,155 770 376,A01,1,7,0,2,3,9,1,
2.024E+11,155 770 381,B01,3,7,0,2,1,1,1,
2.024E+11,155 770 374,A01,1,7,13,2,5,17,1,
2.024E+11,155 770 375,B01,1,17,0,2,3,1,1,
2.024E+11,155 770 373,A01,2,50,5,0,1,1,3,
2.024E+11,155 770 372,A01,2,7,0,1,1,1,1,
2.024E+11,155 770 371,A01,2,7,0,1,1,15,1,
2.024E+11,155 770 368,A01,3,7,0,2,1,0,2,
2.024E+11,155 770 369,B01,3,7,0,2,1,0,1,
2.024E+11,155 770 370,C01,3,7,3,2,0,0,1,
2.024E+11,155 770 367,A01,2,30,11,0,1,1,3,
2.024E+11,155 770 363,A01,3,15,0,2,2,1,1,
2.024E+11,155 770 364,B01,3,7,0,2,8,19,1,
2.024E+11,155 770 361,A01,3,7,0,2,3,15,1,
2.024E+11,155 770 362,B01,1,7,0,2,2,1,1,
2.024E+11,155 770 359,A01,1,7,0,1,1,1,1,
2.024E+11,155 770 358,A01,1,14,2,0,3,13,1,
2.024E+11,155 770 356,A01,2,7,0,2,1,13,1,
2.024E+11,155 770 357,B01,1,7,0,2,1,1,1,
2.024E+11,155 770 354,A01,2,7,9,2,1,1,1,
2.024E+11,155 770 355,B01,1,7,0,2,7,15,1,
2.024E+11,155 770 351,A01,1,10,0,2,3,13,1,
2.024E+11,155 770 352,B01,2,17,0,2,3,1,1,
2.024E+11,155 770 353,A01,2,10,0,1,1,1,1,
2.024E+11,155 770 349,A01,1,7,0,2,3,13,1,
2.024E+11,155 770 350,B01,2,7,0,2,3,1,1,
2.024E+11,155 770 348,A01,1,7,4,0,1,16,1,
2.024E+11,155 770 345,A01,1,7,0,2,1,2,1,
2.024E+11,155 770 346,B01,1,7,0,2,4,23,1,
2.024E+11,155 770 344,A01,1,7,3,2,5,1,1,
2.024E+11,155 770 347,Z01,1,7,0,2,1,1,0,
2.024E+11,155 770 343,A01,3,32,4,0,8,1,1,
2.024E+11,155 770 338,A01,0,7,0,2,3,20,1,
2.024E+11,155 770 340,B01,0,1,0,2,1,25,5,
2.024E+11,155 770 337,A01,1,10,0,2,1,1,1,
2.024E+11,155 770 339,B01,1,7,0,2,4,23,1,
2.024E+11,155 770 341,C01,1,10,0,2,4,23,1,
2.024E+11,155 770 342,D01,1,7,0,2,3,21,1,
2.024E+11,155 770 334,A01,0,50,0,2,0,1,3,
2.024E+11,155 770 336,B01,0,7,0,2,1,1,1,
2.024E+11,155 770 333,B01,1,10,0,2,1,1,1,
2.024E+11,155 770 335,A01,1,10,0,2,4,1,1,
2.024E+11,155 770 329,B01,3,2,0,2,8,0,1,
2.024E+11,155 770 332,A01,2,7,0,2,1,2,1,
2.024E+11,155 770 327,A01,1,7,0,1,3,0,1,
2.024E+11,155 770 328,C01,2,7,0,2,6,1,1,
2.024E+11,155 770 330,B01,2,33,0,2,7,3,1,
2.024E+11,155 770 331,A01,2,10,0,2,3,12,1,
2.024E+11,155 770 325,A01,1,7,0,2,2,9,1,
2.024E+11,155 770 326,B01,2,1,0,2,5,1,5,
2.024E+11,155 770 324,A01,1,7,3,0,8,2,1,
2.024E+11,155 770 321,B01,1,7,0,2,0,1,1,
2.024E+11,155 770 323,A01,1,7,0,2,0,0,0,
2.024E+11,155 770 320,A01,2,33,0,2,1,3,1,
2.024E+11,155 770 322,B01,2,7,0,2,7,12,1,
2.024E+11,155 770 318,A01,0,10,0,1,2,0,0,
2.024E+11,155 770 317,A01,2,7,0,2,8,11,1,
2.024E+11,155 770 319,B01,2,33,0,2,2,3,1,
2.024E+11,155 770 315,A01,1,7,3,0,3,16,1,
2.024E+11,155 770 314,A01,1,7,0,2,2,15,1,
2.024E+11,155 770 316,B01,2,2,0,2,1,1,1,
2.024E+11,155 770 313,A01,3,10,0,1,4,26,1,
2.024E+11,155 770 312,A01,1,37,0,1,4,20,1,1
2.024E+11,155 770 310,A01,3,7,13,0,1,1,1,
2.024E+11,155 770 308,A01,1,10,0,2,3,1,1,
2.024E+11,155 770 311,B01,2,7,0,2,3,1,1,
2.024E+11,155 770 307,A01,2,7,0,2,3,19,2,
2.024E+11,155 770 309,B01,1,33,0,2,1,3,1,
2.024E+11,155 770 306,A01,1,7,8,0,1,13,1,
2.024E+11,155 770 305,A01,1,7,13,0,9,21,1,
2.024E+11,155 770 302,A01,3,3,13,0,1,1,3,
2.024E+11,155 770 301,B01,1,7,0,2,6,26,1,
2.024E+11,155 770 304,A01,1,33,0,2,5,17,1,
2.024E+11,155 770 297,C01,2,7,0,2,8,1,2,
2.024E+11,155 770 299,A01,2,30,0,2,1,17,1,
2.024E+11,155 770 300,B01,1,7,0,2,1,1,2,
2.024E+11,155 770 303,Z01,2,34,0,2,5,17,0,
2.024E+11,155 770 296,B01,2,7,0,0,4,2,1,
2.024E+11,155 770 298,A01,2,7,0,2,1,2,1,
2.024E+11,155 770 294,B01,1,0,0,0,0,5,0,
2.024E+11,155 770 295,A01,2,31,0,2,0,1,1,
2.024E+11,155 770 291,B01,3,7,0,2,8,19,1,
2.024E+11,155 770 293,A01,3,7,0,2,3,19,1,
2.024E+11,155 770 292,A01,1,7,0,1,1,9,1,
2.024E+11,155 770 287,B01,1,7,0,9,3,1,1,
2.024E+11,155 770 289,A01,2,50,0,2,1,5,3,
2.024E+11,155 770 286,A01,1,7,0,2,3,18,1,
2.024E+11,155 770 288,B01,1,10,0,2,2,9,1,
2.024E+11,155 770 290,C01,1,37,0,2,8,0,1,1
2.024E+11,155 770 285,A01,1,39,0,1,2,1,3,
2.024E+11,155 770 282,A01,3,33,0,2,1,5,1,
2.024E+11,155 770 283,B01,3,7,0,2,3,15,3,
2.024E+11,155 770 280,B01,3,7,0,2,1,1,1,
2.024E+11,155 770 284,A01,3,1,0,2,8,1,5,
2.024E+11,155 770 279,A01,2,7,0,2,8,1,1,
2.024E+11,155 770 281,B01,1,50,0,2,7,1,3,
2.024E+11,155 770 276,A01,1,30,0,0,0,0,3,
2.024E+11,155 770 275,A01,1,7,0,2,1,15,1,
2.024E+11,155 770 277,B01,1,1,0,2,1,23,5,
2.024E+11,155 770 274,B01,1,7,0,2,7,1,1,
2.024E+11,155 770 278,A01,0,1,0,2,8,15,5,
2.024E+11,155 770 271,A01,1,7,0,2,3,0,1,
2.024E+11,155 770 273,B01,1,33,0,2,7,1,1,
2.024E+11,155 770 270,A01,1,0,0,1,0,1,0,
2.024E+11,155 770 268,C01,2,7,0,2,2,13,1,
2.024E+11,155 770 269,A01,1,7,0,2,3,1,1,
2.024E+11,155 770 272,B01,2,7,0,2,1,1,2,
2.024E+11,155 770 267,A01,1,37,0,1,1,1,0,1
2.024E+11,155 770 265,B01,1,31,0,2,1,1,1,
2.024E+11,155 770 266,A01,2,7,0,2,7,15,1,
2.024E+11,155 770 264,A01,2,7,1,0,0,0,1,
2.024E+11,155 770 263,A01,2,7,0,1,1,16,1,
2.024E+11,155 770 262,A01,3,7,0,1,2,16,1,
2.024E+11,155 770 259,B01,2,7,0,2,4,2,1,
2.024E+11,155 770 261,A01,2,7,0,2,1,2,1,
2.024E+11,155 770 258,A01,2,7,0,2,1,1,1,
2.024E+11,155 770 260,B01,2,7,0,2,1,2,2,
2.024E+11,155 770 256,A01,3,7,0,1,1,16,1,
2.024E+11,155 770 255,A01,2,7,0,2,1,2,1,
2.024E+11,155 770 257,B01,2,43,0,2,4,2,1,
2.024E+11,155 770 251,B01,2,7,0,2,3,1,1,
2.024E+11,155 770 252,A01,2,7,0,2,5,14,1,
2.024E+11,155 770 248,B01,1,37,0,2,3,1,0,1
2.024E+11,155 770 250,A01,2,10,0,2,2,15,1,
2.024E+11,155 770 247,A01,0,7,0,2,2,10,1,
2.024E+11,155 770 249,B01,1,31,0,2,1,1,1,
2.024E+11,155 770 245,A01,1,31,0,2,1,1,1,
2.024E+11,155 770 246,B01,1,7,0,0,4,1,1,
2.024E+11,155 770 243,A01,1,7,0,2,3,0,2,
2.024E+11,155 770 244,B01,1,1,0,2,0,0,5,
2.024E+11,155 770 242,A01,1,7,6,0,1,16,1,
2.024E+11,155 770 240,A01,1,13,0,0,0,15,3,
2.024E+11,155 770 241,B01,2,1,0,0,0,26,5,
2.024E+11,155 770 235,A01,3,50,0,1,2,25,3,
2.024E+11,155 770 236,A01,1,7,0,2,1,0,1,
2.024E+11,155 770 238,B01,1,1,0,2,0,1,5,
2.024E+11,155 770 234,A01,1,7,6,0,0,0,1,
2.024E+11,155 770 232,A01,3,7,0,1,1,0,1,
2.024E+11,155 770 231,A01,3,7,1,0,2,1,3,
2.024E+11,155 770 233,D01,3,7,0,0,4,24,2,
2.024E+11,155 770 230,A01,1,7,0,1,0,26,1,
2.024E+11,155 770 227,A01,1,80,0,0,0,1,3,
2.024E+11,155 770 226,A01,2,33,0,0,0,24,1,
2.024E+11,155 770 224,A01,1,7,6,0,0,0,1,
2.024E+11,155 770 222,B01,2,7,0,2,5,17,1,
2.024E+11,155 770 225,A01,1,43,0,2,1,1,1,
2.024E+11,155 770 221,A01,1,7,0,0,0,0,1,
2.024E+11,155 770 220,B01,1,7,0,2,8,1,1,
2.024E+11,155 770 223,A01,1,7,0,2,1,1,1,
2.024E+11,155 770 218,A01,1,7,0,0,0,0,1,
2.024E+11,155 770 217,B01,2,14,1,2,8,1,1,
2.024E+11,155 770 219,A01,2,10,1,2,9,14,1,
2.024E+11,155 770 215,B01,3,20,0,2,1,26,6,
2.024E+11,155 770 216,A01,1,7,0,2,8,1,2,
2.024E+11,155 770 212,A01,1,33,0,2,1,0,1,
2.024E+11,155 770 214,B01,1,33,0,2,1,0,1,
2.024E+11,155 770 210,B01,2,7,0,2,1,1,1,
2.024E+11,155 770 213,A01,1,7,16,2,1,1,2,
2.024E+11,155 770 211,A01,1,7,0,1,2,1,1,
2.024E+11,155 770 209,A01,1,7,8,0,1,1,1,
2.024E+11,155 770 207,A01,2,1,0,1,1,1,5,
2.024E+11,155 770 206,A01,2,17,6,0,1,1,1,
2.024E+11,155 770 203,A01,1,7,1,1,3,15,1,
2.024E+11,155 770 202,B01,1,1,0,2,7,26,5,
2.024E+11,155 770 205,A01,1,7,1,2,1,19,1,
2.024E+11,155 770 204,A01,2,80,0,1,1,1,3,
2.024E+11,155 770 199,A01,3,7,0,2,8,15,1,
2.024E+11,155 770 201,B01,3,31,0,2,1,17,1,
2.024E+11,155 770 198,A01,1,10,0,2,3,10,1,
2.024E+11,155 770 200,B01,1,30,0,2,1,17,3,
2.024E+11,155 770 196,A01,2,7,0,2,1,13,1,
2.024E+11,155 770 197,B01,1,7,0,2,1,1,1,
2.024E+11,155 770 193,A01,3,7,0,0,3,1,1,
2.024E+11,155 770 194,B01,3,1,0,2,1,1,5,
2.024E+11,155 770 190,B01,3,7,0,2,1,1,1,
2.024E+11,155 770 192,A01,3,2,0,2,1,5,1,
2.024E+11,155 770 191,B01,1,7,0,2,1,1,2,
2.024E+11,155 770 195,A01,1,1,0,2,8,1,5,
2.024E+11,155 770 187,A01,2,10,0,0,9,13,1,
2.024E+11,155 770 188,A01,2,7,0,2,1,1,1,
2.024E+11,155 770 189,B01,2,7,9,2,4,23,1,
2.024E+11,155 770 185,A01,2,7,0,2,3,9,2,
2.024E+11,155 770 186,B01,2,32,0,2,7,1,1,
2.024E+11,155 770 184,A01,1,7,0,1,1,1,0,
2.024E+11,155 770 182,B01,1,7,0,2,3,1,2,
2.024E+11,155 770 183,A01,2,30,0,2,1,1,1,
2.024E+11,155 770 180,A01,2,7,8,0,1,1,1,
2.024E+11,155 770 181,B01,2,7,0,0,7,1,1,
2.024E+11,155 770 179,A01,1,7,0,1,1,1,1,
2.024E+11,155 770 178,A01,1,7,0,1,1,1,1,
2.024E+11,155 770 176,B01,1,50,0,4,6,1,3,
2.024E+11,155 770 177,A01,-1,39,0,2,7,1,3,
2.024E+11,155 770 174,A01,3,7,1,1,4,1,1,
2.024E+11,155 770 173,A01,0,7,0,1,6,15,1,
2.024E+11,155 770 172,B01,0,37,0,2,1,7,1,2
2.024E+11,155 770 175,A01,0,7,0,2,8,9,1,
2.024E+11,155 770 170,B01,2,7,0,2,1,1,1,
2.024E+11,155 770 171,A01,1,50,0,2,1,15,3,
2.024E+11,155 770 169,A01,3,39,0,1,1,1,0,
2.024E+11,155 770 168,A01,1,7,6,0,1,0,1,
2.024E+11,155 770 167,A01,2,30,0,0,0,1,1,
2.024E+11,155 770 166,A01,3,7,0,1,1,12,1,
2.024E+11,155 770 164,A01,2,7,0,9,0,0,2,
2.024E+11,155 770 165,B01,2,1,0,9,0,0,5,
2.024E+11,155 770 161,A01,3,7,0,2,3,0,1,
2.024E+11,155 770 163,B01,3,2,0,2,1,1,1,
2.024E+11,155 770 160,A01,2,7,0,2,1,2,1,
2.024E+11,155 770 162,B01,2,33,0,2,4,2,1,
2.024E+11,155 770 158,A01,3,7,0,1,2,22,1,
2.024E+11,155 770 156,A01,3,7,0,0,1,0,1,
2.024E+11,155 770 157,A01,0,7,0,2,2,12,1,
2.024E+11,155 770 159,B01,0,1,0,2,3,1,5,
2.024E+11,155 770 155,A01,3,7,0,0,0,0,1,
2.024E+11,155 770 154,A01,1,7,0,1,3,1,1,
2.024E+11,155 770 152,B01,2,2,0,2,1,1,0,
2.024E+11,155 770 153,A01,2,7,0,2,2,16,0,
2.024E+11,155 770 151,A01,2,31,12,0,0,1,1,
2.024E+11,155 770 148,A01,1,3,0,0,3,1,1,
2.024E+11,155 770 149,A01,3,7,0,2,1,14,1,
2.024E+11,155 770 150,B01,3,7,0,2,4,1,1,
2.024E+11,155 770 146,A01,2,33,0,2,2,17,1,
2.024E+11,155 770 147,B01,2,7,0,2,3,1,1,
2.024E+11,155 770 144,A01,0,7,0,9,2,15,1,
2.024E+11,155 770 145,B01,0,1,0,2,1,1,5,
2.024E+11,155 770 143,A01,1,7,0,1,2,16,1,
2.024E+11,155 770 142,A01,1,7,0,1,2,1,1,
2.024E+11,155 770 138,B01,2,15,0,2,8,1,1,
2.024E+11,155 770 140,A01,2,30,0,2,7,12,1,
2.024E+11,155 770 137,A01,2,33,0,2,3,1,1,
2.024E+11,155 770 139,B01,2,7,0,2,2,0,1,
2.024E+11,155 770 136,B01,3,7,0,2,7,2,1,
2.024E+11,155 770 141,A01,1,50,0,2,1,1,3,
2.024E+11,155 770 134,A01,1,7,0,1,2,19,6,
2.024E+11,155 770 132,A01,1,7,0,2,4,20,1,
2.024E+11,155 770 135,B01,1,7,0,2,1,1,3,
2.024E+11,155 770 131,A01,2,7,0,2,1,1,1,
2.024E+11,155 770 133,B01,3,33,0,2,8,15,1,
2.024E+11,155 770 130,A01,2,7,0,1,1,1,1,
2.024E+11,155 770 128,A01,2,7,13,0,2,1,1,
2.024E+11,155 770 126,A01,1,37,0,2,2,15,1,1
2.024E+11,155 770 129,B01,1,37,6,0,1,0,1,1