Num_Acc,id_vehicule,num_veh,senc,catv,obs,obsm,choc,manv,motor,occutc
2.024E+11,155 770 125,B01,1,2,0,2,8,13,1,
2.024E+11,155 770 127,A01,1,33,0,2,7,1,1,
2.024E+11,155 770 121,B01,1,1,0,2,1,0,5,
2.024E+11,155 770 124,A01,1,7,0,2,3,0,1,
2.024E+11,155 770 118,A01,3,7,0,2,3,15,1,
2.024E+11,155 770 120,B01,2,32,0,2,1,17,1,
2.024E+11,155 770 117,A01,2,10,0,2,1,2,1,
2.024E+11,155 770 119,B01,2,7,0,2,4,2,1,
2.024E+11,155 770 122,C01,2,10,0,2,4,2,1,
2.024E+11,155 770 123,D01,2,7,0,2,5,2,2,
2.024E+11,155 770 116,A01,2,50,0,0,0,1,3,
2.024E+11,155 770 114,A01,1,7,9,0,1,1,1,
2.024E+11,155 770 113,A01,3,7,0,2,7,14,1,
2.024E+11,155 770 115,B01,3,1,0,2,8,15,5,
2.024E+11,155 770 110,B01,2,14,0,2,3,1,1,
2.024E+11,155 770 112,A01,1,7,7,2,1,13,1,
2.024E+11,155 770 109,B01,2,21,0,2,4,2,0,
2.024E+11,155 770 111,A01,2,7,0,2,1,2,6,
2.024E+11,155 770 107,A01,1,7,0,1,1,26,1,
2.024E+11,155 770 105,A01,1,7,0,2,3,15,2,
2.024E+11,155 770 108,B01,3,32,0,2,1,0,1,
2.024E+11,155 770 104,A01,1,33,2,2,0,1,1,
2.024E+11,155 770 106,B01,2,10,0,2,2,15,1,
2.024E+11,155 770 102,T01,2,7,3,0,1,21,1,
2.024E+11,155 770 103,A01,2,7,0,1,2,1,1,
2.024E+11,155 770 101,A01,1,7,7,0,1,14,1,
2.024E+11,155 770 100,A01,2,7,0,1,1,1,1,
2.024E+11,155 770 099,A01,1,31,3,0,1,14,1,
2.024E+11,155 770 097,A01,2,10,4,0,1,2,1,
2.024E+11,155 770 096,A01,2,7,0,1,1,1,1,
2.024E+11,155 770 095,A01,2,7,0,2,6,1,1,
2.024E+11,155 770 098,B01,1,33,0,2,3,1,1,
2.024E+11,155 770 092,Z01,-1,0,-1,-1,-1,-1,-1,
2.024E+11,155 770 094,A01,2,7,0,2,6,2,1,
2.024E+11,155 770 091,A01,2,7,0,0,2,1,1,
2.024E+11,155 770 090,B01,2,7,0,2,7,1,1,
2.024E+11,155 770 093,A01,3,7,0,2,1,9,1,
2.024E+11,155 770 089,A01,3,7,0,1,3,15,1,
2.024E+11,155 770 086,A01,1,7,0,1,3,15,1,
2.024E+11,155 770 085,A01,2,7,0,2,3,13,0,
2.024E+11,155 770 088,B01,1,7,0,2,3,26,1,
2.024E+11,155 770 084,B01,2,7,16,2,6,9,1,
2.024E+11,155 770 087,A01,2,7,7,2,2,1,1,
2.024E+11,155 770 081,A01,0,7,0,0,0,1,1,
2.024E+11,155 770 080,B01,1,7,0,2,2,1,1,
2.024E+11,155 770 083,A01,3,10,0,2,1,1,1,
2.024E+11,155 770 079,B01,1,30,0,2,8,15,1,
2.024E+11,155 770 082,A01,1,7,0,2,2,15,1,
2.024E+11,155 770 075,A01,0,33,0,2,1,1,1,
2.024E+11,155 770 078,Z01,1,7,0,2,3,15,0,
2.024E+11,155 770 076,A01,2,7,0,2,5,1,1,
2.024E+11,155 770 077,B01,1,50,0,2,1,19,3,
2.024E+11,155 770 074,A01,2,7,15,0,2,19,1,
2.024E+11,155 770 070,A01,3,7,0,2,3,1,1,
2.024E+11,155 770 073,B01,3,50,0,2,4,19,3,
2.024E+11,155 770 069,B01,3,21,0,2,5,1,1,
2.024E+11,155 770 072,A01,3,1,0,2,0,1,5,
2.024E+11,155 770 067,A01,2,7,0,2,1,1,1,
2.024E+11,155 770 068,C01,0,7,0,9,4,1,1,
2.024E+11,155 770 071,B01,3,33,0,2,8,15,1,
2.024E+11,155 770 065,A01,2,80,0,0,0,0,3,
2.024E+11,155 770 064,A01,3,7,0,9,1,2,2,
2.024E+11,155 770 066,B01,3,60,0,2,8,2,5,
2.024E+11,155 770 061,A01,1,7,0,0,9,14,1,
2.024E+11,155 770 060,A01,1,7,0,2,2,15,2,
2.024E+11,155 770 063,B01,2,37,0,2,3,1,1,4
2.024E+11,155 770 058,A01,3,7,0,1,2,1,2,
2.024E+11,155 770 057,A01,1,80,0,1,1,1,3,
2.024E+11,155 770 056,A01,2,7,2,0,1,13,1,
2.024E+11,155 770 054,A01,0,2,0,0,0,1,1,
2.024E+11,155 770 053,A01,3,30,0,2,1,9,1,
2.024E+11,155 770 055,B01,0,10,0,2,3,1,1,
2.024E+11,155 770 051,A01,1,7,0,1,2,1,1,
2.024E+11,155 770 048,A01,3,7,0,1,8,1,1,
2.024E+11,155 770 046,A01,2,7,0,2,1,2,1,
2.024E+11,155 770 049,B01,2,7,0,2,4,1,1,
2.024E+11,155 770 050,C01,2,7,1,0,3,3,1,
2.024E+11,155 770 052,D01,2,7,0,2,2,1,1,
2.024E+11,155 770 045,A01,2,7,0,2,2,19,1,
2.024E+11,155 770 047,B01,2,33,0,2,1,1,1,
2.024E+11,155 770 042,B01,2,33,0,2,2,0,1,
2.024E+11,155 770 044,A01,2,10,0,2,6,0,1,
2.024E+11,155 770 041,A01,1,7,0,1,3,1,1,
2.024E+11,155 770 043,B01,1,7,0,1,3,1,1,
2.024E+11,155 770 040,A01,2,7,13,0,1,21,1,
2.024E+11,155 770 036,A01,1,7,0,2,5,2,1,
2.024E+11,155 770 038,B01,1,33,0,2,1,11,1,
2.024E+11,155 770 033,B01,1,7,0,2,3,1,1,
2.024E+11,155 770 035,A01,2,32,0,2,1,13,1,
2.024E+11,155 770 032,B01,1,7,0,2,4,2,1,
2.024E+11,155 770 034,C01,1,7,0,2,4,2,1,
2.024E+11,155 770 037,D01,1,7,0,2,4,2,1,
2.024E+11,155 770 039,A01,1,7,0,2,1,2,1,
2.024E+11,155 770 031,A01,3,10,0,0,9,4,1,
2.024E+11,155 770 030,A01,3,7,0,1,3,1,1,
2.024E+11,155 770 027,A01,2,30,12,2,8,5,1,
2.024E+11,155 770 029,B01,1,7,0,2,1,1,1,
2.024E+11,155 770 026,A01,1,7,0,1,2,1,1,
2.024E+11,155 770 022,A01,2,32,1,0,0,1,1,
2.024E+11,155 770 020,A01,1,7,0,2,1,1,1,
2.024E+11,155 770 023,B01,1,7,0,2,4,1,1,
2.024E+11,155 770 025,C01,1,7,0,2,4,2,1,
2.024E+11,155 770 021,B01,1,7,0,2,3,15,1,
2.024E+11,155 770 024,A01,1,33,1,2,1,11,1,
2.024E+11,155 770 019,A01,1,30,8,0,0,1,1,
2.024E+11,155 770 016,B01,1,10,0,2,3,1,1,
2.024E+11,155 770 018,A01,2,2,0,2,1,26,1,
2.024E+11,155 770 014,A01,0,39,0,1,7,19,6,
2.024E+11,155 770 015,B01,1,10,0,0,7,15,1,
2.024E+11,155 770 017,A01,2,7,0,2,1,1,1,
2.024E+11,155 770 012,A01,1,7,0,2,1,17,1,
2.024E+11,155 770 013,B01,2,7,0,0,1,1,1,
2.024E+11,155 770 009,A01,3,31,0,2,1,1,1,
2.024E+11,155 770 011,B01,3,7,0,2,3,1,1,
2.024E+11,155 770 008,B01,1,7,0,2,8,15,1,
2.024E+11,155 770 010,A01,1,30,0,2,1,21,1,
2.024E+11,155 770 007,A01,1,31,2,0,0,2,1,
2.024E+11,155 770 004,A01,2,34,13,0,2,1,1,
2.024E+11,155 770 005,A01,2,7,0,2,1,2,1,
2.024E+11,155 770 006,B01,2,7,0,0,4,2,2,
2.024E+11,155 770 003,A01,2,33,0,0,2,17,1,
2.024E+11,155 770 001,A01,1,32,0,0,3,1,3,
2.024E+11,155 769 999,A01,3,7,0,2,3,9,1,
2.024E+11,155 770 002,B01,3,33,0,2,1,13,1,
2.024E+11,155 769 998,B01,2,1,0,2,6,1,5,
2.024E+11,155 770 000,A01,2,32,0,2,2,18,1,
2.024E+11,155 769 993,B01,2,15,0,2,1,19,1,
2.024E+11,155 769 996,A01,1,7,5,0,2,1,1,
2.024E+11,155 769 992,A01,2,7,0,2,3,13,1,
2.024E+11,155 769 995,B01,1,7,0,2,8,21,1,
2.024E+11,155 769 997,C01,1,7,0,2,1,1,1,
2.024E+11,155 769 994,A01,2,50,0,1,1,1,3,
2.024E+11,155 769 988,B01,1,7,0,2,1,9,1,
2.024E+11,155 769 990,A01,1,33,0,2,8,1,1,
2.024E+11,155 769 986,B01,1,7,0,2,3,1,1,
2.024E+11,155 769 991,A01,2,30,0,2,2,1,1,
2.024E+11,155 769 987,A01,1,10,0,2,2,15,1,
2.024E+11,155 769 989,B01,2,33,0,2,1,1,1,
2.024E+11,155 769 985,A01,1,33,1,0,1,2,1,
2.024E+11,155 769 984,A01,1,33,0,0,0,0,1,
2.024E+11,155 769 983,Z01,1,30,0,1,1,5,0,
2.024E+11,155 769 981,A01,1,7,0,0,7,13,1,
2.024E+11,155 769 982,B01,2,7,0,2,1,1,1,
2.024E+11,155 769 980,A01,2,33,6,0,3,13,1,
2.024E+11,155 769 977,B01,2,7,0,2,4,1,1,
2.024E+11,155 769 978,A01,2,30,0,2,1,2,1,
2.024E+11,155 769 976,B01,1,1,0,2,1,16,5,
2.024E+11,155 769 979,A01,2,7,0,2,2,1,1,
2.024E+11,155 769 975,A01,3,7,2,0,1,13,1,
2.024E+11,155 769 971,A01,1,7,0,2,2,17,1,
2.024E+11,155 769 973,B01,1,1,0,2,3,1,5,
2.024E+11,155 769 970,A01,2,3,0,2,1,1,1,
2.024E+11,155 769 974,B01,0,7,0,2,4,23,1,
2.024E+11,155 769 969,B01,1,1,0,0,4,15,5,
2.024E+11,155 769 972,A01,1,7,0,2,4,1,1,
2.024E+11,155 769 966,A01,1,30,0,2,0,18,1,
2.024E+11,155 769 967,B01,1,7,0,2,5,1,3,
2.024E+11,155 769 963,A01,3,7,16,0,9,4,1,
2.024E+11,155 769 964,A01,1,10,0,2,3,15,1,
2.024E+11,155 769 965,B01,1,7,16,2,2,17,1,
2.024E+11,155 769 962,A01,1,1,0,0,1,1,5,
2.024E+11,155 769 959,A01,1,7,0,2,3,1,1,
2.024E+11,155 769 960,B01,2,7,0,2,3,1,1,
2.024E+11,155 769 958,A01,2,80,0,2,0,21,3,
2.024E+11,155 769 957,A01,3,7,2,0,2,1,1,
2.024E+11,155 769 955,A01,1,80,0,1,1,1,3,
2.024E+11,155 769 953,A01,3,2,0,2,2,19,1,
2.024E+11,155 769 956,B01,1,7,0,2,3,1,1,
2.024E+11,155 769 951,A01,2,7,0,2,3,24,1,
2.024E+11,155 769 952,B01,2,32,1,2,1,1,1,
2.024E+11,155 769 954,C01,3,7,0,2,4,23,1,
2.024E+11,155 769 948,B01,1,33,0,2,1,1,1,
2.024E+11,155 769 949,A01,3,7,0,2,3,9,2,
2.024E+11,155 769 945,B01,1,7,8,2,3,1,1,
2.024E+11,155 769 950,A01,1,7,0,2,2,12,2,
2.024E+11,155 769 946,A01,3,7,0,0,2,15,1,
2.024E+11,155 769 947,B01,1,33,0,2,1,1,1,
2.024E+11,155 769 943,A01,1,7,0,2,8,22,1,
2.024E+11,155 769 944,B01,1,1,0,2,7,1,5,
2.024E+11,155 769 942,A01,2,32,4,0,2,1,1,
2.024E+11,155 769 940,A01,1,15,0,2,2,12,1,
2.024E+11,155 769 941,B01,1,7,0,2,8,1,1,
2.024E+11,155 769 939,A01,3,30,0,0,0,1,1,
2.024E+11,155 769 937,A01,2,50,0,0,0,1,3,
2.024E+11,155 769 936,A01,2,10,0,2,1,2,1,
2.024E+11,155 769 938,B01,2,7,0,2,4,2,3,
2.024E+11,155 769 933,A01,2,1,0,2,8,5,5,
2.024E+11,155 769 935,B01,1,7,0,2,1,16,1,
2.024E+11,155 769 932,B01,3,7,0,2,1,1,0,
2.024E+11,155 769 934,A01,3,7,0,2,4,1,0,
2.024E+11,155 769 930,A01,2,7,12,0,0,0,1,
2.024E+11,155 769 929,B01,2,7,0,2,3,1,1,
2.024E+11,155 769 931,A01,1,7,0,2,3,13,1,
2.024E+11,155 769 928,A01,2,50,0,1,1,1,3,
2.024E+11,155 769 926,A01,3,7,0,1,1,1,1,
2.024E+11,155 769 924,A01,2,1,0,2,4,1,5,
2.024E+11,155 769 927,B01,2,1,0,2,1,17,5,
2.024E+11,155 769 925,A01,2,7,6,0,0,0,1,
2.024E+11,155 769 923,A01,1,7,6,0,3,13,1,
2.024E+11,155 769 921,A01,3,7,15,0,1,0,1,
2.024E+11,155 769 922,A01,1,33,0,0,0,0,1,
2.024E+11,155 769 917,B01,3,50,0,2,5,1,3,
2.024E+11,155 769 920,A01,3,7,0,2,3,1,0,
2.024E+11,155 769 919,A01,2,7,0,0,0,0,1,
2.024E+11,155 769 916,B01,2,33,0,2,0,1,1,
2.024E+11,155 769 918,A01,2,7,0,2,0,26,0,
2.024E+11,155 769 915,A01,1,60,0,0,0,0,5,
2.024E+11,155 769 914,A01,1,10,0,1,1,1,0,
2.024E+11,155 769 912,A01,2,7,0,0,0,0,1,
2.024E+11,155 769 911,B01,2,7,0,2,6,15,2,
2.024E+11,155 769 913,A01,2,33,0,2,2,2,1,
2.024E+11,155 769 908,A01,1,7,3,0,0,0,1,
2.024E+11,155 769 905,A01,2,7,0,2,2,15,1,
2.024E+11,155 769 907,B01,1,2,0,2,1,1,1,
2.024E+11,155 769 906,C01,3,7,0,2,6,1,1,
2.024E+11,155 769 909,A01,3,7,0,2,1,1,1,
2.024E+11,155 769 910,B01,3,7,0,2,1,15,1,
2.024E+11,155 769 903,A01,1,7,0,2,0,26,1,
2.024E+11,155 769 904,B01,2,60,0,2,0,0,5,
2.024E+11,155 769 901,A01,2,7,0,1,1,1,1,
2.024E+11,155 769 900,A01,3,7,0,2,4,15,1,
2.024E+11,155 769 902,B01,3,7,0,2,1,1,1,
2.024E+11,155 769 898,A01,2,7,0,2,1,17,1,
2.024E+11,155 769 899,B01,2,7,8,2,3,15,1,
2.024E+11,155 769 893,B01,2,1,0,2,1,13,5,
2.024E+11,155 769 896,A01,1,10,0,2,2,13,1,
2.024E+11,155 769 895,A01,0,7,0,9,1,15,1,
2.024E+11,155 769 897,B01,0,1,0,2,3,1,5,
2.024E+11,155 769 892,B01,1,7,0,2,1,1,1,
2.024E+11,155 769 894,A01,2,60,0,0,0,0,5,
2.024E+11,155 769 890,A01,1,37,1,9,7,17,1,1
2.024E+11,155 769 888,A01,3,10,0,0,-1,9,1,
2.024E+11,155 769 891,B01,1,33,11,0,1,21,1,
2.024E+11,155 769 887,B01,1,1,0,2,1,1,5,
2.024E+11,155 769 889,A01,1,7,0,2,8,9,1,
2.024E+11,155 769 886,A01,3,7,0,1,3,16,1,
2.024E+11,155 769 883,B01,1,37,0,2,8,26,0,1
2.024E+11,155 769 885,A01,2,33,0,2,8,26,1,
2.024E+11,155 769 884,A01,2,31,0,0,2,26,3,
2.024E+11,155 769 882,A01,3,2,12,0,0,1,1,
2.024E+11,155 769 880,A01,2,7,0,1,3,1,2,
2.024E+11,155 769 881,Z01,2,32,0,1,1,26,0,
2.024E+11,155 769 879,A01,2,7,6,0,1,1,1,
2.024E+11,155 769 877,B01,2,7,0,2,4,1,1,
2.024E+11,155 769 878,A01,2,7,0,2,1,2,1,
2.024E+11,155 769 876,A01,1,7,0,1,3,1,1,
2.024E+11,155 769 874,B01,3,10,0,2,3,19,1,
2.024E+11,155 769 875,A01,1,7,0,2,1,1,1,
2.024E+11,155 769 872,A01,2,7,0,1,2,1,1,
2.024E+11,155 769 870,B01,2,7,0,2,1,2,1,
2.024E+11,155 769 871,A01,2,7,0,2,1,2,1,
2.024E+11,155 769 873,C01,2,10,0,2,4,2,1,
2.024E+11,155 769 867,A01,2,7,0,1,2,26,1,
2.024E+11,155 769 868,B01,3,33,0,2,1,1,1,
2.024E+11,155 769 869,A01,1,7,0,0,7,15,1,
2.024E+11,155 769 865,B01,1,33,0,2,1,1,1,
2.024E+11,155 769 866,A01,2,7,0,2,2,10,1,
2.024E+11,155 769 863,A01,3,7,0,0,1,1,1,
2.024E+11,155 769 862,B01,1,33,0,2,2,1,1,
2.024E+11,155 769 864,A01,2,21,0,2,5,1,1,
2.024E+11,155 769 859,B01,2,7,0,2,3,13,1,
2.024E+11,155 769 860,A01,2,7,0,2,1,17,1,
2.024E+11,155 769 858,B01,2,10,0,2,7,1,1,
2.024E+11,155 769 861,A01,2,32,0,2,1,1,1,
2.024E+11,155 769 857,A01,2,7,13,0,1,1,1,
2.024E+11,155 769 855,A01,3,30,0,1,1,1,1,
2.024E+11,155 769 854,A01,1,10,0,2,3,1,1,
2.024E+11,155 769 856,B01,2,7,0,2,2,13,1,
2.024E+11,155 769 852,A01,1,7,0,2,3,15,1,
2.024E+11,155 769 853,B01,2,7,13,2,3,1,1,
2.024E+11,155 769 851,A01,3,37,6,0,3,1,2,2
2.024E+11,155 769 850,A01,2,7,0,1,3,1,0,
2.024E+11,155 769 848,A01,1,7,0,2,1,1,1,
2.024E+11,155 769 849,B01,2,10,0,2,1,1,1,
2.024E+11,155 769 847,A01,1,7,1,0,3,20,1,
2.024E+11,155 769 846,A01,2,7,2,0,1,1,1,
2.024E+11,155 769 844,A01,2,33,0,0,0,0,1,
2.024E+11,155 769 843,A01,2,7,13,0,9,21,1,
2.024E+11,155 769 842,A01,3,31,0,2,8,21,1,
2.024E+11,155 769 845,B01,1,10,0,2,0,1,1,
2.024E+11,155 769 839,A01,1,7,2,0,2,0,1,
2.024E+11,155 769 837,A01,3,7,0,2,5,16,1,
2.024E+11,155 769 840,B01,3,1,0,2,1,1,5,
2.024E+11,155 769 836,A01,1,7,0,0,9,1,1,
2.024E+11,155 769 834,A01,0,7,0,1,4,4,1,
2.024E+11,155 769 832,A01,2,1,0,0,0,0,5,
2.024E+11,155 769 833,B01,1,7,0,2,1,1,1,
2.024E+11,155 769 835,A01,2,7,6,0,8,16,1,
2.024E+11,155 769 830,B01,1,7,0,2,3,1,1,
2.024E+11,155 769 831,A01,2,7,0,2,3,1,1,
2.024E+11,155 769 828,A01,2,7,0,2,1,15,0,
2.024E+11,155 769 829,B01,1,7,0,2,1,1,1,
2.024E+11,155 769 827,A01,1,7,6,0,1,1,3,
2.024E+11,155 769 824,A01,3,7,0,1,4,4,1,
2.024E+11,155 769 823,A01,1,33,0,2,1,1,1,
2.024E+11,155 769 825,B01,2,13,0,2,3,1,1,
2.024E+11,155 769 826,A01,2,7,4,0,1,17,1,
2.024E+11,155 769 821,A01,1,7,0,2,6,15,1,
2.024E+11,155 769 822,B01,1,30,0,2,1,2,1,
2.024E+11,155 769 819,A01,1,7,0,2,2,1,1,
2.024E+11,155 769 820,B01,1,7,0,2,1,16,1,
2.024E+11,155 769 817,A01,2,33,0,2,1,1,1,
2.024E+11,155 769 818,B01,2,10,0,2,6,1,1,
2.024E+11,155 769 813,A01,1,33,0,2,1,1,1,
2.024E+11,155 769 815,B01,1,7,0,2,3,15,1,
2.024E+11,155 769 810,A01,2,14,0,2,2,12,1,
2.024E+11,155 769 812,B01,2,7,3,2,3,1,1,
2.024E+11,155 769 808,A01,1,7,6,0,1,13,1,
2.024E+11,155 769 809,A01,1,33,1,2,1,1,0,
2.024E+11,155 769 811,D01,1,50,0,0,6,26,3,
2.024E+11,155 769 814,B01,1,7,1,0,5,23,1,
2.024E+11,155 769 816,C01,1,7,0,0,4,23,1,
2.024E+11,155 769 805,B01,1,33,13,2,8,2,1,
2.024E+11,155 769 807,A01,1,7,0,2,2,2,1,
2.024E+11,155 769 806,A01,2,7,4,0,3,0,1,
2.024E+11,155 769 801,A01,1,7,0,2,3,13,1,
2.024E+11,155 769 803,B01,1,15,0,2,2,1,1,
2.024E+11,155 769 800,A01,0,7,0,2,1,0,1,
2.024E+11,155 769 804,B01,0,7,0,2,7,1,1,
2.024E+11,155 769 799,A01,2,7,0,2,1,2,1,
2.024E+11,155 769 802,B01,2,17,0,0,4,1,1,
2.024E+11,155 769 797,A01,1,7,0,2,2,1,1,
2.024E+11,155 769 798,B01,1,33,0,2,4,1,1,
2.024E+11,155 769 796,A01,2,7,2,0,3,13,1,
2.024E+11,155 769 794,A01,1,7,0,2,1,17,1,
2.024E+11,155 769 795,B01,2,7,0,2,1,1,1,
2.024E+11,155 769 791,A01,1,7,0,2,1,2,1,
2.024E+11,155 769 793,B01,1,10,0,2,3,26,1,
2.024E+11,155 769 790,A01,2,7,0,2,3,13,0,
2.024E+11,155 769 792,B01,1,7,0,2,3,1,0,
2.024E+11,155 769 788,B01,2,14,0,2,8,1,1,
2.024E+11,155 769 789,A01,1,7,0,2,3,13,2,
2.024E+11,155 769 786,A01,2,7,16,0,9,0,1,
2.024E+11,155 769 785,A01,2,30,0,2,8,26,1,
2.024E+11,155 769 787,B01,2,7,0,2,7,26,1,
2.024E+11,155 769 784,A01,1,7,2,0,1,1,1,
2.024E+11,155 769 781,B01,2,10,0,2,6,1,1,
2.024E+11,155 769 782,A01,2,10,0,2,1,1,1,
2.024E+11,155 769 780,B01,1,34,0,0,7,1,1,
2.024E+11,155 769 783,A01,1,7,0,0,1,15,2,
2.024E+11,155 769 778,A01,2,7,6,0,1,15,1,
2.024E+11,155 769 776,A01,2,10,0,2,8,19,1,
2.024E+11,155 769 779,B01,2,33,0,2,1,1,1,
2.024E+11,155 769 777,A01,1,31,15,0,1,2,1,
2.024E+11,155 769 774,A01,1,7,0,0,4,1,1,
2.024E+11,155 769 775,B01,1,7,0,2,1,1,1,
2.024E+11,155 769 773,A01,1,7,0,1,2,16,1,
2.024E+11,155 769 772,A01,2,7,8,0,3,1,0,
2.024E+11,155 769 771,A01,3,7,0,1,2,1,1,
2.024E+11,155 769 770,A01,2,7,2,0,2,1,1,
2.024E+11,155 769 769,A01,2,7,12,0,0,1,1,
2.024E+11,155 769 767,A01,2,10,0,9,2,2,1,
2.024E+11,155 769 768,B01,2,1,0,0,4,2,5,
2.024E+11,155 769 765,B01,3,7,0,2,6,4,1,
2.024E+11,155 769 766,A01,1,7,0,2,3,1,1,
2.024E+11,155 769 764,A01,3,7,0,1,1,1,1,
2.024E+11,155 769 761,A01,2,33,0,0,0,0,1,
2.024E+11,155 769 763,B01,2,7,0,2,0,0,0,
2.024E+11,155 769 760,A01,1,7,0,2,8,15,1,
2.024E+11,155 769 762,B01,2,7,0,2,1,1,1,
2.024E+11,155 769 759,A01,1,33,0,0,2,1,1,
2.024E+11,155 769 758,A01,1,7,13,0,3,1,2,
2.024E+11,155 769 757,A01,2,7,4,0,9,1,1,
2.024E+11,155 769 755,A01,1,7,0,2,3,1,1,
2.024E+11,155 769 756,B01,2,15,0,2,3,1,1,
2.024E+11,155 769 754,A01,1,2,0,1,1,2,1,
2.024E+11,155 769 752,A01,1,2,0,0,9,1,1,
2.024E+11,155 769 753,A01,3,7,0,1,8,23,2,
2.024E+11,155 769 751,A01,0,2,0,0,7,1,1,
2.024E+11,155 769 750,A01,1,7,2,0,2,1,1,
2.024E+11,155 769 746,A01,2,7,0,2,9,17,1,
2.024E+11,155 769 748,B01,1,7,0,2,3,1,1,
2.024E+11,155 769 749,C01,1,17,0,2,9,1,1,
2.024E+11,155 769 745,A01,2,7,0,2,8,19,1,
2.024E+11,155 769 747,B01,2,7,0,2,1,1,1,
2.024E+11,155 769 744,A01,1,7,0,1,2,1,1,
2.024E+11,155 769 743,A01,1,7,15,0,0,1,1,
2.024E+11,155 769 740,A01,1,7,0,2,1,15,1,
2.024E+11,155 769 741,B01,2,2,0,2,1,1,1,
2.024E+11,155 769 738,A01,3,7,0,2,1,1,1,
2.024E+11,155 769 739,B01,3,7,0,2,4,1,1,
2.024E+11,155 769 742,C01,3,7,0,2,4,15,1,
2.024E+11,155 769 737,A01,2,7,2,0,1,13,1,
2.024E+11,155 769 736,A01,1,7,5,0,7,2,1,
2.024E+11,155 769 734,A01,1,7,8,2,3,13,1,
2.024E+11,155 769 735,B01,2,7,0,2,3,1,1,
2.024E+11,155 769 733,UA01,0,7,2,0,1,21,1,
2.024E+11,155 769 730,B01,2,7,0,2,3,15,3,
2.024E+11,155 769 731,A01,2,50,0,2,1,26,3,
2.024E+11,155 769 732,A01,2,7,15,0,2,1,1,
2.024E+11,155 769 729,A01,3,7,2,0,3,1,1,
2.024E+11,155 769 728,A01,3,7,0,1,1,1,1,
2.024E+11,155 769 725,B01,2,2,0,2,0,1,1,
2.024E+11,155 769 727,A01,1,7,0,2,3,9,1,
2.024E+11,155 769 722,A01,3,7,0,2,2,15,1,
2.024E+11,155 769 723,B01,3,32,0,2,1,1,1,
2.024E+11,155 769 721,A01,1,7,2,0,0,14,1,
2.024E+11,155 769 718,A01,2,7,0,2,2,16,1,
2.024E+11,155 769 720,B01,2,2,0,2,0,26,1,
2.024E+11,155 769 719,A01,1,7,0,1,2,1,1,
2.024E+11,155 769 717,A01,2,7,0,1,3,1,1,
2.024E+11,155 769 715,A01,1,7,0,2,3,13,1,
2.024E+11,155 769 716,B01,2,15,0,2,3,1,1,
2.024E+11,155 769 713,B01,1,7,0,2,2,1,1,
2.024E+11,155 769 714,A01,0,33,0,2,4,19,1,
2.024E+11,155 769 712,A01,2,10,0,1,0,1,1,
2.024E+11,155 769 711,A01,1,30,0,1,2,17,1,
2.024E+11,155 769 710,A01,3,7,6,0,3,1,1,
2.024E+11,155 769 709,B01,0,7,0,0,0,0,-1,
2.024E+11,155 769 707,A01,2,33,0,2,1,1,1,
2.024E+11,155 769 708,B01,1,7,0,2,6,15,1,
2.024E+11,155 769 705,A01,2,7,0,2,2,13,3,
2.024E+11,155 769 706,B01,1,10,0,2,2,1,1,
2.024E+11,155 769 703,A01,2,33,0,2,8,1,1,
2.024E+11,155 769 704,B01,2,7,0,2,1,15,1,
2.024E+11,155 769 701,A01,1,7,0,2,8,19,2,
2.024E+11,155 769 702,B01,2,10,0,2,1,26,1,
2.024E+11,155 769 699,A01,2,31,0,2,1,26,1,
2.024E+11,155 769 700,B01,2,7,0,2,8,1,1,
2.024E+11,155 769 698,A01,0,7,2,0,5,4,1,
2.024E+11,155 769 697,A01,2,36,12,0,0,1,1,
2.024E+11,155 769 695,A01,1,7,0,2,1,5,1,
2.024E+11,155 769 696,B01,2,7,0,2,1,1,1,
2.024E+11,155 769 693,A01,1,7,10,0,1,1,1,
2.024E+11,155 769 692,A01,1,7,0,2,1,17,2,
2.024E+11,155 769 694,B01,1,10,0,2,1,1,1,
2.024E+11,155 769 691,B01,0,10,1,1,1,1,1,
2.024E+11,155 769 690,A01,1,7,13,0,3,1,1,
2.024E+11,155 769 689,A01,1,33,16,0,9,17,1,
2.024E+11,155 769 687,B01,1,7,0,2,4,0,1,
2.024E+11,155 769 688,A01,1,10,0,2,1,2,1,
2.024E+11,155 769 686,A01,2,34,13,0,1,18,1,
2.024E+11,155 769 684,A01,1,7,0,2,2,15,3,
2.024E+11,155 769 685,B01,1,2,0,2,3,21,1,
2.024E+11,155 769 683,A01,1,7,0,1,1,1,1,
2.024E+11,155 769 680,A01,2,33,0,2,1,1,1,
2.024E+11,155 769 682,B01,2,7,0,2,3,15,1,
2.024E+11,155 769 679,A01,2,7,0,2,1,1,1,
2.024E+11,155 769 681,B01,1,7,0,2,3,19,1,
2.024E+11,155 769 677,A01,1,7,0,2,3,15,1,
2.024E+11,155 769 678,B01,1,33,0,2,1,1,1,
2.024E+11,155 769 675,A01,1,7,0,0,6,23,1,
2.024E+11,155 769 676,B01,2,2,0,0,1,17,1,
2.024E+11,155 769 672,A01,3,7,0,2,3,9,1,
2.024E+11,155 769 674,B01,1,33,0,2,4,14,1,
2.024E+11,155 769 671,B01,1,7,1,0,1,1,3,
2.024E+11,155 769 673,A01,1,15,0,0,4,24,1,
2.024E+11,155 769 670,A01,2,33,0,0,9,2,1,
2.024E+11,155 769 669,A01,2,7,0,1,3,0,1,