Num_Acc,id_vehicule,num_veh,senc,catv,obs,obsm,choc,manv,motor,occutc
2.024E+11,155 768 749,A01,0,7,0,0,0,0,1,
2.024E+11,155 768 748,A01,2,7,0,1,2,1,1,
2.024E+11,155 768 746,A01,2,10,0,2,8,17,1,
2.024E+11,155 768 747,B01,2,33,0,2,7,17,1,
2.024E+11,155 768 743,A01,3,7,0,1,1,1,1,
2.024E+11,155 768 741,B01,2,1,0,0,0,0,5,
2.024E+11,155 768 742,A01,2,7,0,0,7,16,1,
2.024E+11,155 768 739,A01,0,10,0,2,1,1,1,
2.024E+11,155 768 740,B01,0,7,0,2,1,15,1,
2.024E+11,155 768 737,A01,2,10,0,2,3,15,1,
2.024E+11,155 768 738,B01,2,33,0,2,5,17,1,
2.024E+11,155 768 735,A01,3,31,0,2,1,13,0,
2.024E+11,155 768 736,B01,3,7,0,2,3,1,1,
2.024E+11,155 768 733,A01,2,7,0,2,3,13,1,
2.024E+11,155 768 734,B01,1,1,0,2,7,1,5,
2.024E+11,155 768 731,B01,1,31,0,2,7,26,0,
2.024E+11,155 768 732,A01,1,7,0,2,8,15,1,
2.024E+11,155 768 729,A01,1,1,0,2,5,25,5,
2.024E+11,155 768 730,B01,3,7,0,2,1,9,1,
2.024E+11,155 768 728,A01,1,10,0,1,1,1,1,
2.024E+11,155 768 726,A01,3,7,0,2,1,15,1,
2.024E+11,155 768 727,B01,3,33,0,2,1,17,1,
2.024E+11,155 768 725,A01,1,30,0,0,8,26,1,
2.024E+11,155 768 723,A01,3,7,0,2,3,15,1,
2.024E+11,155 768 724,B01,3,50,0,2,1,1,3,
2.024E+11,155 768 721,A01,1,7,0,2,0,0,1,
2.024E+11,155 768 722,B01,1,50,0,2,0,0,3,
2.024E+11,155 768 719,B01,3,33,0,2,1,5,1,
2.024E+11,155 768 720,A01,3,7,0,2,3,1,1,
2.024E+11,155 768 718,A01,3,7,0,1,2,1,1,
2.024E+11,155 768 717,A01,3,7,0,1,2,19,3,
2.024E+11,155 768 716,A01,2,10,0,1,3,1,1,
2.024E+11,155 768 714,A01,3,50,0,2,2,1,3,
2.024E+11,155 768 715,B01,3,7,0,2,3,1,2,
2.024E+11,155 768 713,A01,3,1,0,0,7,16,5,
2.024E+11,155 768 712,A01,0,7,16,0,1,1,0,
2.024E+11,155 768 711,A01,1,31,0,2,2,1,1,
2.024E+11,155 768 709,A01,3,7,0,2,0,1,1,
2.024E+11,155 768 710,B01,3,7,0,2,0,1,1,
2.024E+11,155 768 707,B01,3,1,0,2,1,1,5,
2.024E+11,155 768 708,A01,3,7,0,2,8,16,1,
2.024E+11,155 768 706,A01,2,7,0,1,2,1,1,
2.024E+11,155 768 704,B01,2,7,0,2,1,1,1,
2.024E+11,155 768 705,A01,1,7,0,2,1,13,1,
2.024E+11,155 768 702,B01,2,10,0,2,2,1,1,
2.024E+11,155 768 703,A01,1,7,0,2,1,9,1,
2.024E+11,155 768 700,A01,2,7,0,2,1,1,1,
2.024E+11,155 768 701,B01,1,7,0,2,6,1,2,
2.024E+11,155 768 699,A01,1,7,0,1,1,1,1,
2.024E+11,155 768 698,A01,1,33,7,0,1,2,1,
2.024E+11,155 768 696,B01,3,1,0,2,2,1,5,
2.024E+11,155 768 697,A01,1,7,0,2,5,15,1,
2.024E+11,155 768 692,C01,1,10,0,2,4,23,1,
2.024E+11,155 768 694,A01,1,7,0,2,1,1,1,
2.024E+11,155 768 695,B01,1,7,0,2,1,1,1,
2.024E+11,155 768 689,A01,2,7,12,0,2,15,1,
2.024E+11,155 768 688,B01,3,7,0,2,6,1,2,
2.024E+11,155 768 690,A01,3,31,0,2,1,1,1,
2.024E+11,155 768 687,Z01,0,30,0,1,0,26,0,
2.024E+11,155 768 684,A01,2,10,0,2,3,1,1,
2.024E+11,155 768 685,B01,2,7,0,2,4,1,1,
2.024E+11,155 768 686,C01,2,7,0,2,4,1,1,
2.024E+11,155 768 683,A01,2,33,0,1,1,1,1,
2.024E+11,155 768 681,A01,0,7,0,1,1,1,1,
2.024E+11,155 768 680,B01,2,33,0,2,0,1,0,
2.024E+11,155 768 682,A01,1,7,0,2,7,15,1,
2.024E+11,155 768 678,A01,3,30,0,2,1,10,1,
2.024E+11,155 768 679,B01,3,7,0,2,8,1,1,
2.024E+11,155 768 677,A01,2,33,0,1,1,26,1,
2.024E+11,155 768 676,A01,2,1,0,0,1,0,5,
2.024E+11,155 768 675,A01,2,7,0,9,8,26,1,
2.024E+11,155 768 673,A01,1,7,0,1,1,1,1,
2.024E+11,155 768 672,A01,2,7,0,9,0,7,0,
2.024E+11,155 768 674,B01,1,1,0,2,0,7,5,
2.024E+11,155 768 670,A01,2,33,7,0,0,0,1,
2.024E+11,155 768 668,A01,1,33,0,2,1,1,1,
2.024E+11,155 768 669,B01,1,7,0,2,7,2,1,
2.024E+11,155 768 671,C01,1,10,0,2,4,1,1,
2.024E+11,155 768 667,A01,2,7,0,1,1,1,1,
2.024E+11,155 768 665,B01,1,33,0,2,0,0,1,
2.024E+11,155 768 666,A01,3,7,0,2,2,15,1,
2.024E+11,155 768 662,A01,3,7,0,0,8,1,1,
2.024E+11,155 768 661,B01,1,33,0,2,2,2,1,
2.024E+11,155 768 663,A01,1,7,0,2,8,11,1,
2.024E+11,155 768 660,A01,1,7,0,1,1,1,1,
2.024E+11,155 768 659,A01,1,7,3,0,1,14,1,
2.024E+11,155 768 656,A01,2,7,0,9,0,16,0,
2.024E+11,155 768 657,B01,2,50,0,2,1,1,3,
2.024E+11,155 768 655,A01,1,7,0,2,2,1,1,
2.024E+11,155 768 658,B01,2,1,0,2,6,19,5,
2.024E+11,155 768 653,A01,1,50,0,0,0,1,3,
2.024E+11,155 768 654,A01,1,7,0,1,4,4,1,
2.024E+11,155 768 650,B01,1,32,0,2,0,16,1,
2.024E+11,155 768 652,A01,1,7,0,2,7,16,1,
2.024E+11,155 768 649,A01,1,50,0,2,8,12,3,
2.024E+11,155 768 651,Z01,1,7,0,0,8,1,0,
2.024E+11,155 768 646,A01,0,7,0,2,3,15,2,
2.024E+11,155 768 648,B01,1,50,0,2,1,1,3,
2.024E+11,155 768 645,A01,1,7,0,1,2,1,2,
2.024E+11,155 768 644,B01,1,7,0,2,3,15,1,
2.024E+11,155 768 647,A01,1,33,0,2,1,17,1,
2.024E+11,155 768 640,A01,2,7,0,2,2,1,2,
2.024E+11,155 768 643,B01,2,80,12,0,8,9,3,
2.024E+11,155 768 641,B01,1,32,0,0,7,17,1,
2.024E+11,155 768 642,A01,3,7,0,2,1,16,1,
2.024E+11,155 768 639,A01,1,80,0,0,1,1,3,
2.024E+11,155 768 636,A01,0,30,0,2,1,0,0,
2.024E+11,155 768 638,B01,0,7,0,0,4,0,1,
2.024E+11,155 768 634,A01,3,43,1,0,1,13,1,
2.024E+11,155 768 630,A01,3,40,0,2,1,0,3,
2.024E+11,155 768 633,B01,3,40,0,2,4,0,3,
2.024E+11,155 768 631,A01,0,7,0,2,2,17,1,
2.024E+11,155 768 632,B01,0,1,0,2,1,1,5,
2.024E+11,155 768 628,A01,1,7,0,2,3,15,1,
2.024E+11,155 768 629,B01,1,2,0,2,1,1,1,
2.024E+11,155 768 627,A01,1,7,0,1,0,1,1,
2.024E+11,155 768 624,A01,1,10,0,2,1,2,1,
2.024E+11,155 768 626,B01,1,7,0,2,4,0,1,
2.024E+11,155 768 623,B01,3,33,0,2,3,1,1,
2.024E+11,155 768 625,A01,3,7,0,2,3,15,1,
2.024E+11,155 768 621,A01,0,33,0,2,8,1,1,
2.024E+11,155 768 622,B01,0,33,0,2,7,1,1,
2.024E+11,155 768 619,A01,2,7,0,2,1,2,1,
2.024E+11,155 768 620,B01,2,7,0,2,4,2,1,
2.024E+11,155 768 617,A01,1,7,0,2,1,15,1,
2.024E+11,155 768 618,B01,2,1,0,2,6,1,5,
2.024E+11,155 768 614,A01,1,31,0,0,0,1,1,
2.024E+11,155 768 615,A01,1,7,0,2,1,26,1,
2.024E+11,155 768 616,B01,1,80,0,2,4,0,3,
2.024E+11,155 768 613,A01,1,50,0,1,1,1,3,
2.024E+11,155 768 610,A01,1,7,0,2,1,2,1,
2.024E+11,155 768 612,B01,1,7,0,2,4,1,1,
2.024E+11,155 768 609,A01,3,7,0,2,2,1,1,
2.024E+11,155 768 611,B01,3,50,0,2,1,16,3,
2.024E+11,155 768 606,A01,1,1,0,2,8,1,5,
2.024E+11,155 768 607,B01,1,7,0,2,7,1,0,
2.024E+11,155 768 605,B01,1,10,0,2,2,0,1,
2.024E+11,155 768 608,A01,1,30,0,2,3,11,1,
2.024E+11,155 768 603,A01,1,33,0,1,1,1,1,
2.024E+11,155 768 602,A01,1,7,0,1,3,1,1,
2.024E+11,155 768 604,B01,2,10,0,1,3,1,1,
2.024E+11,155 768 599,A01,2,7,0,2,5,15,1,
2.024E+11,155 768 601,B01,1,33,0,2,1,1,1,
2.024E+11,155 768 598,A01,2,10,0,2,1,1,1,
2.024E+11,155 768 600,B01,2,15,0,2,4,1,1,
2.024E+11,155 768 595,A01,3,7,0,2,3,1,0,
2.024E+11,155 768 597,B01,0,13,0,0,4,1,0,
2.024E+11,155 768 594,A01,1,10,0,0,6,9,1,
2.024E+11,155 768 596,B01,2,2,0,2,1,1,1,
2.024E+11,155 768 592,A01,2,33,3,0,1,0,0,
2.024E+11,155 768 591,A01,2,7,0,2,3,11,1,
2.024E+11,155 768 593,B01,2,33,0,2,7,2,1,
2.024E+11,155 768 590,A01,1,7,1,0,9,21,1,
2.024E+11,155 768 588,A01,2,7,0,2,1,2,1,
2.024E+11,155 768 589,B01,2,10,0,2,4,2,1,
2.024E+11,155 768 587,A01,2,7,0,1,2,1,2,
2.024E+11,155 768 586,A01,2,33,0,0,0,26,1,
2.024E+11,155 768 583,A01,2,7,0,0,7,1,1,
2.024E+11,155 768 585,B01,1,33,0,2,1,1,1,
2.024E+11,155 768 584,A01,2,10,0,1,2,21,3,
2.024E+11,155 768 581,B01,2,33,0,2,4,2,1,
2.024E+11,155 768 582,A01,2,7,0,2,2,2,1,
2.024E+11,155 768 580,A01,1,7,0,1,3,1,2,
2.024E+11,155 768 578,A01,1,7,6,0,1,1,1,
2.024E+11,155 768 579,A01,1,10,0,1,1,26,3,
2.024E+11,155 768 577,A01,2,7,8,0,3,3,1,
2.024E+11,155 768 574,A01,1,33,0,2,1,1,1,
2.024E+11,155 768 576,B01,1,43,0,2,3,15,1,
2.024E+11,155 768 573,A01,1,33,4,0,7,17,1,
2.024E+11,155 768 575,B01,1,7,0,2,6,17,1,
2.024E+11,155 768 571,A01,1,7,13,0,1,1,1,
2.024E+11,155 768 570,A01,1,7,0,2,3,9,1,
2.024E+11,155 768 572,B01,2,60,0,2,2,1,5,
2.024E+11,155 768 569,A01,2,7,6,0,3,2,1,
2.024E+11,155 768 567,A01,1,7,2,0,1,0,1,
2.024E+11,155 768 568,A01,1,2,0,0,1,2,1,
2.024E+11,155 768 566,A01,2,7,6,0,9,1,2,
2.024E+11,155 768 565,Z01,1,34,0,1,0,0,1,
2.024E+11,155 768 562,A01,1,1,0,1,1,1,5,
2.024E+11,155 768 560,A01,3,1,12,0,1,2,5,
2.024E+11,155 768 559,A01,2,7,9,9,1,15,1,
2.024E+11,155 768 561,B01,2,1,0,0,6,15,5,
2.024E+11,155 768 558,A01,0,2,0,0,1,1,1,
2.024E+11,155 768 557,A01,2,1,0,1,1,1,5,
2.024E+11,155 768 556,A01,1,33,13,0,1,0,1,
2.024E+11,155 768 555,A01,1,50,14,0,1,2,3,
2.024E+11,155 768 554,A01,1,7,13,0,8,1,1,
2.024E+11,155 768 550,B01,3,43,0,2,1,2,1,
2.024E+11,155 768 552,C01,3,33,0,2,1,2,1,
2.024E+11,155 768 553,A01,3,7,0,2,4,2,1,
2.024E+11,155 768 551,A01,1,32,6,0,2,14,1,
2.024E+11,155 768 548,A01,2,31,12,0,3,14,1,
2.024E+11,155 768 547,A01,1,10,0,2,6,0,2,
2.024E+11,155 768 549,B01,1,1,0,2,3,2,5,
2.024E+11,155 768 545,B01,2,33,0,2,1,1,1,
2.024E+11,155 768 546,A01,1,7,0,2,3,15,1,
2.024E+11,155 768 544,A01,1,7,0,1,1,15,1,
2.024E+11,155 768 542,A01,2,33,16,2,1,17,1,
2.024E+11,155 768 543,B01,2,7,0,0,3,15,1,
2.024E+11,155 768 541,A01,1,7,0,1,1,15,3,
2.024E+11,155 768 540,A01,1,31,12,0,8,0,1,
2.024E+11,155 768 536,B01,2,7,0,2,7,0,1,
2.024E+11,155 768 538,A01,2,33,0,2,7,26,1,
2.024E+11,155 768 539,C01,2,10,0,2,8,0,1,
2.024E+11,155 768 535,A01,1,1,0,2,0,2,5,
2.024E+11,155 768 537,B01,1,1,0,2,0,2,5,
2.024E+11,155 768 534,A01,1,33,0,0,7,13,1,
2.024E+11,155 768 533,A01,2,7,0,1,2,17,3,
2.024E+11,155 768 532,A01,1,7,6,0,1,2,1,
2.024E+11,155 768 531,A01,3,7,0,1,6,4,2,
2.024E+11,155 768 530,A01,2,7,2,0,8,1,1,
2.024E+11,155 768 528,B01,3,7,0,2,1,1,1,
2.024E+11,155 768 529,A01,3,7,0,2,4,23,1,
2.024E+11,155 768 527,A01,1,7,8,0,1,13,1,
2.024E+11,155 768 525,B01,1,10,0,2,4,23,1,
2.024E+11,155 768 526,A01,1,7,0,2,1,1,1,
2.024E+11,155 768 524,A01,2,10,0,1,2,26,1,
2.024E+11,155 768 521,B01,1,50,0,2,2,1,3,
2.024E+11,155 768 522,SA01,1,7,0,2,3,15,1,
2.024E+11,155 768 517,A01,2,43,0,2,1,1,1,
2.024E+11,155 768 518,B01,2,1,0,2,8,10,5,
2.024E+11,155 768 516,A01,1,7,17,9,2,0,1,
2.024E+11,155 768 514,B01,1,10,0,2,6,2,0,
2.024E+11,155 768 515,A01,1,7,0,2,1,2,1,
2.024E+11,155 768 512,A01,1,33,0,2,1,1,1,
2.024E+11,155 768 513,B01,2,33,0,2,1,1,1,
2.024E+11,155 768 511,A01,2,7,0,1,1,26,1,
2.024E+11,155 768 509,A01,2,7,0,2,3,13,1,
2.024E+11,155 768 510,B01,1,7,0,2,3,1,1,
2.024E+11,155 768 508,A01,3,7,0,1,2,1,2,
2.024E+11,155 768 506,B01,2,7,0,2,2,0,1,
2.024E+11,155 768 507,A01,1,7,0,2,2,13,1,
2.024E+11,155 768 504,B01,3,34,0,2,3,2,1,
2.024E+11,155 768 505,A01,3,32,0,0,0,0,1,
2.024E+11,155 768 500,A01,1,10,0,2,2,15,1,
2.024E+11,155 768 501,B01,2,33,0,2,8,1,1,
2.024E+11,155 768 502,B01,1,1,0,2,1,1,5,
2.024E+11,155 768 503,A01,2,7,0,2,3,1,1,
2.024E+11,155 768 498,A01,2,31,0,2,8,1,1,
2.024E+11,155 768 499,B01,0,7,0,2,5,20,2,
2.024E+11,155 768 497,A01,1,7,2,0,1,1,1,
2.024E+11,155 768 496,A01,2,7,0,1,1,1,1,
2.024E+11,155 768 495,A01,0,7,2,0,3,1,1,
2.024E+11,155 768 492,A01,1,7,0,2,4,2,1,
2.024E+11,155 768 493,B01,1,7,1,2,6,2,0,
2.024E+11,155 768 494,C01,1,7,1,2,1,2,1,
2.024E+11,155 768 491,A01,1,7,6,0,1,0,1,
2.024E+11,155 768 489,A01,1,7,13,0,3,13,1,
2.024E+11,155 768 488,A01,3,7,0,2,4,1,1,
2.024E+11,155 768 490,B01,3,7,0,1,1,1,1,
2.024E+11,155 768 487,A01,1,7,0,0,0,1,1,
2.024E+11,155 768 486,Z01,2,7,0,1,2,1,1,
2.024E+11,155 768 484,A01,2,7,0,1,1,1,0,
2.024E+11,155 768 483,B01,1,33,0,2,1,13,1,
2.024E+11,155 768 485,A01,2,30,0,2,1,1,1,
2.024E+11,155 768 482,A01,1,10,3,0,2,1,1,
2.024E+11,155 768 481,A01,0,32,0,1,1,17,1,
2.024E+11,155 768 480,A01,1,17,1,0,2,1,1,
2.024E+11,155 768 479,A01,1,7,0,1,7,2,1,
2.024E+11,155 768 475,B01,1,7,0,2,3,19,1,
2.024E+11,155 768 478,A01,1,33,0,2,1,1,1,
2.024E+11,155 768 476,A01,1,10,0,2,3,26,1,
2.024E+11,155 768 477,B01,1,7,0,2,5,1,1,
2.024E+11,155 768 473,A01,2,33,0,0,0,1,1,
2.024E+11,155 768 468,B01,1,33,0,2,3,1,1,
2.024E+11,155 768 470,A01,2,7,0,2,1,15,1,
2.024E+11,155 768 466,A01,3,60,0,0,0,1,5,
2.024E+11,155 768 463,A01,1,7,0,2,3,2,1,
2.024E+11,155 768 465,B01,1,21,0,0,6,15,1,
2.024E+11,155 768 462,A01,1,7,0,2,1,9,1,
2.024E+11,155 768 464,B01,1,7,0,2,5,0,1,
2.024E+11,155 768 460,B01,2,7,0,2,2,1,0,
2.024E+11,155 768 461,A01,1,7,0,2,3,1,1,
2.024E+11,155 768 459,A01,3,7,0,0,9,21,1,
2.024E+11,155 768 457,A01,2,7,2,0,3,14,1,
2.024E+11,155 768 458,B01,1,10,0,2,5,17,1,
2.024E+11,155 768 456,A01,1,32,7,0,1,1,1,
2.024E+11,155 768 455,A01,2,7,9,1,1,0,1,
2.024E+11,155 768 453,A01,2,33,0,2,0,13,1,
2.024E+11,155 768 454,B01,1,10,0,2,1,1,1,
2.024E+11,155 768 451,A01,2,33,0,2,1,1,1,
2.024E+11,155 768 452,B01,2,7,0,2,6,15,1,
2.024E+11,155 768 449,B01,2,13,0,2,3,1,1,
2.024E+11,155 768 450,A01,1,7,0,2,3,1,1,
2.024E+11,155 768 448,A01,3,43,15,0,3,11,1,
2.024E+11,155 768 447,A01,1,7,16,0,0,1,1,
2.024E+11,155 768 446,A01,2,0,0,1,0,0,0,
2.024E+11,155 768 444,A01,1,7,0,2,3,1,1,
2.024E+11,155 768 445,B01,2,7,0,2,2,1,1,
2.024E+11,155 768 442,A01,2,7,0,2,1,13,1,
2.024E+11,155 768 443,B01,1,10,0,2,2,1,1,
2.024E+11,155 768 439,A01,1,7,0,0,3,15,1,
2.024E+11,155 768 441,B01,2,33,13,2,9,1,1,
2.024E+11,155 768 438,A01,2,33,0,2,1,1,1,
2.024E+11,155 768 440,B01,1,7,0,2,3,1,1,
2.024E+11,155 768 437,A01,1,33,7,0,1,1,1,
2.024E+11,155 768 436,A01,3,7,2,0,3,0,1,
2.024E+11,155 768 433,B01,2,14,0,2,1,1,1,
2.024E+11,155 768 435,A01,1,7,0,2,8,19,1,
2.024E+11,155 768 432,A01,1,7,0,9,2,21,1,
2.024E+11,155 768 430,A01,1,7,0,2,2,1,1,
2.024E+11,155 768 431,B01,1,33,0,0,4,23,1,
2.024E+11,155 768 428,A01,1,2,11,0,0,1,1,
2.024E+11,155 768 427,A01,2,33,0,2,1,13,1,
2.024E+11,155 768 429,B01,1,7,0,2,1,1,1,
2.024E+11,155 768 424,A01,2,7,0,2,1,1,3,
2.024E+11,155 768 426,B01,2,7,0,2,5,16,1,
2.024E+11,155 768 423,B01,1,7,0,2,1,1,1,
2.024E+11,155 768 425,A01,1,7,0,0,4,1,1,
2.024E+11,155 768 421,B01,1,1,0,2,7,1,5,
2.024E+11,155 768 422,A01,2,7,0,2,3,16,1,
2.024E+11,155 768 419,A01,2,31,0,2,1,17,1,
2.024E+11,155 768 420,B01,1,7,0,2,8,2,2,
2.024E+11,155 768 418,A01,1,15,0,1,2,9,1,
2.024E+11,155 768 417,A01,1,7,8,0,1,14,1,
2.024E+11,155 768 416,A01,0,7,13,0,3,21,1,
2.024E+11,155 768 415,A01,1,7,2,0,1,1,1,
2.024E+11,155 768 412,A01,2,31,0,2,6,11,1,
2.024E+11,155 768 414,B01,2,7,0,2,2,2,1,
2.024E+11,155 768 411,A01,1,7,0,0,4,15,1,
2.024E+11,155 768 413,B01,1,7,0,2,1,1,1,
2.024E+11,155 768 408,B01,2,7,0,2,1,11,1,
2.024E+11,155 768 410,A01,2,7,0,2,4,2,1,
2.024E+11,155 768 407,A01,1,7,0,2,3,13,1,
2.024E+11,155 768 409,B01,2,10,0,2,3,1,1,
2.024E+11,155 768 406,A01,1,33,0,0,4,2,1,
2.024E+11,155 768 404,A01,1,3,0,2,2,15,3,
2.024E+11,155 768 405,B01,1,7,0,2,1,1,1,
2.024E+11,155 768 401,A01,2,33,0,2,2,3,1,
2.024E+11,155 768 403,B01,2,7,0,0,6,1,1,
2.024E+11,155 768 397,A01,1,7,0,2,1,2,1,
2.024E+11,155 768 399,B01,1,7,0,2,4,2,2,
2.024E+11,155 768 400,C01,1,10,0,2,4,2,1,
2.024E+11,155 768 402,D01,1,10,0,0,4,2,3,
2.024E+11,155 768 396,B01,1,7,0,2,6,1,1,
2.024E+11,155 768 398,A01,1,33,0,2,1,1,1,
2.024E+11,155 768 394,A01,2,7,3,0,1,1,1,
2.024E+11,155 768 393,A01,1,7,3,2,2,17,1,
2.024E+11,155 768 395,B01,1,15,0,2,6,1,1,
2.024E+11,155 768 390,A01,1,7,0,2,2,11,1,
2.024E+11,155 768 392,B01,1,33,0,2,4,1,1,
2.024E+11,155 768 389,A01,2,7,0,2,1,5,1,
2.024E+11,155 768 391,B01,1,2,0,2,1,1,1,
2.024E+11,155 768 386,A01,1,10,0,0,6,24,1,
2.024E+11,155 768 388,B01,1,10,1,0,2,1,1,
2.024E+11,155 768 384,B01,1,33,0,2,3,1,1,
2.024E+11,155 768 385,C01,1,10,0,2,5,1,1,
2.024E+11,155 768 387,A01,1,7,0,2,0,11,1,
2.024E+11,155 768 383,A01,1,33,0,0,0,16,1,
2.024E+11,155 768 381,A01,1,7,0,2,1,1,1,
2.024E+11,155 768 382,B01,1,7,0,2,4,11,1,
2.024E+11,155 768 380,A01,2,33,3,0,1,14,1,
2.024E+11,155 768 377,A01,1,33,0,2,5,3,1,
2.024E+11,155 768 379,B01,1,10,0,2,8,11,1,
2.024E+11,155 768 375,A01,2,32,4,0,1,16,1,
2.024E+11,155 768 376,A01,2,33,16,2,9,1,1,
2.024E+11,155 768 378,B01,1,7,0,2,2,2,1,
2.024E+11,155 768 374,A01,2,33,0,2,1,3,1,
2.024E+11,155 768 373,A01,2,33,12,0,1,1,1,
2.024E+11,155 768 371,A01,1,7,0,1,1,1,1,
2.024E+11,155 768 370,B01,2,7,0,2,1,1,1,
2.024E+11,155 768 372,A01,2,7,13,0,8,9,1,
2.024E+11,155 768 368,A01,1,7,0,2,5,2,1,
2.024E+11,155 768 369,B01,1,10,0,2,3,0,1,
2.024E+11,155 768 366,B01,3,7,0,2,8,15,1,
2.024E+11,155 768 367,A01,1,7,0,2,1,1,1,
2.024E+11,155 768 365,A01,3,7,0,1,2,26,1,
2.024E+11,155 768 363,B01,1,7,0,2,3,1,1,
2.024E+11,155 768 364,A01,2,2,0,2,3,13,1,
2.024E+11,155 768 361,B01,2,50,0,2,1,1,3,
2.024E+11,155 768 362,A01,2,7,0,2,2,16,1,
2.024E+11,155 768 354,B01,1,7,0,2,4,26,1,
2.024E+11,155 768 356,C01,1,7,0,2,4,0,1,
2.024E+11,155 768 358,A01,1,7,0,2,1,0,1,
2.024E+11,155 768 353,A01,2,99,0,2,1,17,1,
2.024E+11,155 768 355,B01,2,7,0,2,1,1,1,
2.024E+11,155 768 357,C01,1,7,0,2,1,1,1,
2.024E+11,155 768 352,A01,1,33,6,0,1,1,1,
2.024E+11,155 768 350,B01,1,33,0,2,5,23,1,
2.024E+11,155 768 351,A01,1,7,0,2,3,18,1,
2.024E+11,155 768 349,A01,1,32,14,0,1,9,1,
2.024E+11,155 768 348,A01,3,50,0,0,1,1,3,
2.024E+11,155 768 347,A01,1,7,3,0,2,1,1,
2.024E+11,155 768 346,A01,1,7,4,0,2,1,1,
2.024E+11,155 768 344,A01,2,17,0,2,1,21,1,
2.024E+11,155 768 345,B01,2,17,0,2,8,23,1,
2.024E+11,155 768 341,A01,1,7,0,2,5,2,1,
2.024E+11,155 768 343,B01,1,33,0,2,1,2,1,
2.024E+11,155 768 339,A01,2,17,1,2,5,1,1,
2.024E+11,155 768 340,B01,2,17,0,2,3,23,1,
2.024E+11,155 768 342,C01,2,7,0,2,8,1,1,
2.024E+11,155 768 337,A01,1,7,1,2,9,21,1,
2.024E+11,155 768 338,B01,1,7,0,2,1,15,1,
2.024E+11,155 768 336,A01,2,43,0,1,1,1,1,
2.024E+11,155 768 334,B01,3,7,0,2,3,1,1,
2.024E+11,155 768 335,A01,3,7,0,2,1,19,1,
2.024E+11,155 768 332,A01,3,7,0,2,7,19,1,
2.024E+11,155 768 333,B01,3,7,0,2,1,1,1,
2.024E+11,155 768 331,A01,2,7,0,1,8,1,1,
2.024E+11,155 768 329,A01,3,7,12,2,4,23,1,
2.024E+11,155 768 330,B01,3,7,0,2,1,2,1,
2.024E+11,155 768 327,A01,1,33,0,2,1,2,1,
2.024E+11,155 768 328,B01,1,7,0,2,4,1,1,
2.024E+11,155 768 325,B01,1,7,0,2,8,1,2,
2.024E+11,155 768 326,A01,1,7,0,2,3,15,1,
2.024E+11,155 768 323,A01,2,7,0,2,1,0,0,
2.024E+11,155 768 324,B01,3,7,0,2,4,1,0,
2.024E+11,155 768 321,A01,2,7,0,2,8,10,2,
2.024E+11,155 768 322,B01,2,33,0,2,2,2,1,
2.024E+11,155 768 320,A01,1,7,3,0,1,9,1,
2.024E+11,155 768 318,B01,2,7,0,2,2,1,1,
2.024E+11,155 768 319,A01,1,7,0,2,3,16,1,
2.024E+11,155 768 316,B01,1,7,0,2,4,1,1,
2.024E+11,155 768 317,A01,1,31,0,2,4,21,1,
2.024E+11,155 768 314,A01,3,7,0,2,4,1,1,
2.024E+11,155 768 315,B01,1,50,0,2,1,1,3,
2.024E+11,155 768 313,A01,3,7,0,1,2,21,1,
2.024E+11,155 768 311,A01,3,7,0,2,1,16,1,
2.024E+11,155 768 312,B01,3,1,0,2,1,1,5,
2.024E+11,155 768 310,A01,3,7,0,1,1,1,1,
2.024E+11,155 768 309,A01,2,7,7,0,1,26,1,
2.024E+11,155 768 308,A01,0,50,0,0,0,1,3,
2.024E+11,155 768 307,A01,0,7,0,1,1,16,1,
2.024E+11,155 768 304,A01,1,7,0,2,1,2,1,
2.024E+11,155 768 305,B01,1,7,0,2,1,2,1,
2.024E+11,155 768 306,C01,1,7,0,2,4,2,1,
2.024E+11,155 768 301,C01,2,7,0,2,0,0,1,
2.024E+11,155 768 302,B01,1,33,0,2,0,2,1,
2.024E+11,155 768 303,A01,1,7,0,2,2,9,1,
2.024E+11,155 768 298,A01,1,7,0,1,2,17,0,
2.024E+11,155 768 297,A01,1,0,0,1,0,26,0,
2.024E+11,155 768 295,B01,2,50,0,2,7,19,3,
2.024E+11,155 768 296,A01,1,10,0,2,1,16,1,
2.024E+11,155 768 293,B01,1,32,0,2,8,1,1,
2.024E+11,155 768 294,A01,3,7,0,2,3,15,1,
2.024E+11,155 768 291,B01,1,7,0,2,8,15,1,
2.024E+11,155 768 292,A01,2,7,0,2,1,1,1,
2.024E+11,155 768 290,A01,2,7,0,1,3,1,1,
2.024E+11,155 768 288,A01,3,7,0,9,5,16,1,
2.024E+11,155 768 289,B01,1,80,0,2,1,1,2,
2.024E+11,155 768 286,B01,2,7,0,2,1,1,1,
2.024E+11,155 768 287,A01,2,1,0,2,2,15,5,
2.024E+11,155 768 283,B01,2,7,0,0,0,0,1,
2.024E+11,155 768 284,A01,2,7,0,2,1,1,1,
2.024E+11,155 768 285,C01,2,7,0,2,4,1,2,
2.024E+11,155 768 281,A01,2,80,0,2,8,2,2,
2.024E+11,155 768 282,B01,2,80,0,2,2,2,2,
2.024E+11,155 768 279,A01,1,33,6,2,1,17,1,
2.024E+11,155 768 280,B01,1,7,0,2,8,15,1,
2.024E+11,155 768 277,B01,2,32,0,2,1,1,1,