Num_Acc,id_vehicule,num_veh,senc,catv,obs,obsm,choc,manv,motor,occutc
2.024E+11,155 766 885,B01,0,50,0,2,2,26,3,
2.024E+11,155 766 880,B01,2,1,0,2,2,1,5,
2.024E+11,155 766 882,A01,2,7,0,9,3,20,2,
2.024E+11,155 766 877,A01,2,33,1,0,1,26,1,
2.024E+11,155 766 878,A01,1,30,0,2,1,0,1,
2.024E+11,155 766 879,B01,1,7,0,0,0,0,1,
2.024E+11,155 766 875,B01,1,7,0,2,3,1,2,
2.024E+11,155 766 876,A01,2,80,0,2,1,19,3,
2.024E+11,155 766 874,A01,1,7,0,1,1,19,1,
2.024E+11,155 766 873,A01,3,50,0,1,8,7,3,
2.024E+11,155 766 870,A01,1,7,0,2,5,15,1,
2.024E+11,155 766 871,B01,2,2,0,2,1,1,1,
2.024E+11,155 766 872,A01,1,3,0,1,2,1,3,
2.024E+11,155 766 868,A01,1,31,0,2,1,1,1,
2.024E+11,155 766 869,B01,1,31,0,2,4,23,1,
2.024E+11,155 766 866,A01,1,7,0,1,2,1,1,
2.024E+11,155 766 865,A01,1,7,0,2,5,24,2,
2.024E+11,155 766 867,B01,1,43,1,2,3,1,1,
2.024E+11,155 766 863,A01,1,7,0,1,1,16,1,
2.024E+11,155 766 862,A01,2,10,0,2,8,9,1,
2.024E+11,155 766 864,B01,2,2,0,2,1,1,1,
2.024E+11,155 766 859,A01,1,7,0,2,1,2,1,
2.024E+11,155 766 861,B01,1,50,0,0,0,0,3,
2.024E+11,155 766 857,A01,1,7,0,2,2,1,1,
2.024E+11,155 766 860,B01,2,50,0,2,1,1,3,
2.024E+11,155 766 856,A01,1,31,0,2,1,1,1,
2.024E+11,155 766 858,B01,2,7,0,2,5,15,2,
2.024E+11,155 766 853,A01,1,10,0,2,7,2,1,
2.024E+11,155 766 854,B01,3,50,0,2,1,0,3,
2.024E+11,155 766 851,A01,1,10,8,2,1,1,1,
2.024E+11,155 766 855,B01,3,7,8,2,8,19,1,
2.024E+11,155 766 850,A01,2,7,1,2,1,26,1,
2.024E+11,155 766 852,B01,2,1,12,2,4,1,5,
2.024E+11,155 766 849,A01,1,7,1,0,2,0,1,
2.024E+11,155 766 848,A01,1,7,6,0,2,1,3,
2.024E+11,155 766 845,A01,1,7,6,0,1,26,1,
2.024E+11,155 766 843,A01,3,10,0,2,1,15,0,
2.024E+11,155 766 844,B01,0,7,0,2,4,15,0,
2.024E+11,155 766 841,B01,1,50,0,2,3,2,3,
2.024E+11,155 766 842,A01,1,10,0,2,2,2,1,
2.024E+11,155 766 838,A01,1,1,0,2,7,1,5,
2.024E+11,155 766 840,B01,1,7,0,2,1,15,1,
2.024E+11,155 766 836,B01,2,7,0,2,4,2,1,
2.024E+11,155 766 837,A01,2,7,0,2,1,2,1,
2.024E+11,155 766 835,A01,3,7,0,2,2,1,2,
2.024E+11,155 766 839,B01,0,7,0,2,8,15,1,
2.024E+11,155 766 832,B01,1,7,0,2,1,1,1,
2.024E+11,155 766 834,A01,1,10,0,2,0,0,1,
2.024E+11,155 766 831,B01,0,33,0,2,1,1,1,
2.024E+11,155 766 833,A01,0,7,0,2,2,9,2,
2.024E+11,155 766 829,P01,0,99,0,2,3,0,0,
2.024E+11,155 766 830,A01,0,7,0,2,1,1,2,
2.024E+11,155 766 827,A01,0,50,0,0,0,25,3,
2.024E+11,155 766 826,A01,1,7,0,2,1,13,1,
2.024E+11,155 766 828,B01,2,7,0,2,3,0,0,
2.024E+11,155 766 820,B01,1,7,0,2,4,1,1,
2.024E+11,155 766 821,A01,1,7,14,0,1,1,1,
2.024E+11,155 766 818,A01,1,7,0,2,5,15,0,
2.024E+11,155 766 822,B01,1,7,0,2,1,1,2,
2.024E+11,155 766 825,C01,2,7,0,2,8,1,1,
2.024E+11,155 766 817,A01,1,50,0,2,1,5,3,
2.024E+11,155 766 819,B01,1,7,0,2,3,15,1,
2.024E+11,155 766 815,A01,2,33,0,9,8,17,1,
2.024E+11,155 766 816,B01,2,1,0,2,3,15,5,
2.024E+11,155 766 811,A01,2,7,0,2,1,9,1,
2.024E+11,155 766 814,B01,1,33,0,2,7,1,1,
2.024E+11,155 766 812,B01,2,30,0,2,4,2,1,
2.024E+11,155 766 813,A01,2,7,0,2,1,2,3,
2.024E+11,155 766 807,A01,-1,2,0,0,1,1,-1,
2.024E+11,155 766 803,A01,1,7,0,2,1,2,1,
2.024E+11,155 766 806,B01,1,7,0,2,4,2,1,
2.024E+11,155 766 809,D01,1,7,0,2,4,2,1,
2.024E+11,155 766 810,C01,1,7,0,2,4,2,1,
2.024E+11,155 766 802,A01,1,7,0,2,1,13,1,
2.024E+11,155 766 804,D01,2,7,0,2,3,1,1,
2.024E+11,155 766 805,B01,2,7,0,2,6,1,2,
2.024E+11,155 766 808,C01,1,10,0,2,6,1,1,
2.024E+11,155 766 797,B01,3,1,0,2,1,1,5,
2.024E+11,155 766 799,A01,3,7,0,2,4,20,1,
2.024E+11,155 766 796,A01,2,7,0,0,1,1,1,
2.024E+11,155 766 792,B01,2,7,0,2,2,1,1,
2.024E+11,155 766 794,A01,2,7,12,2,2,13,1,
2.024E+11,155 766 793,B01,1,1,0,2,1,1,5,
2.024E+11,155 766 795,A01,1,7,0,9,2,15,1,
2.024E+11,155 766 791,A01,1,10,0,1,1,1,1,
2.024E+11,155 766 789,A01,1,2,0,2,3,1,1,
2.024E+11,155 766 790,B01,1,7,0,2,3,1,1,
2.024E+11,155 766 788,A01,1,7,0,1,2,26,1,
2.024E+11,155 766 786,A01,2,2,16,9,1,1,1,
2.024E+11,155 766 785,A01,1,10,0,9,5,14,1,
2.024E+11,155 766 787,B01,1,99,9,2,1,1,3,
2.024E+11,155 766 783,A01,1,7,4,0,3,13,1,
2.024E+11,155 766 782,B01,3,10,0,2,4,1,1,
2.024E+11,155 766 784,A01,3,7,0,2,1,1,1,
2.024E+11,155 766 781,A01,2,1,0,0,1,1,5,
2.024E+11,155 766 779,B01,1,7,0,2,1,1,1,
2.024E+11,155 766 780,A01,2,7,0,2,1,13,1,
2.024E+11,155 766 778,A01,3,7,13,0,1,1,1,
2.024E+11,155 766 775,A01,1,2,0,0,0,1,1,
2.024E+11,155 766 774,A01,1,7,0,2,4,2,1,
2.024E+11,155 766 776,B01,1,7,0,2,4,1,1,
2.024E+11,155 766 777,C01,1,7,0,2,0,0,1,
2.024E+11,155 766 773,A01,3,37,0,1,2,15,3,1
2.024E+11,155 766 772,A01,3,99,0,0,0,0,1,
2.024E+11,155 766 771,A01,1,33,0,1,1,1,1,
2.024E+11,155 766 769,A01,1,7,0,1,1,1,1,
2.024E+11,155 766 767,A01,3,7,0,1,2,1,2,
2.024E+11,155 766 766,A01,1,7,0,2,4,11,1,
2.024E+11,155 766 768,B01,1,7,0,2,1,1,2,
2.024E+11,155 766 765,A01,3,1,0,0,1,13,5,
2.024E+11,155 766 764,A01,1,32,0,1,7,2,3,
2.024E+11,155 766 763,A01,1,7,0,0,9,15,1,
2.024E+11,155 766 760,B01,1,34,12,2,8,21,1,
2.024E+11,155 766 762,A01,1,7,0,2,5,15,1,
2.024E+11,155 766 759,B01,3,33,0,2,1,1,1,
2.024E+11,155 766 761,A01,3,7,16,0,8,15,1,
2.024E+11,155 766 756,A01,2,7,0,2,4,23,1,
2.024E+11,155 766 757,B01,2,50,14,0,1,1,3,
2.024E+11,155 766 753,A01,3,10,0,2,1,12,0,
2.024E+11,155 766 755,B01,3,34,0,0,1,1,1,
2.024E+11,155 766 752,A01,1,7,0,0,1,16,1,
2.024E+11,155 766 750,A01,3,7,0,0,0,1,1,
2.024E+11,155 766 749,A01,2,7,2,0,2,5,1,
2.024E+11,155 766 748,A01,3,7,0,2,2,15,1,
2.024E+11,155 766 751,B01,2,7,0,2,1,1,1,
2.024E+11,155 766 745,A01,1,7,6,0,1,14,1,
2.024E+11,155 766 746,A01,1,7,0,2,1,5,2,
2.024E+11,155 766 747,B01,2,37,0,2,3,0,1,1
2.024E+11,155 766 744,A01,3,7,16,0,0,1,1,
2.024E+11,155 766 742,A01,2,7,13,0,2,1,1,
2.024E+11,155 766 741,Z01,1,7,0,2,1,13,0,
2.024E+11,155 766 743,A01,2,1,0,2,1,19,5,
2.024E+11,155 766 739,B01,3,1,0,2,1,19,5,
2.024E+11,155 766 740,A01,3,7,0,2,3,1,1,
2.024E+11,155 766 735,A01,1,7,0,2,8,22,1,
2.024E+11,155 766 737,B01,1,1,0,2,0,7,5,
2.024E+11,155 766 733,A01,2,7,0,2,5,23,1,
2.024E+11,155 766 736,B01,2,7,0,2,3,1,1,
2.024E+11,155 766 738,C01,2,7,3,0,1,1,1,
2.024E+11,155 766 732,A01,2,7,2,0,0,1,1,
2.024E+11,155 766 731,B01,2,7,10,2,1,1,1,
2.024E+11,155 766 734,A01,3,10,7,2,7,19,1,
2.024E+11,155 766 730,A01,2,50,0,1,1,1,3,
2.024E+11,155 766 729,A01,2,7,13,0,1,1,1,
2.024E+11,155 766 728,A01,2,33,6,0,1,14,1,
2.024E+11,155 766 727,A01,1,7,0,1,1,1,1,
2.024E+11,155 766 725,A01,1,33,1,0,1,1,1,
2.024E+11,155 766 724,B01,1,7,0,2,3,13,1,
2.024E+11,155 766 726,A01,1,7,0,2,3,0,1,
2.024E+11,155 766 723,A01,1,80,0,1,1,1,3,
2.024E+11,155 766 720,A01,2,7,0,2,1,13,1,
2.024E+11,155 766 721,B01,1,7,2,2,3,1,2,
2.024E+11,155 766 719,A01,0,7,0,2,3,13,1,
2.024E+11,155 766 722,B01,0,7,0,2,3,1,1,
2.024E+11,155 766 717,A01,2,7,0,2,8,22,1,
2.024E+11,155 766 718,B01,2,1,0,2,1,1,5,
2.024E+11,155 766 714,A01,1,7,0,2,1,17,1,
2.024E+11,155 766 715,B01,2,7,0,2,1,1,1,
2.024E+11,155 766 713,A01,2,7,0,2,1,13,1,
2.024E+11,155 766 716,B01,1,7,0,2,1,1,1,
2.024E+11,155 766 712,A01,1,7,7,0,1,1,1,
2.024E+11,155 766 710,A01,2,7,0,1,1,1,0,
2.024E+11,155 766 711,A01,2,7,0,1,3,1,1,
2.024E+11,155 766 706,B01,3,33,0,2,2,17,1,
2.024E+11,155 766 709,A01,3,7,0,2,3,10,1,
2.024E+11,155 766 705,A01,3,2,0,2,3,1,1,
2.024E+11,155 766 707,B01,3,21,0,2,6,1,1,
2.024E+11,155 766 703,A01,1,7,0,2,3,1,1,
2.024E+11,155 766 704,B01,2,7,0,2,1,1,1,
2.024E+11,155 766 708,C01,1,7,0,2,2,9,1,
2.024E+11,155 766 700,B01,0,33,0,2,1,1,1,
2.024E+11,155 766 702,A01,0,7,0,2,3,15,1,
2.024E+11,155 766 699,B01,1,7,0,2,3,1,2,
2.024E+11,155 766 701,A01,2,7,0,2,3,13,1,
2.024E+11,155 766 698,A01,1,7,0,1,2,1,1,
2.024E+11,155 766 695,B01,1,7,0,2,3,15,1,
2.024E+11,155 766 697,A01,1,30,0,2,2,17,1,
2.024E+11,155 766 692,A01,1,7,0,2,3,17,1,
2.024E+11,155 766 696,B01,2,7,0,2,3,1,1,
2.024E+11,155 766 691,A01,2,7,12,2,1,15,1,
2.024E+11,155 766 693,B01,1,32,0,2,1,1,1,
2.024E+11,155 766 690,A01,1,10,0,2,1,1,1,
2.024E+11,155 766 694,B01,2,7,0,2,8,1,1,
2.024E+11,155 766 688,A01,2,7,0,1,2,1,1,
2.024E+11,155 766 686,Z01,2,7,0,2,1,1,1,
2.024E+11,155 766 687,A01,2,7,0,2,4,1,1,
2.024E+11,155 766 685,A01,1,2,0,2,1,1,1,
2.024E+11,155 766 689,B01,1,7,0,2,2,19,2,
2.024E+11,155 766 683,A01,2,7,0,2,1,5,1,
2.024E+11,155 766 684,B01,1,15,0,2,1,1,1,
2.024E+11,155 766 681,A01,1,7,0,1,1,1,1,
2.024E+11,155 766 680,A01,1,33,0,2,1,17,1,
2.024E+11,155 766 682,B01,1,7,0,2,3,15,1,
2.024E+11,155 766 679,A01,2,7,0,0,2,14,1,
2.024E+11,155 766 676,A01,2,7,0,2,3,20,1,
2.024E+11,155 766 677,B01,2,30,0,2,7,1,1,
2.024E+11,155 766 675,A01,0,32,0,2,5,17,1,
2.024E+11,155 766 678,B01,0,7,0,0,6,15,1,
2.024E+11,155 766 674,A01,3,7,13,0,2,15,1,
2.024E+11,155 766 672,A01,3,7,0,2,3,15,1,
2.024E+11,155 766 673,B01,1,1,0,2,0,0,5,
2.024E+11,155 766 671,A01,2,2,0,0,0,10,1,
2.024E+11,155 766 670,A01,1,7,13,0,1,1,1,
2.024E+11,155 766 667,A01,1,7,0,2,2,15,1,
2.024E+11,155 766 669,B01,1,7,0,2,7,1,1,
2.024E+11,155 766 662,A01,2,7,0,2,6,1,1,
2.024E+11,155 766 665,B01,2,7,0,2,3,1,1,
2.024E+11,155 766 668,C01,1,7,2,2,1,1,1,
2.024E+11,155 766 664,A01,1,2,0,0,0,1,1,
2.024E+11,155 766 666,B01,2,1,0,0,0,19,5,
2.024E+11,155 766 663,A01,3,32,0,1,0,0,1,
2.024E+11,155 766 661,A01,1,32,11,0,1,6,1,
2.024E+11,155 766 660,A01,2,7,13,0,3,1,1,
2.024E+11,155 766 656,A01,1,7,0,2,1,2,0,
2.024E+11,155 766 658,B01,1,7,0,2,4,2,0,
2.024E+11,155 766 657,A01,1,7,0,2,3,0,1,
2.024E+11,155 766 659,B01,2,7,0,2,3,0,1,
2.024E+11,155 766 655,A01,3,2,0,1,1,5,1,
2.024E+11,155 766 652,A01,0,7,1,1,1,15,0,
2.024E+11,155 766 650,A01,0,7,0,9,2,17,1,
2.024E+11,155 766 651,B01,0,1,0,2,4,26,5,
2.024E+11,155 766 653,C01,0,1,0,0,4,1,5,
2.024E+11,155 766 649,A01,1,33,0,2,2,1,1,
2.024E+11,155 766 654,B01,2,7,0,2,3,15,1,
2.024E+11,155 766 648,A01,3,7,0,1,4,4,1,
2.024E+11,155 766 646,A01,1,7,0,0,9,1,1,
2.024E+11,155 766 645,A01,1,1,0,2,7,19,5,
2.024E+11,155 766 647,B01,1,7,0,2,1,1,1,
2.024E+11,155 766 644,A01,3,1,11,0,1,1,5,
2.024E+11,155 766 640,B01,2,15,0,2,2,21,5,
2.024E+11,155 766 641,A01,1,7,0,2,2,13,1,
2.024E+11,155 766 639,A01,1,7,0,2,1,2,1,
2.024E+11,155 766 642,B01,1,17,0,2,5,2,1,
2.024E+11,155 766 638,B01,3,1,0,2,1,16,5,
2.024E+11,155 766 643,A01,3,7,0,2,3,9,1,
2.024E+11,155 766 637,A01,2,33,0,0,8,1,0,
2.024E+11,155 766 636,A01,2,7,2,0,7,0,1,
2.024E+11,155 766 635,A01,1,7,2,0,1,1,1,
2.024E+11,155 766 632,A01,2,7,0,0,5,15,1,
2.024E+11,155 766 634,B01,2,2,0,2,1,1,1,
2.024E+11,155 766 629,B01,1,7,0,2,1,5,1,
2.024E+11,155 766 631,C01,2,17,1,0,3,1,1,
2.024E+11,155 766 633,A01,2,7,0,2,1,1,1,
2.024E+11,155 766 628,B01,1,7,0,1,4,1,1,
2.024E+11,155 766 630,MA01,1,7,0,2,1,26,1,
2.024E+11,155 766 625,A01,2,7,0,2,1,19,2,
2.024E+11,155 766 627,B01,2,7,0,0,6,1,1,
2.024E+11,155 766 624,A01,0,7,0,2,3,9,1,
2.024E+11,155 766 626,B01,2,33,0,2,1,17,1,
2.024E+11,155 766 622,A01,1,7,0,2,1,1,1,
2.024E+11,155 766 623,B01,2,10,0,2,1,1,1,
2.024E+11,155 766 621,A01,0,36,0,0,0,0,1,
2.024E+11,155 766 620,A01,3,7,0,1,7,1,1,
2.024E+11,155 766 618,A01,2,7,0,0,0,0,2,
2.024E+11,155 766 617,A01,0,7,0,0,6,1,1,
2.024E+11,155 766 619,B01,0,2,0,2,3,0,1,
2.024E+11,155 766 616,A01,2,7,13,0,9,1,1,
2.024E+11,155 766 615,A01,1,10,2,0,1,14,1,
2.024E+11,155 766 612,A01,1,10,0,2,3,20,1,
2.024E+11,155 766 614,B01,1,17,0,2,2,1,1,
2.024E+11,155 766 611,B01,1,33,0,2,1,15,1,
2.024E+11,155 766 613,A01,1,10,0,2,9,1,1,
2.024E+11,155 766 610,A01,1,7,2,0,3,0,1,
2.024E+11,155 766 609,A01,1,2,0,0,0,16,1,
2.024E+11,155 766 606,B01,2,2,0,2,1,2,0,
2.024E+11,155 766 608,A01,2,7,0,0,4,16,1,
2.024E+11,155 766 605,A01,1,2,0,0,7,1,1,
2.024E+11,155 766 607,B01,1,7,0,2,1,19,1,
2.024E+11,155 766 604,A01,2,7,1,1,1,20,1,
2.024E+11,155 766 602,A01,2,7,3,2,6,1,1,
2.024E+11,155 766 603,B01,2,7,0,2,2,1,1,
2.024E+11,155 766 601,A01,1,7,0,1,1,1,1,
2.024E+11,155 766 598,A01,1,7,0,2,3,15,1,
2.024E+11,155 766 600,B01,2,2,0,2,1,1,1,
2.024E+11,155 766 596,A01,2,33,0,0,3,1,1,
2.024E+11,155 766 599,B01,2,7,0,2,7,12,1,
2.024E+11,155 766 595,A01,2,7,0,2,1,13,1,
2.024E+11,155 766 597,B01,1,7,0,2,1,1,1,
2.024E+11,155 766 593,A01,3,1,0,9,7,1,5,
2.024E+11,155 766 594,B01,3,1,0,9,8,1,5,
2.024E+11,155 766 592,A01,2,7,6,0,1,0,1,
2.024E+11,155 766 590,A01,1,7,0,0,5,1,3,
2.024E+11,155 766 591,B01,2,33,0,2,3,3,1,
2.024E+11,155 766 587,A01,-1,10,0,2,5,14,1,
2.024E+11,155 766 589,B01,-1,80,0,2,1,9,3,
2.024E+11,155 766 585,B01,2,10,0,2,8,1,1,
2.024E+11,155 766 588,A01,1,7,0,2,1,1,1,
2.024E+11,155 766 583,B01,2,7,3,0,9,21,1,
2.024E+11,155 766 586,A01,2,7,4,0,3,21,2,
2.024E+11,155 766 580,A01,1,7,0,2,3,13,2,
2.024E+11,155 766 581,B01,2,17,0,2,3,1,1,
2.024E+11,155 766 578,A01,1,33,0,2,1,2,1,
2.024E+11,155 766 579,B01,1,7,0,0,4,1,1,
2.024E+11,155 766 574,B01,1,1,3,0,8,1,5,
2.024E+11,155 766 575,A01,1,21,0,0,7,17,1,
2.024E+11,155 766 573,A01,2,7,13,0,1,1,1,
2.024E+11,155 766 576,B01,2,7,4,2,4,1,1,
2.024E+11,155 766 577,A01,2,7,0,2,1,1,6,
2.024E+11,155 766 570,B01,1,10,0,2,1,15,1,
2.024E+11,155 766 572,A01,2,7,0,2,2,1,1,
2.024E+11,155 766 569,A01,1,7,0,2,3,13,1,
2.024E+11,155 766 571,B01,2,10,0,2,3,1,1,
2.024E+11,155 766 567,A01,0,34,0,9,1,26,1,
2.024E+11,155 766 568,B01,2,7,0,0,0,1,1,
2.024E+11,155 766 566,A01,0,7,16,0,0,1,1,
2.024E+11,155 766 564,A01,3,7,0,2,3,17,0,
2.024E+11,155 766 565,B01,3,2,0,2,1,17,1,
2.024E+11,155 766 561,A01,1,7,0,2,3,13,1,
2.024E+11,155 766 562,B01,2,33,0,2,1,13,1,
2.024E+11,155 766 559,B01,1,50,0,0,4,1,3,
2.024E+11,155 766 563,Z01,1,7,8,2,1,1,0,
2.024E+11,155 766 558,A01,3,32,0,2,7,1,1,
2.024E+11,155 766 560,B01,3,3,0,2,1,0,3,
2.024E+11,155 766 557,A01,2,7,0,1,2,1,2,
2.024E+11,155 766 554,A01,3,32,0,2,1,1,1,
2.024E+11,155 766 555,B01,3,7,0,2,3,16,1,
2.024E+11,155 766 552,A01,3,33,0,0,1,14,1,
2.024E+11,155 766 553,A01,2,10,0,2,4,2,1,
2.024E+11,155 766 556,Z01,2,7,0,2,1,1,0,
2.024E+11,155 766 548,A01,1,15,0,2,2,1,1,
2.024E+11,155 766 551,B01,2,7,0,2,1,13,1,
2.024E+11,155 766 547,A01,1,7,0,2,3,2,1,
2.024E+11,155 766 550,B01,2,7,0,2,3,1,1,
2.024E+11,155 766 549,A01,1,7,0,1,3,1,2,
2.024E+11,155 766 545,A01,1,2,1,0,3,2,1,
2.024E+11,155 766 542,C01,2,7,0,2,2,17,1,
2.024E+11,155 766 544,A01,2,7,0,2,2,13,1,
2.024E+11,155 766 546,B01,2,7,0,2,9,1,2,
2.024E+11,155 766 541,A01,2,31,0,2,1,1,1,
2.024E+11,155 766 543,B01,1,1,0,2,3,15,5,
2.024E+11,155 766 540,A01,1,7,15,0,1,0,1,
2.024E+11,155 766 537,A01,0,80,0,2,5,19,3,
2.024E+11,155 766 539,B01,0,1,0,0,5,1,5,
2.024E+11,155 766 536,A01,2,7,4,2,8,1,1,
2.024E+11,155 766 538,B01,2,7,4,2,4,1,1,
2.024E+11,155 766 535,A01,1,33,0,0,1,1,1,
2.024E+11,155 766 531,A01,1,34,0,2,7,15,1,
2.024E+11,155 766 533,B01,1,38,0,2,8,15,1,1
2.024E+11,155 766 529,A01,2,7,0,2,3,2,1,
2.024E+11,155 766 530,B01,2,33,9,2,2,2,1,
2.024E+11,155 766 527,B01,3,10,0,2,4,1,2,
2.024E+11,155 766 528,A01,3,7,0,2,1,2,1,
2.024E+11,155 766 525,A01,3,7,0,2,1,1,2,
2.024E+11,155 766 526,B01,3,7,0,2,4,23,1,
2.024E+11,155 766 532,A01,1,7,0,2,1,19,1,
2.024E+11,155 766 534,B01,2,7,0,2,3,1,1,
2.024E+11,155 766 523,A01,2,7,0,2,1,1,1,
2.024E+11,155 766 524,B01,2,7,0,2,4,23,1,
2.024E+11,155 766 520,B01,2,1,0,2,1,5,5,
2.024E+11,155 766 521,A01,1,7,0,9,1,1,1,
2.024E+11,155 766 518,A01,1,7,0,2,4,1,1,
2.024E+11,155 766 522,Z01,1,7,0,2,1,1,1,
2.024E+11,155 766 514,A01,1,7,0,2,5,17,1,
2.024E+11,155 766 517,B01,1,1,0,2,3,1,5,
2.024E+11,155 766 513,A01,1,7,0,2,1,9,1,
2.024E+11,155 766 516,B01,1,7,0,2,2,1,1,
2.024E+11,155 766 512,A01,3,50,0,2,1,26,3,
2.024E+11,155 766 515,B01,3,7,0,2,3,1,1,
2.024E+11,155 766 510,A01,3,33,0,0,0,0,1,
2.024E+11,155 766 509,B01,2,50,0,2,1,1,3,
2.024E+11,155 766 511,A01,1,10,0,9,2,15,1,
2.024E+11,155 766 507,A01,1,43,0,2,4,23,1,
2.024E+11,155 766 508,B01,1,10,0,2,1,2,1,
2.024E+11,155 766 505,A01,1,2,0,0,0,1,3,
2.024E+11,155 766 504,A01,2,7,0,9,3,22,1,
2.024E+11,155 766 506,B01,2,1,1,0,2,25,5,
2.024E+11,155 766 501,A01,2,7,0,2,3,15,1,
2.024E+11,155 766 503,B01,2,2,0,2,1,1,3,
2.024E+11,155 766 499,A01,1,7,0,2,3,5,1,
2.024E+11,155 766 502,B01,2,7,0,2,3,1,1,
2.024E+11,155 766 498,A01,1,7,8,2,6,13,1,
2.024E+11,155 766 500,B01,1,7,0,2,1,1,1,
2.024E+11,155 766 494,B01,2,7,0,2,1,1,1,
2.024E+11,155 766 496,A01,1,7,2,2,1,1,1,
2.024E+11,155 766 493,A01,1,7,0,2,2,15,1,
2.024E+11,155 766 495,B01,2,7,0,2,1,1,1,
2.024E+11,155 766 497,C01,1,7,0,2,8,1,1,
2.024E+11,155 766 491,A01,2,7,0,2,3,19,2,
2.024E+11,155 766 492,B01,2,7,0,2,3,1,1,
2.024E+11,155 766 488,B01,1,7,0,2,1,1,1,
2.024E+11,155 766 490,A01,1,1,15,0,4,1,5,
2.024E+11,155 766 487,A01,2,10,0,2,8,19,1,
2.024E+11,155 766 489,B01,2,33,0,2,1,1,1,
2.024E+11,155 766 485,A01,3,7,0,2,6,15,1,
2.024E+11,155 766 486,B01,3,2,0,2,2,2,1,
2.024E+11,155 766 483,A01,3,36,11,0,2,16,1,
2.024E+11,155 766 481,A01,1,2,0,0,2,1,1,
2.024E+11,155 766 482,A01,1,7,0,2,8,9,1,
2.024E+11,155 766 484,B01,1,2,0,2,1,1,1,
2.024E+11,155 766 479,B01,2,14,0,2,2,1,1,
2.024E+11,155 766 480,A01,1,10,0,2,2,13,1,
2.024E+11,155 766 476,A01,0,7,0,1,0,1,-1,
2.024E+11,155 766 472,A01,1,31,0,2,2,17,1,
2.024E+11,155 766 474,B01,2,7,0,2,3,15,1,
2.024E+11,155 766 470,B01,1,33,0,0,9,1,1,
2.024E+11,155 766 473,C01,1,7,0,0,4,1,2,
2.024E+11,155 766 475,A01,1,7,0,0,1,0,1,
2.024E+11,155 766 471,A01,2,37,0,1,3,13,1,1
2.024E+11,155 766 468,A01,1,7,13,0,7,1,1,
2.024E+11,155 766 466,A01,1,2,0,2,1,2,1,
2.024E+11,155 766 469,B01,1,7,0,2,4,2,1,
2.024E+11,155 766 462,A01,1,7,6,0,1,21,1,
2.024E+11,155 766 464,B01,1,15,0,0,0,19,0,
2.024E+11,155 766 459,A01,2,2,0,2,8,15,1,
2.024E+11,155 766 461,B01,1,7,0,2,1,1,1,
2.024E+11,155 766 458,D01,2,7,3,2,2,2,1,
2.024E+11,155 766 460,E01,2,7,0,2,3,2,1,
2.024E+11,155 766 463,A01,2,7,3,2,9,17,1,
2.024E+11,155 766 465,B01,2,7,0,2,9,2,1,
2.024E+11,155 766 467,C01,2,7,3,2,9,2,1,
2.024E+11,155 766 457,A01,2,2,6,0,1,1,1,
2.024E+11,155 766 455,A01,2,7,0,1,2,1,2,
2.024E+11,155 766 454,B01,2,7,3,0,1,0,1,
2.024E+11,155 766 456,A01,2,7,3,0,4,0,1,
2.024E+11,155 766 453,A01,1,7,0,1,1,1,1,
2.024E+11,155 766 452,A01,1,7,7,0,1,14,1,
2.024E+11,155 766 449,B01,1,7,0,2,7,12,1,
2.024E+11,155 766 451,A01,1,33,0,2,8,1,1,
2.024E+11,155 766 448,B01,2,30,0,2,1,5,1,
2.024E+11,155 766 450,A01,1,7,0,2,7,1,1,
2.024E+11,155 766 446,B01,2,10,0,2,4,1,1,
2.024E+11,155 766 447,A01,2,33,0,2,1,1,1,
2.024E+11,155 766 443,B01,1,7,0,0,0,0,1,
2.024E+11,155 766 445,A01,2,2,0,2,7,5,1,
2.024E+11,155 766 441,A01,1,7,0,2,4,1,1,
2.024E+11,155 766 442,B01,1,7,0,2,4,1,1,
2.024E+11,155 766 444,C01,1,7,0,2,1,0,1,
2.024E+11,155 766 440,A01,1,2,0,0,0,1,1,
2.024E+11,155 766 438,A01,2,7,1,0,1,1,1,
2.024E+11,155 766 439,B01,2,10,0,2,7,23,1,
2.024E+11,155 766 435,A01,2,7,0,2,3,1,1,
2.024E+11,155 766 437,B01,1,7,0,2,1,15,1,
2.024E+11,155 766 433,A01,1,7,0,2,4,1,1,
2.024E+11,155 766 434,B01,1,7,0,2,4,2,1,
2.024E+11,155 766 436,C01,1,7,0,2,1,2,1,
2.024E+11,155 766 430,A01,1,7,0,2,3,1,1,
2.024E+11,155 766 432,B01,1,7,0,2,1,1,1,
2.024E+11,155 766 427,C01,2,14,0,2,4,2,1,
2.024E+11,155 766 428,A01,2,7,0,2,4,2,1,
2.024E+11,155 766 429,B01,2,7,0,2,6,0,1,
2.024E+11,155 766 431,D01,2,17,0,2,1,2,1,
2.024E+11,155 766 426,A01,1,33,0,0,1,1,1,
2.024E+11,155 766 423,A01,3,7,4,2,1,15,3,
2.024E+11,155 766 422,B01,2,7,0,2,8,13,1,
2.024E+11,155 766 424,C01,2,7,0,2,1,1,1,
2.024E+11,155 766 425,A01,2,14,0,2,2,1,1,
2.024E+11,155 766 421,A01,2,33,0,0,0,1,1,
2.024E+11,155 766 420,A01,1,7,0,1,1,1,1,
2.024E+11,155 766 417,A01,2,7,0,2,6,9,1,
2.024E+11,155 766 419,B01,2,15,0,0,2,1,1,
2.024E+11,155 766 418,A01,2,33,15,0,1,17,1,