Num_Acc,id_vehicule,num_veh,senc,catv,obs,obsm,choc,manv,motor,occutc
2.024E+11,155 765 955,A01,3,7,0,2,1,1,1,
2.024E+11,155 765 957,B01,3,1,0,0,4,1,5,
2.024E+11,155 765 954,B01,3,33,0,2,1,1,1,
2.024E+11,155 765 956,A01,3,21,0,2,3,9,1,
2.024E+11,155 765 952,A01,2,32,0,1,1,0,1,
2.024E+11,155 765 951,B01,1,7,2,2,3,1,1,
2.024E+11,155 765 953,A01,2,7,0,2,1,13,2,
2.024E+11,155 765 950,A01,2,33,6,0,3,13,1,
2.024E+11,155 765 949,A01,1,7,2,0,7,2,1,
2.024E+11,155 765 946,A01,1,7,1,1,3,1,2,
2.024E+11,155 765 948,B01,1,7,0,0,6,1,1,
2.024E+11,155 765 945,A01,0,1,0,2,8,19,5,
2.024E+11,155 765 947,B01,0,7,0,2,2,2,1,
2.024E+11,155 765 944,A01,3,7,0,0,0,1,1,
2.024E+11,155 765 942,A01,1,7,0,1,2,9,1,
2.024E+11,155 765 941,A01,2,7,0,2,7,1,1,
2.024E+11,155 765 943,B01,1,7,0,2,1,1,1,
2.024E+11,155 765 940,A01,1,7,2,0,1,1,1,
2.024E+11,155 765 938,A01,2,7,0,2,2,14,1,
2.024E+11,155 765 939,B01,2,1,0,2,3,1,5,
2.024E+11,155 765 937,A01,1,33,0,9,1,1,1,
2.024E+11,155 765 936,A01,2,7,6,0,3,13,1,
2.024E+11,155 765 934,A01,2,32,14,0,8,1,1,
2.024E+11,155 765 933,A01,2,10,0,2,1,1,0,
2.024E+11,155 765 935,B01,2,7,4,0,4,15,1,
2.024E+11,155 765 931,A01,2,7,2,0,9,21,1,
2.024E+11,155 765 930,B01,2,1,0,2,7,1,5,
2.024E+11,155 765 932,A01,1,7,0,2,3,9,2,
2.024E+11,155 765 927,A01,2,13,0,2,1,9,1,
2.024E+11,155 765 929,B01,1,7,0,0,8,0,1,
2.024E+11,155 765 924,A01,2,2,12,0,8,0,1,
2.024E+11,155 765 925,C01,2,10,0,2,5,1,1,
2.024E+11,155 765 926,A01,2,10,0,2,9,13,1,
2.024E+11,155 765 928,B01,1,7,3,2,1,1,1,
2.024E+11,155 765 922,A01,3,36,13,9,2,1,1,
2.024E+11,155 765 917,A01,1,7,0,2,2,15,6,
2.024E+11,155 765 919,B01,2,33,0,2,1,1,1,
2.024E+11,155 765 916,A01,1,7,0,2,3,1,1,
2.024E+11,155 765 918,D01,1,1,0,2,1,1,5,
2.024E+11,155 765 920,E01,1,1,0,2,1,1,5,
2.024E+11,155 765 921,C01,1,1,0,2,1,1,5,
2.024E+11,155 765 923,B01,1,1,0,2,1,1,5,
2.024E+11,155 765 914,A01,1,7,0,0,1,0,1,
2.024E+11,155 765 915,B01,2,7,0,0,1,0,1,
2.024E+11,155 765 913,A01,1,10,2,0,3,5,1,
2.024E+11,155 765 912,A01,2,7,7,0,0,14,1,
2.024E+11,155 765 909,A01,2,7,2,0,1,1,1,
2.024E+11,155 765 908,A01,1,33,0,2,1,1,1,
2.024E+11,155 765 910,B01,1,33,0,2,1,1,1,
2.024E+11,155 765 911,C01,1,33,0,0,4,1,1,
2.024E+11,155 765 906,A01,2,1,0,2,3,2,5,
2.024E+11,155 765 907,B01,2,7,0,2,2,16,3,
2.024E+11,155 765 904,A01,2,7,6,0,1,2,1,
2.024E+11,155 765 905,A01,3,10,13,0,1,14,1,
2.024E+11,155 765 901,A01,1,7,0,2,3,14,2,
2.024E+11,155 765 903,B01,2,13,0,2,6,1,1,
2.024E+11,155 765 900,A01,1,15,16,2,3,1,1,
2.024E+11,155 765 902,B01,3,7,0,2,3,9,1,
2.024E+11,155 765 898,A01,1,99,0,2,5,16,0,
2.024E+11,155 765 899,B01,1,33,0,2,1,2,6,
2.024E+11,155 765 895,A01,1,7,2,0,1,14,1,
2.024E+11,155 765 894,A01,2,7,0,2,8,9,2,
2.024E+11,155 765 896,B01,2,33,0,2,7,1,1,
2.024E+11,155 765 897,C01,2,7,0,2,2,21,1,
2.024E+11,155 765 893,A01,1,33,0,0,0,1,1,
2.024E+11,155 765 889,A01,1,33,0,2,1,2,1,
2.024E+11,155 765 890,B01,2,7,0,0,4,23,1,
2.024E+11,155 765 892,C01,2,7,0,2,1,1,1,
2.024E+11,155 765 885,A01,1,7,4,2,9,0,1,
2.024E+11,155 765 887,B01,1,10,0,2,2,1,1,
2.024E+11,155 765 884,A01,1,7,0,2,1,2,0,
2.024E+11,155 765 886,B01,1,7,0,2,4,2,1,
2.024E+11,155 765 881,A01,2,33,0,2,9,3,1,
2.024E+11,155 765 882,B01,2,7,0,2,6,0,2,
2.024E+11,155 765 879,A01,2,10,0,2,6,1,1,
2.024E+11,155 765 880,B01,1,33,0,2,3,13,1,
2.024E+11,155 765 876,A01,1,32,0,0,2,5,1,
2.024E+11,155 765 878,B01,1,15,0,0,2,9,1,
2.024E+11,155 765 874,A01,3,31,13,0,0,21,1,
2.024E+11,155 765 875,B01,1,7,0,2,4,2,2,
2.024E+11,155 765 877,A01,1,7,0,2,1,2,1,
2.024E+11,155 765 872,A01,1,31,0,2,3,2,1,
2.024E+11,155 765 873,B01,1,21,0,0,6,1,1,
2.024E+11,155 765 868,B01,2,33,0,2,3,1,1,
2.024E+11,155 765 870,A01,1,7,0,2,2,10,1,
2.024E+11,155 765 869,A01,1,7,0,2,5,14,1,
2.024E+11,155 765 871,B01,1,33,0,2,3,3,1,
2.024E+11,155 765 866,A01,3,7,0,1,2,1,0,
2.024E+11,155 765 865,B01,1,32,1,2,6,7,1,
2.024E+11,155 765 867,A01,1,7,1,2,2,12,1,
2.024E+11,155 765 863,A01,3,15,0,0,2,15,1,
2.024E+11,155 765 864,B01,2,7,0,2,1,1,1,
2.024E+11,155 765 860,B01,2,50,0,2,1,17,3,
2.024E+11,155 765 862,A01,2,7,14,2,8,15,3,
2.024E+11,155 765 859,A01,1,7,0,2,3,16,1,
2.024E+11,155 765 861,B01,1,7,0,2,2,1,1,
2.024E+11,155 765 856,A01,3,7,0,2,4,23,1,
2.024E+11,155 765 858,B01,3,10,0,2,1,2,1,
2.024E+11,155 765 855,A01,3,32,0,2,2,17,1,
2.024E+11,155 765 857,B01,3,7,0,2,3,15,2,
2.024E+11,155 765 853,A01,2,7,0,2,5,1,1,
2.024E+11,155 765 854,B01,2,7,0,2,3,2,1,
2.024E+11,155 765 852,A01,1,2,0,0,0,26,3,
2.024E+11,155 765 850,A01,2,7,0,2,2,1,1,
2.024E+11,155 765 851,B01,2,7,0,2,6,1,1,
2.024E+11,155 765 847,A01,2,17,0,2,5,12,1,
2.024E+11,155 765 849,B01,2,7,0,2,8,1,1,
2.024E+11,155 765 846,A01,2,34,0,2,2,2,1,
2.024E+11,155 765 848,B01,2,7,0,2,0,0,2,
2.024E+11,155 765 844,Z01,2,15,0,2,8,1,1,
2.024E+11,155 765 845,B01,2,7,0,2,8,12,1,
2.024E+11,155 765 842,A01,3,7,0,2,3,15,1,
2.024E+11,155 765 843,B01,1,33,0,2,7,1,1,
2.024E+11,155 765 840,A01,2,33,0,2,1,21,1,
2.024E+11,155 765 841,B01,2,7,0,2,4,2,1,
2.024E+11,155 765 837,A01,3,15,0,2,1,1,1,
2.024E+11,155 765 839,B01,3,7,0,2,2,15,1,
2.024E+11,155 765 836,A01,2,7,0,2,7,12,1,
2.024E+11,155 765 838,B01,2,33,0,2,8,3,1,
2.024E+11,155 765 832,A01,2,33,0,2,1,17,1,
2.024E+11,155 765 834,B01,2,7,0,2,5,12,1,
2.024E+11,155 765 833,A01,1,7,0,2,8,19,1,
2.024E+11,155 765 835,B01,1,7,0,2,3,1,2,
2.024E+11,155 765 831,A01,1,43,0,2,3,14,1,
2.024E+11,155 765 829,B01,2,7,0,2,1,1,1,
2.024E+11,155 765 830,A01,1,10,0,2,1,1,1,
2.024E+11,155 765 828,A01,2,7,0,2,1,26,1,
2.024E+11,155 765 827,A01,1,7,0,1,5,4,1,
2.024E+11,155 765 826,A01,2,7,4,0,1,1,1,
2.024E+11,155 765 821,B01,3,80,0,2,2,1,3,
2.024E+11,155 765 825,A01,3,7,0,2,1,1,2,
2.024E+11,155 765 818,E01,2,15,0,2,3,1,1,
2.024E+11,155 765 819,B01,2,13,0,2,0,0,1,
2.024E+11,155 765 820,D01,2,7,0,2,4,2,1,
2.024E+11,155 765 822,C01,2,10,0,2,4,12,1,
2.024E+11,155 765 823,A01,2,7,3,2,0,0,1,
2.024E+11,155 765 824,F01,2,7,0,2,7,0,1,
2.024E+11,155 765 816,A01,1,2,12,0,0,0,1,
2.024E+11,155 765 815,A01,1,33,0,2,1,3,1,
2.024E+11,155 765 817,B01,1,7,0,2,4,1,1,
2.024E+11,155 765 814,A01,1,41,0,0,0,0,1,
2.024E+11,155 765 813,A01,1,7,2,0,3,0,1,
2.024E+11,155 765 811,B01,1,30,0,2,8,1,1,
2.024E+11,155 765 812,A01,1,7,0,2,3,15,1,
2.024E+11,155 765 810,A01,0,60,0,0,0,3,5,
2.024E+11,155 765 808,A01,1,7,0,2,0,0,1,
2.024E+11,155 765 809,B01,1,7,0,2,0,0,1,
2.024E+11,155 765 807,A01,1,2,0,0,0,0,1,
2.024E+11,155 765 806,A01,1,1,1,0,0,0,5,
2.024E+11,155 765 805,A01,1,7,6,9,1,1,1,
2.024E+11,155 765 803,B01,2,1,0,2,0,0,5,
2.024E+11,155 765 804,A01,2,7,0,2,0,0,1,
2.024E+11,155 765 801,A01,0,7,0,1,2,0,1,
2.024E+11,155 765 802,A01,1,30,0,0,8,1,3,
2.024E+11,155 765 799,A01,2,1,1,0,1,1,5,
2.024E+11,155 765 800,B01,2,10,0,2,4,24,1,
2.024E+11,155 765 797,A01,3,30,0,2,1,0,0,
2.024E+11,155 765 798,B01,3,1,0,2,4,1,5,
2.024E+11,155 765 795,B01,2,7,0,2,3,1,1,
2.024E+11,155 765 796,A01,1,30,0,2,7,1,3,
2.024E+11,155 765 791,B01,1,7,0,2,1,26,1,
2.024E+11,155 765 793,A01,1,7,0,2,2,1,1,
2.024E+11,155 765 788,B01,1,36,0,2,8,15,1,
2.024E+11,155 765 790,Z01,1,7,0,2,1,1,0,
2.024E+11,155 765 786,A01,1,7,0,2,1,9,1,
2.024E+11,155 765 789,B01,1,7,0,2,2,1,1,
2.024E+11,155 765 785,B01,1,7,0,2,1,15,1,
2.024E+11,155 765 787,A01,2,7,0,2,7,1,1,
2.024E+11,155 765 781,A01,1,1,0,0,3,1,5,
2.024E+11,155 765 783,B01,1,7,0,2,3,1,1,
2.024E+11,155 765 782,A01,3,7,0,2,1,16,1,
2.024E+11,155 765 784,Y01,0,50,0,2,7,26,3,
2.024E+11,155 765 778,A01,3,10,0,2,3,1,1,
2.024E+11,155 765 780,B01,3,10,0,2,1,1,1,
2.024E+11,155 765 779,A01,2,33,2,0,1,1,1,
2.024E+11,155 765 774,A01,2,7,0,2,3,9,1,
2.024E+11,155 765 777,B01,1,30,0,2,2,9,1,
2.024E+11,155 765 772,B01,2,7,0,2,8,1,1,
2.024E+11,155 765 773,A01,2,7,0,2,1,1,1,
2.024E+11,155 765 770,A01,3,7,0,2,1,13,1,
2.024E+11,155 765 771,B01,3,7,0,2,1,1,1,
2.024E+11,155 765 767,B01,2,1,0,2,1,1,5,
2.024E+11,155 765 769,A01,2,7,0,2,3,9,1,
2.024E+11,155 765 768,A01,2,7,8,0,1,21,1,
2.024E+11,155 765 765,B01,1,7,0,2,1,1,1,
2.024E+11,155 765 766,A01,2,30,0,2,7,5,1,
2.024E+11,155 765 762,A01,1,10,0,2,2,16,1,
2.024E+11,155 765 763,B01,1,2,0,2,3,1,1,
2.024E+11,155 765 760,Z01,1,7,0,1,1,1,1,
2.024E+11,155 765 761,A01,2,34,0,2,1,17,1,
2.024E+11,155 765 764,B01,2,7,0,9,8,15,1,
2.024E+11,155 765 759,A01,1,33,0,1,1,1,1,
2.024E+11,155 765 757,A01,2,50,0,2,1,1,3,
2.024E+11,155 765 758,B01,2,7,0,9,5,1,1,
2.024E+11,155 765 756,A01,3,30,0,0,0,26,1,
2.024E+11,155 765 752,A01,1,7,0,2,3,9,1,
2.024E+11,155 765 753,B01,1,2,0,2,7,1,1,
2.024E+11,155 765 750,A01,1,7,0,2,1,1,1,
2.024E+11,155 765 751,B01,1,33,0,0,4,2,1,
2.024E+11,155 765 746,B01,1,7,0,2,1,19,2,
2.024E+11,155 765 748,A01,1,7,0,2,5,19,2,
2.024E+11,155 765 744,A01,3,7,15,0,0,1,1,
2.024E+11,155 765 743,A01,3,7,0,2,1,1,1,
2.024E+11,155 765 745,B01,3,2,0,2,2,1,1,
2.024E+11,155 765 740,A01,1,7,0,2,3,19,0,
2.024E+11,155 765 742,B01,2,7,0,2,2,1,0,
2.024E+11,155 765 739,A01,3,31,1,0,1,10,1,
2.024E+11,155 765 738,B01,3,80,0,2,7,9,2,
2.024E+11,155 765 741,A01,3,14,0,2,8,9,1,
2.024E+11,155 765 736,A01,1,7,0,1,1,26,1,
2.024E+11,155 765 735,A01,0,7,0,2,1,13,1,
2.024E+11,155 765 737,B01,0,7,0,2,1,1,1,
2.024E+11,155 765 733,B01,2,7,0,2,1,1,1,
2.024E+11,155 765 734,A01,1,2,0,2,7,1,1,
2.024E+11,155 765 731,A01,2,7,0,2,8,19,1,
2.024E+11,155 765 732,B01,2,50,0,2,2,1,3,
2.024E+11,155 765 729,B01,2,30,0,2,1,1,1,
2.024E+11,155 765 730,A01,2,7,0,2,3,13,1,
2.024E+11,155 765 728,A01,3,3,0,1,1,0,0,
2.024E+11,155 765 727,A01,2,7,1,0,1,12,0,
2.024E+11,155 765 722,B01,3,7,0,2,4,23,1,
2.024E+11,155 765 724,C01,3,7,0,2,4,23,2,
2.024E+11,155 765 725,Z01,3,7,0,2,1,26,1,
2.024E+11,155 765 720,A01,1,30,0,2,2,1,1,
2.024E+11,155 765 721,B01,1,7,0,2,3,15,1,
2.024E+11,155 765 718,A01,2,7,0,2,3,13,1,
2.024E+11,155 765 719,B01,1,7,0,2,2,0,1,
2.024E+11,155 765 716,A01,1,7,0,2,2,1,1,
2.024E+11,155 765 717,B01,1,7,0,2,6,15,1,
2.024E+11,155 765 712,A01,2,7,0,2,1,1,1,
2.024E+11,155 765 714,B01,1,7,0,2,1,5,1,
2.024E+11,155 765 713,A01,1,7,0,9,1,9,1,
2.024E+11,155 765 715,B01,1,50,0,2,1,1,3,
2.024E+11,155 765 709,B01,1,50,0,2,8,1,3,
2.024E+11,155 765 710,A01,1,10,0,2,7,14,1,
2.024E+11,155 765 708,B01,0,50,0,2,6,19,3,
2.024E+11,155 765 711,A01,3,7,0,2,1,1,1,
2.024E+11,155 765 705,B01,3,80,0,2,4,1,3,
2.024E+11,155 765 707,A01,1,7,0,2,1,9,1,
2.024E+11,155 765 704,A01,1,10,0,2,1,16,1,
2.024E+11,155 765 706,B01,2,43,0,2,8,1,1,
2.024E+11,155 765 702,A01,2,7,13,0,1,11,1,
2.024E+11,155 765 701,A01,1,7,0,2,1,1,1,
2.024E+11,155 765 703,B01,1,7,0,2,4,1,2,
2.024E+11,155 765 699,A01,1,7,0,2,0,0,1,
2.024E+11,155 765 700,B01,1,2,0,2,5,17,1,
2.024E+11,155 765 697,A01,1,37,0,2,1,1,1,1
2.024E+11,155 765 698,B01,1,37,0,2,4,2,1,1
2.024E+11,155 765 693,B01,1,7,0,2,4,2,1,
2.024E+11,155 765 695,A01,1,7,0,2,1,2,1,
2.024E+11,155 765 696,C01,1,7,0,2,4,2,1,
2.024E+11,155 765 692,A01,1,7,0,2,1,26,0,
2.024E+11,155 765 694,B01,1,80,0,2,0,0,3,
2.024E+11,155 765 690,A01,3,33,0,2,2,1,1,
2.024E+11,155 765 691,B01,3,7,0,2,3,9,1,
2.024E+11,155 765 688,A01,3,7,0,2,1,2,1,
2.024E+11,155 765 689,B01,3,7,0,2,4,23,1,
2.024E+11,155 765 686,B01,2,1,0,2,1,2,5,
2.024E+11,155 765 687,A01,2,7,1,0,4,1,1,
2.024E+11,155 765 682,B01,2,41,0,2,3,15,3,
2.024E+11,155 765 684,A01,2,33,0,2,7,11,1,
2.024E+11,155 765 685,C01,1,1,0,2,0,5,5,
2.024E+11,155 765 681,A01,3,7,0,2,2,1,1,
2.024E+11,155 765 683,B01,1,99,0,2,1,1,2,
2.024E+11,155 765 680,A01,1,7,0,1,8,1,1,
2.024E+11,155 765 678,A01,2,1,0,2,1,18,5,
2.024E+11,155 765 679,B01,1,37,0,0,6,1,2,1
2.024E+11,155 765 677,A01,1,7,0,1,1,1,1,
2.024E+11,155 765 676,A01,1,33,11,0,3,1,1,
2.024E+11,155 765 672,B01,3,99,0,2,3,1,2,
2.024E+11,155 765 673,A01,3,7,0,2,1,1,2,
2.024E+11,155 765 669,B01,3,7,0,2,3,1,0,
2.024E+11,155 765 671,A01,3,3,0,2,1,13,0,
2.024E+11,155 765 668,A01,1,80,0,2,1,5,3,
2.024E+11,155 765 670,B01,2,1,0,2,1,1,5,
2.024E+11,155 765 667,A01,1,1,1,0,1,1,5,
2.024E+11,155 765 666,A01,1,7,0,1,2,1,1,
2.024E+11,155 765 665,A01,1,80,0,0,0,2,3,
2.024E+11,155 765 662,B01,2,7,0,2,4,2,1,
2.024E+11,155 765 663,A01,2,33,0,2,1,2,1,
2.024E+11,155 765 661,A01,1,30,0,2,5,1,1,
2.024E+11,155 765 664,B01,1,7,0,2,1,9,0,
2.024E+11,155 765 658,A01,2,10,0,2,4,4,0,
2.024E+11,155 765 660,B01,2,2,0,2,1,1,1,
2.024E+11,155 765 657,B01,3,1,0,2,1,1,5,
2.024E+11,155 765 659,A01,3,30,0,2,1,5,1,
2.024E+11,155 765 654,A01,3,7,0,2,2,0,0,
2.024E+11,155 765 656,B01,0,1,0,2,5,0,5,
2.024E+11,155 765 653,B01,3,31,0,2,2,17,1,
2.024E+11,155 765 655,A01,1,7,0,2,3,10,1,
2.024E+11,155 765 651,Z01,3,7,0,2,2,16,1,
2.024E+11,155 765 652,B01,3,1,0,2,3,26,5,
2.024E+11,155 765 649,B01,1,33,0,2,8,2,1,
2.024E+11,155 765 650,A01,1,7,0,2,2,0,1,
2.024E+11,155 765 647,B01,2,30,0,2,1,2,1,
2.024E+11,155 765 648,A01,2,7,0,2,3,20,1,
2.024E+11,155 765 646,A01,3,40,0,1,1,1,3,
2.024E+11,155 765 644,A01,3,7,0,2,3,1,1,
2.024E+11,155 765 645,B01,3,33,0,2,5,1,1,
2.024E+11,155 765 643,A01,0,7,0,1,1,1,1,
2.024E+11,155 765 641,A01,0,7,1,0,9,2,1,
2.024E+11,155 765 640,B01,0,7,0,2,3,10,1,
2.024E+11,155 765 642,A01,0,10,0,2,2,2,1,
2.024E+11,155 765 638,A01,1,7,3,0,8,1,1,
2.024E+11,155 765 637,A01,1,7,0,2,2,16,1,
2.024E+11,155 765 639,B01,1,60,0,2,0,1,5,
2.024E+11,155 765 635,B01,1,50,0,2,1,1,3,
2.024E+11,155 765 636,A01,2,7,0,2,3,17,1,
2.024E+11,155 765 633,A01,1,7,0,2,3,15,1,
2.024E+11,155 765 634,B01,2,33,0,2,3,1,1,
2.024E+11,155 765 632,A01,1,7,0,1,3,2,1,
2.024E+11,155 765 630,B01,1,7,0,2,5,1,2,
2.024E+11,155 765 631,A01,1,34,0,2,3,11,1,
2.024E+11,155 765 628,B01,2,1,0,2,1,1,5,
2.024E+11,155 765 629,A01,1,1,0,2,1,1,5,
2.024E+11,155 765 626,B01,1,32,0,0,0,0,0,
2.024E+11,155 765 627,A01,2,7,0,0,0,0,1,
2.024E+11,155 765 625,A01,3,7,0,1,3,1,1,
2.024E+11,155 765 624,A01,2,7,0,9,1,1,1,
2.024E+11,155 765 623,A01,1,7,0,1,1,16,1,
2.024E+11,155 765 621,A01,2,7,14,2,3,1,1,
2.024E+11,155 765 622,B01,1,7,0,2,3,17,1,
2.024E+11,155 765 619,A01,1,7,0,9,1,1,1,
2.024E+11,155 765 620,B01,1,50,0,2,3,19,3,
2.024E+11,155 765 616,B01,1,33,0,2,0,2,1,
2.024E+11,155 765 618,A01,1,7,0,2,2,2,1,
2.024E+11,155 765 615,A01,1,7,0,2,3,15,1,
2.024E+11,155 765 617,B01,1,33,0,2,2,17,1,
2.024E+11,155 765 612,B01,1,33,0,2,1,1,1,
2.024E+11,155 765 614,A01,1,7,0,2,7,19,1,
2.024E+11,155 765 610,A01,1,32,12,0,1,2,1,
2.024E+11,155 765 608,A01,1,7,0,2,2,19,1,
2.024E+11,155 765 609,B01,1,7,0,2,3,1,1,
2.024E+11,155 765 606,A01,2,33,0,2,1,13,1,
2.024E+11,155 765 607,B01,1,33,0,2,1,1,1,
2.024E+11,155 765 605,A01,1,7,0,1,3,15,1,
2.024E+11,155 765 603,A01,1,7,0,0,1,0,1,
2.024E+11,155 765 601,B01,1,7,0,2,3,15,0,
2.024E+11,155 765 602,A01,2,10,0,2,3,1,1,
2.024E+11,155 765 600,A01,3,7,2,0,3,13,1,
2.024E+11,155 765 599,A01,1,7,0,1,1,19,2,
2.024E+11,155 765 597,A01,1,1,0,1,7,15,5,
2.024E+11,155 765 596,A01,1,10,0,1,1,15,1,
2.024E+11,155 765 598,A01,3,30,12,0,6,21,3,
2.024E+11,155 765 594,B01,2,37,0,2,3,10,3,1
2.024E+11,155 765 595,A01,2,7,0,2,5,1,2,
2.024E+11,155 765 592,A01,2,7,0,2,5,1,1,
2.024E+11,155 765 593,B01,2,10,0,2,1,1,3,
2.024E+11,155 765 590,A01,1,7,0,2,6,4,1,
2.024E+11,155 765 591,B01,1,80,0,2,1,1,3,
2.024E+11,155 765 589,A01,1,7,0,1,1,1,1,
2.024E+11,155 765 588,A01,2,7,0,1,4,4,1,
2.024E+11,155 765 586,B01,2,1,0,2,1,1,5,
2.024E+11,155 765 587,A01,2,7,0,2,5,24,2,
2.024E+11,155 765 584,B01,1,7,0,2,4,23,1,
2.024E+11,155 765 585,A01,1,14,0,2,1,1,1,
2.024E+11,155 765 583,A01,2,30,0,0,0,1,1,
2.024E+11,155 765 582,Z01,2,1,0,1,1,1,5,
2.024E+11,155 765 581,A01,2,2,0,0,7,1,3,
2.024E+11,155 765 579,A01,2,7,0,2,7,23,2,
2.024E+11,155 765 580,B01,2,80,0,2,1,1,3,
2.024E+11,155 765 578,A01,2,80,0,1,1,1,3,
2.024E+11,155 765 576,A01,3,7,0,2,1,0,1,
2.024E+11,155 765 577,B01,3,14,0,2,4,23,1,
2.024E+11,155 765 574,A01,3,10,0,2,8,22,1,
2.024E+11,155 765 575,B01,3,1,0,2,2,1,5,
2.024E+11,155 765 572,B01,2,7,0,2,1,15,1,
2.024E+11,155 765 573,A01,2,43,0,2,1,17,1,
2.024E+11,155 765 570,A01,2,7,1,0,3,21,1,
2.024E+11,155 765 571,B01,1,7,0,0,3,1,1,
2.024E+11,155 765 568,B01,0,60,0,2,8,0,5,
2.024E+11,155 765 569,A01,0,7,0,9,3,0,1,
2.024E+11,155 765 566,A01,1,30,0,2,1,5,3,
2.024E+11,155 765 567,B01,0,34,0,0,0,0,0,
2.024E+11,155 765 565,A01,1,7,0,1,2,1,0,
2.024E+11,155 765 564,A01,3,7,0,1,2,26,2,
2.024E+11,155 765 563,A01,3,50,0,0,0,0,3,
2.024E+11,155 765 561,B01,3,32,0,2,1,16,1,
2.024E+11,155 765 562,A01,1,10,0,2,0,0,1,
2.024E+11,155 765 559,B01,3,7,0,2,2,1,1,
2.024E+11,155 765 560,A01,3,10,0,2,3,20,1,
2.024E+11,155 765 557,B01,1,37,0,2,8,2,1,1
2.024E+11,155 765 558,A01,1,50,0,2,7,17,3,
2.024E+11,155 765 555,A01,1,7,0,2,6,9,1,
2.024E+11,155 765 556,B01,1,30,0,2,3,2,1,
2.024E+11,155 765 553,A01,1,2,0,2,1,2,1,
2.024E+11,155 765 554,B01,1,7,0,2,4,2,1,
2.024E+11,155 765 551,A01,2,7,0,2,1,5,1,
2.024E+11,155 765 552,B01,2,7,0,2,3,1,2,
2.024E+11,155 765 549,B01,2,34,0,2,1,2,1,
2.024E+11,155 765 550,A01,2,80,0,2,8,13,3,
2.024E+11,155 765 548,A01,1,7,2,0,1,13,1,
2.024E+11,155 765 546,A01,1,7,5,2,5,14,1,
2.024E+11,155 765 547,B01,1,7,5,2,3,1,1,
2.024E+11,155 765 545,A01,2,7,0,0,9,1,1,
2.024E+11,155 765 544,A01,1,30,12,0,1,13,1,
2.024E+11,155 765 543,A01,1,7,0,0,0,1,1,
2.024E+11,155 765 542,A01,2,7,2,0,1,1,1,
2.024E+11,155 765 540,A01,2,1,0,2,3,13,5,
2.024E+11,155 765 541,B01,1,7,0,2,3,1,1,
2.024E+11,155 765 538,B01,1,33,0,2,2,1,1,
2.024E+11,155 765 539,A01,1,7,0,2,3,15,1,
2.024E+11,155 765 536,A01,2,7,0,2,1,17,1,
2.024E+11,155 765 537,B01,1,7,0,2,1,17,1,
2.024E+11,155 765 534,B01,1,2,0,0,4,15,1,
2.024E+11,155 765 535,A01,1,7,0,2,1,1,1,
2.024E+11,155 765 532,A01,1,7,0,0,1,1,1,
2.024E+11,155 765 533,B01,1,1,0,0,4,1,5,
2.024E+11,155 765 530,A01,1,7,13,0,2,14,1,
2.024E+11,155 765 528,A01,1,7,13,0,2,1,1,
2.024E+11,155 765 526,A01,1,10,0,2,1,1,1,
2.024E+11,155 765 527,B01,2,7,0,2,1,1,1,
2.024E+11,155 765 524,B01,1,33,0,2,1,2,1,
2.024E+11,155 765 525,A01,1,34,0,2,4,2,1,
2.024E+11,155 765 523,A01,1,33,8,0,1,13,1,
2.024E+11,155 765 521,A01,1,7,0,2,1,1,1,
2.024E+11,155 765 522,B01,1,1,0,0,4,1,5,
2.024E+11,155 765 519,A01,2,37,0,2,1,1,1,1
2.024E+11,155 765 520,B01,1,7,0,2,1,1,1,
2.024E+11,155 765 517,A01,0,7,0,2,6,15,1,
2.024E+11,155 765 518,B01,1,2,0,2,1,0,1,
2.024E+11,155 765 514,A01,1,7,1,1,2,17,1,
2.024E+11,155 765 512,B01,2,7,0,0,4,0,1,
2.024E+11,155 765 513,A01,2,14,0,0,1,0,1,
2.024E+11,155 765 510,B01,1,34,1,0,1,12,1,
2.024E+11,155 765 511,A01,1,7,0,0,6,23,1,
2.024E+11,155 765 507,A01,1,7,0,2,3,13,1,
2.024E+11,155 765 508,B01,2,7,0,2,1,1,1,
2.024E+11,155 765 505,A01,2,10,0,2,1,15,1,
2.024E+11,155 765 506,B01,1,1,0,2,1,16,5,
2.024E+11,155 765 504,A01,3,16,13,0,1,1,1,
2.024E+11,155 765 502,A01,2,7,0,2,3,13,1,
2.024E+11,155 765 503,B01,1,7,0,2,3,1,1,
2.024E+11,155 765 501,A01,1,30,12,0,2,14,1,
2.024E+11,155 765 500,A01,1,7,15,0,1,0,1,
2.024E+11,155 765 499,A01,1,7,0,0,0,1,1,
2.024E+11,155 765 497,A01,2,10,0,2,2,1,1,
2.024E+11,155 765 498,B01,1,1,0,2,8,1,5,
2.024E+11,155 765 495,A01,2,7,0,2,1,13,1,
2.024E+11,155 765 496,B01,1,33,0,2,1,1,1,
2.024E+11,155 765 492,C01,1,7,0,2,8,0,1,
2.024E+11,155 765 493,A01,2,7,0,2,3,13,1,
2.024E+11,155 765 494,B01,1,7,0,2,1,0,1,
2.024E+11,155 765 488,B01,1,16,0,2,2,14,1,
2.024E+11,155 765 489,A01,1,7,0,2,8,1,2,
2.024E+11,155 765 487,A01,1,14,0,1,3,1,1,
2.024E+11,155 765 485,A01,2,7,0,2,1,5,1,
2.024E+11,155 765 486,B01,1,10,0,2,1,17,1,
2.024E+11,155 765 482,A01,1,7,0,2,1,13,1,
2.024E+11,155 765 483,B01,1,7,0,2,3,1,1,