Num_Acc,id_vehicule,num_veh,senc,catv,obs,obsm,choc,manv,motor,occutc
2.024E+11,155 765 018,A01,1,30,0,0,8,26,1,
2.024E+11,155 765 014,A01,2,33,0,2,1,2,1,
2.024E+11,155 765 016,B01,2,7,0,2,5,1,1,
2.024E+11,155 765 013,B01,2,32,0,2,8,1,1,
2.024E+11,155 765 015,A01,1,7,0,2,3,15,1,
2.024E+11,155 765 012,A01,1,30,0,0,8,1,1,
2.024E+11,155 765 011,A01,2,7,0,0,9,1,1,
2.024E+11,155 765 009,A01,1,7,2,0,8,17,1,
2.024E+11,155 765 008,A01,3,7,0,2,2,1,1,
2.024E+11,155 765 010,B01,3,33,0,2,3,1,1,
2.024E+11,155 765 007,A01,2,36,0,0,0,26,6,
2.024E+11,155 765 005,A01,1,7,0,2,3,1,2,
2.024E+11,155 765 006,B01,1,2,0,2,1,19,1,
2.024E+11,155 765 003,A01,1,7,10,0,9,1,1,
2.024E+11,155 765 002,A01,3,50,0,2,1,25,3,
2.024E+11,155 765 004,B01,3,50,0,2,1,0,3,
2.024E+11,155 765 000,A01,2,7,2,0,1,2,1,
2.024E+11,155 764 999,A01,3,1,0,9,1,9,5,
2.024E+11,155 765 001,Z01,3,1,0,9,0,0,5,
2.024E+11,155 764 997,A01,2,7,0,2,3,9,1,
2.024E+11,155 764 998,B01,2,7,0,0,2,1,1,
2.024E+11,155 764 996,A01,2,10,0,1,2,1,1,
2.024E+11,155 764 994,A01,1,7,0,0,2,1,1,
2.024E+11,155 764 993,B01,2,50,0,2,0,0,3,
2.024E+11,155 764 995,A01,2,10,0,2,8,2,1,
2.024E+11,155 764 991,B01,2,7,0,2,2,15,1,
2.024E+11,155 764 992,A01,1,33,0,2,1,1,1,
2.024E+11,155 764 988,A01,2,7,1,2,7,9,1,
2.024E+11,155 764 990,B01,2,7,0,2,1,1,1,
2.024E+11,155 764 987,B01,1,33,0,2,8,15,1,
2.024E+11,155 764 989,A01,2,33,0,2,1,1,1,
2.024E+11,155 764 986,A01,3,7,0,1,1,0,1,
2.024E+11,155 764 984,B01,2,10,0,0,6,1,1,
2.024E+11,155 764 985,A01,2,33,0,0,6,3,1,
2.024E+11,155 764 981,A01,1,7,6,2,7,1,1,
2.024E+11,155 764 983,B01,1,7,9,2,1,1,3,
2.024E+11,155 764 979,A01,1,15,0,0,5,21,1,
2.024E+11,155 764 980,B01,1,33,0,2,1,2,1,
2.024E+11,155 764 978,A01,1,3,0,1,2,13,0,
2.024E+11,155 764 976,A01,1,7,4,2,2,2,1,
2.024E+11,155 764 977,B01,1,7,3,0,4,1,0,
2.024E+11,155 764 975,A01,2,33,0,0,8,1,1,
2.024E+11,155 764 973,A01,2,7,2,0,3,13,1,
2.024E+11,155 764 972,A01,2,7,0,0,5,1,2,
2.024E+11,155 764 974,B01,2,33,0,0,8,1,1,
2.024E+11,155 764 969,A01,1,34,0,2,1,17,1,
2.024E+11,155 764 971,B01,1,7,0,2,6,15,1,
2.024E+11,155 764 968,A01,3,33,0,2,0,1,1,
2.024E+11,155 764 970,B01,3,7,0,2,6,13,1,
2.024E+11,155 764 967,A01,1,32,8,0,1,14,1,
2.024E+11,155 764 966,A01,1,7,1,0,9,14,1,
2.024E+11,155 764 964,A01,3,7,0,1,1,26,1,
2.024E+11,155 764 963,A01,2,7,0,2,3,13,1,
2.024E+11,155 764 965,B01,1,7,0,2,8,21,2,
2.024E+11,155 764 962,A01,2,33,2,0,1,1,1,
2.024E+11,155 764 960,B01,0,33,0,2,9,1,1,
2.024E+11,155 764 961,A01,0,7,0,2,2,15,1,
2.024E+11,155 764 959,A01,3,7,0,1,3,20,1,
2.024E+11,155 764 958,A01,3,32,12,0,8,13,1,
2.024E+11,155 764 956,B01,1,33,0,2,1,1,1,
2.024E+11,155 764 957,A01,2,2,0,2,8,15,1,
2.024E+11,155 764 955,A01,3,32,0,0,0,26,0,
2.024E+11,155 764 952,A01,1,33,0,2,7,1,1,
2.024E+11,155 764 954,B01,1,7,0,2,1,10,1,
2.024E+11,155 764 948,A01,1,33,0,2,6,13,1,
2.024E+11,155 764 951,B01,0,7,0,2,3,0,1,
2.024E+11,155 764 949,A01,2,7,0,0,8,9,1,
2.024E+11,155 764 950,B01,2,80,0,0,0,16,3,
2.024E+11,155 764 947,A01,2,7,6,0,2,1,1,
2.024E+11,155 764 946,A01,3,7,13,0,9,0,1,
2.024E+11,155 764 943,B01,2,33,0,0,4,23,1,
2.024E+11,155 764 945,A01,2,7,0,2,2,1,2,
2.024E+11,155 764 944,A01,2,7,8,0,7,6,2,
2.024E+11,155 764 942,A01,1,7,13,0,1,0,1,
2.024E+11,155 764 940,B01,1,34,0,2,8,2,1,
2.024E+11,155 764 941,A01,1,7,0,2,7,9,2,
2.024E+11,155 764 937,A01,1,7,0,2,3,15,1,
2.024E+11,155 764 939,B01,0,50,0,2,1,1,3,
2.024E+11,155 764 936,B01,1,7,0,9,7,23,1,
2.024E+11,155 764 938,A01,1,1,0,2,1,25,5,
2.024E+11,155 764 935,A01,2,37,0,1,2,1,1,1
2.024E+11,155 764 932,A01,1,7,0,2,3,13,1,
2.024E+11,155 764 933,B01,2,7,2,2,3,1,1,
2.024E+11,155 764 929,A01,1,7,0,2,1,1,1,
2.024E+11,155 764 931,B01,0,7,0,2,4,20,1,
2.024E+11,155 764 934,C01,0,7,0,2,4,0,1,
2.024E+11,155 764 928,A01,2,7,0,2,3,13,1,
2.024E+11,155 764 930,B01,1,7,0,2,2,1,1,
2.024E+11,155 764 926,A01,2,33,0,0,9,1,1,
2.024E+11,155 764 925,A01,1,33,0,0,1,1,1,
2.024E+11,155 764 927,B01,1,7,0,2,2,15,1,
2.024E+11,155 764 924,A01,1,15,4,0,3,1,1,
2.024E+11,155 764 921,A01,3,3,0,0,1,0,1,
2.024E+11,155 764 919,A01,2,33,0,0,9,1,0,
2.024E+11,155 764 918,B01,2,7,0,2,1,1,1,
2.024E+11,155 764 920,A01,1,7,0,2,2,15,1,
2.024E+11,155 764 916,B01,2,7,0,2,8,19,1,
2.024E+11,155 764 917,A01,1,7,0,2,1,1,1,
2.024E+11,155 764 914,A01,1,7,0,2,0,19,1,
2.024E+11,155 764 915,B01,2,7,0,2,1,0,1,
2.024E+11,155 764 911,A01,2,99,0,2,1,1,1,
2.024E+11,155 764 913,B01,1,7,5,2,1,13,1,
2.024E+11,155 764 910,A01,2,31,0,2,7,3,1,
2.024E+11,155 764 912,Z01,2,7,0,2,8,11,1,
2.024E+11,155 764 908,A01,2,31,4,0,7,1,1,
2.024E+11,155 764 907,A01,2,7,0,1,3,1,1,
2.024E+11,155 764 904,A01,0,7,0,2,3,1,1,
2.024E+11,155 764 905,B01,0,7,0,2,3,13,1,
2.024E+11,155 764 903,A01,1,2,8,0,0,0,1,
2.024E+11,155 764 902,B01,2,7,0,2,7,12,1,
2.024E+11,155 764 906,A01,2,43,0,2,3,3,1,
2.024E+11,155 764 900,B01,1,7,0,2,1,1,1,
2.024E+11,155 764 901,A01,1,15,0,0,6,1,1,
2.024E+11,155 764 899,A01,0,1,0,1,1,1,5,
2.024E+11,155 764 897,A01,2,33,0,2,4,2,1,
2.024E+11,155 764 898,B01,2,43,0,2,1,2,1,
2.024E+11,155 764 892,A01,1,7,0,2,3,10,1,
2.024E+11,155 764 894,B01,1,80,0,2,1,2,3,
2.024E+11,155 764 891,A01,2,7,0,2,9,26,1,
2.024E+11,155 764 893,B01,2,7,0,2,6,1,1,
2.024E+11,155 764 895,C01,2,7,0,2,8,1,1,
2.024E+11,155 764 888,B01,1,7,0,2,0,0,0,
2.024E+11,155 764 890,A01,2,30,0,2,2,0,1,
2.024E+11,155 764 887,A01,1,7,0,2,1,2,0,
2.024E+11,155 764 889,B01,1,7,0,2,4,0,1,
2.024E+11,155 764 885,A01,1,7,4,0,2,14,1,
2.024E+11,155 764 879,A01,1,7,0,2,1,2,1,
2.024E+11,155 764 881,B01,1,7,0,2,4,2,1,
2.024E+11,155 764 883,C01,1,7,0,2,4,2,1,
2.024E+11,155 764 877,A01,2,7,0,2,1,2,1,
2.024E+11,155 764 878,B01,2,13,0,2,4,2,1,
2.024E+11,155 764 876,A01,1,7,0,1,3,1,1,
2.024E+11,155 764 873,A01,1,14,0,2,2,1,0,
2.024E+11,155 764 875,B01,1,7,0,2,3,2,1,
2.024E+11,155 764 872,A01,2,34,0,2,6,15,1,
2.024E+11,155 764 874,B01,2,7,0,2,1,1,1,
2.024E+11,155 764 870,A01,2,33,0,2,1,26,0,
2.024E+11,155 764 871,B01,2,32,0,2,7,26,1,
2.024E+11,155 764 869,A01,1,31,0,1,8,1,0,
2.024E+11,155 764 867,A01,2,7,0,2,1,2,3,
2.024E+11,155 764 868,B01,2,34,0,2,4,2,1,
2.024E+11,155 764 864,A01,2,10,0,2,3,0,2,
2.024E+11,155 764 865,B01,2,7,0,2,4,26,1,
2.024E+11,155 764 866,C01,2,7,0,2,3,0,1,
2.024E+11,155 764 862,A01,1,33,0,2,1,21,1,
2.024E+11,155 764 863,B01,1,7,0,2,4,1,1,
2.024E+11,155 764 858,B01,1,7,4,2,4,1,1,
2.024E+11,155 764 859,A01,1,10,4,2,1,1,1,
2.024E+11,155 764 857,A01,1,7,2,0,7,1,1,
2.024E+11,155 764 855,A01,1,17,0,2,1,1,1,
2.024E+11,155 764 856,B01,1,10,0,2,8,11,1,
2.024E+11,155 764 853,A01,2,33,0,2,1,1,1,
2.024E+11,155 764 854,B01,1,7,0,0,8,9,1,
2.024E+11,155 764 852,A01,1,7,3,0,2,14,1,
2.024E+11,155 764 850,A01,1,31,0,2,5,13,1,
2.024E+11,155 764 851,B01,2,7,0,2,2,1,1,
2.024E+11,155 764 849,A01,2,34,0,0,8,26,1,
2.024E+11,155 764 847,A01,2,7,14,0,7,2,1,
2.024E+11,155 764 845,A01,1,7,0,1,7,1,1,
2.024E+11,155 764 842,A01,0,7,0,0,0,26,1,
2.024E+11,155 764 843,A01,1,31,0,2,0,0,1,
2.024E+11,155 764 844,B01,1,30,0,2,0,0,1,
2.024E+11,155 764 839,A01,1,10,0,0,0,6,1,
2.024E+11,155 764 841,B01,2,50,0,0,0,6,3,
2.024E+11,155 764 838,B01,1,30,0,2,1,2,1,
2.024E+11,155 764 840,A01,1,32,0,2,4,23,1,
2.024E+11,155 764 835,A01,2,7,0,2,7,16,1,
2.024E+11,155 764 836,B01,2,80,0,2,1,1,3,
2.024E+11,155 764 834,A01,2,7,0,2,2,1,1,
2.024E+11,155 764 837,B01,1,1,0,2,1,1,5,
2.024E+11,155 764 832,B01,2,7,0,2,4,0,1,
2.024E+11,155 764 833,A01,2,7,0,2,2,21,1,
2.024E+11,155 764 830,B01,1,2,0,2,4,2,1,
2.024E+11,155 764 831,A01,1,10,0,2,1,2,1,
2.024E+11,155 764 828,A01,1,7,0,2,2,1,1,
2.024E+11,155 764 829,B01,1,2,0,2,3,21,1,
2.024E+11,155 764 826,B01,1,2,0,2,1,1,1,
2.024E+11,155 764 827,A01,1,7,0,2,0,16,1,
2.024E+11,155 764 824,A01,2,7,0,2,8,15,1,
2.024E+11,155 764 825,B01,2,2,0,2,7,17,1,
2.024E+11,155 764 823,A01,1,33,12,0,7,16,1,
2.024E+11,155 764 821,A01,0,7,0,2,1,16,1,
2.024E+11,155 764 822,B01,0,31,0,2,6,0,1,
2.024E+11,155 764 819,A01,1,30,0,2,3,2,1,
2.024E+11,155 764 820,B01,1,7,0,2,2,0,1,
2.024E+11,155 764 817,B01,3,7,0,2,7,23,1,
2.024E+11,155 764 818,A01,3,7,0,2,1,13,2,
2.024E+11,155 764 815,B01,1,7,0,2,1,1,1,
2.024E+11,155 764 816,A01,1,13,0,2,8,1,1,
2.024E+11,155 764 813,A01,2,1,0,2,1,1,5,
2.024E+11,155 764 814,B01,2,7,0,9,5,1,1,
2.024E+11,155 764 812,Z01,2,7,0,1,1,1,0,
2.024E+11,155 764 810,A01,1,7,0,2,1,1,1,
2.024E+11,155 764 811,B01,2,30,0,2,8,15,1,
2.024E+11,155 764 808,B01,2,1,0,2,8,5,5,
2.024E+11,155 764 809,A01,2,10,0,9,2,15,1,
2.024E+11,155 764 806,B01,2,30,1,0,7,1,1,
2.024E+11,155 764 807,A01,2,7,0,2,7,12,1,
2.024E+11,155 764 804,A01,1,33,0,2,2,17,1,
2.024E+11,155 764 805,B01,1,7,0,2,6,1,1,
2.024E+11,155 764 802,B01,1,7,0,2,4,23,1,
2.024E+11,155 764 803,A01,1,7,0,2,1,0,0,
2.024E+11,155 764 801,A01,3,7,0,0,9,1,1,
2.024E+11,155 764 800,A01,2,15,0,1,2,1,1,
2.024E+11,155 764 796,A01,1,7,0,2,1,13,1,
2.024E+11,155 764 797,B01,2,7,0,2,2,1,1,
2.024E+11,155 764 795,A01,1,33,12,0,1,0,1,
2.024E+11,155 764 793,A01,1,33,13,2,7,2,1,
2.024E+11,155 764 794,B01,1,30,0,2,8,15,1,
2.024E+11,155 764 791,A01,1,10,0,2,1,13,1,
2.024E+11,155 764 792,B01,2,7,0,2,1,1,1,
2.024E+11,155 764 789,B01,1,7,0,2,6,1,1,
2.024E+11,155 764 790,A01,1,7,0,2,1,1,1,
2.024E+11,155 764 787,B01,1,32,0,2,4,0,1,
2.024E+11,155 764 788,A01,1,7,0,2,1,0,1,
2.024E+11,155 764 785,B01,2,1,0,2,1,15,5,
2.024E+11,155 764 786,A01,1,7,0,2,8,15,1,
2.024E+11,155 764 779,A01,1,7,0,2,1,2,1,
2.024E+11,155 764 780,B01,1,7,0,2,4,2,1,
2.024E+11,155 764 781,C01,1,7,0,2,4,2,1,
2.024E+11,155 764 777,A01,0,7,0,2,3,26,3,
2.024E+11,155 764 778,B01,0,7,0,2,7,1,1,
2.024E+11,155 764 776,A01,2,7,0,1,5,26,1,
2.024E+11,155 764 775,A01,1,99,0,2,0,1,3,
2.024E+11,155 764 773,A01,1,10,0,2,3,15,1,
2.024E+11,155 764 774,B01,1,33,0,2,1,2,1,
2.024E+11,155 764 771,A01,3,33,0,2,1,17,1,
2.024E+11,155 764 772,B01,3,7,0,2,8,15,1,
2.024E+11,155 764 769,A01,1,7,0,2,1,26,1,
2.024E+11,155 764 770,B01,2,7,0,2,1,0,1,
2.024E+11,155 764 767,A01,1,38,0,2,5,16,1,1
2.024E+11,155 764 768,Y01,1,1,0,2,1,1,5,
2.024E+11,155 764 765,Z01,2,7,0,2,4,26,0,
2.024E+11,155 764 766,A01,2,7,0,2,4,23,1,
2.024E+11,155 764 763,A01,3,3,1,0,3,13,3,
2.024E+11,155 764 764,B01,3,7,0,2,8,24,1,
2.024E+11,155 764 761,A01,1,7,0,2,3,15,1,
2.024E+11,155 764 762,B01,2,33,0,2,0,1,1,
2.024E+11,155 764 760,A01,3,10,0,1,2,15,1,
2.024E+11,155 764 758,A01,1,7,0,2,8,13,1,
2.024E+11,155 764 759,B01,1,33,0,2,7,17,1,
2.024E+11,155 764 756,A01,1,7,9,2,9,6,1,
2.024E+11,155 764 757,B01,2,7,0,2,8,1,1,
2.024E+11,155 764 754,B01,1,7,0,2,2,15,1,
2.024E+11,155 764 755,A01,2,7,8,0,1,1,0,
2.024E+11,155 764 753,A01,1,7,0,1,3,1,1,
2.024E+11,155 764 751,A01,2,7,0,2,6,15,1,
2.024E+11,155 764 752,B01,1,33,0,2,8,1,1,
2.024E+11,155 764 750,A01,2,30,0,0,0,1,1,
2.024E+11,155 764 748,B01,1,33,0,2,1,1,1,
2.024E+11,155 764 749,A01,1,7,0,2,3,9,1,
2.024E+11,155 764 745,C01,2,7,0,2,4,2,1,
2.024E+11,155 764 746,A01,2,10,0,2,1,2,1,
2.024E+11,155 764 747,B01,2,7,0,2,4,2,1,
2.024E+11,155 764 743,A01,3,32,0,2,1,18,1,
2.024E+11,155 764 744,B01,3,7,0,2,2,15,1,
2.024E+11,155 764 742,A01,3,2,14,0,7,21,1,
2.024E+11,155 764 740,A01,3,7,0,2,7,23,1,
2.024E+11,155 764 741,B01,3,1,0,2,8,2,5,
2.024E+11,155 764 738,A01,1,7,0,2,0,1,1,
2.024E+11,155 764 739,B01,3,7,0,2,0,1,0,
2.024E+11,155 764 735,C01,1,7,0,2,4,2,1,
2.024E+11,155 764 736,A01,1,7,0,2,1,2,1,
2.024E+11,155 764 737,B01,1,7,0,2,4,2,3,
2.024E+11,155 764 733,A01,3,7,0,2,3,9,1,
2.024E+11,155 764 734,B01,3,1,0,2,2,1,5,
2.024E+11,155 764 731,A01,3,31,0,2,1,19,3,
2.024E+11,155 764 732,B01,3,7,0,2,4,19,1,
2.024E+11,155 764 729,B01,2,7,0,2,1,1,1,
2.024E+11,155 764 730,A01,2,10,0,2,8,15,1,
2.024E+11,155 764 727,A01,1,7,0,2,3,13,1,
2.024E+11,155 764 728,B01,2,7,0,2,3,1,1,
2.024E+11,155 764 725,B01,1,7,0,2,3,2,1,
2.024E+11,155 764 726,A01,1,7,0,2,4,0,2,
2.024E+11,155 764 724,A01,3,31,3,0,8,17,1,
2.024E+11,155 764 723,A01,1,7,4,0,1,0,1,
2.024E+11,155 764 722,A01,3,7,2,0,1,2,2,
2.024E+11,155 764 721,B01,1,7,1,0,4,24,1,
2.024E+11,155 764 719,B01,2,33,0,2,1,3,1,
2.024E+11,155 764 720,A01,2,7,0,2,3,11,1,
2.024E+11,155 764 717,A01,1,31,0,2,1,2,1,
2.024E+11,155 764 718,B01,1,7,0,2,4,2,2,
2.024E+11,155 764 715,B01,2,7,0,2,8,11,1,
2.024E+11,155 764 716,A01,2,31,0,2,5,0,1,
2.024E+11,155 764 713,A01,2,31,0,2,1,3,1,
2.024E+11,155 764 714,B01,2,7,0,2,4,12,2,
2.024E+11,155 764 710,A01,2,7,0,2,1,1,1,
2.024E+11,155 764 711,B01,2,7,0,2,4,1,1,
2.024E+11,155 764 712,C01,2,7,0,2,4,1,3,
2.024E+11,155 764 708,A01,1,33,0,2,1,3,1,
2.024E+11,155 764 709,B01,1,7,0,2,6,11,1,
2.024E+11,155 764 707,A01,1,7,9,0,1,16,1,
2.024E+11,155 764 706,A01,1,33,0,5,1,1,1,
2.024E+11,155 764 705,A01,1,38,3,0,1,1,1,11
2.024E+11,155 764 703,B01,2,7,0,2,4,1,1,
2.024E+11,155 764 704,A01,2,7,0,2,1,2,2,
2.024E+11,155 764 702,A01,1,2,0,0,2,13,1,
2.024E+11,155 764 700,A01,3,7,0,2,3,13,1,
2.024E+11,155 764 701,B01,3,7,0,2,3,1,1,
2.024E+11,155 764 699,A01,3,10,0,1,2,16,1,
2.024E+11,155 764 697,A01,1,7,0,2,2,13,1,
2.024E+11,155 764 698,B01,2,7,0,2,1,1,1,
2.024E+11,155 764 695,B01,3,10,0,2,6,2,1,
2.024E+11,155 764 696,A01,3,10,0,2,1,2,3,
2.024E+11,155 764 693,B01,1,50,1,2,7,1,3,
2.024E+11,155 764 694,A01,1,37,0,0,2,1,2,1
2.024E+11,155 764 691,B01,1,7,0,2,3,1,1,
2.024E+11,155 764 692,A01,1,7,0,2,5,2,2,
2.024E+11,155 764 689,A01,1,7,0,2,3,15,1,
2.024E+11,155 764 690,B01,1,1,0,2,7,1,5,
2.024E+11,155 764 687,B01,3,32,0,2,7,2,1,
2.024E+11,155 764 688,A01,3,7,1,2,2,1,1,
2.024E+11,155 764 686,A01,1,7,0,1,3,1,1,
2.024E+11,155 764 684,B01,2,7,8,2,1,1,1,
2.024E+11,155 764 685,A01,1,7,0,2,2,9,1,
2.024E+11,155 764 682,A01,2,7,1,2,3,9,1,
2.024E+11,155 764 683,B01,2,33,0,0,0,0,1,
2.024E+11,155 764 679,A01,1,32,0,2,2,17,1,
2.024E+11,155 764 681,B01,1,7,1,2,8,17,1,
2.024E+11,155 764 678,A01,2,30,0,4,1,19,1,
2.024E+11,155 764 680,B01,3,39,0,2,2,1,3,
2.024E+11,155 764 677,A01,1,7,0,0,2,1,1,
2.024E+11,155 764 675,B01,1,2,0,2,8,1,1,
2.024E+11,155 764 676,A01,1,7,0,2,3,15,1,
2.024E+11,155 764 673,A01,2,7,0,2,1,0,1,
2.024E+11,155 764 674,B01,1,7,0,2,3,1,1,
2.024E+11,155 764 672,A01,1,7,0,1,2,1,1,
2.024E+11,155 764 671,A01,3,7,1,1,2,1,1,
2.024E+11,155 764 668,B01,3,31,0,2,3,16,1,
2.024E+11,155 764 670,Z01,3,7,0,2,0,0,6,
2.024E+11,155 764 667,B01,1,1,0,2,8,1,5,
2.024E+11,155 764 669,A01,1,7,0,2,3,1,1,
2.024E+11,155 764 666,A01,1,7,0,1,2,0,1,
2.024E+11,155 764 665,A01,1,43,0,1,1,1,1,
2.024E+11,155 764 664,A01,2,7,1,0,7,20,1,
2.024E+11,155 764 663,A01,1,7,0,1,1,0,1,
2.024E+11,155 764 662,A01,1,7,15,0,3,1,1,
2.024E+11,155 764 661,A01,3,7,0,1,3,2,2,
2.024E+11,155 764 659,A01,1,7,0,2,2,9,1,
2.024E+11,155 764 660,B01,1,43,0,2,6,1,1,
2.024E+11,155 764 656,A01,1,7,0,2,6,15,1,
2.024E+11,155 764 658,B01,1,30,0,2,1,2,1,
2.024E+11,155 764 655,A01,3,33,0,2,7,17,1,
2.024E+11,155 764 657,B01,3,7,0,2,3,0,1,
2.024E+11,155 764 653,A01,1,99,0,2,1,7,0,
2.024E+11,155 764 654,B01,1,37,0,9,8,15,1,1
2.024E+11,155 764 651,B01,1,7,0,2,1,1,1,
2.024E+11,155 764 652,A01,2,7,0,2,1,13,1,
2.024E+11,155 764 650,A01,1,0,1,0,6,14,1,
2.024E+11,155 764 647,B01,2,7,0,2,4,1,1,
2.024E+11,155 764 649,A01,2,33,0,2,4,2,1,
2.024E+11,155 764 646,A01,1,7,0,2,2,15,0,
2.024E+11,155 764 648,B01,3,30,0,2,0,0,0,
2.024E+11,155 764 645,A01,1,1,0,0,1,5,5,
2.024E+11,155 764 641,B01,3,7,0,2,4,2,1,
2.024E+11,155 764 642,A01,3,7,0,2,1,2,1,
2.024E+11,155 764 640,A01,2,33,0,2,1,3,1,
2.024E+11,155 764 643,B01,2,7,0,2,4,1,1,
2.024E+11,155 764 639,B01,2,2,0,2,1,1,1,
2.024E+11,155 764 644,A01,2,7,0,2,3,15,1,
2.024E+11,155 764 635,A01,2,7,0,2,6,2,1,
2.024E+11,155 764 637,B01,2,33,4,2,1,2,1,
2.024E+11,155 764 634,A01,1,7,0,2,3,16,1,
2.024E+11,155 764 636,B01,1,2,0,2,2,1,3,
2.024E+11,155 764 633,B01,2,7,0,2,7,15,1,
2.024E+11,155 764 638,A01,1,30,0,2,1,1,1,
2.024E+11,155 764 630,A01,2,7,0,2,1,2,1,
2.024E+11,155 764 632,B01,2,31,0,2,4,2,1,
2.024E+11,155 764 628,A01,1,7,0,2,1,9,1,
2.024E+11,155 764 631,B01,1,7,0,2,7,9,1,
2.024E+11,155 764 626,A01,2,2,0,2,1,2,1,
2.024E+11,155 764 627,B01,2,7,0,2,1,2,1,
2.024E+11,155 764 629,C01,2,7,0,2,1,2,1,
2.024E+11,155 764 624,A01,1,10,0,2,4,1,1,
2.024E+11,155 764 625,B01,1,7,0,2,1,2,1,
2.024E+11,155 764 622,A01,1,7,16,0,5,14,1,
2.024E+11,155 764 621,A01,3,31,0,2,1,1,1,
2.024E+11,155 764 623,B01,3,7,0,2,4,1,3,
2.024E+11,155 764 620,A01,1,33,0,0,7,14,1,
2.024E+11,155 764 618,A01,1,7,0,9,7,14,1,
2.024E+11,155 764 619,B01,1,50,0,2,7,1,3,
2.024E+11,155 764 615,B01,3,34,0,0,0,0,1,
2.024E+11,155 764 617,A01,3,7,0,0,0,0,1,
2.024E+11,155 764 612,A01,1,2,0,2,1,1,1,
2.024E+11,155 764 614,Z01,1,7,0,2,0,15,1,
2.024E+11,155 764 609,A01,2,7,1,2,2,1,1,
2.024E+11,155 764 611,Z01,1,7,0,2,1,1,0,
2.024E+11,155 764 608,A01,3,7,0,2,2,15,1,
2.024E+11,155 764 610,B01,2,30,0,2,4,1,1,
2.024E+11,155 764 605,B01,0,7,0,2,3,15,1,
2.024E+11,155 764 606,A01,0,30,0,2,1,1,1,
2.024E+11,155 764 603,B01,1,34,0,2,6,1,1,
2.024E+11,155 764 607,A01,1,7,0,2,3,15,1,
2.024E+11,155 764 602,B01,1,7,0,2,1,1,1,
2.024E+11,155 764 604,A01,2,7,0,2,1,5,1,
2.024E+11,155 764 600,A01,2,7,2,0,1,1,1,
2.024E+11,155 764 599,A01,2,7,2,0,1,0,1,
2.024E+11,155 764 598,A01,0,7,0,2,8,15,1,
2.024E+11,155 764 601,B01,0,33,0,2,1,1,1,
2.024E+11,155 764 593,A01,1,7,1,2,1,17,0,
2.024E+11,155 764 597,B01,2,7,0,2,3,1,0,
2.024E+11,155 764 594,A01,1,31,0,2,6,26,1,
2.024E+11,155 764 596,B01,0,10,0,2,5,26,0,
2.024E+11,155 764 592,B01,2,7,0,2,1,1,0,
2.024E+11,155 764 595,A01,2,7,0,2,8,15,1,
2.024E+11,155 764 591,A01,1,32,0,1,1,1,3,
2.024E+11,155 764 590,A01,0,10,0,1,1,16,1,
2.024E+11,155 764 589,A01,1,40,0,1,3,2,3,
2.024E+11,155 764 588,A01,2,7,0,1,1,1,2,
2.024E+11,155 764 585,A01,3,7,0,2,1,26,1,
2.024E+11,155 764 587,B01,3,1,0,2,7,19,5,
2.024E+11,155 764 583,B01,1,7,0,2,3,1,1,
2.024E+11,155 764 586,A01,1,10,0,2,1,13,1,
2.024E+11,155 764 584,A01,1,33,1,0,7,26,1,
2.024E+11,155 764 581,A01,3,7,1,0,1,5,1,
2.024E+11,155 764 579,A01,2,32,0,2,3,21,1,
2.024E+11,155 764 580,B01,1,7,0,2,3,15,2,
2.024E+11,155 764 582,C01,3,7,0,2,1,26,2,
2.024E+11,155 764 577,A01,1,7,0,1,2,1,2,
2.024E+11,155 764 574,A01,2,50,0,1,1,13,3,
2.024E+11,155 764 573,A01,3,7,0,1,3,1,1,
2.024E+11,155 764 572,B01,2,33,0,2,2,26,1,
2.024E+11,155 764 575,A01,1,7,0,2,6,9,1,
2.024E+11,155 764 571,A01,1,7,6,0,1,1,1,
2.024E+11,155 764 568,A01,3,33,0,2,3,1,1,
2.024E+11,155 764 569,B01,3,32,0,2,2,1,1,
2.024E+11,155 764 564,A01,1,7,0,2,5,14,1,
2.024E+11,155 764 567,B01,1,33,14,0,1,1,1,
2.024E+11,155 764 570,C01,1,7,0,2,1,1,-1,
2.024E+11,155 764 565,A01,2,7,0,2,2,15,2,
2.024E+11,155 764 566,B01,1,7,0,2,3,1,1,
2.024E+11,155 764 563,A01,2,7,0,1,7,16,0,
2.024E+11,155 764 559,A01,2,10,3,2,1,1,1,
2.024E+11,155 764 562,B01,0,7,0,2,1,1,1,
2.024E+11,155 764 557,B01,1,7,0,2,3,1,1,
2.024E+11,155 764 560,A01,2,3,0,2,5,4,1,
2.024E+11,155 764 553,A01,1,7,0,2,1,17,1,
2.024E+11,155 764 555,B01,1,7,0,2,6,13,1,
2.024E+11,155 764 552,A01,3,7,0,1,4,20,1,
2.024E+11,155 764 548,A01,1,7,0,2,8,15,1,
2.024E+11,155 764 551,B01,1,50,0,2,1,2,3,
2.024E+11,155 764 547,A01,3,7,0,2,2,19,2,
2.024E+11,155 764 550,B01,3,7,0,2,7,1,3,
2.024E+11,155 764 549,A01,2,10,0,1,2,1,1,
2.024E+11,155 764 546,A01,2,1,0,0,0,1,5,
2.024E+11,155 764 543,B01,1,7,0,2,0,0,1,
2.024E+11,155 764 544,A01,1,7,0,2,0,1,1,
2.024E+11,155 764 542,A01,1,7,0,2,3,26,1,
2.024E+11,155 764 545,B01,3,33,0,2,7,0,1,
2.024E+11,155 764 540,B01,1,7,0,2,1,1,1,