Num_Acc,id_vehicule,num_veh,senc,catv,obs,obsm,choc,manv,motor,occutc
2.024E+11,155 761 268,A01,3,30,9,2,3,17,3,
2.024E+11,155 761 269,B01,3,7,9,2,2,1,1,
2.024E+11,155 761 266,A01,2,7,0,2,3,13,1,
2.024E+11,155 761 267,B01,2,7,0,2,5,1,2,
2.024E+11,155 761 265,A01,2,2,0,0,0,1,3,
2.024E+11,155 761 264,A01,1,7,1,0,2,1,1,
2.024E+11,155 761 263,A01,1,7,9,0,1,26,1,
2.024E+11,155 761 261,B01,1,33,0,2,2,1,1,
2.024E+11,155 761 262,A01,1,7,0,2,3,15,2,
2.024E+11,155 761 260,A01,3,7,0,1,1,26,0,
2.024E+11,155 761 258,A01,0,37,0,0,0,0,4,1
2.024E+11,155 761 259,B01,0,50,0,0,0,0,3,
2.024E+11,155 761 256,B01,3,7,0,2,1,1,3,
2.024E+11,155 761 257,A01,3,7,0,2,2,1,3,
2.024E+11,155 761 254,B01,0,7,0,0,6,1,1,
2.024E+11,155 761 255,A01,1,7,0,2,1,1,2,
2.024E+11,155 761 253,A01,1,7,0,1,3,1,1,
2.024E+11,155 761 251,A01,2,32,0,2,7,1,1,
2.024E+11,155 761 252,B01,2,7,0,2,1,1,1,
2.024E+11,155 761 250,A01,0,7,0,1,2,16,1,
2.024E+11,155 761 248,A01,1,7,0,2,1,9,1,
2.024E+11,155 761 249,B01,1,7,0,2,7,1,1,
2.024E+11,155 761 246,A01,1,32,0,2,0,1,1,
2.024E+11,155 761 247,Z01,2,10,0,2,0,26,0,
2.024E+11,155 761 245,A01,2,33,0,0,3,1,1,
2.024E+11,155 761 244,A01,1,7,3,0,9,2,1,
2.024E+11,155 761 243,A01,2,7,2,0,2,17,1,
2.024E+11,155 761 242,A01,2,32,0,0,0,13,1,
2.024E+11,155 761 241,A01,3,2,0,0,9,2,1,
2.024E+11,155 761 239,A01,1,7,0,2,1,0,1,
2.024E+11,155 761 240,B01,2,7,0,2,1,0,1,
2.024E+11,155 761 238,A01,2,7,3,1,2,1,1,
2.024E+11,155 761 236,B01,1,33,0,2,2,17,1,
2.024E+11,155 761 237,A01,1,7,0,2,3,10,1,
2.024E+11,155 761 234,A01,1,38,0,0,4,2,1,1
2.024E+11,155 761 235,B01,1,37,0,2,1,2,1,1
2.024E+11,155 761 232,B01,2,10,0,0,8,1,1,
2.024E+11,155 761 233,A01,1,7,0,2,1,1,1,
2.024E+11,155 761 230,B01,2,2,0,2,3,1,1,
2.024E+11,155 761 231,A01,1,10,0,2,3,6,1,
2.024E+11,155 761 228,A01,2,33,0,2,2,17,1,
2.024E+11,155 761 229,B01,2,7,0,2,8,15,1,
2.024E+11,155 761 227,A01,1,7,13,0,9,1,1,
2.024E+11,155 761 226,A01,2,7,2,0,1,1,1,
2.024E+11,155 761 224,B01,1,33,0,2,7,1,1,
2.024E+11,155 761 225,A01,1,10,0,2,3,19,1,
2.024E+11,155 761 223,A01,2,7,2,0,1,13,0,
2.024E+11,155 761 222,A01,1,7,13,0,9,1,1,
2.024E+11,155 761 220,B01,2,1,0,2,8,1,5,
2.024E+11,155 761 221,A01,2,7,0,2,2,1,1,
2.024E+11,155 761 217,C01,2,7,0,2,1,0,1,
2.024E+11,155 761 218,A01,1,7,0,0,1,5,1,
2.024E+11,155 761 219,B01,2,7,3,2,1,0,1,
2.024E+11,155 761 214,A01,2,33,0,2,1,1,1,
2.024E+11,155 761 215,B01,1,7,0,2,5,15,1,
2.024E+11,155 761 216,C01,2,7,6,0,7,18,1,
2.024E+11,155 761 212,B01,3,7,16,2,8,2,1,
2.024E+11,155 761 213,A01,3,7,7,2,1,19,1,
2.024E+11,155 761 210,B01,1,7,5,0,3,13,1,
2.024E+11,155 761 211,A01,2,7,5,0,3,13,1,
2.024E+11,155 761 208,A01,2,7,0,2,1,13,1,
2.024E+11,155 761 209,B01,1,10,0,2,1,1,1,
2.024E+11,155 761 207,A01,2,7,0,9,2,19,1,
2.024E+11,155 761 206,A01,1,33,0,0,0,0,1,
2.024E+11,155 761 204,A01,1,80,0,0,0,1,3,
2.024E+11,155 761 201,D01,1,1,0,2,3,1,5,
2.024E+11,155 761 202,A01,1,7,0,2,3,13,1,
2.024E+11,155 761 203,B01,1,1,0,2,3,1,5,
2.024E+11,155 761 205,C01,1,1,0,2,3,1,5,
2.024E+11,155 761 199,B01,3,7,0,2,6,9,1,
2.024E+11,155 761 200,A01,1,33,0,2,1,21,1,
2.024E+11,155 761 197,A01,1,10,0,1,4,4,1,
2.024E+11,155 761 194,B01,1,1,0,2,4,13,5,
2.024E+11,155 761 195,A01,1,7,0,2,2,17,1,
2.024E+11,155 761 193,A01,2,7,3,0,1,2,1,
2.024E+11,155 761 190,A01,2,7,0,2,1,1,2,
2.024E+11,155 761 191,B01,2,7,0,2,6,19,2,
2.024E+11,155 761 189,B01,2,40,0,2,1,1,3,
2.024E+11,155 761 192,A01,2,7,0,4,8,1,1,
2.024E+11,155 761 188,A01,1,10,2,0,3,1,0,
2.024E+11,155 761 187,A01,1,32,0,1,1,21,1,
2.024E+11,155 761 186,A01,2,7,13,0,0,13,0,
2.024E+11,155 761 185,A01,1,7,0,1,7,1,1,
2.024E+11,155 761 184,A01,3,33,6,0,1,1,0,
2.024E+11,155 761 183,A01,0,50,12,0,3,11,3,
2.024E+11,155 761 180,B01,2,7,6,0,4,2,1,
2.024E+11,155 761 182,A01,2,10,0,2,1,2,1,
2.024E+11,155 761 179,A01,0,7,0,2,3,15,1,
2.024E+11,155 761 181,B01,0,33,0,2,1,1,1,
2.024E+11,155 761 177,B01,1,7,0,2,2,2,1,
2.024E+11,155 761 178,A01,1,1,0,0,8,1,5,
2.024E+11,155 761 173,A01,1,7,2,0,1,0,1,
2.024E+11,155 761 172,A01,1,7,0,2,1,1,0,
2.024E+11,155 761 174,B01,2,7,0,2,4,15,1,
2.024E+11,155 761 175,C01,1,10,0,2,4,1,1,
2.024E+11,155 761 176,D01,1,7,0,2,4,1,1,
2.024E+11,155 761 169,A01,1,7,0,0,2,23,1,
2.024E+11,155 761 171,B01,1,2,0,0,1,25,3,
2.024E+11,155 761 170,A01,2,7,0,1,1,1,1,
2.024E+11,155 761 168,A01,0,2,0,0,0,1,3,
2.024E+11,155 761 167,A01,1,33,1,0,1,14,1,
2.024E+11,155 761 165,A01,2,7,0,2,1,13,1,
2.024E+11,155 761 166,B01,1,7,0,2,1,1,1,
2.024E+11,155 761 163,A01,1,33,0,2,3,11,1,
2.024E+11,155 761 164,B01,1,33,0,2,5,1,1,
2.024E+11,155 761 162,A01,0,7,0,1,2,1,1,
2.024E+11,155 761 159,B01,1,7,0,2,4,2,1,
2.024E+11,155 761 161,A01,1,32,0,2,1,2,1,
2.024E+11,155 761 158,B01,2,7,0,2,1,1,2,
2.024E+11,155 761 160,A01,1,7,0,2,1,1,1,
2.024E+11,155 761 156,A01,2,7,0,2,8,11,2,
2.024E+11,155 761 157,B01,2,31,0,2,7,1,1,
2.024E+11,155 761 154,A01,1,33,0,2,1,1,1,
2.024E+11,155 761 155,B01,2,7,0,2,5,15,1,
2.024E+11,155 761 150,C01,1,7,0,2,4,2,1,
2.024E+11,155 761 152,A01,1,7,0,2,1,2,1,
2.024E+11,155 761 153,B01,1,7,0,2,4,2,1,
2.024E+11,155 761 149,A01,1,7,0,2,1,5,1,
2.024E+11,155 761 151,B01,2,7,0,2,1,1,1,
2.024E+11,155 761 147,A01,2,30,0,1,1,26,1,
2.024E+11,155 761 148,A01,1,7,0,1,2,9,1,
2.024E+11,155 761 146,A01,3,7,0,1,3,1,1,
2.024E+11,155 761 145,A01,1,10,0,1,1,15,3,
2.024E+11,155 761 142,A01,2,7,0,0,6,1,1,
2.024E+11,155 761 144,B01,2,33,0,2,1,2,1,
2.024E+11,155 761 141,A01,1,7,0,2,3,15,1,
2.024E+11,155 761 143,B01,2,7,9,2,3,1,1,
2.024E+11,155 761 137,A01,1,33,0,2,2,17,1,
2.024E+11,155 761 139,B01,1,10,0,0,3,1,1,
2.024E+11,155 761 138,A01,2,7,0,2,1,5,1,
2.024E+11,155 761 140,B01,1,7,0,2,1,21,1,
2.024E+11,155 761 135,A01,2,50,0,2,2,1,3,
2.024E+11,155 761 136,B01,1,7,0,9,0,1,1,
2.024E+11,155 761 133,A01,2,50,0,1,1,1,3,
2.024E+11,155 761 134,A01,1,7,6,0,9,17,1,
2.024E+11,155 761 132,A01,1,7,2,0,7,1,1,
2.024E+11,155 761 131,A01,1,14,0,1,1,1,1,
2.024E+11,155 761 130,A01,1,10,0,1,3,16,1,
2.024E+11,155 761 129,A01,1,7,0,1,1,1,1,
2.024E+11,155 761 127,A01,1,7,0,2,7,1,2,
2.024E+11,155 761 128,B01,1,1,0,0,1,2,5,
2.024E+11,155 761 125,A01,1,7,0,2,3,15,1,
2.024E+11,155 761 126,B01,2,50,0,2,2,1,3,
2.024E+11,155 761 123,A01,1,33,0,0,0,21,0,
2.024E+11,155 761 124,B01,1,14,15,0,1,21,1,
2.024E+11,155 761 120,A01,1,7,12,2,2,9,2,
2.024E+11,155 761 122,B01,2,33,12,2,1,9,1,
2.024E+11,155 761 118,A01,2,7,0,1,1,19,1,
2.024E+11,155 761 119,A01,3,31,0,2,4,1,1,
2.024E+11,155 761 121,B01,3,7,0,2,1,1,1,
2.024E+11,155 761 117,A01,2,32,0,1,1,1,1,
2.024E+11,155 761 115,A01,2,10,0,5,1,1,1,
2.024E+11,155 761 116,A01,1,7,3,0,1,13,1,
2.024E+11,155 761 113,A01,2,7,0,0,9,0,1,
2.024E+11,155 761 112,A01,3,7,0,2,3,10,2,
2.024E+11,155 761 114,B01,2,43,0,2,2,1,1,
2.024E+11,155 761 111,A01,3,7,0,0,2,1,1,
2.024E+11,155 761 109,A01,1,31,0,2,1,1,1,
2.024E+11,155 761 110,B01,1,10,0,2,4,1,1,
2.024E+11,155 761 107,A01,3,7,0,1,1,1,1,
2.024E+11,155 761 106,B01,2,33,0,2,4,1,1,
2.024E+11,155 761 108,A01,2,7,0,2,1,1,1,
2.024E+11,155 761 103,A01,2,10,0,1,1,16,1,
2.024E+11,155 761 100,A01,2,7,0,2,4,23,1,
2.024E+11,155 761 102,B01,2,7,0,2,1,1,1,
2.024E+11,155 761 104,C01,2,7,0,2,1,1,1,
2.024E+11,155 761 105,D01,2,7,0,2,1,2,1,
2.024E+11,155 761 099,B01,3,7,0,2,6,15,1,
2.024E+11,155 761 101,A01,2,30,0,2,1,17,1,
2.024E+11,155 761 095,A01,1,7,0,2,8,15,1,
2.024E+11,155 761 098,B01,1,33,0,2,2,17,1,
2.024E+11,155 761 094,A01,0,1,0,1,1,1,5,
2.024E+11,155 761 092,A01,3,7,0,1,1,1,1,
2.024E+11,155 761 089,B01,2,7,0,2,4,1,0,
2.024E+11,155 761 091,C01,2,7,0,2,4,1,1,
2.024E+11,155 761 093,A01,2,7,0,2,1,26,1,
2.024E+11,155 761 088,A01,3,7,0,2,2,16,1,
2.024E+11,155 761 090,B01,1,50,0,2,1,1,3,
2.024E+11,155 761 086,A01,1,10,0,2,2,21,1,
2.024E+11,155 761 087,B01,1,32,0,2,4,1,1,
2.024E+11,155 761 084,A01,1,37,0,1,1,15,2,1
2.024E+11,155 761 083,Z01,0,7,0,0,1,1,2,
2.024E+11,155 761 085,A01,0,7,0,0,8,1,1,
2.024E+11,155 761 080,A01,2,33,0,2,8,3,1,
2.024E+11,155 761 082,B01,2,7,0,2,7,12,1,
2.024E+11,155 761 079,A01,3,7,0,2,9,1,1,
2.024E+11,155 761 081,B01,3,7,0,2,1,1,1,
2.024E+11,155 761 077,B01,1,7,0,2,3,1,1,
2.024E+11,155 761 078,A01,2,7,0,2,8,1,1,
2.024E+11,155 761 075,A01,2,10,3,2,1,2,1,
2.024E+11,155 761 076,B01,2,7,3,0,4,2,1,
2.024E+11,155 761 072,B01,2,2,0,2,2,2,1,
2.024E+11,155 761 074,A01,2,7,0,2,8,15,3,
2.024E+11,155 761 071,A01,2,50,4,0,2,0,3,
2.024E+11,155 761 069,A01,1,32,0,1,1,1,1,
2.024E+11,155 761 068,B01,3,32,1,0,1,0,1,
2.024E+11,155 761 070,B01,2,7,0,2,3,15,1,
2.024E+11,155 761 073,A01,2,33,0,2,3,17,1,
2.024E+11,155 761 067,A01,1,31,0,0,8,16,1,
2.024E+11,155 761 064,B01,3,1,0,0,5,1,5,
2.024E+11,155 761 066,A01,3,7,0,9,3,1,1,
2.024E+11,155 761 063,B01,3,7,15,2,8,1,1,
2.024E+11,155 761 065,A01,3,7,15,2,1,1,1,
2.024E+11,155 761 060,A01,1,33,0,2,8,1,1,
2.024E+11,155 761 062,B01,2,3,0,2,1,0,1,
2.024E+11,155 761 058,A01,3,30,0,2,1,26,1,
2.024E+11,155 761 059,B01,3,7,0,2,0,0,1,
2.024E+11,155 761 056,A01,2,7,1,0,1,13,1,
2.024E+11,155 761 055,B01,2,7,0,1,3,1,1,
2.024E+11,155 761 057,A01,2,10,0,2,3,2,1,
2.024E+11,155 761 054,A01,1,34,0,1,1,1,1,
2.024E+11,155 761 051,A01,1,7,0,2,3,1,1,
2.024E+11,155 761 053,B01,1,10,0,2,3,17,1,
2.024E+11,155 761 050,A01,1,34,1,2,1,21,1,
2.024E+11,155 761 052,B01,1,7,0,0,6,24,1,
2.024E+11,155 761 048,B01,1,7,0,2,1,20,0,
2.024E+11,155 761 049,A01,2,33,0,2,3,17,1,
2.024E+11,155 761 047,A01,2,7,0,9,9,1,1,
2.024E+11,155 761 046,A01,1,7,0,1,1,1,2,
2.024E+11,155 761 043,B01,1,2,0,2,3,1,1,
2.024E+11,155 761 044,C01,1,50,0,2,0,1,3,
2.024E+11,155 761 042,A01,1,7,0,2,2,16,1,
2.024E+11,155 761 045,B01,1,1,0,2,7,1,5,
2.024E+11,155 761 038,A01,2,50,0,2,3,26,3,
2.024E+11,155 761 040,B01,1,7,0,2,2,16,1,
2.024E+11,155 761 039,A01,3,7,0,2,3,16,1,
2.024E+11,155 761 041,B01,1,33,0,2,5,1,1,
2.024E+11,155 761 036,B01,2,7,0,2,2,0,1,
2.024E+11,155 761 037,A01,1,7,0,2,3,16,1,
2.024E+11,155 761 035,A01,1,7,4,0,1,1,1,
2.024E+11,155 761 033,A01,3,7,0,2,8,15,1,
2.024E+11,155 761 034,B01,3,1,0,2,7,1,5,
2.024E+11,155 761 030,A01,2,7,0,2,3,22,1,
2.024E+11,155 761 032,B01,2,32,0,2,2,3,1,
2.024E+11,155 761 028,B01,2,7,0,2,4,2,1,
2.024E+11,155 761 031,A01,2,7,0,2,1,2,1,
2.024E+11,155 761 027,A01,3,7,0,2,5,17,1,
2.024E+11,155 761 029,B01,0,32,0,2,1,0,1,
2.024E+11,155 761 024,A01,1,33,0,2,1,3,1,
2.024E+11,155 761 026,B01,1,7,0,2,7,12,1,
2.024E+11,155 761 023,A01,0,7,0,0,2,0,1,
2.024E+11,155 761 022,A01,1,7,0,2,1,14,1,
2.024E+11,155 761 025,B01,1,7,0,2,4,1,2,
2.024E+11,155 761 021,A01,1,7,17,0,1,14,1,
2.024E+11,155 761 020,A01,1,7,4,0,3,13,1,
2.024E+11,155 761 016,B01,1,7,0,2,2,1,1,
2.024E+11,155 761 019,A01,1,7,0,2,2,5,1,
2.024E+11,155 761 015,A01,3,7,0,0,5,19,1,
2.024E+11,155 761 018,B01,0,33,0,2,1,1,0,
2.024E+11,155 761 014,B01,1,43,0,2,1,1,1,
2.024E+11,155 761 017,A01,2,10,0,2,1,15,1,
2.024E+11,155 761 011,B01,1,7,0,2,2,16,1,
2.024E+11,155 761 013,A01,1,31,0,2,1,7,1,
2.024E+11,155 761 009,B01,2,33,0,2,1,1,1,
2.024E+11,155 761 012,A01,3,7,0,2,6,15,1,
2.024E+11,155 761 008,A01,1,31,0,2,2,1,1,
2.024E+11,155 761 010,Z01,1,7,0,2,3,15,0,
2.024E+11,155 761 005,A01,1,7,0,1,0,1,0,
2.024E+11,155 761 006,A01,1,33,0,2,1,1,1,
2.024E+11,155 761 007,B01,1,7,0,2,4,1,3,
2.024E+11,155 761 001,A01,1,7,0,1,2,21,1,
2.024E+11,155 760 999,C01,3,7,0,2,7,16,1,
2.024E+11,155 761 002,A01,3,10,0,2,3,1,1,
2.024E+11,155 761 004,B01,3,32,0,2,1,1,1,
2.024E+11,155 760 998,B01,1,15,0,2,1,1,1,
2.024E+11,155 761 000,C01,1,7,0,2,1,1,1,
2.024E+11,155 761 003,A01,1,15,0,0,4,0,1,
2.024E+11,155 760 996,B01,2,50,0,0,0,0,3,
2.024E+11,155 760 997,A01,1,7,0,2,1,2,1,
2.024E+11,155 760 992,B01,2,7,0,2,1,2,1,
2.024E+11,155 760 994,A01,1,10,0,2,2,5,1,
2.024E+11,155 760 995,A01,1,37,0,0,0,21,1,3
2.024E+11,155 760 989,A01,2,7,0,1,1,15,1,
2.024E+11,155 760 988,A01,1,7,0,2,3,22,1,
2.024E+11,155 760 990,B01,1,43,0,2,2,1,1,
2.024E+11,155 760 987,A01,3,7,2,0,3,13,1,
2.024E+11,155 760 986,A01,2,7,0,0,2,1,1,
2.024E+11,155 760 983,A01,3,31,0,0,0,1,1,
2.024E+11,155 760 982,A01,3,7,0,1,3,26,1,
2.024E+11,155 760 984,A01,3,3,0,2,7,1,1,
2.024E+11,155 760 985,B01,3,7,0,2,1,1,1,
2.024E+11,155 760 978,A01,2,7,5,0,2,1,1,
2.024E+11,155 760 979,B01,1,7,0,2,3,1,1,
2.024E+11,155 760 981,A01,2,7,0,2,3,13,1,
2.024E+11,155 760 977,A01,3,7,0,2,2,12,1,
2.024E+11,155 760 980,B01,1,2,0,2,8,1,3,
2.024E+11,155 760 975,A01,2,50,0,0,8,1,3,
2.024E+11,155 760 974,B01,3,1,0,2,7,1,5,
2.024E+11,155 760 976,A01,2,7,0,2,8,1,1,
2.024E+11,155 760 970,A01,1,31,0,2,1,1,1,
2.024E+11,155 760 973,B01,1,80,0,2,8,11,3,
2.024E+11,155 760 969,A01,3,2,0,2,1,13,1,
2.024E+11,155 760 972,B01,3,7,0,2,1,1,1,
2.024E+11,155 760 966,A01,2,7,0,1,3,1,1,
2.024E+11,155 760 968,B01,2,7,0,1,3,1,2,
2.024E+11,155 760 964,A01,1,10,0,2,1,1,1,
2.024E+11,155 760 967,B01,1,7,0,2,4,23,1,
2.024E+11,155 760 963,A01,2,7,0,0,2,1,1,
2.024E+11,155 760 965,B01,0,2,0,2,2,1,1,
2.024E+11,155 760 961,A01,1,50,1,0,1,1,3,
2.024E+11,155 760 962,B01,1,7,0,2,4,23,1,
2.024E+11,155 760 958,A01,1,33,0,2,2,1,1,
2.024E+11,155 760 959,B01,1,7,0,0,6,1,1,
2.024E+11,155 760 957,A01,1,1,0,2,5,16,5,
2.024E+11,155 760 960,B01,1,1,0,2,1,1,5,
2.024E+11,155 760 953,A01,3,7,0,2,1,11,1,
2.024E+11,155 760 954,B01,0,33,0,2,1,1,1,
2.024E+11,155 760 955,A01,2,32,0,2,1,5,1,
2.024E+11,155 760 956,B01,1,7,0,2,1,1,1,
2.024E+11,155 760 951,B01,1,37,0,2,4,23,3,1
2.024E+11,155 760 952,A01,1,2,0,2,1,1,1,
2.024E+11,155 760 948,A01,3,7,0,0,7,15,2,
2.024E+11,155 760 950,B01,2,32,0,2,1,1,1,
2.024E+11,155 760 947,B01,2,7,0,2,1,2,1,
2.024E+11,155 760 949,A01,2,7,0,2,4,23,1,
2.024E+11,155 760 946,A01,2,80,0,1,7,13,3,
2.024E+11,155 760 944,A01,1,7,0,1,4,4,1,
2.024E+11,155 760 943,A01,2,33,0,2,1,17,1,
2.024E+11,155 760 945,B01,2,7,0,2,8,15,1,
2.024E+11,155 760 941,A01,1,1,0,0,0,15,5,
2.024E+11,155 760 940,B01,1,50,0,2,1,1,3,
2.024E+11,155 760 942,A01,1,10,0,2,3,15,1,
2.024E+11,155 760 938,A01,1,7,0,2,3,9,1,
2.024E+11,155 760 939,B01,1,7,12,0,7,1,1,
2.024E+11,155 760 935,A01,1,7,0,2,1,15,1,
2.024E+11,155 760 937,B01,1,2,0,2,3,1,1,
2.024E+11,155 760 934,A01,3,7,0,1,4,4,1,
2.024E+11,155 760 933,B01,1,1,0,2,8,1,5,
2.024E+11,155 760 936,A01,1,7,0,2,0,0,1,
2.024E+11,155 760 929,A01,0,2,0,2,1,1,1,
2.024E+11,155 760 932,B01,0,37,0,2,1,1,1,1
2.024E+11,155 760 928,A01,1,30,0,0,2,16,1,
2.024E+11,155 760 930,B01,2,7,0,0,5,17,1,
2.024E+11,155 760 931,A01,2,2,0,2,3,13,1,
2.024E+11,155 760 925,B01,1,2,14,0,1,1,1,
2.024E+11,155 760 927,A01,1,7,14,0,2,1,1,
2.024E+11,155 760 923,A01,3,31,0,2,3,15,3,
2.024E+11,155 760 926,B01,1,7,0,2,6,1,2,
2.024E+11,155 760 921,A01,1,7,0,1,1,1,1,
2.024E+11,155 760 922,B01,1,2,0,0,0,1,1,
2.024E+11,155 760 924,A01,1,10,0,0,0,16,1,
2.024E+11,155 760 917,A01,1,7,0,2,5,1,1,
2.024E+11,155 760 920,B01,1,32,0,2,1,3,1,
2.024E+11,155 760 916,A01,1,7,0,2,1,1,1,
2.024E+11,155 760 919,B01,1,7,0,2,4,23,1,
2.024E+11,155 760 915,B01,3,7,0,2,1,0,1,
2.024E+11,155 760 918,A01,3,7,0,2,1,13,1,
2.024E+11,155 760 913,A01,2,7,0,0,9,26,1,
2.024E+11,155 760 912,A01,1,7,0,2,1,9,1,
2.024E+11,155 760 914,B01,1,1,0,2,5,1,5,
2.024E+11,155 760 910,A01,1,37,0,2,8,18,0,1
2.024E+11,155 760 911,B01,1,50,0,2,7,0,3,
2.024E+11,155 760 908,A01,3,7,0,1,1,9,1,
2.024E+11,155 760 907,A01,1,7,0,2,8,1,1,
2.024E+11,155 760 909,B01,1,7,0,2,1,17,1,
2.024E+11,155 760 906,A01,2,33,8,0,1,1,1,
2.024E+11,155 760 904,A01,1,7,0,1,4,4,1,
2.024E+11,155 760 902,C01,1,7,0,2,1,2,1,
2.024E+11,155 760 903,A01,1,10,0,2,4,2,1,
2.024E+11,155 760 905,B01,1,7,0,2,3,2,0,
2.024E+11,155 760 901,A01,3,7,15,0,1,1,3,
2.024E+11,155 760 900,A01,0,10,0,1,8,9,0,
2.024E+11,155 760 898,A01,2,7,3,0,7,1,1,
2.024E+11,155 760 897,A01,0,7,0,2,1,1,1,
2.024E+11,155 760 899,B01,0,7,0,2,6,1,1,
2.024E+11,155 760 893,B01,2,10,0,2,4,12,1,
2.024E+11,155 760 895,A01,2,43,0,2,1,3,1,
2.024E+11,155 760 894,A01,2,7,0,2,4,4,2,
2.024E+11,155 760 896,B01,2,2,0,2,1,23,1,
2.024E+11,155 760 891,A01,2,7,0,2,4,23,1,
2.024E+11,155 760 892,Z01,2,0,0,2,1,2,0,
2.024E+11,155 760 888,A01,2,7,0,2,1,1,1,
2.024E+11,155 760 890,B01,2,10,0,2,4,1,1,
2.024E+11,155 760 887,B01,3,50,0,2,7,19,3,
2.024E+11,155 760 889,A01,1,7,0,2,1,1,1,
2.024E+11,155 760 884,A01,3,7,0,9,2,1,2,
2.024E+11,155 760 886,B01,3,50,0,2,7,16,3,
2.024E+11,155 760 881,A01,1,7,0,2,1,1,1,
2.024E+11,155 760 882,C01,1,7,0,2,6,1,1,
2.024E+11,155 760 885,B01,1,7,0,2,4,1,2,
2.024E+11,155 760 880,B01,2,2,0,2,8,15,1,
2.024E+11,155 760 883,A01,1,10,0,2,0,26,3,
2.024E+11,155 760 877,B01,1,50,0,2,1,1,3,
2.024E+11,155 760 879,A01,2,10,0,9,1,1,1,
2.024E+11,155 760 876,B01,2,7,0,2,6,11,1,
2.024E+11,155 760 878,A01,2,20,0,2,2,12,1,
2.024E+11,155 760 874,B01,1,33,0,2,8,16,1,
2.024E+11,155 760 875,A01,1,10,0,2,1,15,1,
2.024E+11,155 760 870,A01,1,7,0,2,7,21,1,
2.024E+11,155 760 872,B01,1,33,0,2,8,1,1,
2.024E+11,155 760 866,A01,1,7,0,2,4,2,1,
2.024E+11,155 760 869,B01,1,7,0,2,4,2,1,
2.024E+11,155 760 871,D01,1,7,0,2,0,0,1,
2.024E+11,155 760 873,C01,1,7,0,2,4,2,1,
2.024E+11,155 760 864,B01,2,7,0,2,1,1,3,
2.024E+11,155 760 867,A01,2,7,0,2,7,15,0,
2.024E+11,155 760 862,A01,1,7,0,1,7,0,0,
2.024E+11,155 760 861,B01,2,43,0,2,4,3,1,
2.024E+11,155 760 865,A01,2,43,0,2,1,3,1,
2.024E+11,155 760 868,C01,2,33,0,2,4,3,1,
2.024E+11,155 760 859,B01,1,10,0,2,7,1,1,
2.024E+11,155 760 863,A01,1,10,0,2,1,1,1,
2.024E+11,155 760 857,B01,1,99,0,2,8,26,0,
2.024E+11,155 760 860,A01,1,10,0,2,4,26,0,
2.024E+11,155 760 855,A01,2,10,0,2,2,12,1,
2.024E+11,155 760 856,B01,2,33,0,2,8,3,1,
2.024E+11,155 760 858,C01,2,10,0,2,4,1,1,
2.024E+11,155 760 854,A01,0,10,8,0,1,2,1,
2.024E+11,155 760 853,A01,1,60,0,0,0,26,5,
2.024E+11,155 760 849,A01,1,7,0,2,8,13,1,
2.024E+11,155 760 852,B01,1,15,0,2,2,1,1,
2.024E+11,155 760 851,A01,3,2,0,0,8,21,1,
2.024E+11,155 760 848,B01,0,30,0,2,1,13,1,
2.024E+11,155 760 850,A01,0,7,0,2,1,21,1,
2.024E+11,155 760 846,A01,1,7,1,1,3,12,1,
2.024E+11,155 760 847,A01,3,33,0,0,0,26,6,
2.024E+11,155 760 844,B01,1,33,0,2,7,17,1,
2.024E+11,155 760 845,A01,1,7,0,2,3,15,1,
2.024E+11,155 760 842,A01,2,31,1,0,2,0,1,
2.024E+11,155 760 843,A01,1,7,4,0,1,1,1,
2.024E+11,155 760 840,A01,1,7,0,2,6,1,2,
2.024E+11,155 760 841,B01,1,33,0,2,1,21,1,
2.024E+11,155 760 837,A01,3,3,0,1,3,1,1,
2.024E+11,155 760 835,B01,1,7,0,2,8,1,1,
2.024E+11,155 760 838,A01,1,10,7,2,8,19,1,
2.024E+11,155 760 839,C01,1,7,0,2,1,1,1,
2.024E+11,155 760 834,A01,0,7,0,2,3,15,1,
2.024E+11,155 760 836,B01,0,33,0,2,2,17,1,
2.024E+11,155 760 832,A01,2,7,0,1,3,1,1,
2.024E+11,155 760 831,A01,3,7,14,2,6,16,0,
2.024E+11,155 760 833,B01,3,7,15,2,6,26,0,
2.024E+11,155 760 828,A01,2,1,0,1,1,2,5,
2.024E+11,155 760 829,B01,1,50,0,2,1,2,3,
2.024E+11,155 760 830,A01,1,10,0,2,5,2,1,
2.024E+11,155 760 826,A01,1,30,0,2,1,18,1,
2.024E+11,155 760 827,B01,1,7,0,2,5,16,1,
2.024E+11,155 760 822,B01,2,31,0,2,1,1,1,
2.024E+11,155 760 824,C01,1,7,0,2,1,1,2,
2.024E+11,155 760 825,A01,3,7,0,2,2,16,1,
2.024E+11,155 760 820,A01,2,50,0,2,8,1,3,
2.024E+11,155 760 823,B01,2,7,0,2,2,2,1,
2.024E+11,155 760 819,B01,1,50,0,2,5,1,3,
2.024E+11,155 760 821,A01,1,7,0,9,5,20,1,
2.024E+11,155 760 816,A01,0,30,14,0,0,2,1,
2.024E+11,155 760 815,A01,1,7,13,0,2,2,1,
2.024E+11,155 760 817,B01,1,7,0,0,4,1,1,
2.024E+11,155 760 814,A01,1,7,0,2,6,23,1,
2.024E+11,155 760 818,B01,1,7,0,2,1,2,1,
2.024E+11,155 760 813,A01,2,50,12,0,1,26,3,
2.024E+11,155 760 810,A01,1,2,0,2,3,13,1,