Num_Acc,id_vehicule,num_veh,senc,catv,obs,obsm,choc,manv,motor,occutc
2.024E+11,155 759 408,B01,3,15,0,2,3,1,1,
2.024E+11,155 759 411,A01,3,7,0,2,1,13,1,
2.024E+11,155 759 406,B01,1,7,0,2,8,1,1,
2.024E+11,155 759 409,A01,2,7,0,2,3,13,1,
2.024E+11,155 759 404,A01,0,7,0,2,5,12,1,
2.024E+11,155 759 405,B01,0,30,0,2,1,1,1,
2.024E+11,155 759 401,A01,1,7,0,2,1,1,1,
2.024E+11,155 759 403,B01,2,7,0,2,1,13,1,
2.024E+11,155 759 399,A01,2,1,0,2,3,15,5,
2.024E+11,155 759 402,B01,2,33,0,2,7,17,1,
2.024E+11,155 759 398,A01,0,10,0,2,3,15,1,
2.024E+11,155 759 400,B01,0,2,0,2,3,1,0,
2.024E+11,155 759 394,A01,3,7,0,0,3,1,1,
2.024E+11,155 759 396,B01,1,33,0,0,7,1,1,
2.024E+11,155 759 395,A01,1,7,0,2,5,1,1,
2.024E+11,155 759 397,B01,1,30,0,2,1,1,1,
2.024E+11,155 759 393,A01,2,31,4,0,1,0,1,
2.024E+11,155 759 391,A01,2,7,2,0,1,2,1,
2.024E+11,155 759 390,A01,0,7,2,0,1,1,1,
2.024E+11,155 759 389,A01,1,7,0,2,1,16,1,
2.024E+11,155 759 392,B01,1,2,0,2,5,1,3,
2.024E+11,155 759 388,A01,0,10,0,1,6,0,0,
2.024E+11,155 759 386,A01,3,7,0,1,3,15,1,
2.024E+11,155 759 385,A01,1,32,0,0,1,6,1,
2.024E+11,155 759 384,A01,1,7,0,2,1,1,1,
2.024E+11,155 759 387,B01,1,7,0,2,4,23,3,
2.024E+11,155 759 381,B01,0,1,0,0,1,0,5,
2.024E+11,155 759 383,A01,3,2,0,9,1,26,1,
2.024E+11,155 759 380,A01,2,2,0,2,1,9,1,
2.024E+11,155 759 382,B01,2,7,0,2,5,1,1,
2.024E+11,155 759 379,A01,1,34,12,0,0,14,1,
2.024E+11,155 759 378,A01,1,7,0,0,9,1,1,
2.024E+11,155 759 376,A01,2,31,0,1,1,1,1,
2.024E+11,155 759 375,A01,2,17,3,0,0,2,1,
2.024E+11,155 759 374,A01,2,7,0,2,2,17,1,
2.024E+11,155 759 377,B01,2,2,0,2,6,15,1,
2.024E+11,155 759 372,A01,3,50,0,2,1,0,3,
2.024E+11,155 759 373,B01,3,7,0,9,0,0,1,
2.024E+11,155 759 369,B01,1,7,4,2,8,15,1,
2.024E+11,155 759 370,A01,1,7,0,2,2,12,1,
2.024E+11,155 759 368,B01,3,1,0,2,7,1,5,
2.024E+11,155 759 371,A01,0,7,0,2,8,16,3,
2.024E+11,155 759 366,B01,1,33,0,2,1,1,1,
2.024E+11,155 759 367,A01,2,7,0,2,5,15,1,
2.024E+11,155 759 365,A01,1,1,0,0,0,1,5,
2.024E+11,155 759 362,A01,2,7,0,2,8,15,1,
2.024E+11,155 759 364,B01,2,33,0,2,2,2,1,
2.024E+11,155 759 361,A01,0,2,0,2,1,1,1,
2.024E+11,155 759 363,B01,3,7,0,0,7,1,1,
2.024E+11,155 759 360,A01,3,1,6,0,1,1,5,
2.024E+11,155 759 359,A01,3,7,0,1,1,17,1,
2.024E+11,155 759 358,A01,2,7,13,0,1,1,1,
2.024E+11,155 759 355,A01,3,7,14,2,3,15,1,
2.024E+11,155 759 357,B01,3,50,14,0,2,0,3,
2.024E+11,155 759 354,A01,1,7,0,2,1,15,1,
2.024E+11,155 759 356,B01,2,1,0,2,1,1,5,
2.024E+11,155 759 353,A01,1,7,3,0,3,1,3,
2.024E+11,155 759 351,B01,2,7,0,2,3,1,1,
2.024E+11,155 759 352,A01,1,7,0,2,3,13,1,
2.024E+11,155 759 350,A01,1,33,0,0,8,1,1,
2.024E+11,155 759 348,A01,3,7,6,0,1,26,1,
2.024E+11,155 759 347,A01,2,7,0,2,1,2,1,
2.024E+11,155 759 349,B01,2,7,0,2,0,0,2,
2.024E+11,155 759 345,B01,3,33,0,2,1,15,1,
2.024E+11,155 759 346,A01,3,7,0,2,5,16,1,
2.024E+11,155 759 342,A01,1,31,15,2,1,17,1,
2.024E+11,155 759 344,B01,1,7,0,2,3,15,1,
2.024E+11,155 759 341,A01,1,7,0,2,1,2,1,
2.024E+11,155 759 343,B01,1,7,0,2,4,1,1,
2.024E+11,155 759 340,A01,1,7,0,1,8,1,1,
2.024E+11,155 759 337,A01,3,7,0,1,3,26,1,
2.024E+11,155 759 338,A01,1,1,1,0,1,1,5,
2.024E+11,155 759 339,B01,1,38,0,0,4,24,1,1
2.024E+11,155 759 336,A01,1,7,3,0,2,1,1,
2.024E+11,155 759 335,A01,1,7,1,1,2,14,1,
2.024E+11,155 759 333,A01,2,7,1,1,1,9,1,
2.024E+11,155 759 334,A01,3,10,0,2,2,9,1,
2.024E+11,155 759 332,A01,2,7,12,0,2,1,1,
2.024E+11,155 759 330,A01,3,10,1,0,2,26,1,
2.024E+11,155 759 329,B01,3,1,0,2,7,1,5,
2.024E+11,155 759 331,A01,3,7,0,2,3,1,1,
2.024E+11,155 759 328,A01,2,7,6,0,1,2,1,
2.024E+11,155 759 327,A01,2,10,0,0,3,26,1,
2.024E+11,155 759 326,A01,1,33,0,0,0,1,1,
2.024E+11,155 759 324,B01,1,50,0,2,2,1,3,
2.024E+11,155 759 325,A01,1,7,0,2,3,9,1,
2.024E+11,155 759 321,A01,1,7,0,2,4,23,1,
2.024E+11,155 759 322,B01,1,7,1,0,9,2,1,
2.024E+11,155 759 323,C01,1,7,0,2,1,0,1,
2.024E+11,155 759 320,A01,1,7,0,0,9,0,1,
2.024E+11,155 759 317,A01,3,7,1,2,1,4,1,
2.024E+11,155 759 319,B01,3,7,0,2,4,2,1,
2.024E+11,155 759 314,A01,1,7,2,0,2,1,1,
2.024E+11,155 759 312,E01,1,7,0,2,1,1,1,
2.024E+11,155 759 313,A01,1,7,0,2,4,1,1,
2.024E+11,155 759 315,D01,1,7,0,2,1,1,1,
2.024E+11,155 759 316,B01,1,7,0,2,1,1,1,
2.024E+11,155 759 318,C01,1,7,0,2,1,1,1,
2.024E+11,155 759 310,A01,2,30,0,2,1,1,1,
2.024E+11,155 759 311,B01,2,30,0,2,4,23,1,
2.024E+11,155 759 309,A01,3,7,0,1,3,1,1,
2.024E+11,155 759 306,B01,2,32,0,2,1,17,1,
2.024E+11,155 759 308,A01,1,7,0,2,1,23,1,
2.024E+11,155 759 305,B01,1,7,0,2,2,1,1,
2.024E+11,155 759 307,A01,1,30,8,2,1,0,1,
2.024E+11,155 759 303,A01,3,7,0,2,1,26,1,
2.024E+11,155 759 304,B01,3,33,0,2,1,0,1,
2.024E+11,155 759 302,A01,2,7,0,1,1,1,1,
2.024E+11,155 759 301,A01,0,33,14,0,0,1,1,
2.024E+11,155 759 299,B01,1,7,0,2,3,17,1,
2.024E+11,155 759 300,A01,2,7,0,2,3,5,1,
2.024E+11,155 759 298,A01,2,7,0,1,1,1,1,
2.024E+11,155 759 297,A01,2,7,12,0,1,13,1,
2.024E+11,155 759 296,A01,2,7,0,1,1,15,2,
2.024E+11,155 759 294,A01,1,7,0,2,4,1,1,
2.024E+11,155 759 295,B01,1,7,0,2,1,14,2,
2.024E+11,155 759 293,A01,2,33,0,0,7,16,1,
2.024E+11,155 759 291,A01,3,2,0,2,2,26,6,
2.024E+11,155 759 292,B01,3,7,0,2,3,15,1,
2.024E+11,155 759 290,OA01,3,34,0,1,1,1,1,
2.024E+11,155 759 288,A01,3,7,0,2,3,15,1,
2.024E+11,155 759 289,B01,3,33,0,2,2,17,1,
2.024E+11,155 759 286,B01,3,7,0,9,8,16,1,
2.024E+11,155 759 287,A01,3,1,0,2,1,1,5,
2.024E+11,155 759 284,B01,1,2,0,2,1,16,1,
2.024E+11,155 759 285,A01,1,10,0,2,1,2,1,
2.024E+11,155 759 282,A01,1,7,0,2,2,16,1,
2.024E+11,155 759 283,B01,1,2,0,2,1,1,1,
2.024E+11,155 759 280,B01,1,1,0,2,1,1,5,
2.024E+11,155 759 281,A01,1,7,0,2,8,9,1,
2.024E+11,155 759 278,B01,3,10,0,2,1,19,1,
2.024E+11,155 759 279,A01,1,2,0,2,7,1,1,
2.024E+11,155 759 276,A01,1,10,0,2,3,16,1,
2.024E+11,155 759 277,B01,2,1,0,2,1,1,5,
2.024E+11,155 759 274,A01,1,7,4,0,5,24,1,
2.024E+11,155 759 275,B01,1,33,4,0,2,1,0,
2.024E+11,155 759 272,A01,1,7,0,2,3,15,1,
2.024E+11,155 759 273,B01,1,32,0,2,1,2,1,
2.024E+11,155 759 271,A01,3,7,0,1,1,1,1,
2.024E+11,155 759 270,A01,2,7,0,1,2,1,1,
2.024E+11,155 759 268,A01,2,7,0,2,1,1,1,
2.024E+11,155 759 269,B01,2,7,0,2,3,16,0,
2.024E+11,155 759 266,A01,2,31,0,2,1,1,1,
2.024E+11,155 759 267,B01,0,7,0,2,0,0,1,
2.024E+11,155 759 264,A01,2,7,0,2,8,9,1,
2.024E+11,155 759 265,B01,1,7,0,2,1,9,1,
2.024E+11,155 759 263,A01,1,30,3,0,0,14,1,
2.024E+11,155 759 261,B01,3,2,0,2,7,1,1,
2.024E+11,155 759 262,A01,3,7,0,2,1,1,1,
2.024E+11,155 759 259,B01,2,7,0,2,3,1,1,
2.024E+11,155 759 260,A01,2,3,0,2,2,16,1,
2.024E+11,155 759 257,A01,1,7,0,2,7,15,1,
2.024E+11,155 759 258,B01,2,34,0,2,1,1,1,
2.024E+11,155 759 256,A01,1,33,4,0,1,13,1,
2.024E+11,155 759 254,A01,1,2,0,2,3,9,1,
2.024E+11,155 759 255,B01,1,7,0,2,2,0,1,
2.024E+11,155 759 252,B01,1,7,0,2,4,1,1,
2.024E+11,155 759 253,A01,1,17,0,2,1,1,1,
2.024E+11,155 759 251,A01,1,7,0,1,1,1,1,
2.024E+11,155 759 250,A01,1,7,5,0,7,14,2,
2.024E+11,155 759 249,A01,1,7,0,1,3,17,2,
2.024E+11,155 759 245,A01,0,30,0,2,5,1,1,
2.024E+11,155 759 246,B01,0,7,0,2,1,16,1,
2.024E+11,155 759 243,A01,3,7,0,2,1,1,1,
2.024E+11,155 759 244,B01,3,7,0,2,4,1,1,
2.024E+11,155 759 241,B01,1,7,1,2,5,0,1,
2.024E+11,155 759 242,A01,1,7,0,2,3,20,1,
2.024E+11,155 759 239,A01,1,1,0,2,1,15,5,
2.024E+11,155 759 240,B01,1,7,0,9,1,15,1,
2.024E+11,155 759 237,A01,1,7,0,2,0,15,1,
2.024E+11,155 759 238,B01,3,31,0,2,1,26,1,
2.024E+11,155 759 236,A01,1,50,0,0,0,26,3,
2.024E+11,155 759 234,A01,1,7,0,2,1,2,1,
2.024E+11,155 759 235,B01,1,7,0,2,4,2,1,
2.024E+11,155 759 233,A01,2,7,0,1,1,1,1,
2.024E+11,155 759 230,B01,3,50,0,0,0,0,3,
2.024E+11,155 759 231,A01,3,7,0,0,0,0,0,
2.024E+11,155 759 228,A01,1,50,0,2,0,0,3,
2.024E+11,155 759 229,B01,3,7,2,0,4,0,1,
2.024E+11,155 759 227,A01,1,7,0,1,3,1,1,
2.024E+11,155 759 225,A01,3,7,0,2,3,9,1,
2.024E+11,155 759 226,B01,3,50,0,2,2,0,3,
2.024E+11,155 759 223,A01,1,7,0,2,2,1,1,
2.024E+11,155 759 224,B01,2,1,0,2,1,15,5,
2.024E+11,155 759 221,A01,1,7,0,2,1,1,1,
2.024E+11,155 759 222,B01,1,7,0,2,1,1,1,
2.024E+11,155 759 219,B01,3,50,0,2,1,1,3,
2.024E+11,155 759 220,A01,3,7,0,2,2,1,1,
2.024E+11,155 759 218,A01,2,7,0,1,2,1,1,
2.024E+11,155 759 215,C01,2,7,0,2,1,1,1,
2.024E+11,155 759 216,B01,2,7,0,2,1,15,1,
2.024E+11,155 759 217,A01,1,33,0,2,9,1,1,
2.024E+11,155 759 213,A01,3,7,0,2,2,15,1,
2.024E+11,155 759 214,B01,3,7,0,2,2,1,1,
2.024E+11,155 759 212,A01,1,3,0,1,2,26,0,
2.024E+11,155 759 211,A01,1,7,15,0,1,15,1,
2.024E+11,155 759 209,A01,3,14,14,2,1,26,1,
2.024E+11,155 759 210,B01,3,7,0,2,1,0,1,
2.024E+11,155 759 208,A01,1,7,0,1,2,1,1,
2.024E+11,155 759 206,B01,2,1,0,2,1,1,5,
2.024E+11,155 759 207,A01,1,7,0,2,2,15,2,
2.024E+11,155 759 205,A01,2,7,8,0,2,1,1,
2.024E+11,155 759 202,C01,2,7,0,2,8,24,1,
2.024E+11,155 759 203,B01,1,33,1,2,7,1,1,
2.024E+11,155 759 204,A01,1,7,0,2,1,15,1,
2.024E+11,155 759 201,A01,3,7,3,1,1,16,1,
2.024E+11,155 759 199,A01,0,7,0,2,2,23,1,
2.024E+11,155 759 200,B01,0,1,0,2,1,25,5,
2.024E+11,155 759 197,A01,3,7,0,2,1,1,1,
2.024E+11,155 759 198,B01,3,7,0,2,8,1,1,
2.024E+11,155 759 195,A01,2,7,0,2,3,0,1,
2.024E+11,155 759 196,B01,1,7,0,2,3,1,1,
2.024E+11,155 759 193,B01,1,37,1,2,1,1,1,1
2.024E+11,155 759 194,A01,1,7,6,0,7,1,1,
2.024E+11,155 759 191,A01,3,30,1,0,8,1,1,
2.024E+11,155 759 192,B01,3,7,1,0,7,1,1,
2.024E+11,155 759 189,A01,0,7,0,2,2,1,1,
2.024E+11,155 759 190,B01,0,7,0,2,4,20,3,
2.024E+11,155 759 187,A01,2,7,15,2,3,6,1,
2.024E+11,155 759 188,B01,1,7,0,2,3,1,1,
2.024E+11,155 759 185,A01,2,33,0,0,0,1,1,
2.024E+11,155 759 184,A01,1,7,0,1,4,4,1,
2.024E+11,155 759 181,B01,1,7,0,2,3,1,1,
2.024E+11,155 759 182,A01,1,7,0,2,3,1,1,
2.024E+11,155 759 183,C01,1,7,0,2,3,1,1,
2.024E+11,155 759 179,A01,1,7,0,2,2,1,1,
2.024E+11,155 759 180,B01,1,7,0,0,0,15,1,
2.024E+11,155 759 178,Z01,3,34,0,0,0,0,0,
2.024E+11,155 759 176,B01,1,7,9,2,6,1,1,
2.024E+11,155 759 177,A01,1,7,0,2,1,1,3,
2.024E+11,155 759 174,B01,1,7,0,2,4,23,1,
2.024E+11,155 759 175,A01,1,7,0,2,1,2,1,
2.024E+11,155 759 172,A01,2,7,0,2,1,1,1,
2.024E+11,155 759 173,B01,2,50,0,2,7,1,3,
2.024E+11,155 759 171,A01,2,7,0,1,1,15,1,
2.024E+11,155 759 170,A01,3,7,0,1,2,1,1,
2.024E+11,155 759 168,A01,1,7,0,2,1,1,1,
2.024E+11,155 759 169,B01,3,50,0,2,8,0,3,
2.024E+11,155 759 166,B01,1,2,0,2,0,2,1,
2.024E+11,155 759 167,A01,1,7,0,2,5,0,0,
2.024E+11,155 759 165,A01,1,7,0,1,1,26,1,
2.024E+11,155 759 164,A01,0,7,0,1,7,2,1,
2.024E+11,155 759 163,A01,2,7,0,1,1,1,2,
2.024E+11,155 759 162,A01,1,7,0,1,1,1,1,
2.024E+11,155 759 161,A01,3,2,0,0,0,18,1,
2.024E+11,155 759 159,A01,1,60,0,2,1,1,5,
2.024E+11,155 759 160,B01,2,1,0,2,1,15,5,
2.024E+11,155 759 158,A01,1,31,0,0,8,1,1,
2.024E+11,155 759 156,A01,2,33,0,2,1,5,1,
2.024E+11,155 759 157,B01,2,7,0,2,3,26,1,
2.024E+11,155 759 154,B01,1,33,0,2,4,2,1,
2.024E+11,155 759 155,A01,1,7,0,2,1,2,1,
2.024E+11,155 759 152,A01,2,7,0,2,5,22,3,
2.024E+11,155 759 153,B01,2,1,0,2,1,1,5,
2.024E+11,155 759 151,A01,2,34,0,1,5,17,1,
2.024E+11,155 759 148,B01,0,7,0,2,4,23,1,
2.024E+11,155 759 149,C01,0,7,0,2,4,23,1,
2.024E+11,155 759 150,A01,0,7,0,2,1,2,2,
2.024E+11,155 759 147,A01,1,30,1,0,7,1,1,
2.024E+11,155 759 145,A01,1,7,0,2,1,26,1,
2.024E+11,155 759 146,B01,1,7,0,2,4,1,2,
2.024E+11,155 759 143,A01,3,7,0,2,4,23,2,
2.024E+11,155 759 144,B01,1,7,0,2,1,1,1,
2.024E+11,155 759 141,A01,1,80,12,2,8,1,3,
2.024E+11,155 759 142,B01,1,13,0,2,2,14,1,
2.024E+11,155 759 140,A01,3,7,0,2,1,1,1,
2.024E+11,155 759 138,B01,1,7,0,2,2,21,1,
2.024E+11,155 759 139,A01,3,7,0,2,0,9,1,
2.024E+11,155 759 136,A01,3,7,0,2,2,17,1,
2.024E+11,155 759 137,B01,3,1,0,2,8,1,5,
2.024E+11,155 759 135,A01,1,1,0,1,1,1,5,
2.024E+11,155 759 133,A01,3,7,0,2,3,2,1,
2.024E+11,155 759 134,B01,3,7,0,2,6,0,1,
2.024E+11,155 759 131,A01,1,10,0,2,4,1,1,
2.024E+11,155 759 132,B01,3,33,0,2,1,1,1,
2.024E+11,155 759 129,A01,1,7,0,2,1,9,1,
2.024E+11,155 759 130,B01,1,1,0,0,4,1,5,
2.024E+11,155 759 127,B01,2,33,12,2,1,1,1,
2.024E+11,155 759 128,A01,3,7,0,2,6,19,1,
2.024E+11,155 759 125,A01,1,7,0,9,5,26,1,
2.024E+11,155 759 126,B01,0,1,0,0,0,0,5,
2.024E+11,155 759 123,A01,1,7,0,2,3,1,1,
2.024E+11,155 759 124,B01,2,7,0,2,3,3,1,
2.024E+11,155 759 121,A01,2,7,0,2,3,13,1,
2.024E+11,155 759 122,B01,1,7,0,2,3,1,1,
2.024E+11,155 759 119,A01,2,31,0,2,7,1,1,
2.024E+11,155 759 120,B01,1,7,0,2,8,5,1,
2.024E+11,155 759 117,A01,2,7,0,2,1,5,1,
2.024E+11,155 759 118,B01,1,7,0,0,1,1,3,
2.024E+11,155 759 116,A01,2,33,16,0,1,1,1,
2.024E+11,155 759 115,A01,1,7,8,0,3,1,1,
2.024E+11,155 759 114,A01,2,33,0,0,0,1,1,
2.024E+11,155 759 113,A01,3,10,0,1,4,4,1,
2.024E+11,155 759 111,B01,1,99,0,0,0,0,1,
2.024E+11,155 759 112,A01,2,33,0,2,3,13,1,
2.024E+11,155 759 110,A01,1,33,6,0,1,15,1,
2.024E+11,155 759 109,A01,2,33,15,0,2,14,1,
2.024E+11,155 759 106,B01,2,7,0,2,4,23,1,
2.024E+11,155 759 107,A01,2,7,0,2,1,1,1,
2.024E+11,155 759 108,C01,1,7,0,2,3,24,1,
2.024E+11,155 759 105,A01,2,7,8,0,1,13,1,
2.024E+11,155 759 102,A01,2,7,2,0,1,13,1,
2.024E+11,155 759 100,B01,1,33,0,2,0,1,1,
2.024E+11,155 759 101,A01,1,7,0,2,6,15,1,
2.024E+11,155 759 098,A01,2,7,2,0,2,14,1,
2.024E+11,155 759 095,B01,1,7,0,2,1,1,1,
2.024E+11,155 759 096,A01,2,7,0,2,3,13,1,
2.024E+11,155 759 097,A01,2,50,0,2,1,15,3,
2.024E+11,155 759 099,B01,1,7,0,2,3,1,2,
2.024E+11,155 759 093,B01,2,7,0,2,1,17,1,
2.024E+11,155 759 094,A01,2,7,0,2,6,11,1,
2.024E+11,155 759 092,A01,1,7,2,0,1,2,1,
2.024E+11,155 759 088,A01,1,7,0,2,3,15,1,
2.024E+11,155 759 090,B01,2,33,0,2,8,1,1,
2.024E+11,155 759 089,A01,2,37,0,2,0,1,2,4
2.024E+11,155 759 091,B01,2,34,0,0,0,0,0,
2.024E+11,155 759 086,B01,1,10,0,2,7,1,1,
2.024E+11,155 759 087,A01,2,2,0,2,2,5,1,
2.024E+11,155 759 082,B01,3,10,8,0,3,0,1,
2.024E+11,155 759 083,A01,3,36,0,0,3,0,1,
2.024E+11,155 759 084,B01,2,7,0,2,3,15,1,
2.024E+11,155 759 085,A01,2,33,0,2,7,15,1,
2.024E+11,155 759 080,A01,1,2,0,2,2,26,1,
2.024E+11,155 759 081,B01,1,7,0,0,6,0,1,
2.024E+11,155 759 078,A01,2,7,13,0,3,1,1,
2.024E+11,155 759 075,A01,1,7,7,0,1,13,1,
2.024E+11,155 759 074,A01,3,33,8,0,1,1,1,
2.024E+11,155 759 076,B01,3,50,0,2,2,21,3,
2.024E+11,155 759 079,A01,1,7,0,2,3,19,1,
2.024E+11,155 759 072,A01,1,7,0,2,3,17,1,
2.024E+11,155 759 073,B01,2,7,0,2,3,1,1,
2.024E+11,155 759 070,A01,3,7,0,1,3,0,1,
2.024E+11,155 759 069,A01,2,33,0,0,1,1,1,
2.024E+11,155 759 068,B01,0,60,0,2,7,17,5,
2.024E+11,155 759 071,A01,0,7,0,2,1,1,1,
2.024E+11,155 759 066,A01,1,7,13,0,4,2,1,
2.024E+11,155 759 067,B01,1,7,0,2,1,2,1,
2.024E+11,155 759 064,A01,2,7,14,0,1,26,1,
2.024E+11,155 759 065,A01,2,50,0,0,0,1,3,
2.024E+11,155 759 063,A01,1,33,8,0,1,14,1,
2.024E+11,155 759 062,A01,1,7,13,0,9,2,1,
2.024E+11,155 759 061,A01,2,7,17,0,0,0,1,
2.024E+11,155 759 057,B01,0,2,0,2,1,9,1,
2.024E+11,155 759 059,A01,0,10,0,2,1,15,1,
2.024E+11,155 759 056,A01,1,7,13,0,1,1,1,
2.024E+11,155 759 054,B01,2,1,0,0,9,1,5,
2.024E+11,155 759 055,A01,1,7,0,9,3,13,2,
2.024E+11,155 759 053,A01,1,7,0,1,8,23,1,
2.024E+11,155 759 051,A01,1,7,0,2,1,2,2,
2.024E+11,155 759 052,B01,2,7,7,2,4,1,1,
2.024E+11,155 759 049,A01,1,7,0,2,7,1,1,
2.024E+11,155 759 050,B01,3,7,0,2,1,1,1,
2.024E+11,155 759 044,A01,2,7,0,2,8,13,1,
2.024E+11,155 759 046,B01,1,7,0,2,1,1,1,
2.024E+11,155 759 042,A01,1,7,0,1,1,1,1,
2.024E+11,155 759 041,B01,1,7,0,2,4,23,1,
2.024E+11,155 759 043,C01,1,7,0,2,4,23,1,
2.024E+11,155 759 045,A01,1,7,0,2,1,2,1,
2.024E+11,155 759 040,A01,2,7,13,0,1,0,1,
2.024E+11,155 759 038,A01,2,33,0,1,3,18,1,
2.024E+11,155 759 035,A01,1,7,0,2,8,1,1,
2.024E+11,155 759 036,B01,2,33,0,2,1,5,1,
2.024E+11,155 759 037,A01,0,31,0,2,1,1,1,
2.024E+11,155 759 039,B01,0,7,0,2,4,1,1,
2.024E+11,155 759 033,A01,1,33,0,2,1,1,1,
2.024E+11,155 759 034,B01,2,7,0,0,1,1,3,
2.024E+11,155 759 032,A01,1,33,0,0,8,1,1,
2.024E+11,155 759 030,A01,1,7,16,0,9,1,1,
2.024E+11,155 759 028,A01,2,7,8,0,0,0,1,
2.024E+11,155 759 029,B01,2,2,0,2,1,1,1,
2.024E+11,155 759 031,A01,1,7,0,2,1,13,1,
2.024E+11,155 759 026,A01,3,2,0,2,1,25,1,
2.024E+11,155 759 027,B01,3,7,0,0,3,23,1,
2.024E+11,155 759 022,B01,1,7,0,0,3,15,1,
2.024E+11,155 759 024,A01,1,2,0,2,1,1,1,
2.024E+11,155 759 020,A01,3,7,0,0,3,2,1,
2.024E+11,155 759 021,B01,3,2,0,2,8,2,1,
2.024E+11,155 759 017,A01,1,7,0,2,3,1,1,
2.024E+11,155 759 018,B01,2,7,0,2,3,1,1,
2.024E+11,155 759 016,B01,1,7,0,2,3,1,1,
2.024E+11,155 759 019,A01,1,7,0,2,0,1,0,
2.024E+11,155 759 013,A01,2,7,0,2,4,1,1,
2.024E+11,155 759 014,B01,2,7,0,2,4,1,1,
2.024E+11,155 759 015,C01,2,7,0,2,1,2,1,
2.024E+11,155 759 011,B01,2,7,0,2,2,14,1,
2.024E+11,155 759 012,A01,2,7,13,2,6,2,1,
2.024E+11,155 759 010,A01,2,33,9,0,9,1,1,
2.024E+11,155 759 007,A01,1,7,0,2,4,1,1,
2.024E+11,155 759 008,C01,1,7,0,2,1,1,1,
2.024E+11,155 759 009,B01,1,7,0,2,4,1,2,
2.024E+11,155 759 003,A01,2,7,0,2,8,1,1,
2.024E+11,155 759 005,B01,2,17,0,2,2,12,1,
2.024E+11,155 759 004,B01,3,10,0,2,2,15,1,
2.024E+11,155 759 006,A01,3,50,0,2,1,5,3,
2.024E+11,155 759 001,B01,2,7,0,2,3,14,1,
2.024E+11,155 759 002,A01,2,7,0,2,4,1,1,
2.024E+11,155 758 996,C01,2,10,0,2,2,9,1,
2.024E+11,155 758 997,A01,2,7,0,2,7,1,1,
2.024E+11,155 758 998,B01,2,7,0,2,5,23,1,
2.024E+11,155 758 999,A01,3,7,0,2,3,15,2,
2.024E+11,155 759 000,B01,3,33,0,2,7,17,1,
2.024E+11,155 758 995,A01,2,10,3,0,1,26,1,
2.024E+11,155 758 993,A01,0,10,0,1,1,26,1,
2.024E+11,155 758 992,A01,1,33,0,2,7,0,1,
2.024E+11,155 758 994,B01,1,7,0,2,6,1,1,
2.024E+11,155 758 987,A01,1,7,0,2,1,1,1,
2.024E+11,155 758 989,B01,1,7,0,2,4,1,1,
2.024E+11,155 758 990,C01,1,7,0,2,4,1,1,
2.024E+11,155 758 984,A01,1,33,0,2,1,3,1,
2.024E+11,155 758 985,B01,1,7,0,2,6,1,1,
2.024E+11,155 758 986,A01,1,7,0,2,1,13,1,
2.024E+11,155 758 988,B01,2,1,0,2,1,1,5,
2.024E+11,155 758 991,C01,2,1,0,2,1,1,5,
2.024E+11,155 758 983,A01,1,7,4,0,1,26,0,
2.024E+11,155 758 981,B01,2,7,0,2,8,21,1,
2.024E+11,155 758 982,A01,1,7,0,2,3,5,1,
2.024E+11,155 758 979,B01,3,50,0,2,7,1,3,
2.024E+11,155 758 980,A01,3,7,0,2,2,15,1,
2.024E+11,155 758 976,A01,2,33,0,2,3,3,1,
2.024E+11,155 758 978,B01,2,7,0,2,0,26,0,
2.024E+11,155 758 977,A01,2,10,0,1,3,1,1,
2.024E+11,155 758 974,B01,3,1,0,2,0,0,5,
2.024E+11,155 758 975,A01,3,7,0,2,0,0,1,
2.024E+11,155 758 972,A01,1,7,0,2,1,26,1,
2.024E+11,155 758 973,B01,2,50,0,2,1,1,3,
2.024E+11,155 758 969,B01,2,7,0,2,2,1,2,
2.024E+11,155 758 970,A01,2,1,0,2,1,21,5,
2.024E+11,155 758 966,A01,2,7,0,2,3,15,1,
2.024E+11,155 758 967,B01,2,32,0,2,1,3,1,
2.024E+11,155 758 968,A01,2,10,1,2,5,1,1,
2.024E+11,155 758 971,B01,1,7,0,2,1,1,1,
2.024E+11,155 758 964,A01,1,33,0,2,1,26,1,
2.024E+11,155 758 965,B01,1,7,0,2,8,2,2,
2.024E+11,155 758 958,A01,1,7,0,2,1,2,1,
2.024E+11,155 758 960,D01,1,7,0,2,4,2,1,
2.024E+11,155 758 961,B01,1,7,0,2,4,2,1,
2.024E+11,155 758 962,C01,1,7,0,2,4,2,1,
2.024E+11,155 758 959,B01,2,30,0,2,1,1,1,
2.024E+11,155 758 963,A01,1,7,0,2,1,15,1,
2.024E+11,155 758 957,A01,3,7,0,1,1,9,1,
2.024E+11,155 758 954,A01,3,7,4,0,1,1,1,
2.024E+11,155 758 955,A01,3,7,0,2,1,15,1,
2.024E+11,155 758 956,B01,3,30,0,2,1,7,1,
2.024E+11,155 758 952,A01,0,32,0,2,1,17,1,
2.024E+11,155 758 953,B01,0,7,0,2,3,1,1,
2.024E+11,155 758 949,A01,2,1,0,2,4,11,5,
2.024E+11,155 758 951,B01,2,7,0,9,0,1,1,
2.024E+11,155 758 946,A01,0,7,0,2,5,1,1,
2.024E+11,155 758 947,B01,0,1,0,2,8,15,5,
2.024E+11,155 758 948,B01,0,7,0,0,0,0,0,