Num_Acc,id_vehicule,num_veh,senc,catv,obs,obsm,choc,manv,motor,occutc
2.024E+11,155 758 479,A01,2,1,0,0,0,21,5,
2.024E+11,155 758 478,B01,0,7,0,0,0,9,0,
2.024E+11,155 758 480,A01,0,32,0,0,2,1,1,
2.024E+11,155 758 474,B01,2,80,0,0,0,0,3,
2.024E+11,155 758 476,A01,2,7,0,0,0,0,1,
2.024E+11,155 758 473,B01,0,7,0,2,0,0,-1,
2.024E+11,155 758 475,A01,-1,7,0,2,0,0,-1,
2.024E+11,155 758 477,C01,-1,7,0,2,0,0,-1,
2.024E+11,155 758 471,B01,2,37,0,2,3,1,0,1
2.024E+11,155 758 472,A01,1,7,0,2,1,13,1,
2.024E+11,155 758 469,A01,1,80,0,2,1,15,3,
2.024E+11,155 758 470,B01,2,1,0,2,1,1,5,
2.024E+11,155 758 467,B01,0,33,0,2,3,1,1,
2.024E+11,155 758 468,A01,3,7,0,2,3,13,1,
2.024E+11,155 758 466,A01,3,7,0,1,3,1,2,
2.024E+11,155 758 464,A01,1,0,14,1,1,1,0,
2.024E+11,155 758 463,A01,2,7,0,2,4,26,1,
2.024E+11,155 758 465,B01,2,7,0,2,1,1,1,
2.024E+11,155 758 460,A01,0,7,0,1,2,1,1,
2.024E+11,155 758 461,B01,1,50,0,2,1,9,3,
2.024E+11,155 758 462,A01,1,10,0,2,2,15,1,
2.024E+11,155 758 459,A01,1,30,1,0,1,1,3,
2.024E+11,155 758 457,A01,2,1,1,0,4,2,5,
2.024E+11,155 758 458,B01,2,1,1,0,4,26,5,
2.024E+11,155 758 454,A01,2,80,0,2,1,15,3,
2.024E+11,155 758 456,B01,2,7,0,2,1,1,1,
2.024E+11,155 758 453,A01,0,7,0,2,2,1,1,
2.024E+11,155 758 455,B01,0,1,0,2,8,15,5,
2.024E+11,155 758 450,A01,2,7,0,2,7,15,1,
2.024E+11,155 758 452,B01,1,1,0,2,1,1,5,
2.024E+11,155 758 449,A01,3,37,0,2,1,1,1,2
2.024E+11,155 758 451,B01,3,10,0,2,4,1,1,
2.024E+11,155 758 448,A01,2,7,6,0,1,26,1,
2.024E+11,155 758 446,A01,1,1,0,2,3,1,5,
2.024E+11,155 758 447,B01,2,7,0,2,3,17,1,
2.024E+11,155 758 444,A01,3,7,0,2,1,9,1,
2.024E+11,155 758 445,B01,0,50,0,0,0,0,3,
2.024E+11,155 758 442,A01,1,33,0,2,2,1,1,
2.024E+11,155 758 443,B01,2,7,0,2,8,15,1,
2.024E+11,155 758 438,A01,3,10,0,2,3,26,1,
2.024E+11,155 758 440,B01,2,2,0,2,1,26,1,
2.024E+11,155 758 437,A01,1,7,0,1,1,1,1,
2.024E+11,155 758 436,A01,1,7,15,0,3,5,1,
2.024E+11,155 758 434,A01,3,7,0,0,2,14,1,
2.024E+11,155 758 432,A01,2,7,0,2,1,1,2,
2.024E+11,155 758 433,B01,1,7,3,2,1,13,2,
2.024E+11,155 758 435,C01,2,7,0,2,1,1,1,
2.024E+11,155 758 431,A01,1,7,0,1,3,16,1,
2.024E+11,155 758 429,B01,1,7,0,0,3,9,1,
2.024E+11,155 758 430,A01,1,33,0,2,1,1,1,
2.024E+11,155 758 428,A01,1,7,0,1,1,2,1,
2.024E+11,155 758 427,A01,2,33,3,0,1,13,1,
2.024E+11,155 758 426,A01,2,7,0,1,4,26,1,
2.024E+11,155 758 423,A01,2,7,0,2,1,2,1,
2.024E+11,155 758 425,B01,2,7,0,2,4,1,1,
2.024E+11,155 758 422,A01,1,7,0,2,1,13,1,
2.024E+11,155 758 424,B01,2,7,0,2,1,1,1,
2.024E+11,155 758 419,B01,1,33,13,2,1,1,1,
2.024E+11,155 758 421,A01,3,7,0,2,3,9,1,
2.024E+11,155 758 418,B01,2,37,0,2,1,1,1,2
2.024E+11,155 758 420,A01,1,7,0,2,3,15,1,
2.024E+11,155 758 416,A01,1,7,0,2,1,13,0,
2.024E+11,155 758 417,B01,2,7,0,2,1,1,1,
2.024E+11,155 758 415,A01,2,10,0,1,1,1,1,
2.024E+11,155 758 413,A01,1,31,6,0,1,1,1,
2.024E+11,155 758 412,A01,1,10,0,2,2,12,1,
2.024E+11,155 758 414,B01,1,33,0,2,3,1,1,
2.024E+11,155 758 410,A01,2,33,0,0,7,3,1,
2.024E+11,155 758 409,A01,2,7,0,2,3,13,1,
2.024E+11,155 758 411,B01,1,7,0,2,3,1,1,
2.024E+11,155 758 407,B01,1,7,0,2,6,1,2,
2.024E+11,155 758 408,A01,1,32,4,2,2,1,1,
2.024E+11,155 758 405,A01,2,7,0,2,1,15,1,
2.024E+11,155 758 406,B01,1,7,0,2,1,1,1,
2.024E+11,155 758 403,A01,3,7,0,2,3,1,3,
2.024E+11,155 758 404,B01,3,32,0,2,5,16,1,
2.024E+11,155 758 401,B01,2,7,0,0,0,15,1,
2.024E+11,155 758 402,A01,1,33,12,0,0,1,1,
2.024E+11,155 758 398,Z01,2,30,0,2,2,1,1,
2.024E+11,155 758 400,B01,1,33,0,2,3,1,1,
2.024E+11,155 758 397,A01,1,10,0,2,6,11,1,
2.024E+11,155 758 399,B01,1,7,0,2,2,1,1,
2.024E+11,155 758 396,A01,1,80,0,0,0,5,3,
2.024E+11,155 758 395,A01,1,34,2,0,1,14,1,
2.024E+11,155 758 392,A01,2,7,0,2,3,13,1,
2.024E+11,155 758 393,B01,1,2,0,2,1,1,1,
2.024E+11,155 758 391,A01,2,30,0,2,2,19,3,
2.024E+11,155 758 394,B01,2,7,0,2,7,1,2,
2.024E+11,155 758 390,A01,2,7,15,0,2,2,1,
2.024E+11,155 758 389,A01,1,30,0,5,1,1,1,
2.024E+11,155 758 387,B01,2,7,0,2,2,19,1,
2.024E+11,155 758 388,A01,1,7,0,2,2,1,1,
2.024E+11,155 758 385,B01,2,7,0,2,7,1,1,
2.024E+11,155 758 386,A01,2,30,0,2,8,1,1,
2.024E+11,155 758 384,A01,0,36,0,0,2,0,1,
2.024E+11,155 758 383,A01,1,33,2,0,1,1,1,
2.024E+11,155 758 381,A01,1,34,0,2,8,1,1,
2.024E+11,155 758 382,B01,1,1,0,2,0,19,5,
2.024E+11,155 758 380,A01,1,7,8,0,7,0,1,
2.024E+11,155 758 378,A01,1,7,0,1,0,1,1,
2.024E+11,155 758 377,A01,2,7,0,2,1,0,1,
2.024E+11,155 758 379,B01,2,7,0,0,4,23,1,
2.024E+11,155 758 376,A01,2,7,2,0,1,1,1,
2.024E+11,155 758 375,A01,3,7,0,1,1,1,1,
2.024E+11,155 758 373,A01,2,10,0,2,1,1,1,
2.024E+11,155 758 374,B01,1,10,0,2,1,1,1,
2.024E+11,155 758 371,A01,3,10,0,2,1,6,0,
2.024E+11,155 758 372,AB01,3,2,0,2,3,1,1,
2.024E+11,155 758 369,A01,2,7,0,2,1,17,1,
2.024E+11,155 758 370,B01,1,2,0,2,1,1,1,
2.024E+11,155 758 367,A01,1,7,0,2,1,26,1,
2.024E+11,155 758 368,B01,2,7,0,2,1,26,1,
2.024E+11,155 758 366,A01,2,33,3,0,1,0,1,
2.024E+11,155 758 364,B01,2,37,0,2,5,0,1,1
2.024E+11,155 758 365,A01,1,1,0,2,0,14,5,
2.024E+11,155 758 362,A01,2,7,0,2,1,1,1,
2.024E+11,155 758 363,B01,1,7,0,2,8,15,1,
2.024E+11,155 758 360,B01,1,7,0,2,7,1,1,
2.024E+11,155 758 361,A01,0,30,0,2,1,15,1,
2.024E+11,155 758 357,A01,2,7,0,0,3,14,1,
2.024E+11,155 758 356,A01,2,32,0,2,1,17,1,
2.024E+11,155 758 358,B01,2,7,1,0,3,13,1,
2.024E+11,155 758 353,B01,1,31,9,9,1,17,1,
2.024E+11,155 758 355,A01,1,1,0,2,6,15,5,
2.024E+11,155 758 352,A01,1,10,0,2,8,1,0,
2.024E+11,155 758 354,B01,3,33,0,2,7,1,0,
2.024E+11,155 758 347,B01,1,7,0,2,5,1,2,
2.024E+11,155 758 349,A01,1,50,0,2,3,13,3,
2.024E+11,155 758 348,A01,2,7,0,2,8,15,1,
2.024E+11,155 758 350,C01,0,7,0,0,1,24,1,
2.024E+11,155 758 351,B01,2,43,1,2,9,17,1,
2.024E+11,155 758 345,A01,2,7,0,2,1,15,1,
2.024E+11,155 758 346,B01,2,1,0,2,4,15,5,
2.024E+11,155 758 344,A01,2,7,0,1,7,1,1,
2.024E+11,155 758 342,A01,2,7,0,9,3,15,1,
2.024E+11,155 758 343,B01,1,1,0,2,1,0,5,
2.024E+11,155 758 339,A01,1,10,6,0,1,1,0,
2.024E+11,155 758 341,B01,1,7,6,0,3,1,1,
2.024E+11,155 758 338,A01,3,7,0,2,1,1,1,
2.024E+11,155 758 340,B01,2,50,0,2,2,1,3,
2.024E+11,155 758 334,A01,2,7,0,2,8,15,1,
2.024E+11,155 758 336,B01,2,7,0,2,1,1,2,
2.024E+11,155 758 335,B01,1,2,0,0,1,1,1,
2.024E+11,155 758 337,A01,1,7,0,0,3,15,1,
2.024E+11,155 758 332,A01,0,2,0,0,0,0,1,
2.024E+11,155 758 331,A01,1,10,0,0,2,19,3,
2.024E+11,155 758 333,B01,2,33,9,0,1,13,1,
2.024E+11,155 758 328,A01,2,7,0,2,1,2,1,
2.024E+11,155 758 330,B01,2,21,0,2,4,2,1,
2.024E+11,155 758 329,A01,1,1,12,0,7,21,5,
2.024E+11,155 758 327,A01,3,7,13,0,1,0,1,
2.024E+11,155 758 325,A01,1,7,13,0,1,1,1,
2.024E+11,155 758 326,A01,3,33,0,0,4,26,1,
2.024E+11,155 758 322,B01,1,7,0,2,1,21,1,
2.024E+11,155 758 323,C01,2,7,0,2,1,1,1,
2.024E+11,155 758 324,A01,1,7,0,0,5,26,1,
2.024E+11,155 758 319,A01,2,7,0,2,1,13,1,
2.024E+11,155 758 320,B01,1,10,0,2,1,1,1,
2.024E+11,155 758 317,A01,3,7,0,1,1,1,1,
2.024E+11,155 758 316,A01,1,7,0,1,2,1,1,
2.024E+11,155 758 313,A01,1,33,0,2,8,9,1,
2.024E+11,155 758 314,B01,1,7,0,2,7,1,1,
2.024E+11,155 758 312,A01,3,2,0,0,9,1,0,
2.024E+11,155 758 311,A01,1,2,0,0,0,1,1,
2.024E+11,155 758 308,A01,2,7,0,2,6,9,1,
2.024E+11,155 758 309,B01,2,2,0,2,1,15,1,
2.024E+11,155 758 310,A01,1,2,4,0,7,1,1,
2.024E+11,155 758 306,A01,2,1,0,2,1,2,5,
2.024E+11,155 758 307,B01,2,7,0,0,4,2,1,
2.024E+11,155 758 304,A01,2,7,13,0,0,1,1,
2.024E+11,155 758 305,A01,2,17,4,0,3,1,1,
2.024E+11,155 758 303,A01,3,31,0,0,0,26,1,
2.024E+11,155 758 301,A01,2,33,0,2,1,1,1,
2.024E+11,155 758 302,B01,1,7,0,2,3,1,1,
2.024E+11,155 758 298,A01,3,7,0,2,3,26,1,
2.024E+11,155 758 299,B01,3,7,0,2,1,1,2,
2.024E+11,155 758 300,A01,2,7,3,0,2,1,2,
2.024E+11,155 758 295,A01,1,10,0,2,1,1,1,
2.024E+11,155 758 296,B01,1,10,0,2,4,16,1,
2.024E+11,155 758 297,C01,1,7,0,2,4,16,1,
2.024E+11,155 758 292,A01,1,7,2,0,1,1,1,
2.024E+11,155 758 293,B01,2,7,0,2,6,12,1,
2.024E+11,155 758 294,A01,2,33,0,2,1,3,1,
2.024E+11,155 758 290,A01,3,7,0,0,8,1,1,
2.024E+11,155 758 291,B01,3,7,0,2,1,1,1,
2.024E+11,155 758 288,A01,1,7,0,2,8,1,1,
2.024E+11,155 758 289,B01,2,7,0,2,8,1,1,
2.024E+11,155 758 285,A01,1,7,0,2,3,13,1,
2.024E+11,155 758 286,B01,2,7,0,2,3,1,1,
2.024E+11,155 758 287,A01,1,7,4,0,1,0,1,
2.024E+11,155 758 283,A01,2,7,0,2,8,11,1,
2.024E+11,155 758 284,B01,2,7,0,2,1,17,1,
2.024E+11,155 758 281,A01,2,33,0,0,0,1,1,
2.024E+11,155 758 280,A01,1,33,0,2,1,0,1,
2.024E+11,155 758 282,B01,1,7,0,2,4,0,1,
2.024E+11,155 758 277,B01,2,60,0,2,1,1,5,
2.024E+11,155 758 278,A01,1,10,0,2,1,9,1,
2.024E+11,155 758 275,A01,2,33,6,0,0,0,1,
2.024E+11,155 758 273,A01,2,10,16,0,9,0,0,
2.024E+11,155 758 274,A01,2,7,0,2,3,11,1,
2.024E+11,155 758 276,B01,2,7,0,2,7,1,1,
2.024E+11,155 758 272,A01,2,33,0,0,8,1,1,
2.024E+11,155 758 269,A01,2,7,0,2,2,15,1,
2.024E+11,155 758 271,B01,1,1,0,2,1,1,5,
2.024E+11,155 758 268,A01,1,7,0,2,6,11,1,
2.024E+11,155 758 270,B01,1,15,0,2,2,1,1,
2.024E+11,155 758 266,B01,1,1,0,2,8,13,5,
2.024E+11,155 758 267,A01,1,2,0,2,1,2,1,
2.024E+11,155 758 265,A01,1,7,4,0,1,1,1,
2.024E+11,155 758 264,A01,3,2,0,0,4,1,1,
2.024E+11,155 758 262,B01,1,7,0,2,5,1,1,
2.024E+11,155 758 263,A01,1,32,0,2,8,11,1,
2.024E+11,155 758 260,A01,2,7,0,2,3,15,1,
2.024E+11,155 758 261,B01,1,33,0,2,1,1,1,
2.024E+11,155 758 257,C01,1,33,0,2,4,3,1,
2.024E+11,155 758 258,A01,1,33,0,2,3,3,1,
2.024E+11,155 758 259,B01,1,7,0,2,7,14,1,
2.024E+11,155 758 256,A01,3,7,6,0,1,1,2,
2.024E+11,155 758 255,A01,2,2,6,0,2,1,1,
2.024E+11,155 758 254,A01,2,33,0,0,0,1,1,
2.024E+11,155 758 252,A01,3,7,0,1,4,4,2,
2.024E+11,155 758 253,A01,2,7,0,1,1,1,1,
2.024E+11,155 758 250,A01,3,34,0,2,0,19,1,
2.024E+11,155 758 251,B01,3,7,0,2,0,1,1,
2.024E+11,155 758 248,A01,3,31,0,2,3,13,1,
2.024E+11,155 758 249,B01,3,13,0,2,3,1,1,
2.024E+11,155 758 245,A01,2,7,0,2,3,15,1,
2.024E+11,155 758 247,B01,1,30,0,2,6,1,1,
2.024E+11,155 758 244,A01,1,7,0,2,2,1,1,
2.024E+11,155 758 246,B01,1,1,0,2,8,9,5,
2.024E+11,155 758 241,B01,3,30,0,2,1,1,1,
2.024E+11,155 758 243,A01,3,7,0,2,3,0,0,
2.024E+11,155 758 240,B01,2,31,0,2,1,1,1,
2.024E+11,155 758 242,A01,1,14,0,2,5,15,1,
2.024E+11,155 758 236,A01,3,7,0,0,4,17,1,
2.024E+11,155 758 238,B01,3,33,0,2,1,17,1,
2.024E+11,155 758 235,A01,2,10,0,2,1,1,1,
2.024E+11,155 758 237,B01,2,7,0,2,4,1,1,
2.024E+11,155 758 239,C01,2,7,0,2,4,1,1,
2.024E+11,155 758 233,A01,1,7,0,1,1,1,1,
2.024E+11,155 758 232,A01,1,7,0,2,3,15,1,
2.024E+11,155 758 234,B01,2,2,12,2,8,1,1,
2.024E+11,155 758 231,A01,2,10,0,1,1,1,1,
2.024E+11,155 758 229,A01,0,10,0,2,2,2,1,
2.024E+11,155 758 230,B01,1,80,0,0,4,2,3,
2.024E+11,155 758 227,B01,3,50,0,2,1,2,3,
2.024E+11,155 758 228,A01,1,7,0,2,3,22,1,
2.024E+11,155 758 226,A01,3,2,0,1,1,13,1,
2.024E+11,155 758 224,B01,1,7,0,2,2,1,1,
2.024E+11,155 758 225,A01,1,50,0,2,7,1,3,
2.024E+11,155 758 223,A01,1,7,0,1,1,1,1,
2.024E+11,155 758 220,B01,2,7,0,2,3,12,1,
2.024E+11,155 758 222,A01,2,7,0,2,2,1,1,
2.024E+11,155 758 219,B01,1,7,0,0,5,1,2,
2.024E+11,155 758 221,A01,1,33,0,2,1,1,1,
2.024E+11,155 758 216,B01,2,10,0,2,5,1,1,
2.024E+11,155 758 218,A01,1,33,0,2,1,3,1,
2.024E+11,155 758 215,A01,2,33,0,2,1,15,1,
2.024E+11,155 758 217,B01,1,7,0,2,1,1,1,
2.024E+11,155 758 212,A01,1,7,0,2,3,13,1,
2.024E+11,155 758 213,B01,2,10,0,2,3,1,1,
2.024E+11,155 758 211,A01,2,7,6,2,1,21,1,
2.024E+11,155 758 214,B01,1,7,0,0,0,0,1,
2.024E+11,155 758 210,A01,3,7,11,0,1,2,1,
2.024E+11,155 758 206,B01,1,7,0,2,1,1,1,
2.024E+11,155 758 208,C01,2,15,0,2,2,1,1,
2.024E+11,155 758 209,A01,1,7,8,2,9,17,2,
2.024E+11,155 758 207,A01,1,10,1,2,1,14,1,
2.024E+11,155 758 204,B01,1,34,0,2,1,1,1,
2.024E+11,155 758 205,A01,2,10,0,2,1,15,1,
2.024E+11,155 758 203,B01,1,7,0,1,1,1,1,
2.024E+11,155 758 201,B01,2,33,0,2,1,2,1,
2.024E+11,155 758 202,A01,2,7,0,0,6,2,1,
2.024E+11,155 758 199,A01,3,7,0,2,1,2,1,
2.024E+11,155 758 200,B01,3,30,0,2,1,2,1,
2.024E+11,155 758 197,A01,1,33,0,2,1,1,1,
2.024E+11,155 758 198,B01,2,7,0,2,7,9,2,
2.024E+11,155 758 195,A01,3,7,0,2,2,16,1,
2.024E+11,155 758 196,B01,3,1,0,2,4,2,5,
2.024E+11,155 758 193,A01,3,7,7,0,1,13,1,
2.024E+11,155 758 191,B01,1,33,0,0,8,11,1,
2.024E+11,155 758 194,A01,1,7,0,0,5,0,2,
2.024E+11,155 758 190,A01,3,7,0,2,1,1,1,
2.024E+11,155 758 192,B01,3,7,0,2,8,1,1,
2.024E+11,155 758 189,A01,1,33,8,0,9,14,1,
2.024E+11,155 758 187,A01,2,7,0,0,1,0,2,
2.024E+11,155 758 188,B01,2,7,0,0,4,0,1,
2.024E+11,155 758 185,A01,3,34,0,2,1,1,1,
2.024E+11,155 758 186,B01,3,7,0,2,2,1,1,
2.024E+11,155 758 183,B01,1,10,0,2,1,1,1,
2.024E+11,155 758 184,A01,2,7,0,2,1,13,1,
2.024E+11,155 758 182,A01,0,7,0,1,1,16,1,
2.024E+11,155 758 181,A01,1,7,2,0,1,1,1,
2.024E+11,155 758 180,A01,2,33,6,0,1,1,1,
2.024E+11,155 758 179,A01,1,7,0,1,1,1,1,
2.024E+11,155 758 176,A01,3,7,0,2,3,1,1,
2.024E+11,155 758 177,B01,3,7,0,2,1,1,1,
2.024E+11,155 758 175,A01,1,7,0,0,6,1,1,
2.024E+11,155 758 178,B01,2,7,0,2,3,1,1,
2.024E+11,155 758 172,A01,0,7,0,4,7,1,1,
2.024E+11,155 758 174,B01,1,40,0,2,1,1,3,
2.024E+11,155 758 171,A01,2,7,0,2,3,17,1,
2.024E+11,155 758 173,B01,1,33,0,2,8,1,1,
2.024E+11,155 758 168,A01,1,7,0,2,2,14,1,
2.024E+11,155 758 170,Y01,1,1,0,2,8,1,5,
2.024E+11,155 758 167,A01,1,7,0,2,1,1,1,
2.024E+11,155 758 169,B01,2,7,0,2,3,15,1,
2.024E+11,155 758 166,A01,1,33,0,0,1,26,0,
2.024E+11,155 758 163,B01,2,7,0,2,2,0,1,
2.024E+11,155 758 165,A01,2,7,0,2,1,19,1,
2.024E+11,155 758 162,A01,1,7,0,2,1,1,1,
2.024E+11,155 758 164,B01,1,7,0,2,4,23,1,
2.024E+11,155 758 161,A01,1,7,2,9,3,1,1,
2.024E+11,155 758 160,A01,0,50,0,1,0,1,3,
2.024E+11,155 758 159,A01,2,7,16,0,9,13,1,
2.024E+11,155 758 157,A01,1,7,0,2,3,13,1,
2.024E+11,155 758 158,B01,1,33,0,2,7,17,1,
2.024E+11,155 758 155,A01,1,7,0,9,3,16,1,
2.024E+11,155 758 156,B01,2,50,0,0,0,1,3,
2.024E+11,155 758 152,A01,1,10,0,2,2,16,1,
2.024E+11,155 758 154,B01,1,32,0,2,6,2,1,
2.024E+11,155 758 149,A01,1,7,0,2,6,1,1,
2.024E+11,155 758 150,B01,1,7,0,2,4,1,1,
2.024E+11,155 758 151,C01,1,7,0,2,6,1,1,
2.024E+11,155 758 153,Z01,1,7,0,2,2,12,1,
2.024E+11,155 758 146,A01,2,7,0,2,1,1,1,
2.024E+11,155 758 147,B01,2,7,0,2,4,2,1,
2.024E+11,155 758 148,C01,2,10,0,2,4,2,1,
2.024E+11,155 758 145,A01,1,7,3,0,1,1,1,
2.024E+11,155 758 144,A01,1,7,0,1,2,1,2,
2.024E+11,155 758 142,A01,1,7,0,2,1,2,1,
2.024E+11,155 758 143,B01,1,15,0,2,4,2,1,
2.024E+11,155 758 139,B01,1,15,0,2,6,1,0,
2.024E+11,155 758 140,A01,1,10,0,2,1,14,1,
2.024E+11,155 758 138,A01,3,7,0,2,2,9,1,
2.024E+11,155 758 141,B01,3,1,0,2,1,1,5,
2.024E+11,155 758 135,B01,2,32,0,2,8,1,1,
2.024E+11,155 758 137,A01,2,7,0,2,7,12,3,
2.024E+11,155 758 134,B01,3,1,0,2,1,15,5,
2.024E+11,155 758 136,A01,1,37,0,2,1,1,1,1
2.024E+11,155 758 132,B01,2,33,0,2,8,3,1,
2.024E+11,155 758 133,A01,2,7,0,2,7,12,1,
2.024E+11,155 758 129,B01,2,7,0,2,4,2,1,
2.024E+11,155 758 131,A01,2,7,0,2,1,2,1,
2.024E+11,155 758 128,A01,1,17,0,2,1,1,1,
2.024E+11,155 758 130,B01,1,7,3,2,4,9,1,
2.024E+11,155 758 125,A01,1,7,0,2,0,0,1,
2.024E+11,155 758 127,B01,1,34,0,2,0,0,1,
2.024E+11,155 758 124,A01,2,7,0,2,2,15,1,
2.024E+11,155 758 126,B01,1,33,0,2,1,1,1,
2.024E+11,155 758 122,B01,2,7,0,2,4,2,1,
2.024E+11,155 758 123,A01,2,7,0,2,1,2,1,
2.024E+11,155 758 121,A01,0,33,0,0,0,1,1,
2.024E+11,155 758 119,B01,1,7,0,2,5,23,1,
2.024E+11,155 758 120,A01,1,43,0,2,1,2,1,
2.024E+11,155 758 118,A01,3,7,0,1,3,1,1,
2.024E+11,155 758 116,B01,2,1,0,2,4,1,5,
2.024E+11,155 758 117,A01,2,7,0,2,2,1,1,
2.024E+11,155 758 112,B01,3,50,0,2,1,25,3,
2.024E+11,155 758 114,A01,3,7,0,9,1,15,1,
2.024E+11,155 758 113,A01,1,7,0,2,1,1,1,
2.024E+11,155 758 115,B01,1,33,0,2,8,15,1,
2.024E+11,155 758 109,B01,1,1,0,2,1,1,5,
2.024E+11,155 758 110,A01,1,7,0,2,1,15,1,
2.024E+11,155 758 108,A01,2,7,0,0,0,14,1,
2.024E+11,155 758 107,A01,1,3,3,0,2,1,1,
2.024E+11,155 758 105,A01,2,30,15,0,1,17,1,
2.024E+11,155 758 103,A01,0,7,0,2,1,1,1,
2.024E+11,155 758 104,B01,0,7,0,2,8,0,1,
2.024E+11,155 758 101,A01,3,7,15,0,1,1,1,
2.024E+11,155 758 102,A01,1,7,0,1,2,16,1,
2.024E+11,155 758 099,A01,1,1,0,2,7,1,5,
2.024E+11,155 758 100,B01,1,7,0,2,6,1,1,
2.024E+11,155 758 097,A01,0,7,0,2,1,1,1,
2.024E+11,155 758 098,B01,0,7,0,2,1,1,1,
2.024E+11,155 758 096,A01,3,37,0,1,2,26,1,1
2.024E+11,155 758 095,A01,0,7,0,1,1,18,1,
2.024E+11,155 758 093,B01,3,99,0,2,3,1,1,
2.024E+11,155 758 094,A01,3,99,0,2,2,9,1,
2.024E+11,155 758 092,A01,2,7,0,1,3,1,1,
2.024E+11,155 758 089,A01,3,7,0,2,1,16,1,
2.024E+11,155 758 091,B01,3,50,0,2,7,19,3,
2.024E+11,155 758 088,A01,3,7,0,2,1,1,1,
2.024E+11,155 758 090,B01,3,7,0,2,1,9,1,
2.024E+11,155 758 087,A01,1,7,0,1,8,1,2,
2.024E+11,155 758 086,A01,2,7,6,0,1,19,2,
2.024E+11,155 758 084,B01,2,7,0,0,4,1,2,
2.024E+11,155 758 085,A01,2,7,0,2,1,1,1,
2.024E+11,155 758 083,A01,0,7,8,0,2,1,1,
2.024E+11,155 758 080,A01,1,1,0,2,1,2,5,
2.024E+11,155 758 082,B01,3,1,0,2,8,9,5,
2.024E+11,155 758 078,B01,2,7,0,2,4,1,1,
2.024E+11,155 758 079,A01,2,7,0,2,4,1,1,
2.024E+11,155 758 081,C01,2,7,0,2,1,1,1,
2.024E+11,155 758 076,A01,1,7,0,2,1,0,1,
2.024E+11,155 758 077,B01,1,7,0,2,4,0,1,
2.024E+11,155 758 075,A01,2,7,0,1,2,0,1,
2.024E+11,155 758 072,A01,2,7,0,2,1,1,1,
2.024E+11,155 758 073,B01,2,7,0,2,4,1,1,
2.024E+11,155 758 074,C01,2,7,0,2,4,1,1,
2.024E+11,155 758 068,A01,2,7,0,2,3,0,1,
2.024E+11,155 758 070,B01,2,7,0,2,2,15,1,
2.024E+11,155 758 069,A01,1,7,0,2,3,15,1,
2.024E+11,155 758 071,B01,1,60,0,2,8,1,5,
2.024E+11,155 758 066,A01,1,7,0,2,1,2,1,
2.024E+11,155 758 067,B01,1,7,0,2,4,1,1,
2.024E+11,155 758 063,A01,2,1,0,2,1,1,5,
2.024E+11,155 758 065,B01,1,7,0,2,7,1,2,
2.024E+11,155 758 062,B01,2,33,0,2,1,26,1,
2.024E+11,155 758 064,A01,1,7,0,2,3,26,2,
2.024E+11,155 758 061,A01,1,50,0,1,1,1,3,
2.024E+11,155 758 058,B01,3,7,0,2,1,15,2,
2.024E+11,155 758 059,A01,3,32,0,2,1,15,1,
2.024E+11,155 758 057,B01,1,2,0,2,3,0,1,
2.024E+11,155 758 060,A01,2,7,0,2,1,15,1,
2.024E+11,155 758 056,A01,1,7,0,9,3,1,1,
2.024E+11,155 758 051,C01,1,7,0,2,1,1,1,
2.024E+11,155 758 053,A01,2,7,0,2,3,13,1,
2.024E+11,155 758 055,B01,1,7,0,2,3,1,1,
2.024E+11,155 758 050,B01,1,7,0,2,6,1,1,
2.024E+11,155 758 052,A01,1,17,0,2,2,12,1,
2.024E+11,155 758 054,C01,1,10,0,2,5,1,1,
2.024E+11,155 758 048,A01,1,31,8,0,0,14,0,
2.024E+11,155 758 047,B01,2,7,0,2,4,23,1,
2.024E+11,155 758 049,A01,2,7,0,2,1,1,1,
2.024E+11,155 758 044,B01,1,50,0,2,1,1,3,
2.024E+11,155 758 046,A01,1,7,0,2,3,26,1,
2.024E+11,155 758 043,A01,3,10,0,2,3,1,1,
2.024E+11,155 758 045,B01,3,1,0,2,1,15,5,
2.024E+11,155 758 041,A01,1,7,0,2,3,15,2,
2.024E+11,155 758 042,B01,1,7,0,2,2,1,1,
2.024E+11,155 758 038,B01,1,7,0,2,3,15,1,
2.024E+11,155 758 040,A01,2,33,0,2,7,2,1,
2.024E+11,155 758 037,A01,1,7,0,9,7,15,0,
2.024E+11,155 758 039,B01,2,1,0,2,0,0,5,
2.024E+11,155 758 035,B01,2,60,0,2,0,19,5,
2.024E+11,155 758 036,A01,1,7,0,2,0,1,1,
2.024E+11,155 758 033,Y01,1,1,0,2,7,1,5,
2.024E+11,155 758 034,A01,1,10,0,9,1,9,1,
2.024E+11,155 758 032,A01,0,50,0,1,0,1,3,
2.024E+11,155 758 030,A01,1,7,0,2,3,9,1,
2.024E+11,155 758 031,B01,1,1,0,2,5,1,5,
2.024E+11,155 758 029,A01,1,7,4,0,3,13,1,
2.024E+11,155 758 027,A01,1,7,0,2,3,15,2,
2.024E+11,155 758 028,B01,2,33,0,2,1,1,1,
2.024E+11,155 758 026,A01,1,13,0,1,2,16,3,
2.024E+11,155 758 024,B01,3,7,0,2,3,1,1,
2.024E+11,155 758 025,A01,3,50,0,2,1,5,3,
2.024E+11,155 758 021,A01,2,10,0,2,1,1,1,
2.024E+11,155 758 022,B01,2,7,0,2,4,23,1,