Num_Acc,id_vehicule,num_veh,senc,catv,obs,obsm,choc,manv,motor,occutc
2.024E+11,155 757 104,A01,1,7,0,2,6,1,1,
2.024E+11,155 757 099,A01,1,7,0,1,1,1,1,
2.024E+11,155 757 100,A01,2,7,0,2,1,15,1,
2.024E+11,155 757 103,B01,1,7,0,2,1,1,1,
2.024E+11,155 757 097,B01,2,7,0,2,1,13,1,
2.024E+11,155 757 101,A01,1,7,0,2,1,2,1,
2.024E+11,155 757 094,A01,2,7,2,0,1,1,1,
2.024E+11,155 757 093,A01,3,7,1,2,3,15,1,
2.024E+11,155 757 096,B01,3,2,0,2,2,16,1,
2.024E+11,155 757 091,B01,1,7,0,2,3,5,1,
2.024E+11,155 757 095,A01,2,7,0,2,3,23,1,
2.024E+11,155 757 088,A01,3,7,0,2,1,9,1,
2.024E+11,155 757 092,B01,1,7,0,2,8,1,1,
2.024E+11,155 757 087,A01,3,2,0,2,3,11,1,
2.024E+11,155 757 089,B01,0,7,0,2,3,11,0,
2.024E+11,155 757 085,A01,1,7,0,1,2,26,1,
2.024E+11,155 757 084,A01,1,33,0,2,1,2,1,
2.024E+11,155 757 086,B01,1,7,0,2,5,2,1,
2.024E+11,155 757 090,C01,1,10,0,0,4,2,1,
2.024E+11,155 757 082,A01,1,7,0,2,1,1,1,
2.024E+11,155 757 083,B01,1,7,0,2,4,1,1,
2.024E+11,155 757 081,A01,3,7,0,1,7,26,1,
2.024E+11,155 757 077,A01,1,7,0,2,2,15,1,
2.024E+11,155 757 079,B01,2,33,0,2,1,2,1,
2.024E+11,155 757 076,A01,1,30,0,0,0,26,1,
2.024E+11,155 757 075,B01,0,33,0,2,3,3,1,
2.024E+11,155 757 078,C01,0,7,0,0,2,1,1,
2.024E+11,155 757 080,A01,0,15,0,0,0,1,1,
2.024E+11,155 757 073,A01,1,10,0,1,3,24,1,
2.024E+11,155 757 072,A01,1,7,0,2,1,2,0,
2.024E+11,155 757 074,B01,1,7,0,2,4,2,1,
2.024E+11,155 757 070,A01,1,7,0,2,1,1,1,
2.024E+11,155 757 071,B01,2,7,0,2,2,0,1,
2.024E+11,155 757 068,A01,1,7,0,0,9,0,1,
2.024E+11,155 757 069,A01,3,32,0,2,8,0,1,
2.024E+11,155 757 066,A01,2,1,0,1,1,1,5,
2.024E+11,155 757 065,A01,2,33,0,5,1,1,1,
2.024E+11,155 757 064,A01,2,7,0,2,3,19,2,
2.024E+11,155 757 067,B01,1,60,0,2,7,1,5,
2.024E+11,155 757 062,A01,1,7,3,0,0,1,2,
2.024E+11,155 757 061,A01,0,7,1,1,1,1,1,
2.024E+11,155 757 063,B01,0,7,0,2,0,0,1,
2.024E+11,155 757 058,A01,2,7,0,2,2,1,1,
2.024E+11,155 757 059,B01,2,7,0,2,8,16,1,
2.024E+11,155 757 056,A01,2,7,0,1,6,0,1,
2.024E+11,155 757 055,A01,1,7,0,2,4,15,1,
2.024E+11,155 757 060,B01,2,7,0,2,1,2,1,
2.024E+11,155 757 054,A01,1,7,1,0,2,14,1,
2.024E+11,155 757 057,B01,2,7,0,2,2,24,1,
2.024E+11,155 757 052,B01,3,15,0,2,7,16,1,
2.024E+11,155 757 053,A01,3,7,0,2,8,16,1,
2.024E+11,155 757 051,A01,0,7,0,1,0,1,1,
2.024E+11,155 757 050,A01,2,7,6,0,7,1,3,
2.024E+11,155 757 048,A01,0,7,3,0,0,1,1,
2.024E+11,155 757 047,A01,0,7,0,1,1,25,1,
2.024E+11,155 757 045,A01,2,7,13,0,1,1,1,
2.024E+11,155 757 046,A01,0,10,0,2,1,1,1,
2.024E+11,155 757 049,B01,0,37,0,2,1,1,1,1
2.024E+11,155 757 042,A01,2,3,4,0,1,1,1,
2.024E+11,155 757 041,A01,0,7,0,2,0,16,1,
2.024E+11,155 757 044,B01,0,7,0,2,0,0,1,
2.024E+11,155 757 040,A01,3,7,0,1,1,26,2,
2.024E+11,155 757 039,A01,3,7,0,2,2,26,1,
2.024E+11,155 757 043,B01,3,7,0,2,7,0,2,
2.024E+11,155 757 036,A01,2,7,0,0,0,1,1,
2.024E+11,155 757 037,A01,1,10,0,1,1,19,6,
2.024E+11,155 757 035,A01,3,7,7,2,5,1,1,
2.024E+11,155 757 038,B01,1,7,0,2,1,1,1,
2.024E+11,155 757 033,A01,1,7,0,0,8,13,1,
2.024E+11,155 757 034,B01,2,7,0,0,8,1,1,
2.024E+11,155 757 032,A01,3,7,2,0,1,14,2,
2.024E+11,155 757 030,A01,1,7,0,1,8,15,2,
2.024E+11,155 757 028,A01,1,7,0,1,2,1,1,
2.024E+11,155 757 027,A01,1,7,0,1,2,1,2,
2.024E+11,155 757 023,A01,3,10,13,0,2,15,1,
2.024E+11,155 757 025,B01,0,50,0,2,8,19,3,
2.024E+11,155 757 026,A01,3,7,0,2,1,1,1,
2.024E+11,155 757 020,B01,3,1,0,2,2,0,5,
2.024E+11,155 757 022,A01,0,7,0,0,3,16,0,
2.024E+11,155 757 019,A01,2,7,0,2,1,9,1,
2.024E+11,155 757 021,C01,2,7,0,2,8,24,1,
2.024E+11,155 757 024,B01,2,7,0,2,2,1,1,
2.024E+11,155 757 018,A01,1,7,2,0,1,0,1,
2.024E+11,155 757 016,A01,1,7,0,1,1,1,1,
2.024E+11,155 757 011,B01,1,7,0,2,3,1,1,
2.024E+11,155 757 014,A01,2,7,0,2,6,13,1,
2.024E+11,155 757 010,C01,1,7,0,2,1,0,1,
2.024E+11,155 757 012,A01,1,7,0,2,4,15,1,
2.024E+11,155 757 015,B01,1,7,0,2,1,2,1,
2.024E+11,155 757 008,A01,0,7,0,2,7,19,1,
2.024E+11,155 757 009,B01,0,7,0,2,1,1,1,
2.024E+11,155 757 007,A01,1,7,11,0,1,1,1,
2.024E+11,155 757 003,A01,2,7,0,2,2,3,1,
2.024E+11,155 757 006,B01,2,17,0,0,6,23,1,
2.024E+11,155 757 001,A01,1,7,0,2,1,15,1,
2.024E+11,155 757 002,B01,2,33,0,2,1,18,1,
2.024E+11,155 757 000,A01,1,7,0,2,1,1,1,
2.024E+11,155 757 005,B01,1,1,1,0,3,2,5,
2.024E+11,155 756 995,B01,1,7,0,2,3,15,1,
2.024E+11,155 756 998,C01,2,7,0,2,8,2,1,
2.024E+11,155 756 999,A01,2,34,0,2,2,1,1,
2.024E+11,155 756 993,A01,3,7,0,2,0,10,1,
2.024E+11,155 756 997,B01,3,34,0,2,0,1,1,
2.024E+11,155 756 992,B01,1,10,0,2,6,1,1,
2.024E+11,155 756 996,A01,1,43,0,2,1,1,1,
2.024E+11,155 756 989,A01,3,7,12,0,1,13,1,
2.024E+11,155 756 987,A01,1,50,0,1,1,1,3,
2.024E+11,155 756 988,A01,1,7,0,2,3,10,1,
2.024E+11,155 756 991,B01,1,33,0,2,0,0,1,
2.024E+11,155 756 986,A01,2,7,0,2,2,17,1,
2.024E+11,155 756 990,C01,2,7,1,0,1,1,1,
2.024E+11,155 756 994,B01,2,7,0,2,3,1,1,
2.024E+11,155 756 985,A01,2,7,6,0,1,0,1,
2.024E+11,155 756 983,A01,3,7,0,1,1,1,2,
2.024E+11,155 756 980,B01,2,33,9,2,1,1,1,
2.024E+11,155 756 981,A01,2,7,0,2,1,15,1,
2.024E+11,155 756 982,B01,2,1,0,2,7,1,5,
2.024E+11,155 756 984,A01,2,7,9,2,8,9,1,
2.024E+11,155 756 977,A01,1,7,0,2,2,17,1,
2.024E+11,155 756 979,B01,2,50,12,2,3,15,3,
2.024E+11,155 756 976,A01,2,7,0,2,3,13,1,
2.024E+11,155 756 978,B01,1,7,0,2,3,23,1,
2.024E+11,155 756 975,A01,1,7,4,0,9,2,2,
2.024E+11,155 756 974,A01,3,7,0,1,2,1,1,
2.024E+11,155 756 972,A01,2,99,0,1,3,16,1,
2.024E+11,155 756 973,A01,1,7,1,0,6,14,0,
2.024E+11,155 756 970,Z01,1,7,0,1,2,14,1,
2.024E+11,155 756 968,B01,1,7,0,0,4,1,2,
2.024E+11,155 756 971,A01,1,14,0,2,1,2,1,
2.024E+11,155 756 966,A01,3,7,0,2,3,0,1,
2.024E+11,155 756 969,B01,2,2,0,2,1,1,1,
2.024E+11,155 756 965,A01,1,7,0,2,2,9,1,
2.024E+11,155 756 967,B01,1,7,0,2,6,1,1,
2.024E+11,155 756 960,B01,2,7,0,2,1,1,1,
2.024E+11,155 756 963,A01,1,7,0,2,1,15,1,
2.024E+11,155 756 961,A01,2,7,0,2,7,15,1,
2.024E+11,155 756 962,B01,1,1,0,2,1,1,5,
2.024E+11,155 756 958,B01,2,2,0,2,0,26,1,
2.024E+11,155 756 959,A01,2,7,0,0,5,0,1,
2.024E+11,155 756 964,A01,1,10,0,1,1,1,1,
2.024E+11,155 756 954,A01,2,7,0,0,2,0,1,
2.024E+11,155 756 957,B01,2,1,0,0,4,0,5,
2.024E+11,155 756 955,A01,1,2,0,2,1,15,1,
2.024E+11,155 756 956,B01,2,7,0,2,3,1,1,
2.024E+11,155 756 952,A01,3,7,15,0,0,0,1,
2.024E+11,155 756 950,A01,3,32,0,0,2,16,1,
2.024E+11,155 756 951,A01,1,7,0,9,3,19,3,
2.024E+11,155 756 953,B01,2,50,0,0,0,0,3,
2.024E+11,155 756 946,B01,2,7,0,2,3,1,1,
2.024E+11,155 756 948,A01,1,7,0,2,3,11,1,
2.024E+11,155 756 943,Z01,1,7,0,2,1,2,0,
2.024E+11,155 756 944,A01,1,2,0,2,4,2,1,
2.024E+11,155 756 942,B01,2,7,0,2,1,1,1,
2.024E+11,155 756 945,A01,1,7,0,2,1,13,1,
2.024E+11,155 756 939,A01,1,7,0,2,3,1,1,
2.024E+11,155 756 941,B01,2,7,6,2,3,1,1,
2.024E+11,155 756 936,B01,1,2,0,2,1,1,1,
2.024E+11,155 756 938,C01,1,7,0,2,3,1,1,
2.024E+11,155 756 940,A01,1,7,0,2,2,17,1,
2.024E+11,155 756 934,Z01,2,7,0,2,3,11,0,
2.024E+11,155 756 937,A01,2,33,0,2,7,2,1,
2.024E+11,155 756 933,A01,0,7,0,0,9,1,1,
2.024E+11,155 756 932,A01,2,7,1,2,9,1,1,
2.024E+11,155 756 935,B01,2,1,0,2,4,1,5,
2.024E+11,155 756 931,A01,1,10,15,0,1,0,1,
2.024E+11,155 756 930,A01,1,80,0,1,7,21,3,
2.024E+11,155 756 927,A01,0,7,0,2,3,9,1,
2.024E+11,155 756 929,B01,0,2,0,2,1,25,0,
2.024E+11,155 756 924,A01,2,7,0,2,3,15,1,
2.024E+11,155 756 928,B01,1,33,0,2,1,1,1,
2.024E+11,155 756 923,A01,1,32,0,2,1,1,1,
2.024E+11,155 756 926,B01,2,7,0,2,8,15,1,
2.024E+11,155 756 921,A01,3,7,0,1,2,15,1,
2.024E+11,155 756 918,A01,0,7,8,0,2,14,1,
2.024E+11,155 756 916,A01,1,7,0,2,3,1,1,
2.024E+11,155 756 920,B01,2,1,0,2,1,19,5,
2.024E+11,155 756 917,A01,1,7,0,2,2,13,1,
2.024E+11,155 756 919,B01,2,7,0,2,1,1,1,
2.024E+11,155 756 922,C01,2,7,0,2,1,1,1,
2.024E+11,155 756 913,A01,1,1,1,0,3,1,5,
2.024E+11,155 756 911,B01,0,33,0,0,0,0,1,
2.024E+11,155 756 915,A01,3,7,0,2,3,15,0,
2.024E+11,155 756 909,A01,2,7,0,2,1,2,1,
2.024E+11,155 756 912,B01,2,7,0,2,9,23,1,
2.024E+11,155 756 914,C01,2,7,0,2,4,23,1,
2.024E+11,155 756 908,A01,0,14,0,2,8,9,1,
2.024E+11,155 756 910,B01,3,1,0,0,7,1,5,
2.024E+11,155 756 906,A01,2,7,0,0,6,15,2,
2.024E+11,155 756 907,B01,2,43,0,2,1,2,1,
2.024E+11,155 756 903,A01,1,7,4,0,2,1,1,
2.024E+11,155 756 900,A01,3,40,0,1,1,1,3,
2.024E+11,155 756 899,C01,2,7,0,2,4,26,1,
2.024E+11,155 756 902,A01,1,10,15,2,7,13,1,
2.024E+11,155 756 905,B01,2,17,0,2,1,26,1,
2.024E+11,155 756 898,A01,1,7,7,0,1,14,1,
2.024E+11,155 756 901,A01,0,7,0,2,1,1,1,
2.024E+11,155 756 904,B01,1,7,0,2,2,1,1,
2.024E+11,155 756 894,A01,1,10,0,2,7,16,1,
2.024E+11,155 756 897,B01,1,50,0,2,1,1,3,
2.024E+11,155 756 892,B01,1,7,0,2,4,23,1,
2.024E+11,155 756 896,A01,1,7,0,2,1,1,1,
2.024E+11,155 756 891,A01,1,31,0,2,1,1,1,
2.024E+11,155 756 893,B01,2,10,0,2,8,10,1,
2.024E+11,155 756 887,A01,1,7,0,1,1,19,0,
2.024E+11,155 756 886,A01,2,7,0,0,0,2,1,
2.024E+11,155 756 884,B01,2,7,3,2,3,21,1,
2.024E+11,155 756 889,A01,1,33,0,2,1,0,1,
2.024E+11,155 756 883,A01,1,7,0,1,1,19,1,
2.024E+11,155 756 882,A01,2,36,8,0,0,0,1,
2.024E+11,155 756 880,A01,2,80,12,0,1,1,3,
2.024E+11,155 756 877,B01,2,7,0,2,2,1,1,
2.024E+11,155 756 881,A01,1,7,0,2,3,13,1,
2.024E+11,155 756 876,A01,2,13,0,2,1,14,1,
2.024E+11,155 756 879,B01,2,7,0,2,4,1,1,
2.024E+11,155 756 875,A01,0,7,6,0,1,1,1,
2.024E+11,155 756 874,B01,2,2,0,2,1,1,1,
2.024E+11,155 756 878,A01,3,7,0,2,8,15,1,
2.024E+11,155 756 873,A01,0,2,0,0,0,0,1,
2.024E+11,155 756 871,A01,2,32,1,0,1,12,3,
2.024E+11,155 756 872,B01,2,7,0,2,4,23,1,
2.024E+11,155 756 869,A01,1,30,12,0,0,1,1,
2.024E+11,155 756 870,A01,3,7,0,9,0,1,1,
2.024E+11,155 756 867,A01,3,7,4,2,1,5,1,
2.024E+11,155 756 868,B01,3,7,3,2,4,1,1,
2.024E+11,155 756 862,A01,2,7,0,2,1,2,1,
2.024E+11,155 756 864,B01,2,7,0,2,6,23,1,
2.024E+11,155 756 861,A01,2,7,0,9,2,16,1,
2.024E+11,155 756 865,B01,1,1,0,2,0,0,5,
2.024E+11,155 756 858,B01,1,17,0,2,8,1,0,
2.024E+11,155 756 860,A01,2,10,0,2,3,13,1,
2.024E+11,155 756 863,D01,1,17,0,2,3,1,1,
2.024E+11,155 756 866,C01,2,7,0,2,3,23,2,
2.024E+11,155 756 857,A01,2,1,0,2,1,2,5,
2.024E+11,155 756 859,B01,2,10,0,2,4,1,1,
2.024E+11,155 756 856,A01,1,7,0,0,3,1,1,
2.024E+11,155 756 851,B01,1,50,0,2,1,5,3,
2.024E+11,155 756 854,A01,2,7,0,2,3,16,1,
2.024E+11,155 756 852,B01,3,7,0,2,3,0,1,
2.024E+11,155 756 855,A01,3,7,0,2,3,23,1,
2.024E+11,155 756 850,A01,1,7,0,2,8,26,1,
2.024E+11,155 756 853,B01,1,33,0,2,7,2,1,
2.024E+11,155 756 848,B01,2,7,0,2,1,1,1,
2.024E+11,155 756 849,A01,1,7,3,2,1,13,1,
2.024E+11,155 756 847,A01,1,7,4,0,8,2,1,
2.024E+11,155 756 846,A01,2,7,0,1,1,1,1,
2.024E+11,155 756 845,A01,1,7,0,0,9,0,1,
2.024E+11,155 756 842,A01,2,7,0,2,8,11,1,
2.024E+11,155 756 844,B01,2,31,0,2,7,1,1,
2.024E+11,155 756 840,A01,1,7,0,2,3,15,1,
2.024E+11,155 756 843,B01,1,33,0,2,1,1,1,
2.024E+11,155 756 839,A01,1,33,0,0,2,2,1,
2.024E+11,155 756 841,B01,1,7,0,2,3,15,1,
2.024E+11,155 756 838,A01,2,7,4,0,3,1,1,
2.024E+11,155 756 837,A01,3,7,13,0,3,13,1,
2.024E+11,155 756 836,A01,2,7,0,1,2,1,1,
2.024E+11,155 756 835,A01,2,10,0,0,9,1,1,
2.024E+11,155 756 830,A01,3,10,0,2,4,4,1,
2.024E+11,155 756 832,B01,3,1,0,2,8,1,5,
2.024E+11,155 756 828,A01,3,50,0,2,3,13,3,
2.024E+11,155 756 831,B01,3,7,0,2,0,0,1,
2.024E+11,155 756 827,A01,3,7,0,2,1,1,1,
2.024E+11,155 756 829,B01,3,7,0,2,3,1,2,
2.024E+11,155 756 825,A01,1,33,0,0,7,2,1,
2.024E+11,155 756 824,A01,3,33,0,2,0,0,1,
2.024E+11,155 756 826,B01,3,7,0,2,8,1,1,
2.024E+11,155 756 822,A01,2,7,0,2,2,1,1,
2.024E+11,155 756 823,B01,2,33,0,2,3,1,1,
2.024E+11,155 756 817,B01,2,7,4,2,9,17,1,
2.024E+11,155 756 821,A01,2,7,0,2,8,1,1,
2.024E+11,155 756 818,B01,1,7,0,2,1,1,1,
2.024E+11,155 756 820,A01,0,31,0,2,7,19,1,
2.024E+11,155 756 813,A01,3,2,0,0,7,19,1,
2.024E+11,155 756 816,B01,2,7,0,2,1,1,1,
2.024E+11,155 756 812,B01,1,7,0,2,2,2,1,
2.024E+11,155 756 815,A01,1,7,0,2,6,11,1,
2.024E+11,155 756 810,C01,1,7,0,2,4,1,2,
2.024E+11,155 756 811,A01,2,13,0,2,1,1,1,
2.024E+11,155 756 814,B01,2,7,0,2,2,1,1,
2.024E+11,155 756 809,A01,3,7,0,0,2,1,1,
2.024E+11,155 756 807,B01,2,7,0,2,6,0,1,
2.024E+11,155 756 808,A01,2,7,0,2,5,19,2,
2.024E+11,155 756 805,A01,1,7,2,0,7,1,1,
2.024E+11,155 756 804,A01,2,32,0,2,1,17,1,
2.024E+11,155 756 806,B01,1,10,0,2,2,1,1,
2.024E+11,155 756 803,A01,1,7,0,1,1,0,1,
2.024E+11,155 756 802,A01,3,7,0,1,3,5,1,
2.024E+11,155 756 799,A01,1,33,12,2,1,2,1,
2.024E+11,155 756 800,B01,1,1,0,2,7,19,5,
2.024E+11,155 756 797,B01,2,7,0,2,1,1,3,
2.024E+11,155 756 798,A01,1,7,0,2,1,13,1,
2.024E+11,155 756 801,C01,2,7,0,2,1,1,1,
2.024E+11,155 756 796,A01,1,43,7,0,1,1,1,
2.024E+11,155 756 794,A01,1,7,0,1,2,1,1,
2.024E+11,155 756 793,A01,3,7,0,2,2,16,1,
2.024E+11,155 756 795,B01,3,33,0,2,8,15,1,
2.024E+11,155 756 792,A01,1,7,2,0,9,1,1,
2.024E+11,155 756 790,A01,1,7,0,2,6,1,1,
2.024E+11,155 756 791,B01,1,50,0,2,1,1,3,
2.024E+11,155 756 788,A01,1,32,0,1,1,0,1,
2.024E+11,155 756 787,A01,0,7,1,9,3,24,1,
2.024E+11,155 756 789,B01,0,1,1,0,1,21,5,
2.024E+11,155 756 786,A01,3,7,15,0,1,15,1,
2.024E+11,155 756 785,A01,3,14,0,1,2,9,1,
2.024E+11,155 756 783,A01,1,7,0,2,2,12,1,
2.024E+11,155 756 784,B01,1,15,0,2,3,1,1,
2.024E+11,155 756 781,A01,1,7,0,1,2,14,1,
2.024E+11,155 756 777,A01,1,7,0,1,2,1,1,
2.024E+11,155 756 778,A01,3,7,0,2,2,17,1,
2.024E+11,155 756 779,B01,3,7,0,0,4,1,1,
2.024E+11,155 756 776,A01,1,7,0,0,9,26,1,
2.024E+11,155 756 773,B01,1,14,0,2,3,1,1,
2.024E+11,155 756 774,A01,2,7,0,2,1,13,1,
2.024E+11,155 756 772,A01,2,7,0,2,1,13,1,
2.024E+11,155 756 775,B01,1,7,0,2,1,1,1,
2.024E+11,155 756 770,B01,2,7,0,2,1,1,1,
2.024E+11,155 756 771,A01,2,7,0,2,1,1,1,
2.024E+11,155 756 768,A01,3,10,17,0,1,1,0,
2.024E+11,155 756 769,A01,1,80,0,1,4,26,3,
2.024E+11,155 756 767,A01,1,7,0,1,3,2,1,
2.024E+11,155 756 765,A01,2,7,8,0,1,9,1,
2.024E+11,155 756 763,A01,1,10,0,1,2,0,1,
2.024E+11,155 756 764,A01,2,7,0,2,1,13,1,
2.024E+11,155 756 766,B01,1,7,0,2,1,1,1,
2.024E+11,155 756 762,A01,3,7,0,1,7,2,1,
2.024E+11,155 756 761,A01,3,7,0,1,1,15,1,
2.024E+11,155 756 757,A01,2,33,0,2,1,1,1,
2.024E+11,155 756 759,B01,1,7,0,2,3,1,1,
2.024E+11,155 756 760,C01,2,10,0,2,8,11,1,
2.024E+11,155 756 758,A01,1,30,0,0,3,0,1,
2.024E+11,155 756 753,A01,3,7,0,2,1,2,1,
2.024E+11,155 756 755,B01,3,7,0,2,4,2,1,
2.024E+11,155 756 752,A01,1,10,8,0,2,6,1,
2.024E+11,155 756 750,A01,2,7,1,1,1,1,1,
2.024E+11,155 756 749,B01,3,10,0,2,3,15,1,
2.024E+11,155 756 751,A01,3,34,0,2,1,1,1,
2.024E+11,155 756 754,C01,3,7,0,2,1,23,1,
2.024E+11,155 756 744,A01,1,7,0,2,4,1,1,
2.024E+11,155 756 745,B01,1,7,0,2,1,2,1,
2.024E+11,155 756 743,A01,2,10,0,2,7,26,1,
2.024E+11,155 756 747,B01,3,13,0,2,1,16,1,
2.024E+11,155 756 742,A01,2,7,0,2,7,15,1,
2.024E+11,155 756 746,B01,1,7,0,2,1,1,1,
2.024E+11,155 756 741,A01,2,7,14,0,1,0,1,
2.024E+11,155 756 735,A01,1,7,0,2,2,12,1,
2.024E+11,155 756 739,B01,1,7,0,2,8,0,1,
2.024E+11,155 756 734,A01,1,7,0,2,1,13,1,
2.024E+11,155 756 736,B01,2,7,0,2,1,1,1,
2.024E+11,155 756 740,C01,2,7,0,2,8,9,1,
2.024E+11,155 756 733,C01,2,7,0,2,4,1,3,
2.024E+11,155 756 737,A01,2,99,0,2,3,21,1,
2.024E+11,155 756 738,B01,2,10,0,2,5,21,1,
2.024E+11,155 756 730,A01,1,10,4,0,3,13,1,
2.024E+11,155 756 729,A01,1,80,0,4,0,14,3,
2.024E+11,155 756 731,B01,1,40,0,2,8,1,3,
2.024E+11,155 756 728,A01,1,60,0,2,3,5,5,
2.024E+11,155 756 732,B01,1,7,0,2,2,2,1,
2.024E+11,155 756 724,B01,2,7,0,2,8,1,1,
2.024E+11,155 756 726,A01,2,31,14,2,4,1,1,
2.024E+11,155 756 725,B01,1,33,0,2,1,1,1,
2.024E+11,155 756 727,A01,1,7,0,2,2,15,1,
2.024E+11,155 756 722,A01,3,7,0,2,3,13,1,
2.024E+11,155 756 723,B01,3,7,0,2,8,1,1,
2.024E+11,155 756 720,A01,1,2,0,0,0,26,1,
2.024E+11,155 756 719,A01,2,15,0,2,1,2,1,
2.024E+11,155 756 721,B01,2,15,0,2,4,2,1,
2.024E+11,155 756 715,D01,2,14,0,2,5,1,1,
2.024E+11,155 756 717,A01,2,7,0,2,1,0,1,
2.024E+11,155 756 718,B01,2,3,1,0,4,0,1,
2.024E+11,155 756 712,A01,2,7,0,2,3,11,1,
2.024E+11,155 756 714,B01,2,33,0,2,7,3,1,
2.024E+11,155 756 713,A01,0,7,0,9,7,9,1,
2.024E+11,155 756 716,B01,0,50,0,2,2,1,3,
2.024E+11,155 756 711,A01,2,33,13,0,0,13,1,
2.024E+11,155 756 708,B01,1,31,0,2,1,1,1,
2.024E+11,155 756 709,A01,3,10,0,2,3,9,1,
2.024E+11,155 756 707,A01,2,7,4,2,1,1,1,
2.024E+11,155 756 710,B01,2,7,0,2,3,1,1,
2.024E+11,155 756 703,A01,1,33,0,2,1,0,1,
2.024E+11,155 756 705,B01,1,7,0,2,5,1,1,
2.024E+11,155 756 704,A01,2,30,0,2,1,1,1,
2.024E+11,155 756 706,B01,3,33,0,0,5,21,1,
2.024E+11,155 756 702,A01,2,17,3,0,7,1,1,
2.024E+11,155 756 701,A01,2,7,0,1,8,15,1,
2.024E+11,155 756 700,A01,2,7,4,0,2,14,1,
2.024E+11,155 756 699,A01,3,30,0,0,0,1,1,
2.024E+11,155 756 697,A01,1,1,0,2,1,1,5,
2.024E+11,155 756 698,B01,1,7,0,0,0,0,1,
2.024E+11,155 756 694,A01,1,7,0,2,1,1,1,
2.024E+11,155 756 696,B01,1,7,0,2,4,1,1,
2.024E+11,155 756 693,B01,1,33,0,2,6,12,1,
2.024E+11,155 756 695,A01,1,7,0,2,7,1,2,
2.024E+11,155 756 691,A01,1,7,0,0,8,1,1,
2.024E+11,155 756 692,B01,2,7,0,0,1,15,1,
2.024E+11,155 756 686,B01,2,7,0,2,2,1,2,
2.024E+11,155 756 688,A01,2,7,0,2,3,13,1,
2.024E+11,155 756 685,A01,2,10,0,2,3,13,1,
2.024E+11,155 756 689,B01,2,7,0,2,5,1,2,
2.024E+11,155 756 690,C01,2,7,0,2,4,1,1,
2.024E+11,155 756 684,A01,1,7,0,2,2,1,1,
2.024E+11,155 756 687,B01,2,7,0,2,3,1,1,
2.024E+11,155 756 681,A01,2,14,4,2,7,12,1,
2.024E+11,155 756 683,B01,2,7,4,2,8,1,1,
2.024E+11,155 756 679,A01,3,7,1,0,2,14,1,
2.024E+11,155 756 678,B01,2,33,0,2,7,1,1,
2.024E+11,155 756 680,C01,1,1,0,2,8,1,5,
2.024E+11,155 756 682,A01,2,10,0,2,3,13,3,
2.024E+11,155 756 676,B01,3,7,0,2,1,1,1,
2.024E+11,155 756 677,A01,3,1,0,2,1,5,5,
2.024E+11,155 756 675,A01,0,7,0,1,1,1,1,
2.024E+11,155 756 671,A01,1,7,0,2,1,9,1,
2.024E+11,155 756 673,B01,2,2,0,2,1,1,1,
2.024E+11,155 756 670,A01,0,7,0,1,1,1,1,
2.024E+11,155 756 672,A01,1,2,0,2,2,7,3,
2.024E+11,155 756 674,B01,1,7,0,2,3,15,2,
2.024E+11,155 756 668,A01,1,10,0,2,6,2,1,
2.024E+11,155 756 669,B01,1,2,1,0,1,2,1,
2.024E+11,155 756 667,A01,3,7,0,1,8,15,1,
2.024E+11,155 756 666,A01,1,37,0,1,2,7,3,1
2.024E+11,155 756 664,A01,3,7,6,0,1,13,3,
2.024E+11,155 756 662,B01,2,99,0,2,2,8,3,
2.024E+11,155 756 665,A01,1,7,0,2,3,15,3,
2.024E+11,155 756 661,A01,3,31,0,0,1,3,1,
2.024E+11,155 756 660,B01,1,7,1,2,1,21,1,
2.024E+11,155 756 663,A01,1,7,0,2,2,1,1,
2.024E+11,155 756 658,A01,1,7,0,1,1,1,1,
2.024E+11,155 756 657,A01,2,7,0,1,4,4,1,
2.024E+11,155 756 654,A01,1,33,12,0,1,1,1,
2.024E+11,155 756 652,A01,2,1,0,0,0,1,5,
2.024E+11,155 756 650,A01,1,7,0,2,2,1,1,
2.024E+11,155 756 653,B01,2,50,0,2,1,1,3,
2.024E+11,155 756 649,B01,1,7,0,2,6,23,1,
2.024E+11,155 756 651,A01,2,7,0,2,6,0,1,
2.024E+11,155 756 655,C01,1,7,0,2,2,1,1,
2.024E+11,155 756 656,D01,1,14,0,2,2,1,1,
2.024E+11,155 756 647,B01,1,7,0,2,8,15,1,
2.024E+11,155 756 648,A01,1,32,9,2,1,17,1,
2.024E+11,155 756 644,A01,1,7,0,1,1,21,1,
2.024E+11,155 756 643,A01,2,14,0,2,8,15,1,
2.024E+11,155 756 646,B01,1,2,0,2,2,17,3,
2.024E+11,155 756 641,B01,1,7,0,2,1,1,1,
2.024E+11,155 756 645,A01,2,7,0,2,1,15,1,
2.024E+11,155 756 640,A01,1,33,0,2,2,15,1,
2.024E+11,155 756 642,B01,1,7,0,2,3,15,1,
2.024E+11,155 756 638,A01,1,7,0,2,4,19,1,
2.024E+11,155 756 639,B01,1,1,0,2,1,1,5,
2.024E+11,155 756 637,A01,1,10,0,1,1,16,1,
2.024E+11,155 756 636,A01,2,7,0,1,2,1,2,
2.024E+11,155 756 634,A01,1,10,0,1,4,4,1,
2.024E+11,155 756 633,A01,1,7,0,1,2,1,1,
2.024E+11,155 756 632,A01,1,32,0,2,3,1,1,
2.024E+11,155 756 635,B01,1,10,0,2,2,9,1,