Num_Acc,id_vehicule,num_veh,senc,catv,obs,obsm,choc,manv,motor,occutc
2.024E+11,155 756 631,A01,1,7,0,1,1,1,1,
2.024E+11,155 756 627,Z01,1,10,0,2,1,1,0,
2.024E+11,155 756 629,A01,1,10,0,2,4,23,2,
2.024E+11,155 756 626,A01,1,31,0,2,2,14,1,
2.024E+11,155 756 630,B01,1,33,0,2,3,18,1,
2.024E+11,155 756 624,A01,2,7,0,2,2,22,3,
2.024E+11,155 756 628,B01,2,80,0,2,3,1,3,
2.024E+11,155 756 625,A01,1,7,0,1,3,1,1,
2.024E+11,155 756 623,A01,2,33,0,1,1,1,1,
2.024E+11,155 756 621,A01,1,7,0,1,3,1,1,
2.024E+11,155 756 620,A01,3,1,0,1,1,16,5,
2.024E+11,155 756 618,A01,2,7,4,0,8,10,1,
2.024E+11,155 756 622,B01,1,7,4,2,1,1,1,
2.024E+11,155 756 612,A01,1,33,0,2,6,11,1,
2.024E+11,155 756 615,D01,1,7,0,2,6,1,1,
2.024E+11,155 756 617,B01,1,33,0,2,2,0,1,
2.024E+11,155 756 619,C01,1,7,0,2,8,1,2,
2.024E+11,155 756 611,Z01,1,10,0,1,4,4,0,
2.024E+11,155 756 607,A01,3,7,0,2,1,1,1,
2.024E+11,155 756 610,B01,3,1,0,2,7,1,5,
2.024E+11,155 756 614,C01,3,1,0,2,7,1,5,
2.024E+11,155 756 602,A01,1,7,0,2,1,1,0,
2.024E+11,155 756 604,B01,1,7,0,2,4,23,1,
2.024E+11,155 756 601,A01,3,7,0,2,1,1,1,
2.024E+11,155 756 606,B01,3,10,0,2,2,1,3,
2.024E+11,155 756 599,A01,1,17,0,2,1,2,1,
2.024E+11,155 756 600,D01,2,7,0,2,1,1,1,
2.024E+11,155 756 603,E01,1,7,0,2,1,1,0,
2.024E+11,155 756 605,F01,1,7,0,2,1,1,1,
2.024E+11,155 756 608,G01,1,7,0,2,1,1,1,
2.024E+11,155 756 609,H01,1,7,0,2,1,1,0,
2.024E+11,155 756 613,B01,1,3,0,2,1,2,0,
2.024E+11,155 756 616,C01,2,7,0,2,1,2,1,
2.024E+11,155 756 595,A01,2,7,0,2,2,1,1,
2.024E+11,155 756 597,B01,2,7,9,2,3,20,1,
2.024E+11,155 756 592,A01,3,7,0,1,4,20,2,
2.024E+11,155 756 593,A01,1,50,0,2,1,1,3,
2.024E+11,155 756 598,B01,3,7,0,2,5,1,1,
2.024E+11,155 756 594,A01,3,34,0,2,5,1,1,
2.024E+11,155 756 596,B01,3,7,0,2,2,1,1,
2.024E+11,155 756 591,A01,3,15,1,1,5,20,1,
2.024E+11,155 756 588,B01,2,7,0,2,4,2,1,
2.024E+11,155 756 590,A01,2,7,0,2,1,2,1,
2.024E+11,155 756 586,A01,2,7,0,9,3,16,2,
2.024E+11,155 756 589,B01,2,1,0,0,2,1,5,
2.024E+11,155 756 585,A01,1,7,0,2,2,5,1,
2.024E+11,155 756 587,B01,1,7,0,2,1,1,1,
2.024E+11,155 756 582,A01,3,10,0,2,1,1,3,
2.024E+11,155 756 584,B01,3,7,0,2,4,1,3,
2.024E+11,155 756 581,A01,2,7,1,0,2,26,1,
2.024E+11,155 756 579,A01,2,7,0,2,5,26,1,
2.024E+11,155 756 583,B01,2,7,0,2,1,26,1,
2.024E+11,155 756 578,A01,2,10,0,2,1,15,3,
2.024E+11,155 756 580,B01,1,1,0,2,7,1,5,
2.024E+11,155 756 573,A01,3,7,0,2,3,13,1,
2.024E+11,155 756 576,B01,3,1,0,2,2,19,5,
2.024E+11,155 756 571,B01,3,7,0,2,1,1,1,
2.024E+11,155 756 574,A01,3,7,0,2,0,0,0,
2.024E+11,155 756 569,C01,1,7,0,2,1,1,1,
2.024E+11,155 756 572,A01,1,2,0,2,1,1,1,
2.024E+11,155 756 575,B01,2,7,0,2,3,15,1,
2.024E+11,155 756 570,B01,2,7,9,2,3,1,1,
2.024E+11,155 756 577,A01,1,10,0,2,2,1,1,
2.024E+11,155 756 568,A01,1,7,12,0,2,2,1,
2.024E+11,155 756 566,A01,2,10,12,0,9,2,1,
2.024E+11,155 756 565,A01,0,10,1,0,1,1,1,
2.024E+11,155 756 564,A01,1,7,0,9,2,1,1,
2.024E+11,155 756 567,B01,2,50,0,2,1,0,3,
2.024E+11,155 756 562,Z01,2,7,0,2,2,17,1,
2.024E+11,155 756 563,B01,1,7,0,2,1,1,0,
2.024E+11,155 756 557,A01,3,33,0,0,0,1,1,
2.024E+11,155 756 560,A01,0,33,0,2,7,26,1,
2.024E+11,155 756 561,B01,0,7,0,2,6,0,1,
2.024E+11,155 756 558,A01,1,7,0,1,3,1,1,
2.024E+11,155 756 555,B01,1,32,0,2,8,1,1,
2.024E+11,155 756 559,A01,3,7,0,2,2,1,1,
2.024E+11,155 756 553,A01,1,99,8,2,1,21,1,
2.024E+11,155 756 551,B01,0,1,0,2,8,1,5,
2.024E+11,155 756 552,A01,1,7,0,9,7,15,1,
2.024E+11,155 756 549,A01,0,50,8,0,1,13,3,
2.024E+11,155 756 547,B01,0,7,0,2,4,15,1,
2.024E+11,155 756 550,A01,0,7,0,2,1,1,1,
2.024E+11,155 756 543,A01,3,7,0,1,1,1,1,
2.024E+11,155 756 545,A01,0,7,0,2,1,1,1,
2.024E+11,155 756 546,B01,0,7,0,2,4,1,1,
2.024E+11,155 756 548,C01,0,7,0,0,4,15,1,
2.024E+11,155 756 542,A01,1,7,0,2,2,15,1,
2.024E+11,155 756 544,B01,0,42,0,2,8,1,1,
2.024E+11,155 756 540,A01,1,7,-1,0,1,26,1,
2.024E+11,155 756 537,B01,3,7,0,2,1,1,1,
2.024E+11,155 756 541,A01,3,7,0,2,5,19,1,
2.024E+11,155 756 535,B01,1,7,0,2,2,13,1,
2.024E+11,155 756 538,A01,2,20,0,2,3,1,3,
2.024E+11,155 756 536,A01,2,7,0,2,4,2,1,
2.024E+11,155 756 539,B01,2,36,0,2,0,0,1,
2.024E+11,155 756 534,A01,1,7,0,1,2,15,0,
2.024E+11,155 756 532,B01,1,33,0,2,0,1,1,
2.024E+11,155 756 531,B01,2,7,0,2,1,26,1,
2.024E+11,155 756 533,A01,1,7,0,2,1,26,1,
2.024E+11,155 756 530,A01,1,7,0,1,7,16,1,
2.024E+11,155 756 528,A01,1,30,12,0,7,14,1,
2.024E+11,155 756 525,A01,1,7,0,2,1,1,1,
2.024E+11,155 756 529,B01,1,7,0,2,4,2,1,
2.024E+11,155 756 523,B01,3,7,0,2,1,2,1,
2.024E+11,155 756 526,A01,3,10,12,0,4,2,3,
2.024E+11,155 756 524,B01,2,2,0,2,7,15,1,
2.024E+11,155 756 527,A01,2,7,0,2,3,9,1,
2.024E+11,155 756 520,B01,1,33,0,2,4,1,1,
2.024E+11,155 756 522,A01,2,7,0,2,3,9,1,
2.024E+11,155 756 519,B01,0,32,0,2,1,1,1,
2.024E+11,155 756 521,A01,0,7,0,2,1,15,1,
2.024E+11,155 756 517,A01,0,7,0,1,1,18,1,
2.024E+11,155 756 513,B01,3,30,0,2,1,1,1,
2.024E+11,155 756 516,A01,3,7,0,2,8,15,1,
2.024E+11,155 756 512,B01,3,7,0,2,7,10,1,
2.024E+11,155 756 518,A01,3,32,0,2,1,26,1,
2.024E+11,155 756 511,A01,1,33,0,1,1,19,1,
2.024E+11,155 756 506,A01,3,7,0,2,1,13,1,
2.024E+11,155 756 509,B01,3,7,0,2,1,1,1,
2.024E+11,155 756 507,A01,1,7,0,2,2,16,1,
2.024E+11,155 756 510,B01,1,31,0,2,1,1,1,
2.024E+11,155 756 504,B01,0,32,0,1,1,2,1,
2.024E+11,155 756 508,A01,3,50,0,2,1,5,3,
2.024E+11,155 756 503,A01,2,7,0,2,1,1,1,
2.024E+11,155 756 505,B01,3,7,0,2,3,10,1,
2.024E+11,155 756 501,B01,1,38,0,2,4,2,1,1
2.024E+11,155 756 502,A01,1,7,0,2,1,2,1,
2.024E+11,155 756 500,A01,2,7,0,1,1,1,1,
2.024E+11,155 756 497,A01,2,7,0,2,3,9,1,
2.024E+11,155 756 499,B01,1,1,0,2,2,1,5,
2.024E+11,155 756 498,A01,2,33,0,1,2,1,1,
2.024E+11,155 756 495,A01,2,31,0,2,8,15,1,
2.024E+11,155 756 496,B01,2,7,0,2,7,1,1,
2.024E+11,155 756 493,B01,2,7,0,2,3,1,1,
2.024E+11,155 756 494,A01,1,7,0,2,3,13,1,
2.024E+11,155 756 492,A01,1,37,9,1,7,9,1,1
2.024E+11,155 756 488,B01,1,7,0,2,4,1,1,
2.024E+11,155 756 490,A01,1,7,0,2,1,1,1,
2.024E+11,155 756 487,B01,2,34,0,2,1,1,1,
2.024E+11,155 756 489,A01,3,7,0,2,7,12,1,
2.024E+11,155 756 485,B01,3,80,0,2,1,0,2,
2.024E+11,155 756 491,A01,3,7,0,2,1,9,1,
2.024E+11,155 756 486,A01,1,7,0,1,0,13,1,
2.024E+11,155 756 481,B01,1,33,0,2,2,20,0,
2.024E+11,155 756 483,A01,1,30,0,2,8,1,1,
2.024E+11,155 756 479,B01,2,50,0,2,1,1,3,
2.024E+11,155 756 482,A01,2,7,0,2,5,16,1,
2.024E+11,155 756 480,A01,1,33,0,2,8,18,1,
2.024E+11,155 756 484,B01,2,7,0,2,1,15,2,
2.024E+11,155 756 476,A01,2,50,0,0,0,14,3,
2.024E+11,155 756 477,B01,3,7,0,2,0,0,1,
2.024E+11,155 756 478,A01,3,10,0,2,0,0,1,
2.024E+11,155 756 474,B01,3,30,0,2,1,1,1,
2.024E+11,155 756 475,A01,3,7,0,2,1,9,1,
2.024E+11,155 756 472,A01,2,7,0,0,1,1,1,
2.024E+11,155 756 470,A01,3,7,0,1,5,1,1,
2.024E+11,155 756 471,B01,1,3,0,0,0,13,0,
2.024E+11,155 756 473,A01,1,37,1,2,0,1,1,5
2.024E+11,155 756 468,A01,3,7,0,2,0,1,1,
2.024E+11,155 756 469,B01,3,1,0,2,0,1,5,
2.024E+11,155 756 465,B01,1,80,0,2,1,1,3,
2.024E+11,155 756 467,A01,1,15,0,2,5,1,1,
2.024E+11,155 756 464,A01,1,7,0,2,3,19,2,
2.024E+11,155 756 466,B01,2,32,0,2,1,1,1,
2.024E+11,155 756 463,A01,3,50,15,1,1,1,3,
2.024E+11,155 756 459,A01,1,33,0,0,0,0,1,
2.024E+11,155 756 462,B01,2,0,0,2,3,18,0,
2.024E+11,155 756 458,A01,2,31,0,2,3,2,1,
2.024E+11,155 756 460,B01,1,7,0,2,3,13,2,
2.024E+11,155 756 456,B01,2,7,0,2,3,1,1,
2.024E+11,155 756 461,A01,1,7,0,2,0,0,1,
2.024E+11,155 756 455,A01,1,7,0,2,1,0,1,
2.024E+11,155 756 457,B01,1,7,0,2,2,26,1,
2.024E+11,155 756 454,A01,2,10,0,1,1,2,1,
2.024E+11,155 756 448,B01,3,50,0,2,1,1,3,
2.024E+11,155 756 452,A01,3,7,0,9,8,9,0,
2.024E+11,155 756 446,A01,1,7,0,2,8,1,1,
2.024E+11,155 756 450,B01,1,50,0,2,7,1,3,
2.024E+11,155 756 447,B01,2,15,0,2,3,1,1,
2.024E+11,155 756 451,C01,2,7,0,2,1,1,1,
2.024E+11,155 756 453,A01,1,7,0,2,1,1,1,
2.024E+11,155 756 444,C01,2,7,0,2,5,2,1,
2.024E+11,155 756 445,A01,2,14,0,2,2,2,1,
2.024E+11,155 756 449,B01,2,7,0,2,6,9,1,
2.024E+11,155 756 438,A01,3,33,0,2,3,1,1,
2.024E+11,155 756 442,B01,3,7,0,2,3,1,1,
2.024E+11,155 756 440,A01,3,7,0,2,1,2,2,
2.024E+11,155 756 443,B01,3,10,0,2,4,23,1,
2.024E+11,155 756 441,A01,1,33,8,0,1,0,1,
2.024E+11,155 756 437,A01,1,33,0,2,7,3,1,
2.024E+11,155 756 439,Z01,1,7,0,2,7,13,0,
2.024E+11,155 756 433,A01,1,30,0,0,2,1,1,
2.024E+11,155 756 434,A01,1,7,2,0,1,13,1,
2.024E+11,155 756 431,A01,1,3,0,2,6,26,1,
2.024E+11,155 756 436,B01,1,32,0,2,1,1,1,
2.024E+11,155 756 432,B01,1,32,0,2,7,1,1,
2.024E+11,155 756 435,A01,1,7,0,2,8,10,2,
2.024E+11,155 756 429,A01,1,7,0,1,7,1,2,
2.024E+11,155 756 428,A01,1,32,0,0,0,0,1,
2.024E+11,155 756 430,A01,1,7,13,0,1,1,1,
2.024E+11,155 756 426,A01,1,7,0,2,6,13,1,
2.024E+11,155 756 427,B01,2,7,0,2,3,1,1,
2.024E+11,155 756 423,B01,0,33,0,2,0,0,1,
2.024E+11,155 756 425,A01,2,7,0,2,2,15,2,
2.024E+11,155 756 422,A01,1,33,0,0,7,2,1,
2.024E+11,155 756 421,A01,2,7,0,2,3,19,1,
2.024E+11,155 756 424,B01,1,7,0,2,3,1,1,
2.024E+11,155 756 420,A01,1,7,0,1,2,1,1,
2.024E+11,155 756 416,A01,3,33,0,0,7,1,1,
2.024E+11,155 756 415,A01,2,7,1,2,1,13,1,
2.024E+11,155 756 417,C01,3,7,6,2,9,23,1,
2.024E+11,155 756 419,B01,1,7,0,2,1,1,1,
2.024E+11,155 756 412,A01,2,7,0,1,3,1,1,
2.024E+11,155 756 411,A01,0,7,0,2,0,0,1,
2.024E+11,155 756 414,B01,0,33,0,2,0,26,1,
2.024E+11,155 756 409,A01,2,50,0,2,1,13,3,
2.024E+11,155 756 410,B01,1,7,0,2,6,21,3,
2.024E+11,155 756 407,C01,2,15,0,0,3,1,1,
2.024E+11,155 756 408,A01,1,7,0,2,1,1,1,
2.024E+11,155 756 413,B01,1,7,0,0,6,1,1,
2.024E+11,155 756 406,A01,1,13,2,0,1,14,1,
2.024E+11,155 756 404,A01,1,7,0,2,1,5,1,
2.024E+11,155 756 405,B01,1,7,0,2,1,0,1,
2.024E+11,155 756 403,A01,3,7,0,1,3,19,2,
2.024E+11,155 756 402,A01,2,7,13,0,1,1,1,
2.024E+11,155 756 400,A01,1,7,6,0,1,1,1,
2.024E+11,155 756 399,A01,2,33,13,0,1,16,1,
2.024E+11,155 756 398,B01,1,30,0,2,1,1,1,
2.024E+11,155 756 401,A01,2,7,0,2,2,15,1,
2.024E+11,155 756 394,B01,1,60,0,2,2,19,5,
2.024E+11,155 756 396,A01,1,7,0,2,3,1,0,
2.024E+11,155 756 393,A01,2,7,0,2,3,1,1,
2.024E+11,155 756 395,C01,1,33,0,2,7,1,1,
2.024E+11,155 756 397,B01,2,7,0,2,8,1,1,
2.024E+11,155 756 389,A01,3,7,0,2,1,1,1,
2.024E+11,155 756 391,B01,1,1,0,2,7,15,5,
2.024E+11,155 756 390,B01,2,7,0,2,1,1,1,
2.024E+11,155 756 392,A01,1,7,8,0,5,19,1,
2.024E+11,155 756 385,A01,0,7,0,0,4,23,1,
2.024E+11,155 756 387,B01,0,7,0,2,1,1,1,
2.024E+11,155 756 383,B01,1,38,0,0,0,0,1,1
2.024E+11,155 756 384,A01,1,30,0,2,1,26,3,
2.024E+11,155 756 381,A01,2,7,4,0,3,17,1,
2.024E+11,155 756 380,A01,1,7,0,1,1,1,1,
2.024E+11,155 756 378,A01,1,7,0,2,1,2,1,
2.024E+11,155 756 382,B01,1,13,0,0,6,2,1,
2.024E+11,155 756 377,B01,3,7,0,2,2,1,1,
2.024E+11,155 756 379,A01,3,7,0,2,6,4,1,
2.024E+11,155 756 376,A01,1,7,0,1,1,1,1,
2.024E+11,155 756 374,B01,1,7,0,2,6,20,1,
2.024E+11,155 756 375,A01,1,33,0,2,1,1,1,
2.024E+11,155 756 373,A01,1,33,13,0,1,1,1,
2.024E+11,155 756 371,A01,2,7,13,0,1,1,1,
2.024E+11,155 756 370,A01,0,1,0,2,1,2,5,
2.024E+11,155 756 369,A01,3,7,0,2,2,15,1,
2.024E+11,155 756 372,B01,2,16,0,2,3,1,1,
2.024E+11,155 756 368,A01,2,7,0,0,9,2,1,
2.024E+11,155 756 367,A01,2,1,0,0,0,1,5,
2.024E+11,155 756 365,A01,0,33,0,2,1,13,1,
2.024E+11,155 756 366,B01,2,7,0,2,6,2,1,
2.024E+11,155 756 364,A01,3,37,0,1,3,1,1,1
2.024E+11,155 756 362,B01,3,7,0,2,1,1,0,
2.024E+11,155 756 363,A01,3,7,0,0,2,13,1,
2.024E+11,155 756 360,A01,1,7,0,1,1,1,1,
2.024E+11,155 756 359,A01,2,50,0,1,1,1,3,
2.024E+11,155 756 357,A01,2,14,0,2,1,2,1,
2.024E+11,155 756 358,B01,2,7,0,2,4,2,1,
2.024E+11,155 756 361,C01,2,14,0,2,4,2,1,
2.024E+11,155 756 353,A01,1,7,0,2,1,2,1,
2.024E+11,155 756 355,B01,1,7,0,2,4,23,1,
2.024E+11,155 756 352,A01,1,2,13,2,1,17,1,
2.024E+11,155 756 356,B01,2,7,0,2,2,16,1,
2.024E+11,155 756 351,B01,2,99,0,2,8,26,6,
2.024E+11,155 756 354,A01,2,7,0,5,2,17,1,
2.024E+11,155 756 350,A01,2,33,0,0,0,1,1,
2.024E+11,155 756 348,A01,2,7,0,2,7,15,1,
2.024E+11,155 756 349,B01,1,30,0,2,2,1,1,
2.024E+11,155 756 347,A01,0,7,0,1,0,0,1,
2.024E+11,155 756 343,B01,2,1,0,2,3,1,5,
2.024E+11,155 756 346,A01,2,7,0,2,2,17,2,
2.024E+11,155 756 342,B01,1,7,0,2,1,13,1,
2.024E+11,155 756 344,A01,2,10,0,2,1,1,1,
2.024E+11,155 756 341,A01,3,7,0,2,2,9,1,
2.024E+11,155 756 345,B01,3,80,0,2,7,1,3,
2.024E+11,155 756 340,A01,2,7,0,1,1,1,1,
2.024E+11,155 756 339,A01,2,7,2,0,3,13,1,
2.024E+11,155 756 338,A01,3,37,0,1,2,1,1,1
2.024E+11,155 756 337,A01,1,7,16,9,1,1,1,
2.024E+11,155 756 334,B01,3,99,0,9,0,0,5,
2.024E+11,155 756 336,A01,3,1,0,9,8,21,5,
2.024E+11,155 756 333,A01,2,7,0,2,1,1,1,
2.024E+11,155 756 335,B01,2,7,0,2,2,19,1,
2.024E+11,155 756 330,B01,0,10,0,2,8,0,1,
2.024E+11,155 756 332,A01,0,7,0,2,1,0,1,
2.024E+11,155 756 328,A01,1,7,13,0,3,1,1,
2.024E+11,155 756 331,A01,3,7,2,0,8,16,1,
2.024E+11,155 756 327,B01,2,7,0,2,4,23,1,
2.024E+11,155 756 329,A01,2,10,14,2,1,1,1,
2.024E+11,155 756 323,A01,1,2,0,2,3,0,1,
2.024E+11,155 756 326,B01,1,7,0,2,3,0,2,
2.024E+11,155 756 321,A01,3,7,0,2,6,9,1,
2.024E+11,155 756 325,B01,2,7,0,2,2,21,1,
2.024E+11,155 756 320,A01,3,7,0,2,3,1,1,
2.024E+11,155 756 322,T01,3,7,0,0,0,0,1,
2.024E+11,155 756 324,B01,3,33,0,2,5,16,1,
2.024E+11,155 756 318,B01,1,14,0,2,3,1,1,
2.024E+11,155 756 319,A01,2,7,0,2,1,11,1,
2.024E+11,155 756 315,B01,1,7,0,2,1,1,3,
2.024E+11,155 756 317,A01,2,7,15,2,1,13,1,
2.024E+11,155 756 314,A01,1,33,0,2,1,21,1,
2.024E+11,155 756 316,B01,3,7,0,2,3,15,1,
2.024E+11,155 756 312,A01,1,2,1,0,1,1,1,
2.024E+11,155 756 309,A01,2,7,3,2,1,2,1,
2.024E+11,155 756 311,B01,2,7,0,0,4,2,1,
2.024E+11,155 756 313,C01,2,7,0,2,4,2,1,
2.024E+11,155 756 306,A01,2,7,8,0,1,1,1,
2.024E+11,155 756 305,A01,3,7,0,2,3,15,1,
2.024E+11,155 756 308,B01,1,7,0,2,2,21,1,
2.024E+11,155 756 307,A01,1,30,0,2,1,1,3,
2.024E+11,155 756 310,B01,2,7,0,2,8,15,1,
2.024E+11,155 756 304,A01,2,33,14,0,1,1,1,
2.024E+11,155 756 302,B01,2,80,0,2,8,10,3,
2.024E+11,155 756 303,A01,2,7,0,2,2,17,1,
2.024E+11,155 756 299,B01,2,7,0,2,0,1,1,
2.024E+11,155 756 301,A01,1,30,0,2,5,1,1,
2.024E+11,155 756 298,A01,1,7,16,0,0,1,1,
2.024E+11,155 756 295,A01,1,14,8,2,3,5,1,
2.024E+11,155 756 296,B01,2,7,0,2,8,1,1,
2.024E+11,155 756 294,B01,1,7,0,2,1,1,1,
2.024E+11,155 756 297,A01,1,7,0,2,3,15,2,
2.024E+11,155 756 291,B01,1,33,13,0,0,21,1,
2.024E+11,155 756 292,A01,1,7,0,2,3,13,1,
2.024E+11,155 756 293,B01,2,10,0,2,3,1,1,
2.024E+11,155 756 289,A01,3,7,0,2,1,9,1,
2.024E+11,155 756 290,B01,2,1,0,2,2,1,5,
2.024E+11,155 756 286,A01,2,7,0,2,8,9,1,
2.024E+11,155 756 288,B01,1,1,0,2,1,1,5,
2.024E+11,155 756 285,A01,1,7,0,2,2,13,1,
2.024E+11,155 756 287,B01,2,7,0,2,2,21,2,
2.024E+11,155 756 283,A01,3,1,0,2,1,1,5,
2.024E+11,155 756 284,B01,3,7,0,2,3,16,1,
2.024E+11,155 756 282,A01,1,7,13,0,0,1,1,
2.024E+11,155 756 281,A01,3,7,2,0,1,14,1,
2.024E+11,155 756 280,A01,1,7,0,1,1,1,1,
2.024E+11,155 756 278,A01,3,50,0,1,1,1,3,
2.024E+11,155 756 277,A01,1,7,0,2,2,15,1,
2.024E+11,155 756 279,B01,2,34,0,2,1,1,1,
2.024E+11,155 756 274,A01,3,0,0,2,3,13,0,
2.024E+11,155 756 275,B01,3,1,0,0,8,1,5,
2.024E+11,155 756 276,A01,1,7,0,1,1,1,1,
2.024E+11,155 756 273,A01,2,7,2,0,1,0,1,
2.024E+11,155 756 272,A01,1,33,0,0,1,1,1,
2.024E+11,155 756 270,A01,1,7,0,0,0,0,1,
2.024E+11,155 756 268,A01,3,7,0,2,3,26,1,
2.024E+11,155 756 271,B01,3,2,0,2,2,0,1,
2.024E+11,155 756 267,A01,2,7,0,9,2,11,1,
2.024E+11,155 756 269,B01,1,1,0,2,1,1,5,
2.024E+11,155 756 265,B01,1,7,0,2,6,9,1,
2.024E+11,155 756 266,A01,1,7,0,2,1,1,1,
2.024E+11,155 756 264,A01,2,7,0,1,1,15,1,
2.024E+11,155 756 263,A01,2,7,2,0,1,2,1,
2.024E+11,155 756 262,A01,3,7,0,1,1,26,1,
2.024E+11,155 756 260,A01,1,7,17,0,1,14,1,
2.024E+11,155 756 259,A01,2,2,0,2,1,17,1,
2.024E+11,155 756 261,B01,1,7,0,2,2,9,1,
2.024E+11,155 756 252,A01,2,1,0,9,3,1,5,
2.024E+11,155 756 255,B01,2,1,0,0,2,1,5,
2.024E+11,155 756 257,C01,1,1,0,0,0,1,5,
2.024E+11,155 756 258,D01,2,1,0,9,0,1,5,
2.024E+11,155 756 251,A01,3,7,0,2,1,2,1,
2.024E+11,155 756 254,B01,3,7,0,2,4,23,1,
2.024E+11,155 756 250,A01,2,7,0,2,3,17,1,
2.024E+11,155 756 253,B01,1,7,0,2,3,1,2,
2.024E+11,155 756 256,C01,1,10,0,2,8,1,1,
2.024E+11,155 756 249,A01,2,33,0,0,0,1,1,
2.024E+11,155 756 248,A01,1,10,14,0,1,1,1,
2.024E+11,155 756 243,A01,1,7,0,2,3,0,1,
2.024E+11,155 756 246,B01,2,17,0,0,3,0,1,
2.024E+11,155 756 247,A01,2,7,12,0,2,1,1,
2.024E+11,155 756 241,A01,2,2,0,6,1,0,1,
2.024E+11,155 756 240,A01,0,7,0,0,7,1,1,
2.024E+11,155 756 237,A01,1,33,0,6,8,21,1,
2.024E+11,155 756 238,A01,3,7,0,2,2,20,1,
2.024E+11,155 756 239,B01,3,1,0,2,1,1,5,
2.024E+11,155 756 236,A01,1,14,5,0,7,14,1,
2.024E+11,155 756 232,A01,1,7,0,2,1,1,1,
2.024E+11,155 756 234,B01,1,7,0,0,6,3,1,
2.024E+11,155 756 230,A01,1,7,0,2,1,17,1,
2.024E+11,155 756 233,B01,2,7,0,2,1,1,1,
2.024E+11,155 756 231,A01,2,30,0,2,1,1,1,
2.024E+11,155 756 235,B01,2,10,0,2,5,23,1,
2.024E+11,155 756 226,B01,2,7,0,2,3,1,1,
2.024E+11,155 756 229,A01,2,15,0,2,3,11,1,
2.024E+11,155 756 224,A01,3,7,0,2,3,1,1,
2.024E+11,155 756 228,B01,3,7,0,2,2,1,1,
2.024E+11,155 756 222,A01,1,7,0,2,1,13,1,
2.024E+11,155 756 223,B01,2,10,0,2,1,1,1,
2.024E+11,155 756 225,C01,1,7,2,0,1,21,1,
2.024E+11,155 756 227,D01,2,7,0,2,1,1,1,
2.024E+11,155 756 220,B01,1,7,0,0,5,3,1,
2.024E+11,155 756 221,A01,1,7,4,2,0,0,1,
2.024E+11,155 756 217,A01,3,1,0,2,3,15,5,
2.024E+11,155 756 218,B01,3,7,0,2,2,17,1,
2.024E+11,155 756 216,A01,3,10,14,2,2,1,1,
2.024E+11,155 756 219,B01,3,7,0,2,3,1,1,
2.024E+11,155 756 215,A01,3,7,-1,-1,-1,-1,1,
2.024E+11,155 756 213,A01,0,7,0,2,7,9,1,
2.024E+11,155 756 214,B01,0,33,0,2,1,7,1,
2.024E+11,155 756 208,A01,2,7,0,2,1,1,1,
2.024E+11,155 756 210,B01,2,7,0,2,4,1,1,
2.024E+11,155 756 212,C01,2,7,0,0,4,1,1,
2.024E+11,155 756 209,B01,2,7,0,2,1,1,1,
2.024E+11,155 756 211,A01,1,7,0,2,1,21,1,
2.024E+11,155 756 206,B01,2,7,0,2,3,1,1,
2.024E+11,155 756 207,A01,2,80,0,2,3,1,3,
2.024E+11,155 756 204,A01,1,7,2,0,1,19,1,
2.024E+11,155 756 203,B01,2,7,4,0,6,2,1,
2.024E+11,155 756 205,A01,2,7,0,2,2,11,1,
2.024E+11,155 756 199,A01,1,7,0,2,3,13,1,
2.024E+11,155 756 201,B01,2,7,0,2,3,1,1,
2.024E+11,155 756 196,A01,1,7,0,0,1,2,1,
2.024E+11,155 756 198,B01,1,7,0,0,4,2,1,
2.024E+11,155 756 195,D01,3,32,0,0,0,23,1,
2.024E+11,155 756 197,A01,0,7,0,2,1,1,1,
2.024E+11,155 756 200,B01,3,7,0,0,4,23,1,
2.024E+11,155 756 202,C01,3,7,0,2,4,23,1,
2.024E+11,155 756 194,A01,1,7,3,0,1,14,1,
2.024E+11,155 756 193,A01,3,10,0,1,2,1,1,
2.024E+11,155 756 192,A01,1,7,0,1,1,16,2,
2.024E+11,155 756 191,A01,1,7,8,0,2,1,1,
2.024E+11,155 756 189,B01,1,7,0,0,4,0,1,
2.024E+11,155 756 190,A01,1,7,0,2,1,0,1,
2.024E+11,155 756 186,B01,3,7,0,9,1,1,1,
2.024E+11,155 756 188,A01,3,1,0,2,8,19,5,
2.024E+11,155 756 185,A01,3,7,0,2,3,1,1,
2.024E+11,155 756 187,B01,3,7,0,2,8,15,1,
2.024E+11,155 756 182,A01,2,32,0,2,3,1,1,
2.024E+11,155 756 183,B01,1,32,0,2,3,1,1,
2.024E+11,155 756 178,A01,1,7,0,0,4,1,1,
2.024E+11,155 756 180,B01,1,7,0,2,1,1,1,
2.024E+11,155 756 184,C01,1,7,0,2,3,1,1,
2.024E+11,155 756 177,A01,1,7,0,2,1,1,1,
2.024E+11,155 756 181,B01,1,1,0,2,4,1,5,
2.024E+11,155 756 176,A01,1,7,0,2,1,9,1,
2.024E+11,155 756 179,B01,1,33,7,0,8,1,1,
2.024E+11,155 756 175,A01,2,7,13,0,1,1,1,
2.024E+11,155 756 174,A01,2,7,13,0,0,0,1,
2.024E+11,155 756 173,A01,1,7,0,1,2,2,1,
2.024E+11,155 756 171,B01,2,38,0,2,1,1,1,1
2.024E+11,155 756 172,A01,1,33,0,2,1,0,1,