Num_Acc,id_vehicule,num_veh,senc,catv,obs,obsm,choc,manv,motor,occutc
2.024E+11,155 756 169,A01,1,10,0,2,1,11,1,
2.024E+11,155 756 170,B01,2,7,0,2,1,1,2,
2.024E+11,155 756 166,A01,2,7,0,2,7,12,1,
2.024E+11,155 756 168,B01,2,33,0,2,3,3,1,
2.024E+11,155 756 164,B01,3,7,0,2,3,1,1,
2.024E+11,155 756 167,A01,3,32,0,2,1,13,1,
2.024E+11,155 756 165,A01,1,2,0,0,0,13,1,
2.024E+11,155 756 162,B01,1,7,0,2,1,1,2,
2.024E+11,155 756 160,A01,2,7,0,2,2,21,1,
2.024E+11,155 756 161,B01,2,2,0,2,4,15,1,
2.024E+11,155 756 163,A01,2,7,4,0,3,13,1,
2.024E+11,155 756 157,A01,3,7,0,2,1,16,1,
2.024E+11,155 756 159,B01,0,7,0,2,3,0,1,
2.024E+11,155 756 154,A01,1,7,0,2,1,1,1,
2.024E+11,155 756 155,B01,2,7,0,2,1,1,1,
2.024E+11,155 756 158,C01,2,7,0,2,1,1,1,
2.024E+11,155 756 152,A01,1,7,0,2,3,1,1,
2.024E+11,155 756 153,B01,2,3,0,2,2,1,1,
2.024E+11,155 756 151,B01,1,7,0,2,5,1,1,
2.024E+11,155 756 156,A01,1,7,0,2,3,12,2,
2.024E+11,155 756 148,A01,1,37,0,1,3,1,3,2
2.024E+11,155 756 146,A01,2,10,0,2,3,1,1,
2.024E+11,155 756 149,B01,1,3,0,2,1,13,1,
2.024E+11,155 756 147,B01,2,1,0,2,1,1,5,
2.024E+11,155 756 150,A01,2,3,0,2,2,15,1,
2.024E+11,155 756 145,A01,1,80,0,0,0,1,3,
2.024E+11,155 756 144,A01,2,7,0,1,2,1,2,
2.024E+11,155 756 143,A01,2,7,0,1,3,5,1,
2.024E+11,155 756 140,A01,1,7,0,0,7,1,1,
2.024E+11,155 756 142,B01,1,31,0,2,1,1,1,
2.024E+11,155 756 139,A01,0,7,0,1,7,26,1,
2.024E+11,155 756 138,B01,1,7,14,0,4,23,3,
2.024E+11,155 756 141,A01,1,14,14,2,1,1,1,
2.024E+11,155 756 134,A01,1,33,0,2,8,3,1,
2.024E+11,155 756 137,Z01,1,7,0,2,7,12,1,
2.024E+11,155 756 132,B01,1,7,0,2,1,15,1,
2.024E+11,155 756 135,A01,2,33,1,0,8,1,1,
2.024E+11,155 756 136,C01,1,7,0,2,3,23,1,
2.024E+11,155 756 130,B01,1,1,0,2,1,1,5,
2.024E+11,155 756 131,Z01,2,1,0,2,1,17,5,
2.024E+11,155 756 133,A01,2,1,0,2,4,1,5,
2.024E+11,155 756 128,A01,1,7,0,2,1,2,1,
2.024E+11,155 756 129,B01,1,7,0,2,1,2,1,
2.024E+11,155 756 126,Z01,0,30,0,2,2,17,0,
2.024E+11,155 756 123,A01,1,7,0,2,4,2,1,
2.024E+11,155 756 125,B01,1,7,0,2,7,14,1,
2.024E+11,155 756 122,A01,1,7,0,2,2,1,1,
2.024E+11,155 756 124,B01,1,1,0,2,4,2,5,
2.024E+11,155 756 120,A01,1,10,4,0,8,1,1,
2.024E+11,155 756 121,A01,2,50,0,1,1,5,3,
2.024E+11,155 756 118,B01,2,2,3,0,1,1,1,
2.024E+11,155 756 119,A01,1,7,0,0,3,1,1,
2.024E+11,155 756 117,A01,2,3,4,0,1,1,3,
2.024E+11,155 756 115,A01,1,7,0,2,8,10,1,
2.024E+11,155 756 116,B01,1,33,0,2,1,1,1,
2.024E+11,155 756 114,A01,2,33,4,0,1,0,1,
2.024E+11,155 756 113,A01,1,7,0,1,1,1,1,
2.024E+11,155 756 112,Z01,2,10,0,1,2,1,0,
2.024E+11,155 756 109,A01,2,7,0,2,9,1,1,
2.024E+11,155 756 111,B01,2,7,0,2,7,18,-1,
2.024E+11,155 756 108,B01,0,7,0,2,1,5,1,
2.024E+11,155 756 110,A01,0,7,0,2,1,1,1,
2.024E+11,155 756 107,A01,2,7,0,1,1,1,2,
2.024E+11,155 756 102,A01,2,7,0,2,1,1,1,
2.024E+11,155 756 104,B01,2,7,0,2,5,1,1,
2.024E+11,155 756 106,C01,2,7,0,2,1,1,1,
2.024E+11,155 756 101,A01,3,1,0,2,2,12,5,
2.024E+11,155 756 103,B01,1,50,0,2,1,1,3,
2.024E+11,155 756 099,A01,1,7,4,0,3,21,1,
2.024E+11,155 756 098,A01,2,7,0,2,1,2,1,
2.024E+11,155 756 100,B01,2,7,0,2,4,2,2,
2.024E+11,155 756 095,A01,1,43,0,2,8,13,1,
2.024E+11,155 756 097,B01,1,7,0,2,7,1,1,
2.024E+11,155 756 096,A01,2,10,0,1,1,1,1,
2.024E+11,155 756 092,C01,1,7,0,2,4,2,0,
2.024E+11,155 756 093,A01,1,7,0,2,1,2,1,
2.024E+11,155 756 094,B01,1,7,0,2,4,2,1,
2.024E+11,155 756 089,A01,1,10,0,2,1,2,1,
2.024E+11,155 756 091,B01,1,7,0,2,4,2,1,
2.024E+11,155 756 087,B01,2,7,0,2,4,23,3,
2.024E+11,155 756 090,A01,2,7,0,2,1,1,0,
2.024E+11,155 756 086,A01,1,7,0,2,1,5,1,
2.024E+11,155 756 088,B01,1,7,0,2,1,1,1,
2.024E+11,155 756 085,A01,3,2,16,0,1,0,1,
2.024E+11,155 756 084,A01,1,7,13,0,1,1,1,
2.024E+11,155 756 083,A01,2,40,0,1,3,1,3,
2.024E+11,155 756 081,A01,3,2,0,2,2,3,1,
2.024E+11,155 756 082,B01,3,7,0,2,3,2,1,
2.024E+11,155 756 079,A01,2,7,0,2,1,21,1,
2.024E+11,155 756 080,B01,2,7,0,2,5,23,1,
2.024E+11,155 756 078,A01,3,33,13,0,1,16,1,
2.024E+11,155 756 076,A01,2,7,0,2,5,15,1,
2.024E+11,155 756 077,B01,2,33,0,2,1,1,1,
2.024E+11,155 756 075,A01,1,1,0,0,1,1,5,
2.024E+11,155 756 074,A01,2,7,4,0,1,12,1,
2.024E+11,155 756 073,Z01,1,37,0,1,7,1,1,1
2.024E+11,155 756 070,A01,1,7,0,2,1,2,1,
2.024E+11,155 756 071,B01,1,7,0,2,4,2,1,
2.024E+11,155 756 072,C01,1,7,0,2,4,2,1,
2.024E+11,155 756 068,A01,1,7,0,1,1,14,1,
2.024E+11,155 756 065,A01,3,10,16,0,2,15,2,
2.024E+11,155 756 066,B01,3,33,0,2,1,1,1,
2.024E+11,155 756 064,A01,1,7,0,2,3,1,1,
2.024E+11,155 756 067,B01,1,7,0,2,5,1,1,
2.024E+11,155 756 069,C01,2,7,0,2,3,1,1,
2.024E+11,155 756 062,A01,2,33,13,0,1,1,1,
2.024E+11,155 756 063,A01,3,7,0,1,0,19,0,
2.024E+11,155 756 060,A01,1,31,0,2,7,1,1,
2.024E+11,155 756 061,B01,1,7,0,2,1,15,1,
2.024E+11,155 756 057,B01,1,1,0,2,8,9,5,
2.024E+11,155 756 059,A01,2,30,0,2,1,26,1,
2.024E+11,155 756 055,A01,1,7,6,0,1,1,1,
2.024E+11,155 756 054,A01,1,7,0,2,6,17,1,
2.024E+11,155 756 056,B01,2,43,0,2,1,1,1,
2.024E+11,155 756 058,C01,1,37,0,2,3,23,2,1
2.024E+11,155 756 051,A01,1,30,0,2,1,1,1,
2.024E+11,155 756 053,B01,1,7,0,2,7,19,1,
2.024E+11,155 756 050,B01,1,32,0,2,1,1,1,
2.024E+11,155 756 052,A01,1,7,0,2,7,1,1,
2.024E+11,155 756 049,A01,1,1,14,0,0,0,5,
2.024E+11,155 756 047,A01,1,7,2,1,1,15,1,
2.024E+11,155 756 046,A01,2,7,0,2,6,9,1,
2.024E+11,155 756 048,B01,1,10,0,2,1,1,1,
2.024E+11,155 756 043,B01,2,7,0,0,3,15,1,
2.024E+11,155 756 045,A01,1,1,0,2,1,1,5,
2.024E+11,155 756 042,Z01,1,7,12,2,3,5,1,
2.024E+11,155 756 044,A01,1,34,0,2,3,1,1,
2.024E+11,155 756 041,A01,1,7,12,0,1,1,1,
2.024E+11,155 756 038,A01,2,7,0,2,1,1,1,
2.024E+11,155 756 040,B01,2,10,0,2,4,2,1,
2.024E+11,155 756 037,A01,3,7,0,2,2,9,1,
2.024E+11,155 756 039,B01,3,7,0,2,7,1,1,
2.024E+11,155 756 035,A01,3,7,0,2,8,2,1,
2.024E+11,155 756 036,B01,0,7,0,2,1,11,1,
2.024E+11,155 756 034,A01,1,7,8,1,1,26,1,
2.024E+11,155 756 032,A01,1,50,0,2,1,1,3,
2.024E+11,155 756 033,B01,1,7,0,2,1,1,1,
2.024E+11,155 756 031,A01,1,10,0,1,2,5,0,
2.024E+11,155 756 028,A01,3,7,1,0,8,1,1,
2.024E+11,155 756 027,A01,2,7,0,1,2,26,1,
2.024E+11,155 756 026,A01,2,80,0,1,1,1,3,
2.024E+11,155 756 025,A01,1,0,0,1,1,1,0,
2.024E+11,155 756 023,A01,2,7,0,1,6,20,1,
2.024E+11,155 756 022,B01,2,32,0,2,1,0,1,
2.024E+11,155 756 024,A01,2,7,0,2,2,15,1,
2.024E+11,155 756 020,A01,1,10,0,2,2,1,3,
2.024E+11,155 756 021,B01,2,50,0,2,7,19,3,
2.024E+11,155 756 019,A01,2,7,1,0,2,1,3,
2.024E+11,155 756 018,A01,2,33,14,0,1,0,1,
2.024E+11,155 756 015,B01,1,17,0,2,1,1,1,
2.024E+11,155 756 016,A01,1,7,0,2,8,1,1,
2.024E+11,155 756 014,A01,1,7,0,2,7,1,1,
2.024E+11,155 756 017,B01,1,7,0,2,1,2,1,
2.024E+11,155 756 013,A01,1,1,0,0,9,1,5,
2.024E+11,155 756 012,A01,3,7,13,0,1,14,1,
2.024E+11,155 756 011,A01,2,30,1,5,1,21,1,
2.024E+11,155 756 010,A01,3,7,0,1,2,2,1,
2.024E+11,155 756 008,A01,1,14,0,2,1,1,1,
2.024E+11,155 756 009,B01,2,7,0,2,1,5,1,
2.024E+11,155 756 006,B01,1,80,0,2,1,19,3,
2.024E+11,155 756 007,A01,1,7,0,2,1,16,1,
2.024E+11,155 756 004,A01,3,13,0,2,3,15,1,
2.024E+11,155 756 005,B01,3,7,0,2,7,1,1,
2.024E+11,155 756 002,B01,3,7,0,2,7,1,1,
2.024E+11,155 756 003,A01,1,50,0,2,1,2,3,
2.024E+11,155 756 001,A01,3,7,9,0,1,1,1,
2.024E+11,155 755 999,A01,1,7,0,2,1,1,1,
2.024E+11,155 756 000,B01,1,1,0,2,0,19,5,
2.024E+11,155 755 998,A01,2,7,2,0,2,1,1,
2.024E+11,155 755 997,A01,2,7,0,1,3,1,1,
2.024E+11,155 755 993,C01,2,7,0,0,6,1,3,
2.024E+11,155 755 994,A01,2,7,0,2,2,1,1,
2.024E+11,155 755 995,B01,2,7,0,0,8,11,1,
2.024E+11,155 755 992,A01,3,40,0,1,5,1,0,
2.024E+11,155 755 990,A01,1,10,0,2,8,22,1,
2.024E+11,155 755 991,B01,1,1,1,0,1,1,5,
2.024E+11,155 755 988,A01,3,7,0,2,2,18,1,
2.024E+11,155 755 989,B01,3,31,0,2,3,0,1,
2.024E+11,155 755 986,A01,1,32,0,2,1,17,1,
2.024E+11,155 755 987,B01,2,7,0,2,3,1,1,
2.024E+11,155 755 984,Z01,2,7,0,2,1,0,0,
2.024E+11,155 755 985,A01,2,34,0,2,4,12,1,
2.024E+11,155 755 982,A01,1,32,0,2,0,1,1,
2.024E+11,155 755 983,B01,1,1,0,2,0,15,5,
2.024E+11,155 755 979,C01,1,7,9,2,4,24,2,
2.024E+11,155 755 980,A01,1,7,0,2,1,13,1,
2.024E+11,155 755 981,B01,1,7,1,2,6,1,1,
2.024E+11,155 755 978,A01,2,33,14,0,1,1,1,
2.024E+11,155 755 974,D01,1,7,0,2,4,2,1,
2.024E+11,155 755 975,C01,1,10,0,2,2,23,1,
2.024E+11,155 755 976,A01,1,7,0,2,1,1,1,
2.024E+11,155 755 977,B01,1,7,0,2,4,2,1,
2.024E+11,155 755 973,A01,2,7,12,0,1,15,1,
2.024E+11,155 755 972,A01,1,50,11,0,0,0,3,
2.024E+11,155 755 970,B01,1,80,0,2,7,1,3,
2.024E+11,155 755 971,A01,2,3,0,2,1,1,1,
2.024E+11,155 755 968,B01,3,7,0,2,1,21,1,
2.024E+11,155 755 969,A01,3,7,0,2,1,15,1,
2.024E+11,155 755 966,A01,1,7,0,2,3,15,1,
2.024E+11,155 755 967,B01,1,7,0,2,2,15,1,
2.024E+11,155 755 965,A01,3,7,2,0,9,1,1,
2.024E+11,155 755 963,A01,2,7,0,2,1,1,1,
2.024E+11,155 755 964,B01,2,7,0,2,4,1,1,
2.024E+11,155 755 961,A01,1,10,0,2,3,13,1,
2.024E+11,155 755 962,B01,2,7,0,2,3,1,1,
2.024E+11,155 755 960,A01,1,7,12,0,2,14,1,
2.024E+11,155 755 959,A01,2,10,0,1,1,1,1,
2.024E+11,155 755 958,A01,1,7,12,1,2,1,1,
2.024E+11,155 755 956,Z01,1,7,0,2,5,12,0,
2.024E+11,155 755 957,A01,1,33,0,2,3,1,1,
2.024E+11,155 755 954,B01,1,33,0,2,8,1,1,
2.024E+11,155 755 955,A01,1,7,0,2,7,12,1,
2.024E+11,155 755 953,B01,1,32,0,1,1,19,3,
2.024E+11,155 755 951,A01,1,7,0,9,1,26,1,
2.024E+11,155 755 952,B01,0,50,0,2,1,19,3,
2.024E+11,155 755 949,B01,3,1,0,2,8,1,5,
2.024E+11,155 755 950,A01,3,37,0,2,7,1,2,1
2.024E+11,155 755 948,Z01,1,7,0,1,2,1,1,
2.024E+11,155 755 946,A01,1,7,0,2,3,13,1,
2.024E+11,155 755 947,B01,1,7,0,2,7,1,2,
2.024E+11,155 755 944,B01,0,34,0,2,3,1,1,
2.024E+11,155 755 945,A01,0,10,0,2,2,26,1,
2.024E+11,155 755 943,A01,1,50,12,0,1,13,3,
2.024E+11,155 755 941,A01,1,7,0,2,1,23,0,
2.024E+11,155 755 942,B01,2,50,0,2,7,2,3,
2.024E+11,155 755 938,A01,3,7,4,2,3,17,1,
2.024E+11,155 755 939,B01,3,7,0,2,2,1,1,
2.024E+11,155 755 940,C01,3,7,0,2,6,1,2,
2.024E+11,155 755 936,A01,2,7,0,2,0,0,0,
2.024E+11,155 755 937,B01,2,1,0,2,0,0,5,
2.024E+11,155 755 932,C01,0,7,0,2,2,0,1,
2.024E+11,155 755 933,D01,0,7,0,2,3,0,1,
2.024E+11,155 755 934,B01,0,33,0,2,6,9,1,
2.024E+11,155 755 935,A01,0,33,0,2,1,1,1,
2.024E+11,155 755 930,B01,0,37,0,2,4,0,1,1
2.024E+11,155 755 931,A01,0,7,0,2,1,1,1,
2.024E+11,155 755 928,B01,1,7,0,2,6,15,2,
2.024E+11,155 755 929,A01,2,7,0,2,3,2,1,
2.024E+11,155 755 927,A01,2,7,0,1,1,1,1,
2.024E+11,155 755 925,B01,2,50,0,2,1,5,3,
2.024E+11,155 755 926,A01,1,10,0,9,7,2,0,
2.024E+11,155 755 924,A01,1,7,0,1,1,1,1,
2.024E+11,155 755 922,A01,3,7,0,2,2,16,0,
2.024E+11,155 755 923,B01,3,1,0,2,3,1,5,
2.024E+11,155 755 921,A01,1,30,0,0,0,2,1,
2.024E+11,155 755 920,A01,3,7,0,2,7,1,2,
2.024E+11,155 755 918,A01,3,7,0,2,0,26,0,
2.024E+11,155 755 919,B01,3,1,0,2,0,0,5,
2.024E+11,155 755 916,A01,2,7,0,2,1,1,1,
2.024E+11,155 755 917,B01,2,30,0,2,7,9,1,
2.024E+11,155 755 915,A01,2,33,0,0,1,0,1,
2.024E+11,155 755 913,A01,2,7,0,2,2,13,1,
2.024E+11,155 755 914,B01,1,17,0,2,2,21,1,
2.024E+11,155 755 911,B01,2,7,0,2,2,1,1,
2.024E+11,155 755 912,A01,1,7,16,2,3,9,1,
2.024E+11,155 755 909,A01,3,7,0,2,6,15,1,
2.024E+11,155 755 910,B01,3,33,0,2,2,1,1,
2.024E+11,155 755 907,A01,1,30,9,0,1,14,1,
2.024E+11,155 755 903,B01,1,80,0,2,3,0,3,
2.024E+11,155 755 905,A01,1,7,0,2,2,15,1,
2.024E+11,155 755 902,A01,1,7,0,2,1,2,1,
2.024E+11,155 755 904,B01,1,7,0,0,4,2,1,
2.024E+11,155 755 906,C01,1,7,0,0,4,2,1,
2.024E+11,155 755 908,D01,1,7,0,2,2,2,1,
2.024E+11,155 755 900,A01,1,1,0,2,2,10,5,
2.024E+11,155 755 901,B01,1,30,0,2,2,1,1,
2.024E+11,155 755 899,A01,1,31,0,0,9,1,1,
2.024E+11,155 755 897,A01,2,1,0,9,4,15,5,
2.024E+11,155 755 898,B01,2,50,0,9,1,1,3,
2.024E+11,155 755 896,A01,1,33,0,0,1,1,1,
2.024E+11,155 755 895,A01,1,34,0,0,1,1,1,
2.024E+11,155 755 894,A01,1,43,0,0,9,13,1,
2.024E+11,155 755 892,A01,1,7,0,2,8,9,1,
2.024E+11,155 755 893,B01,1,7,0,2,7,2,-1,
2.024E+11,155 755 889,B01,1,7,0,2,3,1,1,
2.024E+11,155 755 891,A01,2,7,14,2,3,13,1,
2.024E+11,155 755 888,A01,2,50,0,2,1,1,3,
2.024E+11,155 755 890,B01,2,7,0,2,8,15,1,
2.024E+11,155 755 886,A01,1,7,0,9,3,13,1,
2.024E+11,155 755 887,B01,2,1,0,2,1,1,5,
2.024E+11,155 755 884,B01,3,7,0,2,1,1,1,
2.024E+11,155 755 885,A01,3,1,0,2,7,19,5,
2.024E+11,155 755 882,A01,1,7,7,0,2,14,1,
2.024E+11,155 755 881,B01,1,7,0,2,8,11,1,
2.024E+11,155 755 883,A01,1,2,0,2,0,1,1,
2.024E+11,155 755 880,A01,1,7,1,0,4,26,2,
2.024E+11,155 755 879,A01,1,7,0,0,1,2,1,
2.024E+11,155 755 876,B01,2,31,0,2,2,5,1,
2.024E+11,155 755 877,A01,1,7,0,2,1,1,1,
2.024E+11,155 755 875,A01,1,10,0,2,3,1,1,
2.024E+11,155 755 878,B01,1,50,0,2,1,1,3,
2.024E+11,155 755 873,A01,1,7,0,1,2,1,1,
2.024E+11,155 755 872,B01,2,99,0,2,3,0,6,
2.024E+11,155 755 874,A01,1,1,0,2,0,0,5,
2.024E+11,155 755 870,B01,2,50,0,2,1,1,3,
2.024E+11,155 755 871,A01,2,7,0,2,3,1,1,
2.024E+11,155 755 869,A01,1,7,2,0,5,14,1,
2.024E+11,155 755 868,A01,1,15,0,1,1,0,1,
2.024E+11,155 755 866,B01,2,50,0,2,8,1,3,
2.024E+11,155 755 867,A01,1,7,0,2,1,1,1,
2.024E+11,155 755 865,A01,3,7,0,1,3,17,1,
2.024E+11,155 755 864,A01,2,7,0,1,2,1,1,
2.024E+11,155 755 862,A01,0,7,13,0,1,1,1,
2.024E+11,155 755 861,A01,1,7,0,2,2,16,1,
2.024E+11,155 755 863,B01,1,37,0,2,3,1,1,3
2.024E+11,155 755 860,A01,1,36,0,0,7,15,1,
2.024E+11,155 755 858,A01,3,7,0,2,8,15,1,
2.024E+11,155 755 859,B01,3,50,0,2,1,5,3,
2.024E+11,155 755 857,A01,1,7,0,0,0,0,2,
2.024E+11,155 755 855,A01,1,10,0,2,3,19,1,
2.024E+11,155 755 856,B01,2,7,0,2,3,1,1,
2.024E+11,155 755 853,B01,1,33,0,2,8,9,1,
2.024E+11,155 755 854,A01,1,7,0,2,3,1,1,
2.024E+11,155 755 850,A01,1,33,0,0,0,0,1,
2.024E+11,155 755 849,B01,3,7,0,2,7,1,1,
2.024E+11,155 755 851,C01,3,7,0,2,7,1,1,
2.024E+11,155 755 852,A01,3,7,0,2,3,1,1,
2.024E+11,155 755 847,A01,2,30,0,2,1,2,1,
2.024E+11,155 755 848,B01,2,7,0,2,4,1,1,
2.024E+11,155 755 846,A01,1,1,0,1,2,21,5,
2.024E+11,155 755 845,A01,3,32,0,1,0,26,0,
2.024E+11,155 755 844,A01,3,32,6,0,9,1,1,
2.024E+11,155 755 842,B01,2,7,0,2,8,15,1,
2.024E+11,155 755 843,A01,2,33,0,2,1,17,1,
2.024E+11,155 755 840,B01,3,2,0,2,1,3,3,
2.024E+11,155 755 841,A01,2,7,0,2,3,15,1,
2.024E+11,155 755 838,A01,1,14,0,2,7,16,1,
2.024E+11,155 755 839,B01,1,1,0,2,8,1,5,
2.024E+11,155 755 837,A01,2,50,0,1,3,16,3,
2.024E+11,155 755 835,A01,1,1,0,2,7,19,5,
2.024E+11,155 755 836,B01,2,7,0,2,2,1,1,
2.024E+11,155 755 833,B01,2,33,0,2,1,1,1,
2.024E+11,155 755 834,A01,2,7,0,2,3,15,1,
2.024E+11,155 755 831,A01,1,10,0,2,3,15,1,
2.024E+11,155 755 832,B01,2,33,0,2,1,1,1,
2.024E+11,155 755 827,A01,2,30,0,2,1,18,1,
2.024E+11,155 755 828,B01,1,10,0,2,3,15,1,
2.024E+11,155 755 825,B01,1,7,0,2,6,15,1,
2.024E+11,155 755 826,Z01,1,7,0,2,0,0,1,
2.024E+11,155 755 823,A01,2,7,1,2,1,1,1,
2.024E+11,155 755 824,B01,1,7,1,2,7,15,2,
2.024E+11,155 755 821,B01,3,60,0,2,1,19,5,
2.024E+11,155 755 822,A01,1,7,0,9,2,1,2,
2.024E+11,155 755 819,A01,3,7,0,2,7,15,1,
2.024E+11,155 755 820,B01,0,30,0,2,2,1,1,
2.024E+11,155 755 818,A01,1,7,0,1,0,1,1,
2.024E+11,155 755 816,B01,3,0,0,2,0,0,0,
2.024E+11,155 755 817,A01,0,7,0,2,1,1,1,
2.024E+11,155 755 815,A01,1,7,0,1,1,1,1,
2.024E+11,155 755 813,B01,3,33,0,2,1,17,1,
2.024E+11,155 755 814,A01,3,7,0,2,1,15,1,
2.024E+11,155 755 811,A01,3,10,1,0,4,20,1,
2.024E+11,155 755 812,B01,3,7,0,2,0,24,1,
2.024E+11,155 755 809,A01,1,50,0,2,7,1,3,
2.024E+11,155 755 810,B01,3,7,0,2,1,1,2,
2.024E+11,155 755 807,B01,3,7,0,2,2,1,1,
2.024E+11,155 755 808,A01,3,7,0,2,1,9,1,
2.024E+11,155 755 805,B01,2,33,0,2,5,16,1,
2.024E+11,155 755 806,A01,2,7,0,2,3,16,2,
2.024E+11,155 755 803,A01,1,34,0,2,7,1,3,
2.024E+11,155 755 804,B01,1,7,0,2,3,20,1,
2.024E+11,155 755 801,B01,2,7,0,2,4,1,1,
2.024E+11,155 755 802,A01,2,10,0,2,1,1,1,
2.024E+11,155 755 799,B01,2,7,0,2,3,1,1,
2.024E+11,155 755 800,A01,1,10,0,2,1,15,1,
2.024E+11,155 755 797,A01,2,33,0,2,3,3,1,
2.024E+11,155 755 798,B01,2,10,0,0,3,2,1,
2.024E+11,155 755 795,A01,2,31,0,2,1,3,1,
2.024E+11,155 755 796,B01,2,7,0,2,6,11,1,
2.024E+11,155 755 792,C01,1,33,2,0,7,2,1,
2.024E+11,155 755 793,A01,1,7,2,0,1,2,1,
2.024E+11,155 755 794,B01,1,7,2,0,4,2,2,
2.024E+11,155 755 790,A01,1,10,0,2,2,1,1,
2.024E+11,155 755 791,B01,1,7,0,2,3,1,1,
2.024E+11,155 755 789,A01,1,7,0,1,3,1,2,
2.024E+11,155 755 788,A01,2,31,0,0,7,1,1,
2.024E+11,155 755 786,B01,2,33,0,2,7,1,1,
2.024E+11,155 755 787,A01,1,7,0,2,7,26,1,
2.024E+11,155 755 785,A01,3,99,0,1,1,25,3,
2.024E+11,155 755 783,B01,3,7,0,2,1,2,1,
2.024E+11,155 755 784,A01,3,7,0,2,7,15,1,
2.024E+11,155 755 781,B01,3,10,0,2,3,1,1,
2.024E+11,155 755 782,A01,3,10,0,2,1,5,1,
2.024E+11,155 755 779,A01,2,50,0,2,4,15,3,
2.024E+11,155 755 780,B01,1,80,0,2,4,1,3,
2.024E+11,155 755 777,B01,3,7,0,2,4,2,2,
2.024E+11,155 755 778,A01,3,7,0,2,1,2,2,
2.024E+11,155 755 774,C01,1,33,0,2,4,1,1,
2.024E+11,155 755 775,B01,1,7,0,2,4,1,1,
2.024E+11,155 755 776,A01,1,7,0,2,1,1,3,
2.024E+11,155 755 772,A01,0,7,0,2,1,1,1,
2.024E+11,155 755 773,B01,2,7,0,2,4,1,2,
2.024E+11,155 755 771,A01,1,80,11,0,8,11,3,
2.024E+11,155 755 769,A01,1,50,0,2,8,1,3,
2.024E+11,155 755 770,B01,1,7,0,2,1,15,2,
2.024E+11,155 755 768,A01,1,80,0,0,2,2,3,
2.024E+11,155 755 766,A01,1,7,0,2,2,16,1,
2.024E+11,155 755 767,B01,1,32,0,2,1,18,1,
2.024E+11,155 755 765,A01,1,7,0,1,2,17,1,
2.024E+11,155 755 764,A01,1,7,1,0,2,14,1,
2.024E+11,155 755 761,A01,2,7,0,2,1,1,1,
2.024E+11,155 755 762,B01,2,7,0,2,4,1,2,
2.024E+11,155 755 763,C01,2,10,0,2,4,1,1,
2.024E+11,155 755 759,A01,2,7,0,2,1,2,1,
2.024E+11,155 755 760,B01,2,7,0,2,4,23,1,
2.024E+11,155 755 757,A01,3,7,0,2,2,21,1,
2.024E+11,155 755 758,B01,3,7,0,2,6,16,1,
2.024E+11,155 755 756,A01,1,7,0,1,3,1,1,
2.024E+11,155 755 754,A01,1,7,0,2,1,1,1,
2.024E+11,155 755 755,B01,1,7,0,2,4,2,1,
2.024E+11,155 755 753,A01,2,7,1,0,1,16,1,
2.024E+11,155 755 752,A01,2,7,0,1,1,2,1,
2.024E+11,155 755 750,B01,1,7,0,2,0,0,1,
2.024E+11,155 755 751,A01,1,50,0,2,1,21,3,
2.024E+11,155 755 749,A01,1,14,0,1,3,19,1,
2.024E+11,155 755 748,A01,1,31,0,1,1,21,3,
2.024E+11,155 755 746,A01,1,10,0,2,4,19,1,
2.024E+11,155 755 747,B01,1,10,0,2,4,1,1,
2.024E+11,155 755 745,A01,1,50,0,0,0,1,3,
2.024E+11,155 755 743,B01,3,1,0,2,1,2,5,
2.024E+11,155 755 744,A01,3,10,0,2,0,9,1,
2.024E+11,155 755 741,A01,3,7,16,2,3,19,1,
2.024E+11,155 755 742,B01,2,30,0,2,1,0,3,
2.024E+11,155 755 740,A01,2,30,0,0,7,16,1,
2.024E+11,155 755 738,A01,1,7,0,2,2,1,1,
2.024E+11,155 755 739,B01,1,33,0,2,1,1,1,
2.024E+11,155 755 736,A01,3,30,0,2,1,1,1,
2.024E+11,155 755 737,B01,3,7,0,2,6,16,1,
2.024E+11,155 755 734,A01,1,7,0,2,7,19,1,
2.024E+11,155 755 735,B01,2,33,0,2,1,1,1,
2.024E+11,155 755 733,A01,2,7,15,0,1,1,1,
2.024E+11,155 755 732,A01,1,33,9,0,1,1,1,
2.024E+11,155 755 731,A01,2,38,13,0,2,1,1,8
2.024E+11,155 755 729,B01,1,33,0,2,1,1,1,
2.024E+11,155 755 730,A01,2,7,0,2,3,19,1,
2.024E+11,155 755 728,A01,1,7,13,0,2,13,1,
2.024E+11,155 755 726,A01,3,7,6,2,8,13,1,
2.024E+11,155 755 727,B01,3,7,0,2,1,1,1,
2.024E+11,155 755 723,A01,1,7,0,2,1,17,1,
2.024E+11,155 755 724,B01,2,7,0,2,4,1,1,
2.024E+11,155 755 725,C01,1,7,0,2,4,1,1,
2.024E+11,155 755 721,B01,1,7,0,2,3,1,1,
2.024E+11,155 755 722,A01,2,7,0,2,3,13,1,
2.024E+11,155 755 719,B01,2,80,0,2,8,1,3,
2.024E+11,155 755 720,A01,2,7,0,2,7,17,1,
2.024E+11,155 755 717,A01,3,1,0,2,1,1,5,
2.024E+11,155 755 718,B01,3,7,0,2,2,1,2,
2.024E+11,155 755 716,A01,0,7,15,0,1,0,1,
2.024E+11,155 755 714,A01,1,7,0,0,8,16,1,