Num_Acc,id_vehicule,num_veh,senc,catv,obs,obsm,choc,manv,motor,occutc
2.024E+11,155 753 402,A01,2,32,0,2,3,17,1,
2.024E+11,155 753 391,C01,2,10,0,2,3,1,1,
2.024E+11,155 753 395,A01,1,10,6,2,1,13,1,
2.024E+11,155 753 398,B01,2,7,0,2,3,1,1,
2.024E+11,155 753 390,A01,1,7,14,0,1,26,1,
2.024E+11,155 753 393,C01,1,15,0,2,4,26,1,
2.024E+11,155 753 397,B01,1,7,14,0,9,2,1,
2.024E+11,155 753 389,D01,2,7,14,0,1,2,1,
2.024E+11,155 753 392,A01,2,7,0,2,1,2,1,
2.024E+11,155 753 394,B01,2,7,0,2,5,2,1,
2.024E+11,155 753 396,C01,2,7,0,2,4,2,1,
2.024E+11,155 753 387,A01,1,7,0,2,1,19,1,
2.024E+11,155 753 388,B01,2,2,0,2,8,1,1,
2.024E+11,155 753 385,A01,2,7,3,0,2,1,1,
2.024E+11,155 753 386,A01,3,31,12,0,1,13,1,
2.024E+11,155 753 383,A01,2,31,8,0,3,13,1,
2.024E+11,155 753 384,A01,3,7,0,1,1,1,1,
2.024E+11,155 753 382,A01,0,7,0,1,1,1,1,
2.024E+11,155 753 378,C01,1,7,0,2,4,2,1,
2.024E+11,155 753 379,B01,1,7,0,2,4,2,1,
2.024E+11,155 753 381,A01,1,7,0,2,1,2,2,
2.024E+11,155 753 377,A01,0,2,12,0,1,1,1,
2.024E+11,155 753 375,B01,3,7,0,2,2,15,1,
2.024E+11,155 753 376,C01,3,7,0,2,2,23,1,
2.024E+11,155 753 380,A01,1,7,6,2,3,1,1,
2.024E+11,155 753 371,B01,2,7,0,2,4,2,1,
2.024E+11,155 753 373,A01,2,7,0,2,1,2,1,
2.024E+11,155 753 374,C01,2,7,0,2,4,2,3,
2.024E+11,155 753 370,A01,1,7,0,1,7,1,1,
2.024E+11,155 753 369,B01,0,7,0,2,5,1,1,
2.024E+11,155 753 372,A01,0,7,0,2,5,15,2,
2.024E+11,155 753 367,A01,2,7,0,2,4,1,1,
2.024E+11,155 753 368,Z01,2,7,0,2,1,1,1,
2.024E+11,155 753 366,A01,2,7,13,0,8,1,1,
2.024E+11,155 753 365,A01,1,7,7,0,1,16,2,
2.024E+11,155 753 361,A01,1,7,0,2,4,2,1,
2.024E+11,155 753 364,B01,1,7,0,2,1,2,2,
2.024E+11,155 753 362,B01,1,7,0,2,2,1,1,
2.024E+11,155 753 363,A01,1,7,0,2,6,16,1,
2.024E+11,155 753 359,A01,2,7,4,0,3,0,1,
2.024E+11,155 753 358,A01,1,33,0,2,8,3,1,
2.024E+11,155 753 360,B01,1,7,0,2,7,12,1,
2.024E+11,155 753 357,A01,3,10,9,0,1,1,0,
2.024E+11,155 753 354,A01,1,7,14,0,3,12,1,
2.024E+11,155 753 350,D01,1,7,0,2,4,23,1,
2.024E+11,155 753 352,A01,1,15,0,2,1,2,1,
2.024E+11,155 753 353,B01,1,10,0,2,4,23,1,
2.024E+11,155 753 356,C01,1,7,0,2,4,23,3,
2.024E+11,155 753 351,B01,3,7,0,2,1,1,1,
2.024E+11,155 753 355,A01,3,10,0,2,1,0,1,
2.024E+11,155 753 347,A01,3,7,11,0,1,13,1,
2.024E+11,155 753 345,A01,1,33,0,2,1,1,1,
2.024E+11,155 753 348,B01,1,7,0,2,1,1,1,
2.024E+11,155 753 349,C01,1,7,0,2,5,2,1,
2.024E+11,155 753 344,A01,1,7,0,2,1,2,1,
2.024E+11,155 753 346,B01,1,7,0,2,4,2,1,
2.024E+11,155 753 343,A01,1,7,0,1,2,1,1,
2.024E+11,155 753 341,A01,1,33,0,2,1,0,1,
2.024E+11,155 753 342,B01,1,7,0,2,7,0,1,
2.024E+11,155 753 338,B01,1,7,0,2,5,1,1,
2.024E+11,155 753 340,A01,1,30,0,2,1,1,1,
2.024E+11,155 753 339,A01,2,7,0,2,1,2,1,
2.024E+11,155 753 336,A01,3,7,0,2,1,1,1,
2.024E+11,155 753 337,B01,3,7,0,2,1,13,1,
2.024E+11,155 753 334,A01,0,7,0,2,1,26,1,
2.024E+11,155 753 335,B01,1,10,0,2,4,2,1,
2.024E+11,155 753 331,A01,2,30,0,2,1,2,1,
2.024E+11,155 753 333,B01,3,7,0,9,5,1,1,
2.024E+11,155 753 332,A01,1,7,3,0,1,16,1,
2.024E+11,155 753 329,A01,1,30,0,0,0,15,1,
2.024E+11,155 753 325,A01,1,7,0,2,2,26,3,
2.024E+11,155 753 328,C01,2,7,0,2,1,23,1,
2.024E+11,155 753 330,B01,1,7,0,2,1,1,1,
2.024E+11,155 753 323,A01,1,7,0,2,8,15,1,
2.024E+11,155 753 324,B01,1,1,0,2,8,1,0,
2.024E+11,155 753 321,A01,3,7,0,1,8,21,1,
2.024E+11,155 753 322,B01,2,7,0,2,4,21,1,
2.024E+11,155 753 326,C01,2,7,1,0,0,26,1,
2.024E+11,155 753 327,A01,2,7,3,2,1,2,1,
2.024E+11,155 753 319,B01,1,32,0,2,1,2,1,
2.024E+11,155 753 320,A01,1,7,0,2,8,10,2,
2.024E+11,155 753 317,A01,2,30,0,2,1,2,1,
2.024E+11,155 753 318,B01,2,10,0,2,6,2,1,
2.024E+11,155 753 315,A01,1,7,0,1,3,15,1,
2.024E+11,155 753 314,A01,2,7,0,2,1,2,1,
2.024E+11,155 753 316,B01,2,10,0,2,4,2,1,
2.024E+11,155 753 311,A01,1,7,0,2,1,19,1,
2.024E+11,155 753 313,B01,2,7,0,2,3,1,1,
2.024E+11,155 753 310,A01,2,31,0,2,1,1,1,
2.024E+11,155 753 312,B01,2,7,0,2,4,9,1,
2.024E+11,155 753 308,A01,1,7,15,1,2,1,0,
2.024E+11,155 753 307,A01,1,7,0,1,1,1,2,
2.024E+11,155 753 305,C01,1,7,0,2,4,2,2,
2.024E+11,155 753 306,A01,1,10,0,2,1,2,1,
2.024E+11,155 753 309,B01,1,7,0,2,4,1,1,
2.024E+11,155 753 303,A01,3,37,0,0,0,9,1,1
2.024E+11,155 753 304,B01,3,30,0,0,0,21,1,
2.024E+11,155 753 300,A01,2,30,0,2,1,17,1,
2.024E+11,155 753 302,B01,2,7,0,0,3,15,1,
2.024E+11,155 753 299,B01,1,7,0,2,4,1,1,
2.024E+11,155 753 301,A01,1,10,0,2,1,2,1,
2.024E+11,155 753 297,B01,1,30,0,2,1,1,1,
2.024E+11,155 753 298,A01,1,7,0,2,8,20,1,
2.024E+11,155 753 296,A01,2,10,0,1,1,1,1,
2.024E+11,155 753 292,Z01,2,7,14,0,8,9,3,
2.024E+11,155 753 294,A01,1,50,0,2,1,1,3,
2.024E+11,155 753 290,B01,1,34,0,2,1,17,1,
2.024E+11,155 753 293,A01,1,7,0,2,3,10,1,
2.024E+11,155 753 291,B01,1,7,0,2,4,2,2,
2.024E+11,155 753 295,A01,1,7,0,2,1,2,1,
2.024E+11,155 753 289,A01,3,7,0,1,2,1,1,
2.024E+11,155 753 288,A01,1,7,0,1,2,1,1,
2.024E+11,155 753 287,A01,1,10,0,1,2,2,1,
2.024E+11,155 753 283,A01,3,1,0,0,0,0,5,
2.024E+11,155 753 286,B01,1,30,0,2,1,0,1,
2.024E+11,155 753 281,B01,1,7,0,2,1,0,1,
2.024E+11,155 753 284,A01,1,14,0,2,4,4,1,
2.024E+11,155 753 282,A01,1,7,0,2,3,1,1,
2.024E+11,155 753 285,B01,2,33,0,2,9,1,1,
2.024E+11,155 753 277,A01,1,7,0,2,1,15,1,
2.024E+11,155 753 279,B01,2,33,0,2,0,1,1,
2.024E+11,155 753 278,B01,1,1,0,2,0,19,5,
2.024E+11,155 753 280,A01,3,32,0,2,0,1,3,
2.024E+11,155 753 276,A01,2,7,0,1,4,26,0,
2.024E+11,155 753 275,A01,2,7,12,1,1,15,1,
2.024E+11,155 753 274,A01,1,7,1,0,3,1,1,
2.024E+11,155 753 273,A01,3,7,0,1,2,12,1,
2.024E+11,155 753 271,A01,2,50,0,2,1,1,3,
2.024E+11,155 753 272,B01,0,7,0,2,1,1,2,
2.024E+11,155 753 268,A01,2,2,0,0,8,15,1,
2.024E+11,155 753 269,B01,2,99,0,2,2,17,0,
2.024E+11,155 753 267,A01,3,10,0,2,2,1,0,
2.024E+11,155 753 270,B01,3,10,0,2,5,1,0,
2.024E+11,155 753 259,B01,1,33,0,2,7,17,1,
2.024E+11,155 753 264,A01,1,7,0,2,8,15,1,
2.024E+11,155 753 258,C01,2,10,0,2,2,2,1,
2.024E+11,155 753 261,D01,2,7,0,2,2,2,1,
2.024E+11,155 753 263,E01,2,7,0,2,2,0,1,
2.024E+11,155 753 265,A01,2,7,4,2,2,11,1,
2.024E+11,155 753 266,B01,2,15,0,2,6,1,1,
2.024E+11,155 753 257,B01,1,7,0,2,3,1,1,
2.024E+11,155 753 260,A01,1,30,0,2,7,15,1,
2.024E+11,155 753 256,B01,3,7,0,2,7,1,1,
2.024E+11,155 753 262,A01,3,7,0,2,1,9,1,
2.024E+11,155 753 254,B01,2,7,0,2,2,17,1,
2.024E+11,155 753 255,A01,2,2,6,2,7,1,1,
2.024E+11,155 753 251,B01,1,50,0,2,1,2,3,
2.024E+11,155 753 252,A01,1,7,0,2,4,2,1,
2.024E+11,155 753 249,A01,1,7,0,1,3,13,1,
2.024E+11,155 753 248,A01,0,50,12,0,1,0,3,
2.024E+11,155 753 245,A01,1,7,0,1,5,1,1,
2.024E+11,155 753 246,A01,0,10,0,2,3,10,1,
2.024E+11,155 753 247,B01,0,33,0,2,1,17,1,
2.024E+11,155 753 244,A01,1,7,0,0,0,26,1,
2.024E+11,155 753 241,B01,2,33,0,2,1,13,1,
2.024E+11,155 753 243,A01,1,7,0,2,3,1,1,
2.024E+11,155 753 239,B01,3,10,0,2,7,20,1,
2.024E+11,155 753 242,A01,3,1,0,2,1,25,5,
2.024E+11,155 753 237,B01,2,7,0,2,1,1,1,
2.024E+11,155 753 240,A01,1,7,0,2,1,13,1,
2.024E+11,155 753 238,A01,1,7,0,1,3,19,1,
2.024E+11,155 753 233,A01,1,10,0,2,2,21,1,
2.024E+11,155 753 236,B01,2,7,0,2,2,13,1,
2.024E+11,155 753 232,B01,2,32,0,2,1,1,0,
2.024E+11,155 753 235,A01,1,7,0,2,2,15,1,
2.024E+11,155 753 230,B01,2,50,0,2,7,1,3,
2.024E+11,155 753 234,A01,2,7,0,2,2,1,1,
2.024E+11,155 753 229,A01,3,36,0,0,0,1,1,
2.024E+11,155 753 228,A01,1,3,0,2,1,1,1,
2.024E+11,155 753 231,B01,1,7,0,2,7,1,1,
2.024E+11,155 753 225,B01,3,50,0,2,8,16,3,
2.024E+11,155 753 227,Z01,3,7,0,2,0,16,1,
2.024E+11,155 753 224,A01,2,7,13,0,1,1,1,
2.024E+11,155 753 219,Z01,3,7,0,2,0,14,0,
2.024E+11,155 753 221,B01,0,7,0,2,3,2,1,
2.024E+11,155 753 218,A01,1,33,0,0,8,1,1,
2.024E+11,155 753 217,A01,2,7,0,1,1,1,0,
2.024E+11,155 753 214,A01,0,36,0,0,9,15,1,
2.024E+11,155 753 211,A01,1,7,0,2,1,1,3,
2.024E+11,155 753 216,B01,2,1,0,2,8,19,5,
2.024E+11,155 753 212,A01,1,7,0,2,1,2,1,
2.024E+11,155 753 215,B01,1,7,0,2,0,0,1,
2.024E+11,155 753 210,B01,2,7,0,2,1,1,1,
2.024E+11,155 753 213,A01,0,7,0,2,1,5,1,
2.024E+11,155 753 209,A01,2,7,2,9,1,14,1,
2.024E+11,155 753 206,A01,1,7,3,2,2,13,1,
2.024E+11,155 753 208,B01,2,14,0,2,1,1,1,
2.024E+11,155 753 204,A01,2,1,0,2,8,8,5,
2.024E+11,155 753 207,B01,2,7,0,9,1,1,1,
2.024E+11,155 753 202,A01,2,7,2,0,1,1,1,
2.024E+11,155 753 203,B01,1,10,0,2,3,1,1,
2.024E+11,155 753 205,A01,3,99,0,2,2,19,3,
2.024E+11,155 753 199,B01,2,80,0,2,1,1,2,
2.024E+11,155 753 201,A01,1,7,0,9,3,15,1,
2.024E+11,155 753 196,A01,3,7,0,2,1,9,1,
2.024E+11,155 753 200,B01,3,33,0,2,7,2,1,
2.024E+11,155 753 195,A01,2,2,0,2,1,1,1,
2.024E+11,155 753 198,B01,1,7,0,2,8,15,1,
2.024E+11,155 753 194,A01,2,7,0,2,1,0,1,
2.024E+11,155 753 197,B01,2,7,3,0,4,1,2,
2.024E+11,155 753 192,A01,1,7,0,0,0,26,1,
2.024E+11,155 753 193,A01,1,7,0,1,3,15,1,
2.024E+11,155 753 191,A01,2,7,6,0,1,14,1,
2.024E+11,155 753 189,B01,0,32,0,2,1,17,1,
2.024E+11,155 753 190,A01,0,7,0,2,6,15,2,
2.024E+11,155 753 187,A01,1,7,0,2,5,1,1,
2.024E+11,155 753 188,B01,1,7,0,2,1,1,1,
2.024E+11,155 753 184,A01,3,36,2,0,2,2,1,
2.024E+11,155 753 181,A01,1,30,0,2,1,17,1,
2.024E+11,155 753 185,B01,2,7,0,2,4,16,1,
2.024E+11,155 753 180,B01,2,32,0,2,1,2,1,
2.024E+11,155 753 182,A01,1,7,0,2,2,15,2,
2.024E+11,155 753 176,A01,3,50,0,0,0,0,3,
2.024E+11,155 753 177,Z01,3,7,0,9,0,15,0,
2.024E+11,155 753 174,A01,1,7,6,0,1,1,1,
2.024E+11,155 753 172,A01,2,7,0,2,1,2,1,
2.024E+11,155 753 175,B01,2,7,0,2,4,2,2,
2.024E+11,155 753 170,A01,1,2,0,0,0,0,1,
2.024E+11,155 753 173,A01,1,30,0,1,1,1,1,
2.024E+11,155 753 169,A01,2,7,0,2,6,15,1,
2.024E+11,155 753 171,B01,1,7,0,2,3,21,1,
2.024E+11,155 753 167,A01,1,33,0,0,6,1,1,
2.024E+11,155 753 165,A01,1,7,0,2,1,12,3,
2.024E+11,155 753 168,B01,1,7,0,2,5,1,1,
2.024E+11,155 753 163,A01,3,7,0,2,2,15,1,
2.024E+11,155 753 166,B01,3,1,0,2,1,1,5,
2.024E+11,155 753 161,A01,1,32,11,0,1,26,1,
2.024E+11,155 753 157,B01,1,7,0,2,7,1,1,
2.024E+11,155 753 158,C01,1,7,0,2,3,1,1,
2.024E+11,155 753 160,A01,1,31,0,2,8,3,1,
2.024E+11,155 753 156,A01,0,33,0,1,1,26,1,
2.024E+11,155 753 155,A01,1,7,15,0,8,1,1,
2.024E+11,155 753 153,B01,3,7,0,2,4,23,1,
2.024E+11,155 753 154,A01,3,7,0,2,1,1,1,
2.024E+11,155 753 149,A01,1,7,0,2,1,16,1,
2.024E+11,155 753 152,B01,1,43,0,2,4,16,1,
2.024E+11,155 753 148,A01,1,7,0,2,3,1,1,
2.024E+11,155 753 147,B01,3,33,0,2,1,1,0,
2.024E+11,155 753 151,A01,3,7,0,2,3,15,0,
2.024E+11,155 753 146,A01,2,7,0,2,3,13,1,
2.024E+11,155 753 150,B01,1,10,0,2,3,1,1,
2.024E+11,155 753 144,A01,2,7,9,0,2,1,1,
2.024E+11,155 753 143,A01,3,7,8,0,1,1,1,
2.024E+11,155 753 141,A01,1,50,0,2,1,1,3,
2.024E+11,155 753 145,B01,1,7,0,2,3,1,2,
2.024E+11,155 753 140,A01,2,33,0,0,0,15,1,
2.024E+11,155 753 142,B01,1,7,0,0,0,9,1,
2.024E+11,155 753 139,A01,2,1,0,0,0,26,5,
2.024E+11,155 753 137,A01,3,7,12,0,1,14,1,
2.024E+11,155 753 135,B01,1,7,0,2,2,17,1,
2.024E+11,155 753 138,A01,1,7,0,2,3,11,1,
2.024E+11,155 753 134,B01,2,7,0,2,1,13,1,
2.024E+11,155 753 136,A01,1,7,0,2,1,21,1,
2.024E+11,155 753 131,B01,1,10,0,2,1,1,1,
2.024E+11,155 753 133,A01,2,7,8,2,1,1,1,
2.024E+11,155 753 130,A01,2,7,0,2,2,15,1,
2.024E+11,155 753 132,B01,2,34,0,2,3,1,1,
2.024E+11,155 753 128,A01,1,7,12,0,1,1,1,
2.024E+11,155 753 127,A01,2,10,0,0,1,1,1,
2.024E+11,155 753 129,B01,2,7,0,2,7,1,2,
2.024E+11,155 753 125,B01,1,1,0,2,6,1,5,
2.024E+11,155 753 126,A01,2,7,0,2,1,9,1,
2.024E+11,155 753 123,A01,1,33,8,0,1,19,1,
2.024E+11,155 753 122,B01,1,33,0,2,2,17,1,
2.024E+11,155 753 124,A01,1,7,0,2,3,10,3,
2.024E+11,155 753 119,A01,2,7,6,0,3,1,1,
2.024E+11,155 753 117,B01,2,7,0,2,3,1,2,
2.024E+11,155 753 121,A01,1,30,0,2,1,13,1,
2.024E+11,155 753 116,A01,1,1,0,2,3,15,5,
2.024E+11,155 753 118,B01,1,1,0,2,2,1,5,
2.024E+11,155 753 115,B01,1,50,0,2,1,0,3,
2.024E+11,155 753 120,A01,2,10,0,2,1,1,1,
2.024E+11,155 753 110,B01,3,33,0,0,1,1,1,
2.024E+11,155 753 113,A01,3,7,0,0,5,15,1,
2.024E+11,155 753 112,Z01,2,37,0,1,5,9,1,1
2.024E+11,155 753 109,A01,1,1,0,2,3,1,5,
2.024E+11,155 753 114,B01,2,7,0,2,3,1,1,
2.024E+11,155 753 108,A01,2,7,0,2,2,15,1,
2.024E+11,155 753 111,B01,1,33,0,2,1,7,1,
2.024E+11,155 753 101,A01,2,7,0,2,3,1,1,
2.024E+11,155 753 104,B01,2,7,6,2,9,13,1,
2.024E+11,155 753 107,C01,1,10,0,2,8,1,1,
2.024E+11,155 753 102,A01,3,7,0,2,6,15,1,
2.024E+11,155 753 105,B01,3,33,0,2,1,1,1,
2.024E+11,155 753 100,A01,3,7,0,2,1,2,3,
2.024E+11,155 753 106,B01,3,7,0,2,0,0,1,
2.024E+11,155 753 099,A01,1,1,0,2,1,1,5,
2.024E+11,155 753 103,B01,1,7,0,2,6,15,1,
2.024E+11,155 753 098,A01,2,7,0,0,9,26,1,
2.024E+11,155 753 094,A01,1,7,0,2,1,19,1,
2.024E+11,155 753 097,B01,1,33,0,2,7,1,1,
2.024E+11,155 753 092,B01,1,7,0,2,6,17,1,
2.024E+11,155 753 096,A01,2,7,2,2,1,17,1,
2.024E+11,155 753 093,A01,2,7,0,2,1,1,2,
2.024E+11,155 753 095,B01,2,7,0,0,4,23,1,
2.024E+11,155 753 091,A01,1,10,0,1,1,1,3,
2.024E+11,155 753 087,A01,2,7,0,2,3,1,1,
2.024E+11,155 753 089,B01,1,7,0,2,3,13,1,
2.024E+11,155 753 086,A01,0,7,0,2,3,9,0,
2.024E+11,155 753 088,B01,0,7,0,2,1,0,1,
2.024E+11,155 753 085,A01,2,7,0,2,7,1,1,
2.024E+11,155 753 090,B01,3,7,0,2,1,1,2,
2.024E+11,155 753 084,A01,3,7,0,1,1,1,1,
2.024E+11,155 753 081,B01,2,3,0,0,4,2,1,
2.024E+11,155 753 083,A01,2,7,0,2,1,2,1,
2.024E+11,155 753 080,A01,3,7,0,1,1,2,0,
2.024E+11,155 753 078,A01,2,7,0,2,1,1,1,
2.024E+11,155 753 082,B01,1,7,0,2,8,19,1,
2.024E+11,155 753 077,A01,3,7,0,2,1,1,1,
2.024E+11,155 753 079,B01,3,10,0,2,8,1,1,
2.024E+11,155 753 074,A01,1,50,0,0,4,2,3,
2.024E+11,155 753 076,B01,1,7,0,2,1,2,1,
2.024E+11,155 753 072,B01,3,7,0,0,3,1,1,
2.024E+11,155 753 075,A01,0,7,0,2,1,15,1,
2.024E+11,155 753 071,B01,1,1,0,0,4,2,5,
2.024E+11,155 753 073,A01,1,33,0,0,1,1,1,
2.024E+11,155 753 069,A01,1,7,0,1,2,1,1,
2.024E+11,155 753 066,A01,1,7,12,0,9,0,1,
2.024E+11,155 753 065,A01,0,10,0,9,3,26,1,
2.024E+11,155 753 068,B01,0,1,0,0,1,2,5,
2.024E+11,155 753 064,A01,3,7,1,0,0,20,1,
2.024E+11,155 753 063,A01,0,33,0,6,1,1,1,
2.024E+11,155 753 061,A01,3,7,3,0,1,1,1,
2.024E+11,155 753 059,A01,2,33,13,0,0,0,1,
2.024E+11,155 753 058,A01,2,7,8,0,8,1,1,
2.024E+11,155 753 057,B01,1,7,0,2,1,1,1,
2.024E+11,155 753 060,A01,2,1,0,2,1,5,5,
2.024E+11,155 753 054,B01,2,7,0,2,5,15,0,
2.024E+11,155 753 056,A01,1,33,0,2,1,1,0,
2.024E+11,155 753 051,A01,1,17,0,0,6,1,1,
2.024E+11,155 753 053,B01,1,7,4,2,9,2,1,
2.024E+11,155 753 055,C01,1,7,0,2,1,17,2,
2.024E+11,155 753 050,A01,1,7,0,1,1,19,1,
2.024E+11,155 753 048,A01,2,30,0,1,1,1,0,
2.024E+11,155 753 047,A01,3,7,13,0,9,1,1,
2.024E+11,155 753 041,A01,1,7,0,2,5,1,1,
2.024E+11,155 753 044,B01,1,7,0,2,5,2,1,
2.024E+11,155 753 045,C01,1,7,0,2,1,2,1,
2.024E+11,155 753 040,A01,1,7,0,2,1,2,1,
2.024E+11,155 753 042,B01,1,7,0,2,4,2,1,
2.024E+11,155 753 046,C01,1,7,0,2,4,2,1,
2.024E+11,155 753 036,A01,1,7,0,2,3,21,1,
2.024E+11,155 753 039,B01,2,7,0,2,3,1,2,
2.024E+11,155 753 034,B01,2,7,0,2,3,21,2,
2.024E+11,155 753 038,A01,2,33,0,2,7,14,1,
2.024E+11,155 753 035,A01,1,10,6,0,2,14,1,
2.024E+11,155 753 037,B01,1,50,0,2,1,1,3,
2.024E+11,155 753 043,A01,1,32,0,9,8,23,1,
2.024E+11,155 753 031,A01,3,10,0,2,6,15,1,
2.024E+11,155 753 033,B01,3,2,0,2,3,21,1,
2.024E+11,155 753 030,A01,1,30,0,2,0,26,1,
2.024E+11,155 753 032,B01,2,10,0,2,0,0,1,
2.024E+11,155 753 028,A01,2,7,3,0,1,0,1,
2.024E+11,155 753 025,A01,1,31,0,0,7,16,1,
2.024E+11,155 753 024,C01,1,1,0,2,4,1,5,
2.024E+11,155 753 027,A01,1,7,0,2,2,1,0,
2.024E+11,155 753 029,B01,1,1,0,2,4,1,5,
2.024E+11,155 753 023,A01,1,13,0,2,3,1,1,
2.024E+11,155 753 026,B01,1,33,0,2,0,0,1,
2.024E+11,155 753 022,A01,1,7,0,0,9,14,1,
2.024E+11,155 753 021,A01,1,7,0,1,1,15,1,
2.024E+11,155 753 018,A01,2,33,0,0,8,12,1,
2.024E+11,155 753 017,A01,1,14,0,2,1,16,1,
2.024E+11,155 753 020,B01,1,1,0,2,4,1,5,
2.024E+11,155 753 015,A01,2,30,0,2,1,17,1,
2.024E+11,155 753 019,B01,2,7,0,2,8,1,3,
2.024E+11,155 753 012,A01,2,7,0,2,3,13,1,
2.024E+11,155 753 016,B01,1,7,0,2,2,1,1,
2.024E+11,155 753 013,A01,2,7,3,2,9,14,1,
2.024E+11,155 753 014,B01,2,7,0,0,6,1,1,
2.024E+11,155 753 010,A01,3,1,0,0,0,26,5,
2.024E+11,155 753 009,A01,1,10,0,2,2,1,1,
2.024E+11,155 753 011,B01,1,1,0,0,0,13,5,
2.024E+11,155 753 005,A01,2,7,0,2,1,1,1,
2.024E+11,155 753 006,B01,2,7,0,2,4,1,2,
2.024E+11,155 753 008,C01,2,7,0,2,4,1,1,
2.024E+11,155 753 002,B01,2,14,0,2,3,13,1,
2.024E+11,155 753 004,A01,1,7,0,2,6,1,1,
2.024E+11,155 753 001,A01,2,7,0,2,3,13,1,
2.024E+11,155 753 003,B01,2,37,0,2,7,1,1,2
2.024E+11,155 752 999,A01,1,33,0,0,0,1,1,
2.024E+11,155 752 998,B01,1,80,0,2,1,2,3,
2.024E+11,155 753 000,Z01,1,7,0,2,-1,22,0,
2.024E+11,155 752 997,A01,1,2,1,0,2,14,1,
2.024E+11,155 752 994,B01,2,14,0,2,3,1,1,
2.024E+11,155 752 996,A01,1,2,0,2,1,1,1,
2.024E+11,155 752 991,B01,1,33,0,2,3,1,1,
2.024E+11,155 752 995,A01,1,7,0,2,4,12,0,
2.024E+11,155 752 990,A01,2,7,0,2,2,13,1,
2.024E+11,155 752 993,B01,1,7,0,2,1,1,1,
2.024E+11,155 752 989,B01,2,1,1,0,1,13,5,
2.024E+11,155 752 992,A01,2,10,0,2,3,24,1,
2.024E+11,155 752 987,A01,1,7,0,2,3,13,1,
2.024E+11,155 752 988,B01,2,33,0,2,8,1,1,
2.024E+11,155 752 984,A01,2,7,0,2,1,1,1,
2.024E+11,155 752 986,B01,1,7,0,2,1,1,1,
2.024E+11,155 752 983,A01,2,30,0,1,8,1,3,
2.024E+11,155 752 982,B01,2,7,0,2,4,1,1,
2.024E+11,155 752 985,A01,2,7,0,2,1,2,1,
2.024E+11,155 752 979,A01,3,7,0,2,3,15,1,
2.024E+11,155 752 981,B01,1,2,0,2,1,1,1,
2.024E+11,155 752 978,A01,1,33,14,0,1,17,3,
2.024E+11,155 752 976,A01,1,7,0,2,1,21,2,
2.024E+11,155 752 977,B01,1,7,0,2,6,23,1,
2.024E+11,155 752 975,A01,1,2,6,0,0,5,1,
2.024E+11,155 752 973,A01,1,7,0,2,2,1,1,
2.024E+11,155 752 974,B01,2,7,0,2,3,1,1,
2.024E+11,155 752 972,A01,1,31,12,0,2,14,3,
2.024E+11,155 752 968,B01,2,7,0,2,4,2,1,
2.024E+11,155 752 970,A01,2,7,0,2,1,2,1,
2.024E+11,155 752 966,B01,2,7,0,2,3,1,1,
2.024E+11,155 752 971,A01,1,10,0,2,3,13,1,
2.024E+11,155 752 964,A01,1,2,0,1,1,1,3,
2.024E+11,155 752 959,A01,1,7,2,2,3,13,1,
2.024E+11,155 752 961,B01,1,7,8,2,2,1,1,
2.024E+11,155 752 958,B01,1,7,0,2,4,1,1,
2.024E+11,155 752 962,C01,2,7,0,2,0,0,1,
2.024E+11,155 752 963,A01,2,7,0,2,1,2,2,
2.024E+11,155 752 957,B01,2,7,0,0,3,23,1,
2.024E+11,155 752 960,A01,1,7,0,2,2,16,1,
2.024E+11,155 752 955,B01,2,1,0,2,8,1,5,
2.024E+11,155 752 956,A01,2,10,0,2,7,16,1,
2.024E+11,155 752 950,A01,1,7,0,2,3,0,1,
2.024E+11,155 752 952,B01,1,7,0,2,1,0,1,
2.024E+11,155 752 949,A01,1,7,0,2,1,13,1,
2.024E+11,155 752 954,B01,2,7,0,2,3,2,1,
2.024E+11,155 752 948,A01,2,38,0,2,2,2,1,1
2.024E+11,155 752 951,B01,2,33,0,2,8,3,1,
2.024E+11,155 752 953,C01,2,7,0,2,6,2,1,
2.024E+11,155 752 946,A01,1,33,0,0,0,0,1,
2.024E+11,155 752 945,A01,2,7,3,0,3,1,1,
2.024E+11,155 752 944,A01,3,10,0,2,5,15,1,
2.024E+11,155 752 947,B01,3,33,0,2,1,1,1,
2.024E+11,155 752 943,A01,1,2,3,0,0,1,1,
2.024E+11,155 752 941,A01,3,7,2,0,1,26,1,
2.024E+11,155 752 940,A01,2,7,11,0,1,2,1,
2.024E+11,155 752 942,B01,2,80,0,2,1,19,3,
2.024E+11,155 752 938,A01,3,33,0,0,9,1,1,
2.024E+11,155 752 937,A01,2,33,0,0,8,1,1,
2.024E+11,155 752 939,B01,2,7,0,0,0,15,0,
2.024E+11,155 752 935,A01,3,30,2,2,1,3,1,
2.024E+11,155 752 936,B01,3,7,2,2,8,15,1,
2.024E+11,155 752 934,A01,1,7,0,1,3,26,1,
2.024E+11,155 752 932,A01,2,7,0,2,1,26,1,
2.024E+11,155 752 933,B01,2,7,0,2,4,23,2,
2.024E+11,155 752 929,A01,2,38,0,0,7,1,1,4
2.024E+11,155 752 928,B01,2,7,0,2,3,1,1,
2.024E+11,155 752 931,A01,1,32,0,2,1,1,1,
2.024E+11,155 752 925,B01,0,7,0,0,0,0,0,
2.024E+11,155 752 927,A01,2,7,0,2,1,2,1,