Num_Acc,id_vehicule,num_veh,senc,catv,obs,obsm,choc,manv,motor,occutc
2.024E+11,155 752 930,C01,2,7,0,2,0,0,1,
2.024E+11,155 752 924,A01,2,33,0,0,7,2,1,
2.024E+11,155 752 923,A01,1,7,0,2,1,1,3,
2.024E+11,155 752 926,B01,1,7,0,2,4,1,1,
2.024E+11,155 752 919,C01,2,7,0,2,4,1,1,
2.024E+11,155 752 921,A01,2,17,0,2,1,2,1,
2.024E+11,155 752 922,B01,2,7,0,2,4,1,1,
2.024E+11,155 752 917,A01,3,1,0,2,0,0,5,
2.024E+11,155 752 920,B01,3,50,0,2,0,0,3,
2.024E+11,155 752 918,A01,2,7,0,1,1,1,1,
2.024E+11,155 752 916,A01,1,7,12,1,1,15,1,
2.024E+11,155 752 915,A01,2,32,4,0,1,14,1,
2.024E+11,155 752 914,A01,1,7,3,0,3,21,1,
2.024E+11,155 752 912,B01,1,7,0,2,1,2,1,
2.024E+11,155 752 913,A01,1,7,0,2,5,1,2,
2.024E+11,155 752 907,B01,1,17,0,2,6,1,1,
2.024E+11,155 752 909,A01,1,7,0,2,2,17,1,
2.024E+11,155 752 908,A01,1,7,0,2,7,15,1,
2.024E+11,155 752 910,B01,2,0,0,2,0,1,0,
2.024E+11,155 752 906,A01,1,7,6,0,3,1,1,
2.024E+11,155 752 904,A01,1,33,0,0,7,1,1,
2.024E+11,155 752 905,B01,3,7,9,2,8,1,1,
2.024E+11,155 752 911,A01,3,7,3,2,1,1,1,
2.024E+11,155 752 903,A01,2,7,3,0,3,13,1,
2.024E+11,155 752 902,A01,1,7,0,0,1,1,1,
2.024E+11,155 752 899,A01,3,7,0,2,1,19,2,
2.024E+11,155 752 901,B01,3,33,0,2,8,1,1,
2.024E+11,155 752 896,A01,2,7,5,0,2,1,1,
2.024E+11,155 752 897,B01,2,32,0,2,7,1,1,
2.024E+11,155 752 900,A01,2,7,0,2,6,13,1,
2.024E+11,155 752 895,B01,2,7,0,2,1,1,1,
2.024E+11,155 752 898,A01,2,7,0,0,8,10,2,
2.024E+11,155 752 891,B01,2,7,0,2,8,26,1,
2.024E+11,155 752 892,C01,2,7,0,2,8,0,1,
2.024E+11,155 752 894,A01,1,7,0,2,3,13,1,
2.024E+11,155 752 889,A01,1,31,0,5,1,1,1,
2.024E+11,155 752 888,A01,1,7,0,1,3,20,1,
2.024E+11,155 752 886,A01,2,7,13,0,0,14,1,
2.024E+11,155 752 885,A01,1,7,6,0,2,1,1,
2.024E+11,155 752 881,B01,2,7,0,2,3,1,2,
2.024E+11,155 752 883,A01,3,50,0,2,1,1,3,
2.024E+11,155 752 882,A01,1,30,1,0,2,1,1,
2.024E+11,155 752 879,B01,2,2,0,2,8,18,1,
2.024E+11,155 752 880,A01,2,7,0,0,7,16,1,
2.024E+11,155 752 878,A01,1,7,8,0,1,13,1,
2.024E+11,155 752 874,A01,2,7,0,6,1,1,1,
2.024E+11,155 752 872,A01,2,80,0,2,8,0,3,
2.024E+11,155 752 876,B01,2,7,0,2,8,2,1,
2.024E+11,155 752 875,A01,1,7,0,2,4,9,1,
2.024E+11,155 752 877,B01,2,33,0,2,1,2,1,
2.024E+11,155 752 869,A01,3,7,0,0,0,13,1,
2.024E+11,155 752 871,A01,0,7,0,2,1,19,1,
2.024E+11,155 752 873,B01,1,7,0,2,3,1,1,
2.024E+11,155 752 868,A01,0,7,0,1,1,16,3,
2.024E+11,155 752 866,A01,1,7,0,0,0,1,1,
2.024E+11,155 752 865,A01,2,7,2,0,0,14,1,
2.024E+11,155 752 863,A01,2,7,0,2,7,15,1,
2.024E+11,155 752 864,B01,2,33,0,2,1,1,1,
2.024E+11,155 752 867,B01,2,7,0,2,1,2,2,
2.024E+11,155 752 870,A01,2,7,0,0,4,9,1,
2.024E+11,155 752 861,A01,1,37,0,2,2,15,1,1
2.024E+11,155 752 859,B01,2,7,14,0,3,9,1,
2.024E+11,155 752 862,A01,1,7,0,2,3,1,1,
2.024E+11,155 752 858,B01,2,7,0,2,1,13,1,
2.024E+11,155 752 860,A01,1,7,0,2,1,13,1,
2.024E+11,155 752 855,A01,2,7,13,0,2,1,1,
2.024E+11,155 752 853,B01,3,2,0,2,1,1,1,
2.024E+11,155 752 856,A01,3,7,0,2,7,15,1,
2.024E+11,155 752 852,A01,1,7,4,2,4,17,1,
2.024E+11,155 752 854,B01,1,10,0,2,1,1,1,
2.024E+11,155 752 857,C01,1,7,0,2,1,1,1,
2.024E+11,155 752 850,A01,2,32,0,1,1,21,3,
2.024E+11,155 752 846,B01,1,7,0,2,3,0,1,
2.024E+11,155 752 848,A01,1,33,0,2,1,0,1,
2.024E+11,155 752 845,A01,1,7,0,2,1,2,1,
2.024E+11,155 752 847,B01,1,10,0,2,4,2,1,
2.024E+11,155 752 851,C01,1,20,0,0,4,2,1,
2.024E+11,155 752 844,B01,3,7,0,2,1,1,1,
2.024E+11,155 752 849,A01,3,7,0,2,1,9,1,
2.024E+11,155 752 842,B01,2,7,0,2,1,1,1,
2.024E+11,155 752 843,A01,1,7,0,0,7,10,1,
2.024E+11,155 752 839,A01,1,7,6,0,2,0,1,
2.024E+11,155 752 838,B01,3,2,0,2,1,1,1,
2.024E+11,155 752 841,A01,3,7,0,2,2,1,1,
2.024E+11,155 752 837,B01,1,7,0,0,6,23,1,
2.024E+11,155 752 840,A01,1,7,0,1,2,2,1,
2.024E+11,155 752 836,A01,1,7,15,0,1,0,2,
2.024E+11,155 752 832,B01,3,7,0,2,3,1,1,
2.024E+11,155 752 835,A01,3,2,0,2,1,9,1,
2.024E+11,155 752 831,A01,2,7,0,0,0,19,1,
2.024E+11,155 752 833,B01,1,31,10,0,8,26,1,
2.024E+11,155 752 827,A01,2,7,0,2,5,17,1,
2.024E+11,155 752 830,B01,2,7,0,2,3,1,1,
2.024E+11,155 752 826,A01,1,7,13,0,3,19,1,
2.024E+11,155 752 825,C01,2,7,0,2,6,5,1,
2.024E+11,155 752 828,A01,2,7,0,2,1,17,1,
2.024E+11,155 752 829,B01,2,7,0,2,4,2,1,
2.024E+11,155 752 834,D01,2,15,0,2,4,2,1,
2.024E+11,155 752 824,A01,2,7,2,0,9,2,1,
2.024E+11,155 752 820,B01,0,7,0,2,1,1,0,
2.024E+11,155 752 822,A01,0,60,0,2,1,1,5,
2.024E+11,155 752 819,A01,2,2,0,2,1,1,1,
2.024E+11,155 752 821,B01,1,7,0,2,1,15,1,
2.024E+11,155 752 817,A01,1,7,8,0,1,15,1,
2.024E+11,155 752 816,A01,3,7,0,2,1,1,1,
2.024E+11,155 752 818,B01,3,7,0,2,3,9,1,
2.024E+11,155 752 814,A01,2,33,0,0,9,17,1,
2.024E+11,155 752 813,A01,0,7,0,6,0,15,0,
2.024E+11,155 752 812,B01,0,1,0,2,0,1,5,
2.024E+11,155 752 815,A01,0,7,0,2,0,1,1,
2.024E+11,155 752 811,A01,1,7,0,1,2,2,1,
2.024E+11,155 752 808,A01,1,33,13,0,9,14,1,
2.024E+11,155 752 807,A01,1,7,1,0,2,14,1,
2.024E+11,155 752 806,B01,2,2,0,2,1,5,1,
2.024E+11,155 752 809,A01,1,7,0,2,3,1,1,
2.024E+11,155 752 805,B01,2,7,0,2,3,13,1,
2.024E+11,155 752 810,A01,1,7,0,0,3,2,1,
2.024E+11,155 752 803,A01,2,7,6,0,1,1,1,
2.024E+11,155 752 799,B01,2,1,0,0,4,2,5,
2.024E+11,155 752 802,A01,2,7,0,2,2,2,1,
2.024E+11,155 752 800,B01,3,7,0,2,6,1,1,
2.024E+11,155 752 804,A01,3,33,0,2,1,2,1,
2.024E+11,155 752 798,A01,3,7,0,2,2,19,1,
2.024E+11,155 752 801,B01,3,2,0,2,1,1,1,
2.024E+11,155 752 794,A01,1,7,0,2,1,1,1,
2.024E+11,155 752 797,B01,2,7,0,2,1,1,1,
2.024E+11,155 752 792,A01,1,33,13,0,7,17,1,
2.024E+11,155 752 796,B01,1,17,0,0,0,13,1,
2.024E+11,155 752 791,A01,1,7,0,2,1,1,1,
2.024E+11,155 752 795,B01,1,2,0,2,5,1,1,
2.024E+11,155 752 789,A01,1,7,0,2,3,1,1,
2.024E+11,155 752 790,B01,2,7,0,0,3,15,1,
2.024E+11,155 752 793,C01,2,7,0,2,1,1,1,
2.024E+11,155 752 786,B01,1,7,0,2,3,1,1,
2.024E+11,155 752 788,A01,1,7,0,2,3,15,2,
2.024E+11,155 752 785,B01,3,7,0,2,2,26,2,
2.024E+11,155 752 787,A01,3,2,0,2,1,1,1,
2.024E+11,155 752 784,A01,1,7,0,1,1,15,1,
2.024E+11,155 752 780,A01,3,7,0,2,3,13,1,
2.024E+11,155 752 782,B01,3,31,0,2,1,1,1,
2.024E+11,155 752 781,A01,2,7,0,2,5,15,1,
2.024E+11,155 752 783,B01,1,33,0,2,1,1,1,
2.024E+11,155 752 779,A01,1,7,8,0,1,13,1,
2.024E+11,155 752 775,A01,1,7,0,2,2,15,1,
2.024E+11,155 752 778,B01,2,30,0,2,1,26,1,
2.024E+11,155 752 774,A01,1,7,0,2,2,1,1,
2.024E+11,155 752 776,B01,1,2,1,2,8,16,3,
2.024E+11,155 752 773,A01,1,7,0,0,0,17,1,
2.024E+11,155 752 777,B01,1,1,0,0,0,1,5,
2.024E+11,155 752 770,A01,2,50,0,2,0,0,3,
2.024E+11,155 752 772,B01,2,10,0,2,8,9,1,
2.024E+11,155 752 769,A01,3,7,0,1,2,19,1,
2.024E+11,155 752 768,A01,1,7,0,2,1,9,1,
2.024E+11,155 752 771,B01,2,7,9,2,7,1,2,
2.024E+11,155 752 767,A01,3,33,0,0,7,1,1,
2.024E+11,155 752 766,A01,3,7,0,1,2,17,1,
2.024E+11,155 752 762,B01,2,7,0,2,0,1,1,
2.024E+11,155 752 764,A01,1,7,0,2,1,1,1,
2.024E+11,155 752 760,B01,0,33,0,2,1,5,1,
2.024E+11,155 752 763,A01,3,7,0,2,3,10,1,
2.024E+11,155 752 759,A01,1,7,0,2,3,11,1,
2.024E+11,155 752 761,B01,1,31,0,2,2,17,1,
2.024E+11,155 752 756,A01,2,50,0,2,1,26,3,
2.024E+11,155 752 758,B01,1,7,0,2,0,0,1,
2.024E+11,155 752 755,B01,1,7,0,2,1,1,1,
2.024E+11,155 752 757,A01,1,1,0,2,8,19,5,
2.024E+11,155 752 751,A01,1,7,0,1,2,0,1,
2.024E+11,155 752 752,A01,1,7,14,2,1,1,1,
2.024E+11,155 752 754,B01,2,7,0,2,7,1,1,
2.024E+11,155 752 750,A01,2,7,0,2,1,2,2,
2.024E+11,155 752 753,B01,2,15,0,2,4,1,1,
2.024E+11,155 752 748,A01,3,7,0,1,1,16,1,
2.024E+11,155 752 747,B01,2,15,0,2,2,1,1,
2.024E+11,155 752 749,A01,1,10,0,2,3,13,1,
2.024E+11,155 752 746,A01,1,7,6,0,1,1,1,
2.024E+11,155 752 745,A01,2,30,0,0,0,21,1,
2.024E+11,155 752 744,A01,2,33,0,0,0,1,1,
2.024E+11,155 752 743,A01,2,7,0,1,7,0,1,
2.024E+11,155 752 741,A01,1,43,13,0,0,2,1,
2.024E+11,155 752 740,Z01,1,7,0,2,1,1,0,
2.024E+11,155 752 742,B01,1,7,0,2,4,1,1,
2.024E+11,155 752 738,A01,1,32,0,2,0,0,1,
2.024E+11,155 752 739,B01,1,7,0,9,0,2,1,
2.024E+11,155 752 736,A01,2,7,2,0,1,1,1,
2.024E+11,155 752 735,B01,1,7,0,2,4,2,1,
2.024E+11,155 752 737,A01,1,7,0,2,1,2,1,
2.024E+11,155 752 732,A01,1,33,0,0,0,26,1,
2.024E+11,155 752 731,A01,1,0,0,2,1,17,0,
2.024E+11,155 752 733,B01,1,7,0,2,3,15,1,
2.024E+11,155 752 734,A01,2,33,2,0,1,0,1,
2.024E+11,155 752 729,A01,3,33,8,0,3,0,1,
2.024E+11,155 752 727,B01,2,7,0,2,1,1,1,
2.024E+11,155 752 730,A01,2,7,0,2,1,5,1,
2.024E+11,155 752 726,A01,1,7,1,0,2,1,1,
2.024E+11,155 752 728,B01,1,7,0,0,6,23,1,
2.024E+11,155 752 724,A01,0,33,15,0,0,15,1,
2.024E+11,155 752 723,A01,1,7,0,2,3,1,1,
2.024E+11,155 752 725,B01,3,1,0,0,7,19,5,
2.024E+11,155 752 719,A01,2,31,0,2,2,17,1,
2.024E+11,155 752 721,B01,2,7,0,2,3,15,1,
2.024E+11,155 752 718,B01,1,2,0,2,2,1,1,
2.024E+11,155 752 722,A01,3,7,0,2,3,19,1,
2.024E+11,155 752 717,B01,0,33,0,2,1,1,1,
2.024E+11,155 752 720,A01,0,7,0,2,2,15,1,
2.024E+11,155 752 714,A01,3,10,0,2,5,17,1,
2.024E+11,155 752 715,B01,3,33,0,2,8,1,1,
2.024E+11,155 752 712,A01,2,7,0,2,2,19,1,
2.024E+11,155 752 716,B01,2,7,0,2,3,1,1,
2.024E+11,155 752 711,A01,1,7,0,2,1,13,1,
2.024E+11,155 752 713,B01,2,7,0,2,3,1,1,
2.024E+11,155 752 709,A01,3,7,13,0,1,1,1,
2.024E+11,155 752 708,B01,1,7,0,9,3,15,1,
2.024E+11,155 752 710,A01,1,33,1,2,3,17,1,
2.024E+11,155 752 706,A01,1,7,0,1,3,16,1,
2.024E+11,155 752 705,A01,1,7,0,2,8,13,1,
2.024E+11,155 752 707,B01,2,7,0,2,8,1,1,
2.024E+11,155 752 701,A01,2,7,0,2,1,1,1,
2.024E+11,155 752 703,B01,1,7,0,2,1,5,1,
2.024E+11,155 752 697,A01,2,7,0,2,2,2,1,
2.024E+11,155 752 699,B01,2,7,0,0,8,11,1,
2.024E+11,155 752 694,B01,2,33,0,2,7,1,1,
2.024E+11,155 752 695,A01,2,7,0,2,3,11,1,
2.024E+11,155 752 690,A01,2,7,0,0,5,2,1,
2.024E+11,155 752 692,B01,2,10,0,2,3,2,1,
2.024E+11,155 752 693,C01,2,7,0,2,4,1,1,
2.024E+11,155 752 696,D01,2,7,0,0,4,1,1,
2.024E+11,155 752 689,A01,2,7,9,2,2,1,1,
2.024E+11,155 752 691,B01,2,7,0,2,1,1,1,
2.024E+11,155 752 687,A01,1,33,0,0,8,1,1,
2.024E+11,155 752 686,A01,3,7,0,2,3,9,1,
2.024E+11,155 752 688,B01,3,80,0,2,4,1,3,
2.024E+11,155 752 682,A01,1,31,0,2,1,1,1,
2.024E+11,155 752 684,B01,1,7,1,2,3,15,1,
2.024E+11,155 752 683,A01,1,7,0,2,1,1,1,
2.024E+11,155 752 685,B01,2,7,0,2,7,13,1,
2.024E+11,155 752 680,A01,1,7,0,1,1,15,1,
2.024E+11,155 752 681,A01,2,33,0,0,7,21,1,
2.024E+11,155 752 677,A01,2,7,0,2,1,2,1,
2.024E+11,155 752 679,B01,2,7,0,2,4,2,2,
2.024E+11,155 752 676,A01,3,7,0,2,3,0,1,
2.024E+11,155 752 678,B01,3,7,0,2,0,0,1,
2.024E+11,155 752 675,A01,2,7,0,1,2,1,1,
2.024E+11,155 752 673,A01,2,7,8,0,1,1,1,
2.024E+11,155 752 672,A01,1,10,0,2,3,15,1,
2.024E+11,155 752 674,B01,2,33,0,2,1,1,1,
2.024E+11,155 752 669,B01,2,7,0,2,3,1,1,
2.024E+11,155 752 670,A01,2,33,0,2,7,14,1,
2.024E+11,155 752 668,B01,1,33,0,2,1,1,1,
2.024E+11,155 752 671,A01,1,7,0,2,3,15,1,
2.024E+11,155 752 666,B01,1,7,0,2,0,10,1,
2.024E+11,155 752 667,A01,2,33,0,2,3,5,1,
2.024E+11,155 752 663,A01,1,7,0,2,1,13,1,
2.024E+11,155 752 665,B01,1,7,0,2,1,1,1,
2.024E+11,155 752 662,A01,1,7,0,2,6,19,1,
2.024E+11,155 752 664,B01,2,33,0,2,1,0,1,
2.024E+11,155 752 661,A01,2,7,15,0,1,13,1,
2.024E+11,155 752 658,A01,1,7,0,2,1,2,1,
2.024E+11,155 752 659,B01,1,10,0,2,4,2,1,
2.024E+11,155 752 657,B01,1,7,0,2,2,1,1,
2.024E+11,155 752 660,A01,1,7,0,0,3,15,1,
2.024E+11,155 752 656,A01,3,10,0,1,1,1,0,
2.024E+11,155 752 654,A01,1,7,0,2,1,2,1,
2.024E+11,155 752 655,B01,1,1,0,0,4,1,5,
2.024E+11,155 752 652,B01,2,10,0,0,0,0,1,
2.024E+11,155 752 653,A01,1,7,0,2,1,2,1,
2.024E+11,155 752 651,A01,1,7,8,0,1,13,1,
2.024E+11,155 752 649,A01,1,7,0,0,9,1,1,
2.024E+11,155 752 645,A01,2,7,0,2,3,13,1,
2.024E+11,155 752 646,B01,1,15,0,2,8,21,1,
2.024E+11,155 752 644,B01,1,37,0,2,1,1,1,3
2.024E+11,155 752 647,A01,0,7,0,2,8,15,1,
2.024E+11,155 752 642,A01,3,30,15,0,2,0,1,
2.024E+11,155 752 641,A01,2,2,0,2,1,1,1,
2.024E+11,155 752 643,B01,1,7,0,2,3,17,1,
2.024E+11,155 752 638,A01,1,7,0,2,3,1,1,
2.024E+11,155 752 640,B01,3,50,0,2,8,1,3,
2.024E+11,155 752 637,A01,1,7,0,0,4,2,1,
2.024E+11,155 752 639,B01,1,10,0,2,1,2,1,
2.024E+11,155 752 635,B01,3,50,0,2,1,1,3,
2.024E+11,155 752 636,A01,3,7,0,2,1,9,1,
2.024E+11,155 752 634,B01,1,7,1,1,7,1,1,
2.024E+11,155 752 632,B01,2,7,0,2,1,1,1,
2.024E+11,155 752 633,A01,1,7,0,2,1,15,1,
2.024E+11,155 752 631,A01,0,33,7,0,0,1,1,
2.024E+11,155 752 628,A01,2,7,0,2,2,14,1,
2.024E+11,155 752 629,B01,2,15,0,2,8,13,1,
2.024E+11,155 752 627,B01,1,7,13,2,7,1,1,
2.024E+11,155 752 630,A01,1,10,13,2,1,1,1,
2.024E+11,155 752 624,Z01,1,7,0,2,1,1,1,
2.024E+11,155 752 626,A01,1,7,0,2,4,1,1,
2.024E+11,155 752 623,A01,2,7,0,2,1,1,1,
2.024E+11,155 752 625,B01,2,50,0,2,4,0,3,
2.024E+11,155 752 622,A01,2,33,0,0,0,26,1,
2.024E+11,155 752 621,A01,1,7,0,0,0,15,1,
2.024E+11,155 752 618,C01,2,7,0,2,4,1,1,
2.024E+11,155 752 619,A01,2,7,0,2,2,1,1,
2.024E+11,155 752 620,B01,2,7,0,2,9,1,1,
2.024E+11,155 752 616,Z01,2,10,0,1,0,0,0,
2.024E+11,155 752 614,A01,2,3,0,2,1,9,1,
2.024E+11,155 752 615,B01,2,32,0,2,5,12,1,
2.024E+11,155 752 612,A01,1,30,0,2,1,1,1,
2.024E+11,155 752 613,B01,2,7,0,2,2,15,1,
2.024E+11,155 752 610,A01,3,7,0,2,6,20,1,
2.024E+11,155 752 611,B01,3,7,1,0,2,20,1,
2.024E+11,155 752 608,B01,1,80,0,2,5,0,3,
2.024E+11,155 752 609,A01,1,7,0,2,3,13,1,
2.024E+11,155 752 606,B01,0,1,0,2,8,19,5,
2.024E+11,155 752 607,A01,0,32,0,2,1,1,1,
2.024E+11,155 752 603,A01,1,7,0,2,3,17,1,
2.024E+11,155 752 604,B01,2,50,0,2,6,1,3,
2.024E+11,155 752 605,A01,1,7,0,2,3,15,1,
2.024E+11,155 752 602,A01,3,7,0,1,2,2,1,
2.024E+11,155 752 601,Z01,2,7,0,1,7,26,0,
2.024E+11,155 752 599,A01,2,7,1,0,1,26,1,
2.024E+11,155 752 597,A01,1,7,0,2,1,2,1,
2.024E+11,155 752 598,B01,1,7,0,2,4,0,1,
2.024E+11,155 752 594,A01,1,7,0,2,2,19,2,
2.024E+11,155 752 596,B01,1,7,0,2,1,1,1,
2.024E+11,155 752 591,C01,1,7,0,2,6,1,1,
2.024E+11,155 752 592,D01,1,7,0,2,4,1,1,
2.024E+11,155 752 593,A01,1,43,0,2,3,3,1,
2.024E+11,155 752 595,B01,1,38,0,2,2,1,1,1
2.024E+11,155 752 589,A01,2,33,0,2,1,3,1,
2.024E+11,155 752 590,B01,2,7,0,2,3,11,1,
2.024E+11,155 752 587,A01,1,10,0,2,1,1,3,
2.024E+11,155 752 588,B01,1,7,0,2,4,2,1,
2.024E+11,155 752 585,A01,1,7,0,2,8,13,2,
2.024E+11,155 752 586,B01,1,50,0,2,1,1,3,
2.024E+11,155 752 582,B01,2,7,0,2,4,1,1,
2.024E+11,155 752 583,A01,2,33,0,2,1,1,1,
2.024E+11,155 752 584,C01,2,10,0,2,0,26,1,
2.024E+11,155 752 580,Z01,3,7,0,2,2,26,1,
2.024E+11,155 752 581,A01,1,1,0,2,7,1,5,
2.024E+11,155 752 577,A01,2,7,0,2,1,1,2,
2.024E+11,155 752 578,C01,2,7,0,2,1,23,2,
2.024E+11,155 752 579,B01,1,7,8,2,7,1,1,
2.024E+11,155 752 575,A01,2,33,0,2,8,18,1,
2.024E+11,155 752 576,B01,2,7,0,2,7,12,2,
2.024E+11,155 752 573,B01,3,7,0,2,1,7,1,
2.024E+11,155 752 574,A01,3,13,0,2,4,0,1,
2.024E+11,155 752 572,A01,2,2,1,0,1,14,3,
2.024E+11,155 752 571,A01,2,7,0,1,1,15,1,
2.024E+11,155 752 569,B01,1,1,0,2,1,1,5,
2.024E+11,155 752 570,A01,1,7,0,2,5,15,1,
2.024E+11,155 752 567,A01,1,7,0,2,1,15,0,
2.024E+11,155 752 568,Y01,2,50,0,2,1,1,3,
2.024E+11,155 752 566,Y01,1,1,1,0,1,1,5,
2.024E+11,155 752 564,A01,1,10,0,2,1,1,1,
2.024E+11,155 752 565,B01,1,7,0,2,4,23,1,
2.024E+11,155 752 562,A01,2,33,0,2,8,1,1,
2.024E+11,155 752 563,B01,2,33,0,2,2,1,1,
2.024E+11,155 752 560,B01,3,7,1,2,3,15,0,
2.024E+11,155 752 561,A01,3,50,0,2,1,1,3,
2.024E+11,155 752 558,A01,1,7,0,2,8,19,1,
2.024E+11,155 752 559,B01,3,7,0,2,1,1,1,
2.024E+11,155 752 556,A01,1,33,12,0,1,16,1,
2.024E+11,155 752 557,B01,1,7,0,2,1,15,1,
2.024E+11,155 752 553,A01,1,7,0,2,4,1,2,
2.024E+11,155 752 554,B01,1,7,0,2,4,23,1,
2.024E+11,155 752 555,X01,1,7,0,2,4,0,0,
2.024E+11,155 752 551,A01,0,50,0,2,1,15,3,
2.024E+11,155 752 552,B01,1,30,0,2,0,19,1,
2.024E+11,155 752 550,A01,1,33,14,0,1,1,1,
2.024E+11,155 752 548,A01,3,7,0,2,1,14,1,
2.024E+11,155 752 549,B01,3,33,0,9,5,23,1,
2.024E+11,155 752 547,A01,1,32,0,0,7,14,1,
2.024E+11,155 752 545,B01,3,1,0,2,1,15,5,
2.024E+11,155 752 546,A01,3,1,0,2,1,1,5,
2.024E+11,155 752 543,B01,1,7,0,0,0,2,1,
2.024E+11,155 752 544,A01,1,30,0,0,0,2,1,
2.024E+11,155 752 542,A01,1,7,0,1,8,1,2,
2.024E+11,155 752 541,A01,3,43,12,0,3,13,1,
2.024E+11,155 752 540,A01,3,7,2,0,0,13,1,
2.024E+11,155 752 538,A01,2,21,0,2,7,15,1,
2.024E+11,155 752 539,B01,1,1,0,2,1,26,5,
2.024E+11,155 752 536,A01,1,33,0,2,1,1,1,
2.024E+11,155 752 537,B01,2,7,0,2,1,15,1,
2.024E+11,155 752 534,A01,3,7,0,2,1,1,1,
2.024E+11,155 752 535,B01,3,2,0,2,1,1,1,
2.024E+11,155 752 533,A01,1,33,14,0,1,1,1,
2.024E+11,155 752 531,B01,2,1,0,2,1,1,5,
2.024E+11,155 752 532,A01,1,7,0,9,3,0,1,
2.024E+11,155 752 530,A01,2,33,12,0,2,1,1,
2.024E+11,155 752 529,A01,1,32,12,0,0,17,1,
2.024E+11,155 752 527,B01,1,7,0,0,4,15,1,
2.024E+11,155 752 528,A01,1,10,0,2,1,1,1,
2.024E+11,155 752 525,B01,1,15,0,2,6,1,1,
2.024E+11,155 752 526,A01,1,7,4,2,2,12,1,
2.024E+11,155 752 523,B01,1,2,0,2,1,1,1,
2.024E+11,155 752 524,A01,2,7,0,2,2,15,1,
2.024E+11,155 752 519,A01,1,10,0,2,1,2,1,
2.024E+11,155 752 520,D01,1,7,0,0,3,1,1,
2.024E+11,155 752 521,C01,1,7,0,2,3,2,1,
2.024E+11,155 752 522,B01,1,7,0,2,4,1,2,
2.024E+11,155 752 517,B01,2,7,0,0,2,5,1,
2.024E+11,155 752 518,A01,1,7,0,0,2,13,1,
2.024E+11,155 752 515,A01,1,43,0,2,1,5,1,
2.024E+11,155 752 516,B01,2,7,0,2,2,1,1,
2.024E+11,155 752 513,B01,1,7,3,2,1,1,1,
2.024E+11,155 752 514,A01,2,7,3,2,1,13,1,
2.024E+11,155 752 511,B01,2,7,0,2,1,1,3,
2.024E+11,155 752 512,A01,1,7,3,2,1,11,1,
2.024E+11,155 752 509,A01,1,33,0,2,3,13,1,
2.024E+11,155 752 510,B01,2,7,0,2,3,1,1,
2.024E+11,155 752 507,A01,1,7,0,2,3,5,1,
2.024E+11,155 752 508,B01,2,33,0,2,1,2,1,
2.024E+11,155 752 506,A01,1,7,2,0,1,1,3,
2.024E+11,155 752 505,A01,3,7,2,0,1,14,1,
2.024E+11,155 752 503,B01,2,7,0,2,7,15,1,
2.024E+11,155 752 504,A01,1,1,0,2,2,1,5,
2.024E+11,155 752 502,A01,2,7,13,0,1,13,1,
2.024E+11,155 752 501,A01,2,7,2,0,8,1,1,
2.024E+11,155 752 499,A01,2,7,13,0,1,13,1,
2.024E+11,155 752 497,B01,2,1,0,2,3,2,5,
2.024E+11,155 752 498,A01,2,0,0,9,2,2,0,
2.024E+11,155 752 496,A01,1,33,7,0,3,1,1,
2.024E+11,155 752 495,A01,3,33,15,0,1,14,1,
2.024E+11,155 752 494,A01,1,33,13,0,1,16,1,
2.024E+11,155 752 493,A01,1,10,2,0,1,13,1,
2.024E+11,155 752 491,A01,2,7,0,2,3,5,3,
2.024E+11,155 752 492,B01,1,7,0,2,8,1,1,
2.024E+11,155 752 490,A01,1,33,13,0,1,1,1,
2.024E+11,155 752 488,C01,0,7,0,2,3,1,2,
2.024E+11,155 752 489,A01,1,33,0,2,2,2,1,
2.024E+11,155 752 487,A01,3,7,13,0,1,1,1,
2.024E+11,155 752 485,A01,2,7,0,2,6,11,1,
2.024E+11,155 752 486,B01,2,15,0,2,2,1,1,
2.024E+11,155 752 484,A01,1,1,0,0,1,1,5,
2.024E+11,155 752 483,A01,2,7,0,1,1,1,1,
2.024E+11,155 752 481,A01,1,33,0,2,1,2,1,
2.024E+11,155 752 482,B01,1,2,0,2,3,1,1,
2.024E+11,155 752 479,A01,3,33,0,2,1,2,1,
2.024E+11,155 752 480,B01,3,7,0,2,6,15,1,
2.024E+11,155 752 478,A01,2,7,8,0,2,14,1,
2.024E+11,155 752 476,A01,3,7,0,2,5,16,1,
2.024E+11,155 752 477,B01,3,31,0,2,1,1,1,
2.024E+11,155 752 473,B01,2,7,0,2,8,15,1,
2.024E+11,155 752 475,A01,2,7,0,2,1,17,1,
2.024E+11,155 752 472,A01,3,7,5,2,4,26,1,
2.024E+11,155 752 474,B01,3,7,0,2,3,2,1,
2.024E+11,155 752 469,A01,3,7,0,1,1,1,3,
2.024E+11,155 752 470,B01,3,50,0,0,4,16,3,
2.024E+11,155 752 471,A01,3,7,0,9,0,16,0,
2.024E+11,155 752 467,A01,2,7,8,9,1,13,1,
2.024E+11,155 752 466,A01,1,7,0,2,1,15,1,
2.024E+11,155 752 468,B01,2,33,0,2,8,0,1,
2.024E+11,155 752 463,A01,2,7,0,2,3,1,1,
2.024E+11,155 752 465,B01,2,33,0,2,5,17,1,
2.024E+11,155 752 462,B01,3,10,0,2,1,16,1,