Num_Acc,id_vehicule,num_veh,senc,catv,obs,obsm,choc,manv,motor,occutc
2.024E+11,155 752 464,A01,3,7,0,2,7,1,1,
2.024E+11,155 752 460,A01,3,7,0,2,6,1,1,
2.024E+11,155 752 461,B01,3,7,0,2,1,1,1,
2.024E+11,155 752 459,A01,2,7,0,1,6,4,1,
2.024E+11,155 752 457,B01,1,7,0,9,2,1,1,
2.024E+11,155 752 458,A01,1,1,0,2,4,1,5,
2.024E+11,155 752 455,A01,1,7,0,2,2,26,1,
2.024E+11,155 752 456,B01,1,1,0,0,0,0,5,
2.024E+11,155 752 454,A01,1,33,13,0,1,1,1,
2.024E+11,155 752 452,A01,2,7,4,0,0,0,1,
2.024E+11,155 752 451,A01,1,15,0,0,1,1,0,
2.024E+11,155 752 453,B01,2,7,0,0,3,9,1,
2.024E+11,155 752 450,A01,3,7,0,1,1,1,2,
2.024E+11,155 752 447,B01,3,1,0,2,3,15,5,
2.024E+11,155 752 449,A01,3,7,0,2,3,1,2,
2.024E+11,155 752 446,A01,3,7,0,2,1,19,1,
2.024E+11,155 752 448,B01,3,7,0,2,8,19,1,
2.024E+11,155 752 445,A01,2,7,16,0,9,13,1,
2.024E+11,155 752 443,B01,3,7,0,2,3,1,1,
2.024E+11,155 752 444,A01,1,7,0,2,1,15,1,
2.024E+11,155 752 442,A01,2,10,0,0,9,1,1,
2.024E+11,155 752 441,A01,0,33,2,0,1,1,1,
2.024E+11,155 752 440,A01,1,7,0,1,1,15,1,
2.024E+11,155 752 437,B01,1,7,0,2,4,1,1,
2.024E+11,155 752 438,C01,1,7,0,2,4,1,1,
2.024E+11,155 752 439,A01,1,10,0,2,1,1,1,
2.024E+11,155 752 436,A01,1,7,11,0,1,9,1,
2.024E+11,155 752 435,A01,1,7,0,1,3,19,1,
2.024E+11,155 752 433,A01,3,7,0,2,6,15,1,
2.024E+11,155 752 434,B01,3,7,0,2,1,2,1,
2.024E+11,155 752 431,A01,2,30,0,2,1,2,1,
2.024E+11,155 752 432,B01,2,7,0,2,4,2,1,
2.024E+11,155 752 430,A01,1,7,15,0,2,25,1,
2.024E+11,155 752 428,A01,3,10,0,2,3,25,1,
2.024E+11,155 752 429,B01,1,2,0,2,3,2,1,
2.024E+11,155 752 426,A01,1,7,13,2,1,1,1,
2.024E+11,155 752 427,B01,1,7,0,2,6,1,1,
2.024E+11,155 752 424,B01,2,7,0,2,3,1,1,
2.024E+11,155 752 425,A01,1,7,0,2,3,17,1,
2.024E+11,155 752 422,A01,0,7,0,2,6,20,1,
2.024E+11,155 752 423,B01,0,33,0,2,1,1,1,
2.024E+11,155 752 420,A01,0,32,0,2,1,17,1,
2.024E+11,155 752 421,B01,0,7,0,2,8,15,1,
2.024E+11,155 752 419,A01,1,80,0,0,1,1,3,
2.024E+11,155 752 418,A01,3,7,8,0,1,1,1,
2.024E+11,155 752 417,A01,1,37,0,1,2,2,3,1
2.024E+11,155 752 416,A01,2,2,16,0,7,26,3,
2.024E+11,155 752 414,A01,1,7,14,2,7,1,1,
2.024E+11,155 752 415,B01,2,1,14,2,1,1,5,
2.024E+11,155 752 412,A01,2,7,0,2,1,1,1,
2.024E+11,155 752 413,B01,2,80,0,2,8,1,3,
2.024E+11,155 752 410,A01,2,32,0,2,8,1,1,
2.024E+11,155 752 411,B01,2,10,0,2,2,16,1,
2.024E+11,155 752 409,A01,3,7,0,1,1,1,2,
2.024E+11,155 752 408,A01,2,2,0,0,0,1,3,
2.024E+11,155 752 406,A01,2,10,0,0,3,24,1,
2.024E+11,155 752 407,B01,1,1,0,0,3,2,5,
2.024E+11,155 752 405,A01,2,80,0,0,1,21,3,
2.024E+11,155 752 404,A01,2,1,0,1,8,19,5,
2.024E+11,155 752 403,A01,2,31,0,0,0,1,1,
2.024E+11,155 752 402,A01,1,1,0,1,1,1,5,
2.024E+11,155 752 400,A01,3,2,0,2,5,21,3,
2.024E+11,155 752 401,B01,3,14,1,0,4,2,1,
2.024E+11,155 752 398,B01,2,7,0,9,1,1,2,
2.024E+11,155 752 399,A01,1,1,0,2,7,1,5,
2.024E+11,155 752 396,B01,1,80,0,2,1,2,3,
2.024E+11,155 752 397,A01,2,10,0,2,2,20,1,
2.024E+11,155 752 394,B01,3,33,0,2,1,1,1,
2.024E+11,155 752 395,A01,3,7,0,2,1,15,1,
2.024E+11,155 752 392,B01,3,7,0,2,8,2,1,
2.024E+11,155 752 393,A01,3,31,0,2,7,17,1,
2.024E+11,155 752 390,B01,3,1,0,2,7,25,5,
2.024E+11,155 752 391,A01,1,30,0,2,1,25,1,
2.024E+11,155 752 388,A01,1,7,2,0,2,26,1,
2.024E+11,155 752 389,B01,2,7,0,2,1,0,1,
2.024E+11,155 752 386,B01,2,7,1,2,4,23,1,
2.024E+11,155 752 387,A01,2,7,1,2,1,1,1,
2.024E+11,155 752 385,A01,2,3,0,1,1,1,3,
2.024E+11,155 752 383,A01,1,7,0,2,1,15,2,
2.024E+11,155 752 384,B01,1,1,0,2,7,1,5,
2.024E+11,155 752 382,A01,1,50,0,1,1,1,3,
2.024E+11,155 752 380,B01,3,33,0,2,1,0,1,
2.024E+11,155 752 381,A01,3,2,0,2,3,10,1,
2.024E+11,155 752 379,A01,1,32,0,0,0,2,1,
2.024E+11,155 752 377,C01,0,7,1,2,3,24,3,
2.024E+11,155 752 378,A01,1,31,1,0,1,1,1,
2.024E+11,155 752 375,A01,1,10,14,0,5,2,0,
2.024E+11,155 752 376,B01,1,2,0,2,1,2,0,
2.024E+11,155 752 373,A01,1,32,0,2,2,9,1,
2.024E+11,155 752 374,B01,1,7,0,2,3,1,1,
2.024E+11,155 752 371,B01,1,7,0,2,0,0,1,
2.024E+11,155 752 372,A01,2,30,0,0,2,26,1,
2.024E+11,155 752 369,B01,2,60,0,2,1,1,5,
2.024E+11,155 752 370,A01,2,7,0,9,3,20,1,
2.024E+11,155 752 367,A01,1,7,0,2,3,26,1,
2.024E+11,155 752 368,B01,1,33,1,2,1,1,1,
2.024E+11,155 752 365,B01,1,30,0,2,7,9,1,
2.024E+11,155 752 366,A01,1,7,0,2,3,1,2,
2.024E+11,155 752 364,A01,2,30,0,0,8,26,1,
2.024E+11,155 752 363,A01,2,33,0,0,0,1,1,
2.024E+11,155 752 362,A01,1,7,1,0,2,1,1,
2.024E+11,155 752 361,A01,2,2,8,0,0,1,1,
2.024E+11,155 752 359,B01,1,1,0,2,3,15,5,
2.024E+11,155 752 360,A01,1,33,0,2,1,17,1,
2.024E+11,155 752 358,A01,1,33,2,0,1,14,1,
2.024E+11,155 752 357,A01,2,7,11,0,3,1,1,
2.024E+11,155 752 355,B01,3,7,0,2,8,1,1,
2.024E+11,155 752 356,A01,1,99,0,2,1,9,1,
2.024E+11,155 752 353,B01,1,7,0,2,3,0,1,
2.024E+11,155 752 354,A01,2,7,0,2,3,0,1,
2.024E+11,155 752 351,A01,2,10,8,2,2,19,1,
2.024E+11,155 752 352,B01,1,7,0,2,2,1,1,
2.024E+11,155 752 349,A01,1,15,0,2,2,17,1,
2.024E+11,155 752 350,B01,1,7,0,2,6,15,3,
2.024E+11,155 752 346,A01,2,36,7,2,7,19,1,
2.024E+11,155 752 347,C01,1,33,0,2,1,1,1,
2.024E+11,155 752 348,B01,1,33,7,2,1,1,1,
2.024E+11,155 752 344,B01,1,7,0,2,7,16,1,
2.024E+11,155 752 345,A01,1,31,0,2,1,25,1,
2.024E+11,155 752 341,A01,1,31,3,2,0,9,1,
2.024E+11,155 752 342,B01,1,15,0,2,0,1,1,
2.024E+11,155 752 343,C01,1,7,0,2,7,1,1,
2.024E+11,155 752 340,A01,1,7,2,0,2,1,1,
2.024E+11,155 752 339,A01,1,7,17,0,3,13,1,
2.024E+11,155 752 337,A01,1,10,0,2,2,1,1,
2.024E+11,155 752 338,B01,1,7,0,2,1,1,1,
2.024E+11,155 752 336,A01,1,7,1,0,2,1,1,
2.024E+11,155 752 334,B01,0,1,0,0,4,26,5,
2.024E+11,155 752 335,A01,0,7,0,2,3,26,1,
2.024E+11,155 752 332,A01,1,33,0,0,0,1,1,
2.024E+11,155 752 333,B01,2,7,0,0,0,17,1,
2.024E+11,155 752 330,B01,1,2,0,2,1,1,1,
2.024E+11,155 752 331,A01,1,7,0,0,3,19,1,
2.024E+11,155 752 328,A01,2,99,0,2,3,13,1,
2.024E+11,155 752 329,B01,1,10,0,2,3,1,1,
2.024E+11,155 752 327,A01,0,7,6,0,1,0,1,
2.024E+11,155 752 326,A01,1,7,2,0,1,13,1,
2.024E+11,155 752 324,A01,1,7,0,2,1,13,1,
2.024E+11,155 752 325,B01,2,7,0,2,3,1,1,
2.024E+11,155 752 323,A01,3,7,9,1,4,4,1,
2.024E+11,155 752 322,A01,2,7,13,0,1,15,1,
2.024E+11,155 752 319,A01,3,10,0,2,3,16,1,
2.024E+11,155 752 320,B01,0,1,0,2,1,16,5,
2.024E+11,155 752 321,C01,3,1,0,0,0,1,5,
2.024E+11,155 752 317,A01,2,33,10,2,3,9,1,
2.024E+11,155 752 318,B01,2,7,0,2,2,1,1,
2.024E+11,155 752 315,A01,1,7,0,2,3,13,1,
2.024E+11,155 752 316,B01,2,7,0,2,3,1,1,
2.024E+11,155 752 313,A01,2,31,0,2,1,17,1,
2.024E+11,155 752 314,B01,2,21,0,2,6,1,1,
2.024E+11,155 752 312,A01,1,33,0,0,1,1,1,
2.024E+11,155 752 310,A01,1,33,0,2,6,1,1,
2.024E+11,155 752 311,B01,3,10,0,2,2,15,1,
2.024E+11,155 752 308,A01,1,7,0,9,1,0,1,
2.024E+11,155 752 309,B01,1,1,0,0,4,0,5,
2.024E+11,155 752 307,A01,1,10,0,1,1,1,1,
2.024E+11,155 752 306,A01,1,31,2,0,2,1,1,
2.024E+11,155 752 305,A01,2,7,0,1,3,1,1,
2.024E+11,155 752 304,A01,0,7,0,1,2,1,1,
2.024E+11,155 752 302,A01,2,33,0,2,1,1,1,
2.024E+11,155 752 303,B01,1,7,0,2,7,19,1,
2.024E+11,155 752 301,A01,1,80,0,1,0,26,3,
2.024E+11,155 752 300,A01,1,33,8,0,2,1,1,
2.024E+11,155 752 298,B01,2,7,0,2,1,19,1,
2.024E+11,155 752 299,A01,1,7,7,0,3,1,1,
2.024E+11,155 752 297,A01,2,33,4,0,2,1,1,
2.024E+11,155 752 296,A01,1,7,0,0,7,1,1,
2.024E+11,155 752 294,B01,3,7,0,2,8,1,1,
2.024E+11,155 752 295,A01,0,7,0,2,1,19,1,
2.024E+11,155 752 291,B01,1,7,0,2,3,15,1,
2.024E+11,155 752 292,A01,2,7,0,2,3,1,1,
2.024E+11,155 752 293,C01,2,10,0,0,8,23,1,
2.024E+11,155 752 289,A01,1,7,0,2,1,2,1,
2.024E+11,155 752 290,B01,1,7,0,2,4,2,1,
2.024E+11,155 752 288,A01,1,33,1,2,0,1,1,
2.024E+11,155 752 287,A01,2,7,0,2,9,1,1,
2.024E+11,155 752 286,A01,1,7,4,0,0,1,1,
2.024E+11,155 752 284,A01,2,7,0,2,9,21,1,
2.024E+11,155 752 285,B01,2,7,0,2,0,0,1,
2.024E+11,155 752 282,A01,1,31,0,2,3,3,1,
2.024E+11,155 752 283,B01,1,7,0,2,3,12,0,
2.024E+11,155 752 280,B01,2,34,0,2,2,1,1,
2.024E+11,155 752 281,A01,2,7,0,2,3,11,1,
2.024E+11,155 752 278,A01,2,7,0,2,7,12,1,
2.024E+11,155 752 279,B01,2,33,0,2,8,0,1,
2.024E+11,155 752 276,A01,2,7,0,2,8,11,2,
2.024E+11,155 752 277,B01,2,33,0,2,7,3,1,
2.024E+11,155 752 274,A01,2,10,0,2,3,11,1,
2.024E+11,155 752 275,B01,2,33,0,2,7,3,1,
2.024E+11,155 752 272,A01,2,33,0,2,8,3,1,
2.024E+11,155 752 273,B01,2,7,0,2,7,12,1,
2.024E+11,155 752 268,A01,2,37,4,2,3,9,1,1
2.024E+11,155 752 269,B01,2,7,3,2,1,1,1,
2.024E+11,155 752 270,C01,2,10,4,2,7,1,1,
2.024E+11,155 752 271,D01,2,7,4,2,2,1,2,
2.024E+11,155 752 267,A01,2,43,4,2,3,3,1,
2.024E+11,155 752 265,B01,2,7,0,2,7,14,1,
2.024E+11,155 752 266,A01,2,31,0,2,8,2,1,
2.024E+11,155 752 263,A01,1,33,0,2,1,3,1,
2.024E+11,155 752 264,B01,1,7,0,2,4,11,1,
2.024E+11,155 752 260,B01,2,7,0,2,3,2,1,
2.024E+11,155 752 261,C01,2,7,0,2,8,1,1,
2.024E+11,155 752 262,A01,2,10,4,0,1,26,1,
2.024E+11,155 752 258,B01,3,34,0,2,1,17,0,
2.024E+11,155 752 259,A01,3,7,0,2,8,13,0,
2.024E+11,155 752 257,A01,0,0,0,1,1,0,-1,
2.024E+11,155 752 256,A01,2,7,0,1,1,1,1,
2.024E+11,155 752 255,A01,0,3,0,0,9,1,1,
2.024E+11,155 752 253,A01,2,33,0,2,7,1,1,
2.024E+11,155 752 254,B01,1,7,0,2,5,15,1,
2.024E+11,155 752 252,A01,2,7,13,0,1,1,1,
2.024E+11,155 752 250,A01,1,7,0,2,1,1,2,
2.024E+11,155 752 251,B01,2,7,0,2,1,19,1,
2.024E+11,155 752 248,A01,1,10,0,2,2,9,1,
2.024E+11,155 752 249,B01,1,31,0,2,3,1,1,
2.024E+11,155 752 245,A01,1,7,0,2,1,26,1,
2.024E+11,155 752 246,B01,1,7,0,2,4,1,1,
2.024E+11,155 752 247,C01,1,7,0,2,4,1,1,
2.024E+11,155 752 243,A01,3,7,0,2,2,1,1,
2.024E+11,155 752 244,B01,3,50,0,2,8,1,3,
2.024E+11,155 752 242,Z01,3,31,0,1,4,25,1,
2.024E+11,155 752 240,A01,1,7,0,9,3,1,3,
2.024E+11,155 752 241,B01,1,1,0,2,8,19,5,
2.024E+11,155 752 238,B01,1,7,0,0,0,2,1,
2.024E+11,155 752 239,A01,1,2,3,0,7,18,1,
2.024E+11,155 752 236,A01,1,10,0,2,0,0,1,
2.024E+11,155 752 237,B01,1,2,0,2,0,0,1,
2.024E+11,155 752 235,A01,2,50,0,1,1,1,3,
2.024E+11,155 752 234,A01,1,7,0,1,0,26,1,
2.024E+11,155 752 233,A01,2,0,0,0,0,16,1,
2.024E+11,155 752 232,A01,2,7,2,0,1,1,1,
2.024E+11,155 752 230,A01,1,7,0,2,3,13,1,
2.024E+11,155 752 231,B01,2,17,0,2,3,1,1,
2.024E+11,155 752 228,A01,3,7,0,2,1,9,1,
2.024E+11,155 752 229,B01,3,50,0,2,7,0,3,
2.024E+11,155 752 226,A01,2,7,0,2,8,11,1,
2.024E+11,155 752 227,B01,2,33,0,2,7,1,1,
2.024E+11,155 752 225,A01,1,7,13,0,1,0,1,
2.024E+11,155 752 223,A01,2,7,0,2,7,13,1,
2.024E+11,155 752 224,B01,1,33,0,2,7,1,1,
2.024E+11,155 752 221,A01,3,7,0,9,1,9,1,
2.024E+11,155 752 222,B01,0,50,0,2,7,0,3,
2.024E+11,155 752 220,A01,1,33,0,6,1,1,1,
2.024E+11,155 752 219,A01,2,33,0,0,0,1,1,
2.024E+11,155 752 218,A01,1,30,0,0,7,18,1,
2.024E+11,155 752 214,A01,2,7,0,2,2,15,3,
2.024E+11,155 752 216,B01,1,7,0,2,1,1,1,
2.024E+11,155 752 213,A01,1,1,12,0,1,2,5,
2.024E+11,155 752 212,A01,2,7,13,0,8,13,1,
2.024E+11,155 752 209,B01,2,21,0,9,8,23,0,
2.024E+11,155 752 211,A01,2,33,0,2,1,1,1,
2.024E+11,155 752 210,A01,2,7,6,0,1,1,1,
2.024E+11,155 752 206,A01,0,7,6,2,7,1,1,
2.024E+11,155 752 208,B01,0,7,6,2,1,0,1,
2.024E+11,155 752 205,B01,2,7,0,2,3,1,1,
2.024E+11,155 752 207,Z01,3,7,0,2,1,16,0,
2.024E+11,155 752 204,A01,2,43,11,0,1,2,1,
2.024E+11,155 752 202,B01,1,31,0,2,1,1,1,
2.024E+11,155 752 203,A01,2,7,0,2,2,15,1,
2.024E+11,155 752 200,A01,1,7,0,2,3,15,1,
2.024E+11,155 752 201,B01,2,33,0,2,1,1,1,
2.024E+11,155 752 199,P01,3,7,0,2,0,1,6,
2.024E+11,155 752 196,A01,3,21,0,2,3,1,0,
2.024E+11,155 752 198,B01,0,7,0,2,3,1,1,
2.024E+11,155 752 197,A01,0,10,0,1,1,15,1,
2.024E+11,155 752 192,A01,2,33,0,2,1,1,1,
2.024E+11,155 752 195,B01,2,33,0,2,8,10,1,
2.024E+11,155 752 190,A01,1,10,13,0,3,13,1,
2.024E+11,155 752 189,A01,2,10,0,2,3,1,1,
2.024E+11,155 752 191,B01,1,80,0,2,7,1,3,
2.024E+11,155 752 187,A01,2,7,0,2,1,2,1,
2.024E+11,155 752 188,B01,2,3,13,0,4,2,1,
2.024E+11,155 752 186,A01,3,7,0,1,3,1,1,
2.024E+11,155 752 183,A01,1,7,3,2,1,5,1,
2.024E+11,155 752 185,B01,2,15,0,2,2,1,1,
2.024E+11,155 752 182,Z01,2,7,0,2,1,1,0,
2.024E+11,155 752 184,A01,2,50,0,2,7,1,3,
2.024E+11,155 752 179,B01,2,7,0,2,6,24,1,
2.024E+11,155 752 181,A01,1,7,14,2,1,1,1,
2.024E+11,155 752 178,B01,1,7,0,2,1,1,1,
2.024E+11,155 752 180,A01,2,7,0,2,1,17,1,
2.024E+11,155 752 177,WX01,0,1,0,0,2,26,5,
2.024E+11,155 752 175,B01,2,10,0,0,5,23,1,
2.024E+11,155 752 176,A01,2,33,0,2,1,1,1,
2.024E+11,155 752 174,A01,2,7,0,1,1,1,1,
2.024E+11,155 752 173,A01,1,7,0,1,2,0,1,
2.024E+11,155 752 170,A01,1,7,2,0,1,0,0,
2.024E+11,155 752 171,B01,2,10,0,2,4,23,1,
2.024E+11,155 752 172,A01,2,7,0,2,1,2,1,
2.024E+11,155 752 166,B01,1,7,0,2,5,2,1,
2.024E+11,155 752 168,A01,1,33,0,2,1,2,1,
2.024E+11,155 752 167,B01,2,7,0,2,8,15,1,
2.024E+11,155 752 169,A01,2,33,0,2,1,17,1,
2.024E+11,155 752 159,C01,2,13,0,2,8,23,0,
2.024E+11,155 752 161,A01,2,17,1,1,2,1,1,
2.024E+11,155 752 158,A01,1,2,0,2,1,1,1,
2.024E+11,155 752 160,B01,3,7,0,2,8,19,1,
2.024E+11,155 752 157,A01,2,7,13,0,2,0,2,
2.024E+11,155 752 155,A01,3,7,0,2,1,16,1,
2.024E+11,155 752 156,Y01,3,50,0,2,7,19,3,
2.024E+11,155 752 152,A01,2,7,0,2,2,15,1,
2.024E+11,155 752 153,B01,1,30,0,2,1,1,1,
2.024E+11,155 752 150,A01,1,7,0,2,1,1,1,
2.024E+11,155 752 154,B01,1,7,0,2,8,15,1,
2.024E+11,155 752 149,B01,1,7,0,2,5,1,1,
2.024E+11,155 752 151,A01,1,7,0,2,1,1,1,
2.024E+11,155 752 147,A01,2,7,3,2,1,2,2,
2.024E+11,155 752 148,B01,2,17,0,2,4,2,1,
2.024E+11,155 752 145,A01,2,7,0,2,2,2,1,
2.024E+11,155 752 146,B01,2,7,0,2,5,1,1,
2.024E+11,155 752 143,A01,2,2,0,2,2,17,1,
2.024E+11,155 752 144,B01,2,7,0,2,3,15,1,
2.024E+11,155 752 141,B01,3,37,0,2,3,1,1,1
2.024E+11,155 752 142,A01,3,7,0,2,7,16,1,
2.024E+11,155 752 139,A01,2,7,0,0,6,2,1,
2.024E+11,155 752 140,B01,2,7,3,2,2,11,1,
2.024E+11,155 752 137,A01,1,33,0,2,1,3,1,
2.024E+11,155 752 138,B01,3,7,0,2,1,9,1,
2.024E+11,155 752 135,A01,2,15,0,2,4,2,1,
2.024E+11,155 752 136,B01,2,7,0,2,1,2,1,
2.024E+11,155 752 134,A01,1,31,0,0,3,15,1,
2.024E+11,155 752 131,A01,1,17,0,2,2,12,1,
2.024E+11,155 752 133,B01,1,7,0,2,6,1,1,
2.024E+11,155 752 130,A01,1,7,0,2,1,2,1,
2.024E+11,155 752 132,B01,1,7,0,2,4,2,1,
2.024E+11,155 752 128,A01,3,34,0,1,0,1,0,
2.024E+11,155 752 127,B01,2,7,0,2,3,15,1,
2.024E+11,155 752 129,A01,2,43,0,2,3,17,1,
2.024E+11,155 752 124,B01,2,7,0,0,1,0,1,
2.024E+11,155 752 125,A01,2,7,0,2,4,5,1,
2.024E+11,155 752 123,A01,2,10,0,2,2,12,1,
2.024E+11,155 752 126,B01,2,37,0,0,6,1,1,1
2.024E+11,155 752 120,A01,1,7,6,0,1,26,1,
2.024E+11,155 752 119,A01,2,7,0,0,6,1,1,
2.024E+11,155 752 121,B01,2,7,0,2,1,1,1,
2.024E+11,155 752 116,B01,2,33,0,2,1,1,1,
2.024E+11,155 752 118,A01,1,10,0,2,5,15,1,
2.024E+11,155 752 115,A01,1,7,0,2,1,13,1,
2.024E+11,155 752 117,B01,2,7,0,2,1,1,1,
2.024E+11,155 752 113,A01,3,10,0,9,1,11,1,
2.024E+11,155 752 114,B01,3,1,0,2,8,19,5,
2.024E+11,155 752 112,A01,0,7,0,1,3,15,1,
2.024E+11,155 752 111,A01,3,2,0,1,8,1,3,
2.024E+11,155 752 109,B01,2,7,0,2,3,0,1,
2.024E+11,155 752 110,A01,1,7,2,2,1,14,1,
2.024E+11,155 752 108,A01,2,7,0,1,3,1,1,
2.024E+11,155 752 107,A01,1,7,2,0,1,1,1,
2.024E+11,155 752 104,B01,3,14,0,2,8,26,1,
2.024E+11,155 752 106,A01,3,7,1,0,1,1,1,
2.024E+11,155 752 105,A01,1,33,0,0,0,1,1,
2.024E+11,155 752 102,A01,3,99,0,1,1,26,0,
2.024E+11,155 752 100,C01,2,14,0,2,6,20,1,
2.024E+11,155 752 101,A01,2,7,0,2,6,17,1,
2.024E+11,155 752 103,B01,1,7,0,2,3,1,1,
2.024E+11,155 752 097,A01,2,7,0,2,2,15,1,
2.024E+11,155 752 099,B01,1,10,0,2,6,1,1,
2.024E+11,155 752 096,B01,1,30,0,2,1,1,1,
2.024E+11,155 752 098,A01,1,7,0,2,6,20,1,
2.024E+11,155 752 095,A01,1,1,0,1,1,1,5,
2.024E+11,155 752 092,A01,2,7,0,2,2,13,1,
2.024E+11,155 752 094,B01,1,7,0,2,2,1,1,
2.024E+11,155 752 091,B01,2,7,0,2,4,1,1,
2.024E+11,155 752 093,A01,2,7,0,2,1,1,1,
2.024E+11,155 752 089,B01,1,7,0,2,1,1,1,
2.024E+11,155 752 090,A01,2,7,0,2,1,13,1,
2.024E+11,155 752 086,B01,3,7,0,2,1,0,1,
2.024E+11,155 752 088,A01,2,1,0,2,1,19,5,
2.024E+11,155 752 085,A01,2,7,13,0,3,13,1,
2.024E+11,155 752 087,B01,1,7,0,0,6,1,1,
2.024E+11,155 752 083,B01,1,1,0,0,0,16,5,
2.024E+11,155 752 082,A01,2,10,0,2,7,9,1,
2.024E+11,155 752 084,B01,3,33,0,2,1,1,1,
2.024E+11,155 752 079,B01,1,7,0,2,4,9,1,
2.024E+11,155 752 080,A01,1,7,0,2,1,9,2,
2.024E+11,155 752 078,B01,1,31,0,2,1,1,1,
2.024E+11,155 752 081,A01,3,7,0,2,1,19,1,
2.024E+11,155 752 076,A01,3,7,0,9,1,1,1,
2.024E+11,155 752 077,B01,3,50,0,2,7,19,3,
2.024E+11,155 752 075,A01,1,7,16,0,0,26,1,
2.024E+11,155 752 074,A01,3,17,0,0,7,26,1,
2.024E+11,155 752 070,A01,0,32,0,2,2,1,1,
2.024E+11,155 752 072,B01,0,7,0,2,3,15,2,
2.024E+11,155 752 071,B01,2,7,0,2,4,1,1,
2.024E+11,155 752 073,A01,2,7,0,2,1,1,1,
2.024E+11,155 752 068,A01,2,7,0,1,0,1,1,
2.024E+11,155 752 066,A01,1,7,0,2,8,11,1,
2.024E+11,155 752 067,C01,1,7,0,2,8,1,1,
2.024E+11,155 752 069,B01,1,33,0,2,7,1,1,
2.024E+11,155 752 065,A01,1,7,2,0,1,1,1,
2.024E+11,155 752 062,A01,2,33,0,2,1,9,1,
2.024E+11,155 752 064,B01,2,10,0,2,7,1,1,
2.024E+11,155 752 061,A01,1,10,0,2,8,1,1,
2.024E+11,155 752 063,B01,3,1,0,2,1,9,5,
2.024E+11,155 752 059,B01,2,7,0,2,4,23,1,
2.024E+11,155 752 060,A01,2,10,0,2,1,1,1,
2.024E+11,155 752 055,B01,2,33,3,2,7,2,1,
2.024E+11,155 752 057,A01,2,7,4,2,8,13,1,
2.024E+11,155 752 054,C01,2,80,0,2,1,1,2,
2.024E+11,155 752 056,A01,2,7,0,2,8,24,1,
2.024E+11,155 752 058,B01,2,80,0,2,1,1,2,
2.024E+11,155 752 049,A01,1,7,0,2,5,12,1,
2.024E+11,155 752 051,B01,1,7,0,2,3,1,1,
2.024E+11,155 752 053,C01,1,7,0,2,1,1,1,
2.024E+11,155 752 050,B01,1,33,0,2,7,1,1,
2.024E+11,155 752 052,A01,1,7,0,2,3,15,1,
2.024E+11,155 752 048,A01,1,7,13,0,1,1,1,
2.024E+11,155 752 046,B01,2,1,0,2,7,14,5,
2.024E+11,155 752 047,A01,2,1,0,2,3,18,5,
2.024E+11,155 752 044,A01,1,7,0,2,1,2,1,
2.024E+11,155 752 045,B01,1,7,0,2,4,2,1,
2.024E+11,155 752 041,A01,2,7,0,2,2,11,1,
2.024E+11,155 752 043,B01,1,7,0,2,8,1,2,
2.024E+11,155 752 040,A01,1,7,0,2,1,21,1,
2.024E+11,155 752 042,B01,1,7,0,0,0,0,1,
2.024E+11,155 752 038,A01,2,33,0,2,1,1,1,
2.024E+11,155 752 039,B01,2,7,0,2,4,1,3,
2.024E+11,155 752 036,B01,1,15,0,2,2,0,1,
2.024E+11,155 752 037,A01,1,7,0,2,0,0,1,
2.024E+11,155 752 034,B01,2,10,0,2,5,2,1,
2.024E+11,155 752 035,A01,2,10,0,2,1,2,1,
2.024E+11,155 752 033,A01,1,32,0,0,0,26,3,
2.024E+11,155 752 031,A01,2,33,0,2,1,1,1,
2.024E+11,155 752 032,B01,2,7,0,2,4,1,1,
2.024E+11,155 752 029,A01,1,10,1,0,2,1,1,
2.024E+11,155 752 030,B01,1,17,0,2,6,23,1,
2.024E+11,155 752 027,B01,1,33,0,2,1,17,1,
2.024E+11,155 752 028,A01,1,7,0,2,5,13,1,
2.024E+11,155 752 026,A01,2,7,0,1,3,1,1,
2.024E+11,155 752 024,A01,2,7,0,2,2,1,1,
2.024E+11,155 752 025,C01,3,2,0,2,8,16,1,
2.024E+11,155 752 023,A01,1,7,0,9,3,2,1,
2.024E+11,155 752 021,A01,1,7,3,2,1,1,1,
2.024E+11,155 752 022,B01,2,7,0,2,1,1,1,
2.024E+11,155 752 020,A01,0,36,12,0,1,1,1,
2.024E+11,155 752 019,A01,1,33,1,0,1,14,1,
2.024E+11,155 752 017,A01,1,7,3,0,3,1,1,
2.024E+11,155 752 018,B01,1,7,0,2,2,9,1,
2.024E+11,155 752 016,A01,2,7,2,0,1,1,1,
2.024E+11,155 752 014,B01,2,33,0,2,1,1,1,
2.024E+11,155 752 015,A01,2,7,0,2,1,15,1,
2.024E+11,155 752 013,Z01,3,7,0,1,1,0,0,
2.024E+11,155 752 012,A01,3,10,0,1,5,15,1,
2.024E+11,155 752 011,A01,3,7,0,1,2,19,1,
2.024E+11,155 752 009,A01,1,33,1,0,1,21,1,
2.024E+11,155 752 010,B01,2,7,0,2,3,26,1,
2.024E+11,155 752 007,B01,3,7,0,2,1,1,1,
2.024E+11,155 752 008,A01,3,7,0,2,3,15,1,
2.024E+11,155 752 005,B01,1,7,0,2,1,1,1,
2.024E+11,155 752 006,A01,2,10,0,2,1,17,1,