Num_Acc,id_vehicule,num_veh,senc,catv,obs,obsm,choc,manv,motor,occutc
2.024E+11,155 751 538,B01,2,7,0,2,3,1,1,
2.024E+11,155 751 533,B01,1,33,0,2,1,15,0,
2.024E+11,155 751 535,A01,1,33,0,2,1,1,1,
2.024E+11,155 751 534,A01,1,7,0,1,1,1,1,
2.024E+11,155 751 531,A01,2,33,0,2,3,13,1,
2.024E+11,155 751 532,B01,1,10,0,2,2,1,1,
2.024E+11,155 751 527,A01,2,7,0,2,1,13,1,
2.024E+11,155 751 528,B01,1,7,0,2,1,1,1,
2.024E+11,155 751 526,A01,2,7,13,0,9,1,1,
2.024E+11,155 751 525,A01,1,2,0,0,0,1,1,
2.024E+11,155 751 523,A01,2,7,0,2,3,9,1,
2.024E+11,155 751 524,B01,2,50,0,2,0,1,3,
2.024E+11,155 751 522,A01,3,7,2,0,1,0,1,
2.024E+11,155 751 521,A01,1,7,0,0,9,1,1,
2.024E+11,155 751 519,A01,3,7,15,0,2,26,2,
2.024E+11,155 751 518,B01,1,21,0,2,1,1,1,
2.024E+11,155 751 520,A01,1,7,0,2,8,19,1,
2.024E+11,155 751 517,A01,0,50,0,0,0,14,3,
2.024E+11,155 751 515,B01,3,50,0,2,1,16,3,
2.024E+11,155 751 516,A01,0,7,0,2,1,1,1,
2.024E+11,155 751 512,A01,1,33,0,0,0,1,1,
2.024E+11,155 751 511,C01,1,13,0,2,4,1,1,
2.024E+11,155 751 513,A01,1,10,0,2,1,26,1,
2.024E+11,155 751 514,B01,1,7,0,2,4,2,1,
2.024E+11,155 751 509,A01,0,7,0,2,4,4,1,
2.024E+11,155 751 508,A01,1,10,0,2,3,13,1,
2.024E+11,155 751 510,B01,2,7,0,2,3,1,1,
2.024E+11,155 751 506,A01,0,7,0,2,1,1,1,
2.024E+11,155 751 507,B01,0,7,0,2,3,20,1,
2.024E+11,155 751 504,A01,1,10,0,2,3,0,1,
2.024E+11,155 751 505,B01,0,1,0,2,4,19,5,
2.024E+11,155 751 502,B01,2,7,0,2,3,19,1,
2.024E+11,155 751 503,A01,2,7,0,2,1,19,1,
2.024E+11,155 751 499,B01,2,30,0,2,1,1,1,
2.024E+11,155 751 501,A01,2,7,0,2,0,16,1,
2.024E+11,155 751 498,A01,2,7,0,2,1,1,1,
2.024E+11,155 751 500,B01,1,15,0,2,3,1,1,
2.024E+11,155 751 495,B01,3,7,0,2,4,2,1,
2.024E+11,155 751 497,A01,3,30,0,2,1,2,1,
2.024E+11,155 751 493,A01,2,10,0,2,1,2,1,
2.024E+11,155 751 494,B01,2,10,0,2,4,2,1,
2.024E+11,155 751 496,C01,2,7,0,2,4,2,1,
2.024E+11,155 751 491,A01,2,1,0,2,1,5,5,
2.024E+11,155 751 492,B01,1,7,0,2,2,1,1,
2.024E+11,155 751 490,A01,2,10,0,2,0,0,1,
2.024E+11,155 751 487,B01,2,33,0,2,2,3,1,
2.024E+11,155 751 488,A01,2,10,0,2,8,11,1,
2.024E+11,155 751 486,A01,2,7,0,2,7,9,1,
2.024E+11,155 751 489,B01,2,31,0,2,1,1,1,
2.024E+11,155 751 483,A01,1,7,0,2,1,5,1,
2.024E+11,155 751 484,B01,1,7,0,2,0,0,1,
2.024E+11,155 751 481,A01,2,33,0,0,3,0,1,
2.024E+11,155 751 482,A01,3,33,0,2,3,2,1,
2.024E+11,155 751 485,B01,3,7,0,2,5,2,1,
2.024E+11,155 751 479,A01,1,10,0,2,1,2,0,
2.024E+11,155 751 480,B01,1,7,0,2,4,1,0,
2.024E+11,155 751 476,B01,2,33,0,2,1,3,1,
2.024E+11,155 751 477,C01,2,7,0,2,5,1,1,
2.024E+11,155 751 478,A01,2,10,0,2,3,11,1,
2.024E+11,155 751 472,A01,1,7,0,2,1,16,1,
2.024E+11,155 751 475,B01,2,7,0,2,8,1,1,
2.024E+11,155 751 473,B01,1,7,0,2,5,2,0,
2.024E+11,155 751 474,A01,1,33,0,2,2,3,1,
2.024E+11,155 751 469,B01,2,10,1,2,1,2,1,
2.024E+11,155 751 471,A01,2,7,0,2,2,23,1,
2.024E+11,155 751 468,B01,2,37,0,2,7,1,1,2
2.024E+11,155 751 470,A01,2,14,0,2,4,4,1,
2.024E+11,155 751 464,A01,1,33,4,0,0,1,1,
2.024E+11,155 751 462,A01,1,10,0,2,1,2,1,
2.024E+11,155 751 463,B01,1,10,0,2,4,23,1,
2.024E+11,155 751 465,C01,1,7,0,2,4,23,2,
2.024E+11,155 751 466,D01,1,7,0,2,4,23,1,
2.024E+11,155 751 467,E01,1,7,0,2,4,23,2,
2.024E+11,155 751 460,A01,1,7,0,2,1,10,1,
2.024E+11,155 751 461,B01,2,31,0,2,1,1,1,
2.024E+11,155 751 457,A01,2,10,0,2,6,12,1,
2.024E+11,155 751 458,B01,0,7,0,2,6,1,1,
2.024E+11,155 751 456,B01,1,7,0,2,2,1,1,
2.024E+11,155 751 459,A01,1,1,0,2,8,15,5,
2.024E+11,155 751 452,A01,2,7,0,2,1,1,1,
2.024E+11,155 751 453,B01,2,7,0,2,4,1,1,
2.024E+11,155 751 455,C01,2,7,0,0,4,1,1,
2.024E+11,155 751 451,Z01,3,7,0,1,2,1,0,
2.024E+11,155 751 448,B01,2,7,0,0,4,2,1,
2.024E+11,155 751 450,A01,2,7,0,2,1,2,1,
2.024E+11,155 751 446,A01,3,30,0,2,1,2,1,
2.024E+11,155 751 447,B01,3,30,0,2,4,2,1,
2.024E+11,155 751 449,C01,3,30,16,0,0,0,1,
2.024E+11,155 751 444,A01,1,7,0,1,1,16,1,
2.024E+11,155 751 442,A01,2,7,0,2,2,14,1,
2.024E+11,155 751 443,B01,2,7,0,2,4,1,1,
2.024E+11,155 751 445,C01,2,7,4,2,5,1,1,
2.024E+11,155 751 441,A01,2,7,0,1,1,1,1,
2.024E+11,155 751 438,B01,1,7,0,2,4,1,1,
2.024E+11,155 751 439,A01,1,7,0,2,1,0,0,
2.024E+11,155 751 437,B01,2,7,0,2,4,0,1,
2.024E+11,155 751 440,A01,2,7,0,2,1,0,1,
2.024E+11,155 751 433,A01,1,7,0,1,2,1,1,
2.024E+11,155 751 434,A01,1,7,4,0,7,13,4,
2.024E+11,155 751 430,A01,3,7,0,2,1,19,1,
2.024E+11,155 751 432,B01,3,33,0,2,7,17,1,
2.024E+11,155 751 428,B01,2,7,0,2,3,2,1,
2.024E+11,155 751 429,A01,2,7,0,2,1,17,1,
2.024E+11,155 751 431,C01,2,7,0,2,3,2,1,
2.024E+11,155 751 426,A01,1,32,0,2,1,3,1,
2.024E+11,155 751 427,B01,2,7,0,2,1,15,1,
2.024E+11,155 751 425,A01,2,0,0,1,0,0,0,
2.024E+11,155 751 423,A01,2,7,0,2,1,5,1,
2.024E+11,155 751 424,B01,1,7,0,2,1,1,1,
2.024E+11,155 751 422,A01,0,7,0,1,1,12,0,
2.024E+11,155 751 420,A01,1,7,0,1,4,20,1,
2.024E+11,155 751 418,A01,1,14,0,2,5,16,1,
2.024E+11,155 751 419,C01,3,33,0,2,1,24,1,
2.024E+11,155 751 421,B01,1,7,14,0,3,16,1,
2.024E+11,155 751 414,A01,1,7,0,2,3,15,0,
2.024E+11,155 751 416,B01,1,33,0,2,1,1,0,
2.024E+11,155 751 415,B01,2,1,0,2,0,1,5,
2.024E+11,155 751 417,A01,1,7,0,2,0,13,1,
2.024E+11,155 751 412,B01,1,33,0,2,1,1,1,
2.024E+11,155 751 413,A01,1,7,0,2,1,26,1,
2.024E+11,155 751 410,B01,1,1,0,2,0,1,5,
2.024E+11,155 751 411,A01,2,1,0,2,0,1,5,
2.024E+11,155 751 408,Z01,3,7,0,2,0,13,0,
2.024E+11,155 751 409,B01,3,7,0,2,3,1,1,
2.024E+11,155 751 405,B01,1,60,0,2,0,1,5,
2.024E+11,155 751 407,A01,1,7,0,2,0,20,1,
2.024E+11,155 751 404,A01,2,7,0,2,6,0,1,
2.024E+11,155 751 406,B01,2,2,0,2,1,2,1,
2.024E+11,155 751 403,A01,1,7,0,1,1,9,0,
2.024E+11,155 751 402,A01,3,7,0,1,1,13,1,
2.024E+11,155 751 400,B01,3,7,0,2,4,2,1,
2.024E+11,155 751 401,A01,1,10,0,2,1,2,1,
2.024E+11,155 751 399,A01,2,7,15,0,1,13,1,
2.024E+11,155 751 397,A01,3,7,0,1,3,26,0,
2.024E+11,155 751 396,A01,1,7,0,2,3,15,1,
2.024E+11,155 751 398,B01,1,31,0,2,1,1,1,
2.024E+11,155 751 392,A01,1,7,0,2,1,2,1,
2.024E+11,155 751 393,B01,2,31,0,2,2,0,1,
2.024E+11,155 751 394,C01,2,7,0,2,3,23,1,
2.024E+11,155 751 395,A01,2,7,0,9,2,19,1,
2.024E+11,155 751 391,A01,1,7,1,0,1,14,1,
2.024E+11,155 751 390,A01,2,7,8,0,3,13,1,
2.024E+11,155 751 389,A01,2,99,0,9,1,26,1,
2.024E+11,155 751 388,A01,3,10,0,1,1,16,0,
2.024E+11,155 751 386,A01,2,7,0,2,3,13,2,
2.024E+11,155 751 387,B01,1,7,0,2,3,1,1,
2.024E+11,155 751 385,A01,1,7,0,1,3,16,2,
2.024E+11,155 751 383,A01,1,7,0,2,3,26,1,
2.024E+11,155 751 384,B01,1,7,0,2,4,21,1,
2.024E+11,155 751 380,A01,2,7,0,2,2,16,1,
2.024E+11,155 751 382,B01,2,32,0,2,1,1,1,
2.024E+11,155 751 379,A01,2,1,0,2,8,11,5,
2.024E+11,155 751 381,B01,2,7,0,2,2,1,1,
2.024E+11,155 751 375,A01,1,7,0,2,2,1,1,
2.024E+11,155 751 378,B01,1,2,0,2,3,1,3,
2.024E+11,155 751 376,A01,1,1,0,2,1,1,5,
2.024E+11,155 751 377,B01,1,7,0,2,1,1,2,
2.024E+11,155 751 372,A01,1,2,0,0,0,14,3,
2.024E+11,155 751 371,A01,3,7,0,1,1,1,1,
2.024E+11,155 751 369,A01,3,13,0,2,2,2,1,
2.024E+11,155 751 370,B01,3,34,0,2,6,0,1,
2.024E+11,155 751 368,A01,3,7,15,0,1,9,1,
2.024E+11,155 751 366,A01,0,7,0,0,1,13,1,
2.024E+11,155 751 365,A01,2,7,0,2,8,10,1,
2.024E+11,155 751 367,B01,2,7,0,2,2,1,2,
2.024E+11,155 751 364,A01,0,7,8,0,1,1,1,
2.024E+11,155 751 361,A01,3,10,0,1,1,1,1,
2.024E+11,155 751 362,B01,3,10,0,2,1,1,1,
2.024E+11,155 751 363,A01,3,10,8,2,3,14,1,
2.024E+11,155 751 360,A01,3,31,0,1,1,25,0,
2.024E+11,155 751 359,A01,1,7,0,1,8,1,1,
2.024E+11,155 751 356,A01,1,33,4,0,1,13,1,
2.024E+11,155 751 353,B01,3,7,0,2,3,1,1,
2.024E+11,155 751 355,A01,3,7,0,2,8,1,1,
2.024E+11,155 751 354,A01,2,30,0,1,1,17,1,
2.024E+11,155 751 352,A01,3,1,14,0,1,1,5,
2.024E+11,155 751 351,A01,2,7,0,0,2,1,1,
2.024E+11,155 751 348,A01,3,7,0,2,1,2,1,
2.024E+11,155 751 349,B01,3,7,0,2,4,1,1,
2.024E+11,155 751 350,A01,1,7,15,0,1,2,1,
2.024E+11,155 751 347,A01,0,1,0,0,1,1,5,
2.024E+11,155 751 344,B01,0,7,0,2,0,1,1,
2.024E+11,155 751 345,A01,0,7,0,2,1,15,1,
2.024E+11,155 751 342,A01,1,7,0,1,1,1,1,
2.024E+11,155 751 341,A01,1,7,0,0,9,0,1,
2.024E+11,155 751 343,A01,1,7,0,0,4,26,1,
2.024E+11,155 751 346,B01,1,7,0,2,1,2,2,
2.024E+11,155 751 340,A01,2,7,0,1,1,1,6,
2.024E+11,155 751 336,A01,3,99,0,2,3,15,1,
2.024E+11,155 751 338,B01,3,30,0,2,2,17,1,
2.024E+11,155 751 335,A01,1,7,1,0,2,14,1,
2.024E+11,155 751 332,A01,1,7,0,2,1,16,1,
2.024E+11,155 751 331,A01,1,7,9,0,1,20,1,
2.024E+11,155 751 334,B01,3,7,16,0,0,0,1,
2.024E+11,155 751 330,A01,1,50,12,0,0,2,3,
2.024E+11,155 751 326,A01,1,7,0,2,0,0,0,
2.024E+11,155 751 328,B01,2,10,0,2,0,0,0,
2.024E+11,155 751 322,A01,2,10,0,1,6,4,1,
2.024E+11,155 751 321,B01,3,7,0,2,3,1,1,
2.024E+11,155 751 324,Z01,3,7,0,2,1,5,1,
2.024E+11,155 751 320,B01,3,2,0,2,1,1,1,
2.024E+11,155 751 323,A01,3,7,0,2,1,13,1,
2.024E+11,155 751 316,B01,1,33,0,2,7,23,1,
2.024E+11,155 751 318,A01,1,34,0,2,8,18,1,
2.024E+11,155 751 315,B01,3,33,0,2,7,15,1,
2.024E+11,155 751 319,A01,3,7,0,2,3,15,2,
2.024E+11,155 751 314,A01,1,7,0,2,7,16,2,
2.024E+11,155 751 317,B01,1,34,0,2,8,1,1,
2.024E+11,155 751 312,A01,1,7,3,1,1,1,1,
2.024E+11,155 751 310,A01,1,7,0,2,7,15,1,
2.024E+11,155 751 313,B01,2,33,0,2,1,1,1,
2.024E+11,155 751 309,A01,1,7,0,9,2,16,2,
2.024E+11,155 751 311,B01,1,50,0,2,3,1,3,
2.024E+11,155 751 307,A01,1,7,0,2,8,16,1,
2.024E+11,155 751 308,B01,1,1,0,2,7,1,5,
2.024E+11,155 751 306,A01,2,7,0,1,1,1,1,
2.024E+11,155 751 305,A01,1,7,0,1,3,1,1,
2.024E+11,155 751 304,A01,3,7,5,0,4,10,1,
2.024E+11,155 751 303,A01,0,37,0,1,6,1,3,1
2.024E+11,155 751 301,A01,1,7,2,0,1,26,1,
2.024E+11,155 751 299,A01,1,7,0,2,5,26,1,
2.024E+11,155 751 302,B01,2,17,15,2,3,21,1,
2.024E+11,155 751 298,A01,1,7,0,2,1,2,1,
2.024E+11,155 751 300,B01,1,7,0,2,4,2,1,
2.024E+11,155 751 297,A01,2,7,0,1,1,1,1,
2.024E+11,155 751 296,A01,2,10,5,0,3,13,1,
2.024E+11,155 751 294,A01,2,33,0,2,1,2,1,
2.024E+11,155 751 295,B01,2,33,0,2,4,2,1,
2.024E+11,155 751 292,A01,1,7,0,2,1,15,1,
2.024E+11,155 751 293,B01,2,1,0,2,8,1,5,
2.024E+11,155 751 290,A01,3,7,0,2,1,1,1,
2.024E+11,155 751 291,B01,0,31,0,2,8,26,1,
2.024E+11,155 751 288,A01,3,7,0,2,3,11,2,
2.024E+11,155 751 289,B01,0,2,0,2,7,2,3,
2.024E+11,155 751 287,A01,3,7,0,1,1,15,2,
2.024E+11,155 751 285,A01,1,7,0,2,3,1,1,
2.024E+11,155 751 286,B01,2,7,0,2,3,13,1,
2.024E+11,155 751 283,A01,2,7,0,2,8,10,1,
2.024E+11,155 751 284,B01,2,33,0,2,1,2,1,
2.024E+11,155 751 282,A01,3,7,0,1,1,15,1,
2.024E+11,155 751 280,A01,1,1,12,0,1,9,5,
2.024E+11,155 751 278,A01,0,7,0,2,3,1,1,
2.024E+11,155 751 281,B01,0,7,0,2,3,1,1,
2.024E+11,155 751 277,B01,2,10,0,0,0,0,0,
2.024E+11,155 751 279,A01,2,7,0,0,4,1,1,
2.024E+11,155 751 274,A01,2,7,0,2,1,15,1,
2.024E+11,155 751 276,B01,1,1,0,2,1,1,5,
2.024E+11,155 751 275,A01,1,43,7,0,1,9,1,
2.024E+11,155 751 273,A01,2,7,6,0,3,13,1,
2.024E+11,155 751 268,C01,3,1,0,2,1,2,5,
2.024E+11,155 751 271,A01,3,1,0,2,4,14,5,
2.024E+11,155 751 272,B01,3,1,0,2,4,2,5,
2.024E+11,155 751 270,A01,1,7,0,1,1,1,1,
2.024E+11,155 751 267,B01,2,7,0,2,1,1,1,
2.024E+11,155 751 269,A01,1,7,0,2,2,15,1,
2.024E+11,155 751 265,B01,1,50,0,2,1,19,3,
2.024E+11,155 751 266,A01,1,32,0,2,2,1,1,
2.024E+11,155 751 264,Z01,1,7,0,1,1,16,0,
2.024E+11,155 751 263,A01,1,7,6,0,2,1,1,
2.024E+11,155 751 260,A01,2,7,0,2,2,15,1,
2.024E+11,155 751 261,B01,1,50,0,2,1,1,3,
2.024E+11,155 751 259,B01,1,7,0,2,4,23,1,
2.024E+11,155 751 262,A01,1,10,0,2,1,1,1,
2.024E+11,155 751 256,A01,3,80,0,1,1,1,3,
2.024E+11,155 751 257,A01,2,7,0,2,2,15,1,
2.024E+11,155 751 258,B01,2,33,0,2,1,13,1,
2.024E+11,155 751 254,B01,2,30,0,2,1,1,1,
2.024E+11,155 751 255,A01,1,7,0,2,2,15,1,
2.024E+11,155 751 251,B01,2,7,0,2,4,2,2,
2.024E+11,155 751 253,A01,2,7,0,2,1,2,1,
2.024E+11,155 751 250,B01,0,33,0,2,1,0,1,
2.024E+11,155 751 252,A01,0,7,0,2,3,15,1,
2.024E+11,155 751 249,A01,1,7,0,0,0,0,1,
2.024E+11,155 751 248,A01,1,7,9,0,2,1,1,
2.024E+11,155 751 246,A01,2,33,0,2,1,2,0,
2.024E+11,155 751 247,B01,2,7,0,0,5,1,1,
2.024E+11,155 751 245,A01,1,7,0,1,2,16,1,
2.024E+11,155 751 244,A01,3,7,0,1,2,15,1,
2.024E+11,155 751 241,A01,2,33,0,2,8,3,1,
2.024E+11,155 751 243,B01,2,7,0,2,2,1,1,
2.024E+11,155 751 239,A01,1,7,0,2,2,19,1,
2.024E+11,155 751 242,B01,2,33,0,2,1,1,1,
2.024E+11,155 751 238,Z01,1,0,0,2,1,1,0,
2.024E+11,155 751 240,A01,3,7,0,2,3,9,2,
2.024E+11,155 751 236,A01,2,7,8,0,7,1,1,
2.024E+11,155 751 235,B01,0,1,0,9,0,1,5,
2.024E+11,155 751 237,A01,0,1,0,9,0,13,5,
2.024E+11,155 751 233,A01,2,15,0,0,0,1,1,
2.024E+11,155 751 231,A01,1,7,0,2,1,1,1,
2.024E+11,155 751 234,B01,2,7,0,2,2,15,2,
2.024E+11,155 751 230,B01,3,7,0,2,6,1,1,
2.024E+11,155 751 232,A01,3,7,0,2,2,1,1,
2.024E+11,155 751 228,B01,2,7,0,2,1,1,1,
2.024E+11,155 751 229,A01,2,7,14,2,5,19,1,
2.024E+11,155 751 226,A01,1,7,0,1,3,1,0,
2.024E+11,155 751 225,A01,2,7,0,2,5,9,1,
2.024E+11,155 751 227,B01,1,1,0,2,2,1,5,
2.024E+11,155 751 224,A01,2,7,13,0,9,1,1,
2.024E+11,155 751 221,B01,2,7,0,2,2,1,1,
2.024E+11,155 751 223,A01,3,7,0,2,3,15,1,
2.024E+11,155 751 218,A01,1,7,0,2,1,1,1,
2.024E+11,155 751 220,B01,1,7,0,2,4,1,1,
2.024E+11,155 751 222,C01,1,7,0,2,4,1,1,
2.024E+11,155 751 216,A01,1,7,1,0,1,1,2,
2.024E+11,155 751 217,B01,1,2,0,2,1,1,1,
2.024E+11,155 751 219,A01,1,7,0,2,2,15,1,
2.024E+11,155 751 215,A01,2,30,0,0,3,1,3,
2.024E+11,155 751 214,A01,1,7,0,1,3,1,1,
2.024E+11,155 751 212,A01,2,1,0,2,1,1,5,
2.024E+11,155 751 213,B01,2,7,0,2,6,1,1,
2.024E+11,155 751 210,A01,3,7,0,1,3,15,1,
2.024E+11,155 751 211,A01,1,15,0,1,2,9,1,
2.024E+11,155 751 208,A01,1,7,0,1,2,1,1,
2.024E+11,155 751 207,A01,1,7,2,0,1,14,1,
2.024E+11,155 751 206,B01,1,50,1,0,7,1,3,
2.024E+11,155 751 209,A01,1,7,0,9,8,26,2,
2.024E+11,155 751 204,B01,1,7,0,2,3,19,1,
2.024E+11,155 751 205,A01,1,50,0,2,1,19,3,
2.024E+11,155 751 201,A01,2,7,0,0,6,15,1,
2.024E+11,155 751 203,B01,2,34,0,0,1,17,1,
2.024E+11,155 751 200,A01,1,7,0,2,1,1,1,
2.024E+11,155 751 202,B01,1,7,0,2,3,9,1,
2.024E+11,155 751 199,A01,3,7,0,2,3,15,1,
2.024E+11,155 751 197,B01,2,7,0,2,3,1,1,
2.024E+11,155 751 198,A01,1,33,0,2,1,13,1,
2.024E+11,155 751 194,A01,2,7,0,2,1,1,1,
2.024E+11,155 751 195,B01,3,1,0,2,8,19,5,
2.024E+11,155 751 193,A01,2,10,0,2,2,15,1,
2.024E+11,155 751 196,B01,1,10,0,2,1,1,1,
2.024E+11,155 751 190,A01,2,7,13,2,3,13,1,
2.024E+11,155 751 192,B01,1,7,0,2,1,1,1,
2.024E+11,155 751 189,A01,1,7,0,2,1,1,1,
2.024E+11,155 751 191,B01,1,50,0,2,8,19,3,
2.024E+11,155 751 187,A01,1,10,0,2,2,2,1,
2.024E+11,155 751 188,B01,1,2,0,2,4,2,1,
2.024E+11,155 751 186,A01,1,7,13,0,2,1,1,
2.024E+11,155 751 185,Z01,1,31,0,1,1,1,0,
2.024E+11,155 751 181,A01,1,7,0,2,0,1,0,
2.024E+11,155 751 184,B01,1,7,0,2,0,2,1,
2.024E+11,155 751 179,A01,3,1,0,2,1,13,5,
2.024E+11,155 751 183,B01,3,50,0,2,1,1,3,
2.024E+11,155 751 177,B01,2,10,0,2,8,1,1,
2.024E+11,155 751 178,C01,2,10,0,2,6,1,1,
2.024E+11,155 751 180,A01,2,33,0,2,8,17,1,
2.024E+11,155 751 182,D01,1,33,0,2,1,1,1,
2.024E+11,155 751 174,A01,1,7,0,2,1,1,1,
2.024E+11,155 751 176,B01,1,3,0,2,4,23,1,
2.024E+11,155 751 173,A01,2,7,0,2,5,15,1,
2.024E+11,155 751 175,B01,1,32,0,2,1,1,1,
2.024E+11,155 751 171,B01,1,7,0,2,1,1,1,
2.024E+11,155 751 172,A01,1,7,0,2,5,1,1,
2.024E+11,155 751 169,A01,2,7,6,0,1,1,1,
2.024E+11,155 751 167,A01,1,7,13,2,2,17,1,
2.024E+11,155 751 170,B01,2,13,0,2,1,21,1,
2.024E+11,155 751 166,B01,3,32,0,2,1,1,1,
2.024E+11,155 751 168,A01,3,7,0,2,3,16,1,
2.024E+11,155 751 165,A01,2,33,2,0,0,1,1,
2.024E+11,155 751 162,A01,2,10,13,0,1,9,1,
2.024E+11,155 751 158,A01,1,7,13,0,1,1,1,
2.024E+11,155 751 157,C01,2,7,0,2,4,1,1,
2.024E+11,155 751 159,A01,2,13,0,2,5,2,1,
2.024E+11,155 751 161,B01,2,7,0,2,7,2,1,
2.024E+11,155 751 164,D01,2,10,0,2,1,2,1,
2.024E+11,155 751 155,A01,1,31,0,2,1,13,1,
2.024E+11,155 751 156,B01,2,7,0,2,1,1,1,
2.024E+11,155 751 152,B01,3,1,0,2,0,0,5,
2.024E+11,155 751 154,A01,3,7,0,9,0,0,1,
2.024E+11,155 751 151,A01,3,7,0,2,3,1,1,
2.024E+11,155 751 153,B01,3,7,0,0,8,1,1,
2.024E+11,155 751 150,A01,1,7,0,1,3,1,1,
2.024E+11,155 751 146,A01,1,7,3,0,9,26,1,
2.024E+11,155 751 149,B01,1,7,13,2,0,0,1,
2.024E+11,155 751 145,A01,1,31,0,2,1,1,1,
2.024E+11,155 751 148,B01,2,7,0,2,3,11,1,
2.024E+11,155 751 144,A01,1,33,0,2,1,2,1,
2.024E+11,155 751 147,B01,1,10,0,2,5,2,1,
2.024E+11,155 751 142,A01,1,7,4,6,1,1,1,
2.024E+11,155 751 143,Z01,3,7,0,1,1,2,0,
2.024E+11,155 751 140,A01,1,7,0,0,3,2,1,
2.024E+11,155 751 141,B01,1,7,0,0,5,23,1,
2.024E+11,155 751 139,A01,1,7,13,0,1,1,1,
2.024E+11,155 751 138,A01,3,7,0,1,1,1,1,
2.024E+11,155 751 134,A01,3,7,0,1,2,17,2,
2.024E+11,155 751 135,B01,3,21,0,0,0,1,1,
2.024E+11,155 751 136,A01,3,1,0,9,1,1,5,
2.024E+11,155 751 133,A01,0,10,0,2,1,1,1,
2.024E+11,155 751 137,B01,3,7,0,2,2,2,1,
2.024E+11,155 751 130,A01,1,10,2,0,1,1,1,
2.024E+11,155 751 129,A01,1,7,12,2,3,9,1,
2.024E+11,155 751 132,B01,1,7,12,2,5,9,1,
2.024E+11,155 751 128,A01,1,10,0,2,7,2,1,
2.024E+11,155 751 131,B01,1,1,13,0,8,2,5,
2.024E+11,155 751 127,A01,2,33,13,0,2,1,1,
2.024E+11,155 751 124,A01,2,7,6,0,1,1,1,
2.024E+11,155 751 123,B01,2,7,0,2,3,0,0,
2.024E+11,155 751 126,A01,1,34,0,2,2,1,1,
2.024E+11,155 751 122,A01,1,7,0,2,1,1,1,
2.024E+11,155 751 125,B01,1,7,0,2,4,1,1,
2.024E+11,155 751 119,A01,1,7,0,2,1,19,1,
2.024E+11,155 751 120,B01,2,2,0,2,1,17,1,
2.024E+11,155 751 118,A01,1,10,13,0,3,13,1,
2.024E+11,155 751 117,A01,1,7,0,2,7,9,1,
2.024E+11,155 751 121,B01,1,7,0,2,1,26,1,
2.024E+11,155 751 113,B01,2,43,0,2,1,1,1,
2.024E+11,155 751 116,A01,1,10,0,2,3,1,1,
2.024E+11,155 751 115,A01,1,7,0,0,2,1,1,
2.024E+11,155 751 111,A01,3,7,0,1,4,4,1,
2.024E+11,155 751 112,A01,2,31,1,0,1,14,1,
2.024E+11,155 751 109,B01,2,15,0,0,6,1,1,
2.024E+11,155 751 110,A01,2,10,0,2,7,17,1,
2.024E+11,155 751 104,C01,1,7,0,2,1,1,1,
2.024E+11,155 751 107,B01,1,10,0,2,3,1,1,
2.024E+11,155 751 108,A01,2,7,0,2,1,13,1,
2.024E+11,155 751 103,B01,1,7,0,2,1,1,1,
2.024E+11,155 751 106,A01,1,7,0,2,7,1,1,
2.024E+11,155 751 102,A01,2,31,6,0,1,11,1,
2.024E+11,155 751 105,B01,2,15,0,0,6,1,1,
2.024E+11,155 751 099,A01,1,15,3,0,7,1,1,
2.024E+11,155 751 098,A01,1,33,0,2,1,1,1,
2.024E+11,155 751 101,B01,1,10,0,2,5,11,1,
2.024E+11,155 751 097,A01,2,10,0,2,1,13,1,
2.024E+11,155 751 100,B01,1,7,0,2,1,1,1,
2.024E+11,155 751 093,A01,1,7,8,0,0,13,1,
2.024E+11,155 751 092,A01,2,7,0,2,2,1,3,
2.024E+11,155 751 095,B01,1,7,0,2,1,1,1,
2.024E+11,155 751 091,A01,0,7,0,2,1,15,1,
2.024E+11,155 751 094,B01,2,10,0,2,1,1,1,
2.024E+11,155 751 096,C01,1,17,0,2,1,23,1,
2.024E+11,155 751 088,A01,2,7,0,2,1,2,1,
2.024E+11,155 751 090,B01,2,1,0,0,4,2,5,
2.024E+11,155 751 087,A01,0,7,0,2,1,16,1,
2.024E+11,155 751 089,Y01,3,60,0,2,8,1,5,
2.024E+11,155 751 086,A01,3,7,0,1,2,2,1,
2.024E+11,155 751 084,A01,1,7,0,2,1,19,1,
2.024E+11,155 751 085,B01,2,7,12,2,1,1,1,
2.024E+11,155 751 082,B01,3,7,0,2,5,1,2,
2.024E+11,155 751 083,A01,3,1,0,2,1,1,5,
2.024E+11,155 751 081,A01,2,7,0,1,0,1,1,
2.024E+11,155 751 079,B01,1,10,0,2,1,1,1,
2.024E+11,155 751 080,A01,2,7,0,2,2,1,1,
2.024E+11,155 751 076,A01,2,60,1,2,8,1,5,
2.024E+11,155 751 078,Z01,2,13,0,0,0,2,0,
2.024E+11,155 751 075,A01,1,99,0,2,1,1,1,
2.024E+11,155 751 077,B01,2,7,0,2,1,1,1,
2.024E+11,155 751 071,A01,2,3,0,2,1,0,1,
2.024E+11,155 751 074,B01,1,7,0,2,2,1,1,
2.024E+11,155 751 069,A01,1,7,0,2,3,15,1,
2.024E+11,155 751 072,B01,2,31,0,2,1,1,1,
2.024E+11,155 751 067,A01,1,7,0,2,3,16,1,
2.024E+11,155 751 068,B01,1,7,0,2,3,2,1,