Num_Acc,id_vehicule,num_veh,senc,catv,obs,obsm,choc,manv,motor,occutc
2.024E+11,155 751 066,A01,2,10,0,1,3,1,1,
2.024E+11,155 751 070,A01,1,7,0,2,3,15,2,
2.024E+11,155 751 073,B01,2,31,0,2,8,1,1,
2.024E+11,155 751 064,A01,1,7,3,0,1,1,1,
2.024E+11,155 751 063,A01,2,7,0,2,2,13,1,
2.024E+11,155 751 065,B01,1,10,0,2,2,13,1,
2.024E+11,155 751 062,A01,2,7,0,1,1,2,1,
2.024E+11,155 751 060,A01,2,1,0,2,1,13,5,
2.024E+11,155 751 061,B01,1,7,0,9,8,26,1,
2.024E+11,155 751 059,A01,1,33,8,0,2,1,1,
2.024E+11,155 751 058,A01,1,7,0,1,1,15,1,
2.024E+11,155 751 053,A01,2,7,0,2,2,16,1,
2.024E+11,155 751 055,B01,3,1,0,2,7,1,5,
2.024E+11,155 751 052,A01,1,10,0,2,1,13,1,
2.024E+11,155 751 056,B01,2,7,0,2,1,1,2,
2.024E+11,155 751 054,A01,1,7,0,9,3,26,1,
2.024E+11,155 751 057,B01,1,1,0,2,1,1,5,
2.024E+11,155 751 050,A01,2,7,0,1,3,1,1,
2.024E+11,155 751 047,A01,1,7,0,2,2,15,1,
2.024E+11,155 751 049,B01,2,33,0,2,1,1,1,
2.024E+11,155 751 048,A01,2,7,0,2,1,1,1,
2.024E+11,155 751 051,B01,1,7,0,2,2,1,1,
2.024E+11,155 751 045,B01,1,33,0,2,3,3,1,
2.024E+11,155 751 046,A01,1,7,0,2,7,12,1,
2.024E+11,155 751 043,A01,1,7,0,1,1,15,1,
2.024E+11,155 751 044,A01,1,7,13,0,1,1,1,
2.024E+11,155 751 041,A01,3,50,0,2,7,19,3,
2.024E+11,155 751 042,B01,1,7,0,2,1,26,1,
2.024E+11,155 751 040,A01,1,34,0,1,1,21,1,
2.024E+11,155 751 037,A01,1,50,0,1,1,5,3,
2.024E+11,155 751 036,B01,2,7,0,2,3,1,1,
2.024E+11,155 751 038,A01,1,7,0,2,8,19,1,
2.024E+11,155 751 035,B01,1,7,0,2,1,1,1,
2.024E+11,155 751 039,A01,1,7,0,2,1,15,1,
2.024E+11,155 751 033,A01,3,32,0,2,1,1,3,
2.024E+11,155 751 034,B01,3,10,0,2,4,23,1,
2.024E+11,155 751 031,A01,2,2,0,2,8,16,1,
2.024E+11,155 751 032,B01,2,21,0,2,1,15,1,
2.024E+11,155 751 029,A01,1,7,0,1,1,1,1,
2.024E+11,155 751 030,A01,2,2,1,0,1,1,1,
2.024E+11,155 751 027,A01,2,7,10,0,1,11,1,
2.024E+11,155 751 028,B01,2,7,3,0,2,21,1,
2.024E+11,155 751 026,A01,1,33,13,0,9,1,1,
2.024E+11,155 751 023,A01,1,7,0,9,2,1,1,
2.024E+11,155 751 025,B01,1,80,0,2,4,1,3,
2.024E+11,155 751 022,A01,1,7,0,2,1,13,1,
2.024E+11,155 751 024,B01,2,7,0,2,1,1,1,
2.024E+11,155 751 021,A01,0,1,6,0,1,1,5,
2.024E+11,155 751 019,A01,1,33,0,2,7,1,1,
2.024E+11,155 751 020,B01,1,7,0,9,0,0,2,
2.024E+11,155 751 018,A01,3,7,0,1,5,1,1,
2.024E+11,155 751 017,A01,3,7,0,1,3,16,1,
2.024E+11,155 751 016,A01,2,7,2,0,1,17,1,
2.024E+11,155 751 014,A01,3,21,0,0,1,1,1,
2.024E+11,155 751 013,A01,1,7,0,2,7,12,1,
2.024E+11,155 751 015,B01,1,1,0,2,1,1,5,
2.024E+11,155 751 012,A01,2,33,0,1,1,1,1,
2.024E+11,155 751 011,A01,1,7,16,0,1,16,1,
2.024E+11,155 751 009,A01,1,7,0,1,1,1,1,
2.024E+11,155 751 008,A01,1,7,0,2,3,2,1,
2.024E+11,155 751 010,B01,1,7,0,2,3,0,1,
2.024E+11,155 751 006,A01,3,31,14,0,1,0,1,
2.024E+11,155 751 005,B01,1,7,14,0,4,2,1,
2.024E+11,155 751 007,A01,1,30,0,2,1,2,1,
2.024E+11,155 751 004,A01,1,10,0,0,8,0,1,
2.024E+11,155 751 003,A01,1,1,0,2,8,1,5,
2.024E+11,155 751 002,A01,2,15,0,1,3,23,1,
2.024E+11,155 751 000,A01,3,7,1,0,3,22,1,
2.024E+11,155 751 001,B01,2,60,1,2,2,1,5,
2.024E+11,155 750 997,A01,3,7,0,2,1,9,1,
2.024E+11,155 750 999,B01,3,33,0,2,1,1,1,
2.024E+11,155 750 996,A01,1,7,0,2,1,13,1,
2.024E+11,155 750 998,B01,2,7,0,2,1,1,1,
2.024E+11,155 750 994,B01,2,7,0,0,3,1,2,
2.024E+11,155 750 995,A01,1,7,0,0,3,1,1,
2.024E+11,155 750 992,B01,1,50,0,2,7,17,3,
2.024E+11,155 750 993,A01,1,7,0,2,3,1,1,
2.024E+11,155 750 989,A01,2,7,0,0,4,2,1,
2.024E+11,155 750 991,B01,2,7,0,2,1,2,1,
2.024E+11,155 750 987,A01,3,10,2,0,7,1,1,
2.024E+11,155 750 984,A01,1,43,3,0,2,1,1,
2.024E+11,155 750 985,A01,2,7,0,2,1,1,1,
2.024E+11,155 750 986,B01,1,7,0,2,1,1,1,
2.024E+11,155 750 982,A01,2,7,2,0,2,0,1,
2.024E+11,155 750 981,A01,0,7,0,1,2,1,1,
2.024E+11,155 750 977,C01,2,7,0,2,1,1,1,
2.024E+11,155 750 978,A01,2,7,0,1,1,14,1,
2.024E+11,155 750 976,A01,3,7,0,2,3,13,1,
2.024E+11,155 750 979,B01,3,7,0,2,3,1,1,
2.024E+11,155 750 975,A01,3,7,0,1,1,17,1,
2.024E+11,155 750 973,B01,2,14,0,2,2,21,1,
2.024E+11,155 750 974,A01,2,7,0,2,2,16,1,
2.024E+11,155 750 971,B01,1,33,0,2,1,1,1,
2.024E+11,155 750 972,A01,2,7,0,2,2,10,1,
2.024E+11,155 750 970,A01,1,7,14,0,1,1,1,
2.024E+11,155 750 968,A01,1,7,0,2,1,15,1,
2.024E+11,155 750 969,B01,2,7,0,2,1,1,1,
2.024E+11,155 750 966,A01,0,1,0,2,4,2,5,
2.024E+11,155 750 967,B01,0,1,0,2,1,2,5,
2.024E+11,155 750 965,A01,3,2,0,0,0,16,3,
2.024E+11,155 750 964,A01,1,7,0,1,3,1,1,
2.024E+11,155 750 963,A01,1,1,14,0,1,1,5,
2.024E+11,155 750 962,A01,2,10,13,0,1,19,1,
2.024E+11,155 750 960,A01,1,7,3,2,3,13,1,
2.024E+11,155 750 961,B01,2,7,0,2,3,1,1,
2.024E+11,155 750 958,B01,2,7,0,2,7,0,1,
2.024E+11,155 750 959,A01,1,7,0,2,3,15,1,
2.024E+11,155 750 956,B01,1,2,0,2,1,9,1,
2.024E+11,155 750 957,A01,2,7,0,2,3,9,1,
2.024E+11,155 750 954,A01,1,7,0,0,3,1,1,
2.024E+11,155 750 955,B01,2,10,0,0,1,1,1,
2.024E+11,155 750 952,A01,1,7,0,2,8,9,1,
2.024E+11,155 750 953,B01,1,33,0,2,3,1,1,
2.024E+11,155 750 950,B01,1,7,0,2,3,1,1,
2.024E+11,155 750 951,A01,1,17,0,0,0,9,1,
2.024E+11,155 750 948,A01,1,7,0,2,1,13,1,
2.024E+11,155 750 949,B01,2,14,0,2,3,1,1,
2.024E+11,155 750 947,A01,1,2,0,0,0,1,1,
2.024E+11,155 750 945,A01,1,7,1,2,2,2,1,
2.024E+11,155 750 946,B01,2,7,8,0,2,1,1,
2.024E+11,155 750 944,A01,2,7,13,0,3,1,1,
2.024E+11,155 750 942,A01,2,7,0,1,2,1,1,
2.024E+11,155 750 940,A01,3,7,0,2,8,15,1,
2.024E+11,155 750 941,B01,3,2,0,2,1,1,1,
2.024E+11,155 750 938,A01,2,7,0,2,1,17,1,
2.024E+11,155 750 939,B01,3,7,0,2,8,19,1,
2.024E+11,155 750 937,A01,3,7,0,1,2,1,1,
2.024E+11,155 750 935,A01,2,7,0,2,3,9,1,
2.024E+11,155 750 936,B01,2,33,0,2,7,1,1,
2.024E+11,155 750 932,A01,1,7,0,2,2,1,1,
2.024E+11,155 750 933,B01,2,7,0,2,1,13,1,
2.024E+11,155 750 934,C01,1,7,0,2,1,1,1,
2.024E+11,155 750 927,A01,1,10,0,1,2,1,1,
2.024E+11,155 750 925,A01,1,7,3,2,2,1,1,
2.024E+11,155 750 926,B01,2,7,3,2,2,5,1,
2.024E+11,155 750 924,A01,1,7,3,0,2,1,1,
2.024E+11,155 750 922,A01,2,10,0,0,3,11,1,
2.024E+11,155 750 923,B01,2,7,0,0,5,1,1,
2.024E+11,155 750 920,A01,3,7,15,0,3,1,1,
2.024E+11,155 750 921,B01,3,14,0,2,3,1,1,
2.024E+11,155 750 919,A01,3,33,8,0,1,21,1,
2.024E+11,155 750 918,A01,1,7,0,1,3,21,1,
2.024E+11,155 750 917,A01,2,33,2,0,1,0,1,
2.024E+11,155 750 916,A01,2,1,13,0,0,19,5,
2.024E+11,155 750 914,A01,0,30,0,0,5,1,1,
2.024E+11,155 750 915,B01,3,7,0,2,3,9,1,
2.024E+11,155 750 913,A01,3,7,0,1,3,15,3,
2.024E+11,155 750 911,B01,1,33,0,2,8,1,0,
2.024E+11,155 750 912,A01,2,7,0,2,1,15,1,
2.024E+11,155 750 909,A01,2,7,0,2,1,1,1,
2.024E+11,155 750 910,B01,1,7,0,2,2,15,1,
2.024E+11,155 750 908,A01,2,7,3,0,9,14,1,
2.024E+11,155 750 907,A01,2,10,0,1,3,15,1,
2.024E+11,155 750 905,A01,1,7,0,1,2,1,1,
2.024E+11,155 750 904,A01,2,7,3,0,1,1,1,
2.024E+11,155 750 903,A01,2,10,0,1,3,1,1,
2.024E+11,155 750 901,A01,3,7,0,2,3,16,2,
2.024E+11,155 750 902,B01,3,7,0,2,3,15,1,
2.024E+11,155 750 899,B01,2,38,0,2,3,1,1,1
2.024E+11,155 750 900,A01,1,10,0,2,3,13,1,
2.024E+11,155 750 897,B01,1,7,4,2,4,2,1,
2.024E+11,155 750 898,A01,1,7,0,2,1,2,1,
2.024E+11,155 750 896,A01,1,33,0,2,7,3,1,
2.024E+11,155 750 894,A01,1,43,11,2,1,3,1,
2.024E+11,155 750 895,B01,1,7,0,2,5,12,1,
2.024E+11,155 750 892,B01,2,33,0,2,7,1,1,
2.024E+11,155 750 893,A01,2,7,0,2,3,11,1,
2.024E+11,155 750 886,D01,2,7,0,2,4,26,2,
2.024E+11,155 750 887,E01,2,7,0,2,1,26,1,
2.024E+11,155 750 888,B01,2,7,0,2,2,2,3,
2.024E+11,155 750 889,C01,2,7,0,2,1,26,1,
2.024E+11,155 750 890,F01,2,17,0,2,1,26,1,
2.024E+11,155 750 891,A01,2,7,0,2,6,26,2,
2.024E+11,155 750 884,A01,2,7,0,2,6,11,1,
2.024E+11,155 750 885,B01,2,33,0,2,1,3,1,
2.024E+11,155 750 882,A01,3,1,0,2,0,23,5,
2.024E+11,155 750 883,B01,3,21,0,2,0,17,1,
2.024E+11,155 750 880,A01,2,7,0,2,1,1,1,
2.024E+11,155 750 881,B01,1,10,0,2,1,13,1,
2.024E+11,155 750 879,A01,1,7,0,2,8,24,1,
2.024E+11,155 750 877,A01,2,10,0,2,3,13,1,
2.024E+11,155 750 878,B01,1,7,0,2,3,1,2,
2.024E+11,155 750 875,B01,2,7,0,2,3,1,1,
2.024E+11,155 750 876,A01,1,1,0,2,0,0,5,
2.024E+11,155 750 872,A01,1,7,8,1,1,26,1,
2.024E+11,155 750 873,B01,1,7,0,2,0,0,1,
2.024E+11,155 750 874,C01,1,7,0,2,1,0,1,
2.024E+11,155 750 871,A01,2,7,15,0,2,1,2,
2.024E+11,155 750 869,A01,1,7,0,1,4,4,1,
2.024E+11,155 750 867,B01,1,7,0,2,2,2,1,
2.024E+11,155 750 868,A01,1,34,0,2,1,12,1,
2.024E+11,155 750 865,A01,2,7,0,2,1,1,1,
2.024E+11,155 750 866,B01,2,7,0,2,0,0,1,
2.024E+11,155 750 864,A01,3,7,1,1,1,9,1,
2.024E+11,155 750 862,B01,1,33,0,2,1,1,1,
2.024E+11,155 750 863,A01,1,7,0,2,3,19,1,
2.024E+11,155 750 860,B01,1,7,0,2,1,1,0,
2.024E+11,155 750 861,A01,1,7,0,2,4,23,0,
2.024E+11,155 750 858,B01,3,10,15,2,2,9,1,
2.024E+11,155 750 859,A01,3,7,15,2,3,9,1,
2.024E+11,155 750 857,A01,3,7,0,1,1,1,1,
2.024E+11,155 750 856,A01,2,7,0,1,1,0,1,
2.024E+11,155 750 855,A01,2,3,6,0,3,16,1,
2.024E+11,155 750 854,A01,0,50,0,9,0,26,3,
2.024E+11,155 750 853,A01,1,7,0,1,1,1,1,
2.024E+11,155 750 851,B01,1,38,0,2,8,1,0,1
2.024E+11,155 750 852,A01,1,7,0,2,7,1,1,
2.024E+11,155 750 850,A01,1,7,0,1,1,1,1,
2.024E+11,155 750 838,B01,1,7,0,2,4,2,3,
2.024E+11,155 750 839,A01,1,7,0,2,1,2,1,
2.024E+11,155 750 840,C01,1,7,0,0,4,2,3,
2.024E+11,155 750 835,A01,1,10,0,2,1,2,1,
2.024E+11,155 750 836,B01,1,7,0,2,4,1,1,
2.024E+11,155 750 837,C01,1,7,0,2,4,1,2,
2.024E+11,155 750 834,A01,1,7,0,1,1,15,1,
2.024E+11,155 750 833,A01,0,7,0,1,1,1,1,
2.024E+11,155 750 831,B01,1,50,0,2,7,0,3,
2.024E+11,155 750 832,A01,2,7,0,2,3,9,1,
2.024E+11,155 750 830,A01,2,37,0,1,1,1,1,1
2.024E+11,155 750 829,A01,3,7,0,1,3,15,1,
2.024E+11,155 750 828,A01,1,7,0,1,3,1,1,
2.024E+11,155 750 826,B01,3,50,0,2,1,1,3,
2.024E+11,155 750 827,A01,3,7,9,2,1,1,1,
2.024E+11,155 750 824,A01,2,7,0,2,7,14,1,
2.024E+11,155 750 825,B01,2,10,0,2,3,1,1,
2.024E+11,155 750 822,B01,2,7,0,2,5,15,1,
2.024E+11,155 750 823,A01,1,1,0,2,1,1,5,
2.024E+11,155 750 819,A01,3,7,0,2,3,20,1,
2.024E+11,155 750 820,C01,3,7,0,2,0,0,0,
2.024E+11,155 750 821,B01,3,7,0,2,2,0,0,
2.024E+11,155 750 817,A01,1,7,0,2,1,1,2,
2.024E+11,155 750 818,B01,2,50,0,2,7,19,3,
2.024E+11,155 750 816,A01,1,1,0,1,1,25,5,
2.024E+11,155 750 814,B01,3,7,0,2,2,1,1,
2.024E+11,155 750 815,A01,3,7,0,2,2,15,1,
2.024E+11,155 750 812,B01,3,7,0,2,4,23,1,
2.024E+11,155 750 813,A01,3,7,0,2,1,1,3,
2.024E+11,155 750 810,A01,3,7,0,2,3,9,2,
2.024E+11,155 750 811,B01,3,7,0,2,4,1,1,
2.024E+11,155 750 808,B01,1,7,0,2,4,23,2,
2.024E+11,155 750 809,A01,1,31,0,2,1,2,1,
2.024E+11,155 750 807,A01,2,30,1,0,1,1,1,
2.024E+11,155 750 805,B01,1,7,0,2,1,1,1,
2.024E+11,155 750 806,A01,1,60,0,2,8,19,5,
2.024E+11,155 750 804,A01,1,7,0,1,1,15,1,
2.024E+11,155 750 803,A01,0,7,0,1,1,1,1,
2.024E+11,155 750 801,A01,3,7,0,2,1,0,1,
2.024E+11,155 750 802,B01,3,7,0,2,3,0,1,
2.024E+11,155 750 800,A01,3,7,0,1,1,15,1,
2.024E+11,155 750 797,A01,1,7,0,2,2,2,1,
2.024E+11,155 750 798,B01,1,7,0,2,6,1,1,
2.024E+11,155 750 799,C01,1,10,0,2,5,1,1,
2.024E+11,155 750 796,A01,2,50,0,0,0,1,3,
2.024E+11,155 750 795,A01,1,7,0,1,1,16,1,
2.024E+11,155 750 793,B01,3,7,0,2,1,20,1,
2.024E+11,155 750 794,A01,2,30,0,2,8,17,1,
2.024E+11,155 750 791,A01,1,10,0,2,1,9,1,
2.024E+11,155 750 792,B01,1,1,0,2,7,1,5,
2.024E+11,155 750 789,A01,1,10,2,0,1,1,1,
2.024E+11,155 750 790,B01,2,7,2,0,1,13,1,
2.024E+11,155 750 788,A01,3,7,0,1,1,2,1,
2.024E+11,155 750 787,A01,1,7,2,0,1,14,1,
2.024E+11,155 750 784,A01,2,7,0,2,9,1,1,
2.024E+11,155 750 785,B01,2,7,0,2,6,1,1,
2.024E+11,155 750 786,C01,1,7,0,2,1,5,1,
2.024E+11,155 750 782,B01,2,7,8,0,4,14,1,
2.024E+11,155 750 783,A01,1,10,8,0,2,14,1,
2.024E+11,155 750 781,A01,2,7,2,0,2,21,1,
2.024E+11,155 750 780,A01,2,7,8,0,1,17,1,
2.024E+11,155 750 777,A01,1,7,0,2,6,15,1,
2.024E+11,155 750 778,B01,2,7,0,2,1,1,1,
2.024E+11,155 750 779,C01,1,7,0,2,3,1,1,
2.024E+11,155 750 775,A01,2,7,0,2,3,1,1,
2.024E+11,155 750 776,B01,1,7,0,2,3,5,1,
2.024E+11,155 750 774,A01,2,33,0,0,7,14,1,
2.024E+11,155 750 773,A01,3,7,0,1,1,1,1,
2.024E+11,155 750 771,A01,2,7,0,2,3,13,1,
2.024E+11,155 750 772,B01,2,7,0,2,7,14,1,
2.024E+11,155 750 770,A01,2,7,13,0,1,1,1,
2.024E+11,155 750 768,A01,1,7,0,2,1,14,1,
2.024E+11,155 750 769,B01,1,15,0,2,6,1,1,
2.024E+11,155 750 766,A01,2,17,0,2,2,1,1,
2.024E+11,155 750 767,B01,1,7,0,2,1,5,1,
2.024E+11,155 750 765,A01,2,7,16,0,9,17,1,
2.024E+11,155 750 763,A01,0,0,0,2,0,19,0,
2.024E+11,155 750 764,B01,0,10,0,2,7,1,1,
2.024E+11,155 750 762,A01,0,33,0,1,0,0,1,
2.024E+11,155 750 760,A01,2,7,0,2,1,9,1,
2.024E+11,155 750 761,B01,1,7,0,2,1,1,1,
2.024E+11,155 750 758,A01,1,7,0,2,6,20,1,
2.024E+11,155 750 759,B01,2,33,0,2,1,1,1,
2.024E+11,155 750 757,A01,1,7,13,0,0,13,3,
2.024E+11,155 750 755,A01,1,7,0,2,1,1,1,
2.024E+11,155 750 756,B01,1,3,0,0,4,1,1,
2.024E+11,155 750 753,B01,3,2,0,2,1,1,0,
2.024E+11,155 750 754,A01,3,7,0,0,8,16,2,
2.024E+11,155 750 751,B01,2,7,0,0,5,1,2,
2.024E+11,155 750 752,A01,1,2,0,2,1,9,1,
2.024E+11,155 750 750,A01,1,7,6,0,2,1,1,
2.024E+11,155 750 749,A01,2,33,13,0,2,13,1,
2.024E+11,155 750 747,B01,0,31,0,0,5,1,1,
2.024E+11,155 750 748,A01,3,7,0,0,1,9,1,
2.024E+11,155 750 745,A01,2,7,0,2,5,16,1,
2.024E+11,155 750 746,B01,2,33,0,2,1,1,1,
2.024E+11,155 750 744,A01,2,7,0,0,1,1,1,
2.024E+11,155 750 742,A01,2,31,0,2,1,2,1,
2.024E+11,155 750 743,B01,2,7,0,2,5,2,1,
2.024E+11,155 750 740,A01,2,33,1,2,9,1,1,
2.024E+11,155 750 741,Z01,0,0,0,0,0,0,0,
2.024E+11,155 750 738,B01,1,7,0,2,6,1,1,
2.024E+11,155 750 739,A01,1,7,4,2,1,1,1,
2.024E+11,155 750 736,A01,1,7,0,2,2,1,1,
2.024E+11,155 750 737,B01,1,10,0,2,6,11,1,
2.024E+11,155 750 733,C01,1,7,0,2,4,2,1,
2.024E+11,155 750 734,A01,1,7,0,2,1,2,1,
2.024E+11,155 750 735,B01,1,7,0,2,4,2,1,
2.024E+11,155 750 731,A01,2,7,0,2,1,2,1,
2.024E+11,155 750 732,B01,2,7,0,2,5,2,2,
2.024E+11,155 750 730,A01,2,7,13,0,1,2,1,
2.024E+11,155 750 726,B01,2,7,0,2,8,1,1,
2.024E+11,155 750 727,D01,2,10,0,2,6,1,1,
2.024E+11,155 750 728,A01,2,33,0,2,1,3,1,
2.024E+11,155 750 729,C01,2,7,0,2,7,1,1,
2.024E+11,155 750 723,B01,1,7,0,2,4,1,1,
2.024E+11,155 750 724,C01,1,7,0,2,7,1,1,
2.024E+11,155 750 725,Z01,1,0,0,2,1,0,0,
2.024E+11,155 750 721,A01,1,7,0,2,7,12,1,
2.024E+11,155 750 722,B01,1,31,0,2,8,3,1,
2.024E+11,155 750 720,A01,2,7,4,0,3,21,1,
2.024E+11,155 750 718,A01,2,7,0,2,2,6,1,
2.024E+11,155 750 719,B01,1,7,0,2,2,1,1,
2.024E+11,155 750 717,A01,1,7,4,0,3,1,1,
2.024E+11,155 750 715,B01,2,1,0,2,6,19,5,
2.024E+11,155 750 716,A01,1,7,0,2,3,1,1,
2.024E+11,155 750 713,A01,1,7,15,2,1,13,1,
2.024E+11,155 750 714,B01,2,37,15,2,3,1,1,2
2.024E+11,155 750 711,A01,2,33,0,2,8,17,1,
2.024E+11,155 750 712,B01,2,7,0,2,8,15,1,
2.024E+11,155 750 710,A01,2,7,0,1,3,1,3,
2.024E+11,155 750 708,Z01,1,7,0,2,7,1,1,
2.024E+11,155 750 709,A01,1,50,0,2,1,1,3,
2.024E+11,155 750 705,A01,1,7,0,2,7,1,1,
2.024E+11,155 750 706,C01,1,7,8,2,6,23,1,
2.024E+11,155 750 707,B01,1,7,0,2,8,23,1,
2.024E+11,155 750 703,B01,1,2,0,2,1,1,0,
2.024E+11,155 750 704,A01,1,7,0,2,8,10,1,
2.024E+11,155 750 701,A01,3,32,0,2,1,1,1,
2.024E+11,155 750 702,B01,3,7,0,2,4,1,1,
2.024E+11,155 750 698,B01,2,7,0,2,4,1,1,
2.024E+11,155 750 699,C01,2,7,0,2,0,1,1,
2.024E+11,155 750 700,A01,2,33,0,2,4,1,1,
2.024E+11,155 750 696,A01,1,7,0,2,1,15,1,
2.024E+11,155 750 697,B01,1,7,0,2,8,1,1,
2.024E+11,155 750 695,A01,1,7,0,1,2,15,1,
2.024E+11,155 750 693,B01,2,7,0,2,6,0,1,
2.024E+11,155 750 694,A01,2,50,0,2,6,15,3,
2.024E+11,155 750 692,A01,1,7,0,1,1,1,1,
2.024E+11,155 750 691,A01,0,0,0,1,0,0,0,
2.024E+11,155 750 689,A01,3,7,0,1,2,15,2,
2.024E+11,155 750 688,A01,3,7,0,9,1,5,1,
2.024E+11,155 750 690,B01,3,60,0,2,1,1,5,
2.024E+11,155 750 687,A01,0,3,6,0,1,15,3,
2.024E+11,155 750 686,A01,2,7,0,1,2,1,1,
2.024E+11,155 750 685,A01,3,7,0,1,4,4,1,
2.024E+11,155 750 683,A01,1,50,0,0,0,1,3,
2.024E+11,155 750 682,B01,2,7,0,2,4,1,1,
2.024E+11,155 750 684,A01,2,7,0,2,1,12,1,
2.024E+11,155 750 681,A01,1,31,3,0,3,1,1,
2.024E+11,155 750 680,A01,1,7,3,0,2,1,1,
2.024E+11,155 750 679,A01,1,32,4,2,7,2,1,
2.024E+11,155 750 678,A01,2,37,0,1,5,7,2,1
2.024E+11,155 750 676,B01,1,7,14,0,4,23,1,
2.024E+11,155 750 677,A01,1,7,0,2,1,2,2,
2.024E+11,155 750 673,A01,1,7,0,2,1,2,1,
2.024E+11,155 750 674,B01,1,7,0,2,4,2,1,
2.024E+11,155 750 672,B01,0,50,0,2,0,0,3,
2.024E+11,155 750 675,A01,3,7,0,2,0,0,1,
2.024E+11,155 750 671,A01,1,7,1,0,0,0,1,
2.024E+11,155 750 670,A01,1,30,0,0,2,14,1,
2.024E+11,155 750 667,B01,1,3,0,2,0,19,1,
2.024E+11,155 750 669,A01,1,7,0,2,0,1,1,
2.024E+11,155 750 664,A01,0,1,0,2,0,0,5,
2.024E+11,155 750 666,B01,0,7,0,2,4,23,1,
2.024E+11,155 750 663,A01,1,7,0,2,0,9,1,
2.024E+11,155 750 665,B01,1,1,0,2,0,1,5,
2.024E+11,155 750 660,A01,1,7,0,2,1,0,1,
2.024E+11,155 750 662,B01,1,7,0,2,7,0,1,
2.024E+11,155 750 658,C01,1,33,0,2,0,2,1,
2.024E+11,155 750 659,A01,1,7,0,2,4,2,1,
2.024E+11,155 750 661,B01,1,7,0,2,1,2,1,
2.024E+11,155 750 656,A01,1,7,0,2,1,13,1,
2.024E+11,155 750 657,B01,2,14,0,2,1,1,1,
2.024E+11,155 750 654,A01,2,7,0,2,8,9,1,
2.024E+11,155 750 655,B01,2,41,0,2,0,1,1,
2.024E+11,155 750 652,A01,2,13,0,2,3,15,1,
2.024E+11,155 750 653,B01,2,33,0,2,1,0,1,
2.024E+11,155 750 648,A01,3,7,0,2,1,2,1,
2.024E+11,155 750 650,B01,3,7,0,2,9,2,1,
2.024E+11,155 750 651,C01,3,7,0,2,4,2,2,
2.024E+11,155 750 645,B01,0,7,0,2,1,1,1,
2.024E+11,155 750 647,A01,0,31,15,2,1,1,1,
2.024E+11,155 750 644,A01,2,7,0,2,3,13,1,
2.024E+11,155 750 646,B01,1,7,0,2,8,1,1,
2.024E+11,155 750 642,A01,3,50,12,0,1,1,3,
2.024E+11,155 750 641,B01,1,33,0,2,1,1,1,
2.024E+11,155 750 643,A01,2,7,0,2,3,1,1,
2.024E+11,155 750 639,A01,2,7,0,2,7,1,1,
2.024E+11,155 750 640,B01,0,1,0,2,1,26,5,
2.024E+11,155 750 638,A01,2,7,0,1,1,15,1,
2.024E+11,155 750 636,A01,1,7,8,0,1,26,1,
2.024E+11,155 750 635,B01,2,40,1,2,0,1,3,
2.024E+11,155 750 637,A01,2,7,0,4,7,15,1,
2.024E+11,155 750 633,A01,1,32,0,2,8,3,1,
2.024E+11,155 750 634,Z01,1,7,0,2,0,0,0,
2.024E+11,155 750 630,B01,2,7,0,2,3,1,1,
2.024E+11,155 750 631,C01,2,7,0,2,3,1,1,
2.024E+11,155 750 632,A01,1,7,0,2,3,5,1,
2.024E+11,155 750 629,A01,1,38,0,1,4,4,1,1
2.024E+11,155 750 626,B01,2,10,0,2,0,0,1,
2.024E+11,155 750 628,A01,2,7,0,2,3,26,1,
2.024E+11,155 750 625,A01,1,7,0,2,1,1,1,
2.024E+11,155 750 627,B01,2,1,0,2,1,6,5,
2.024E+11,155 750 623,A01,3,7,0,2,3,15,1,
2.024E+11,155 750 624,B01,0,33,0,2,1,2,1,
2.024E+11,155 750 622,A01,1,7,0,1,2,1,1,
2.024E+11,155 750 618,C01,2,7,0,2,3,1,3,
2.024E+11,155 750 620,A01,1,7,0,2,1,13,1,
2.024E+11,155 750 621,B01,2,7,0,2,6,1,1,
2.024E+11,155 750 617,A01,3,10,0,2,2,0,1,
2.024E+11,155 750 619,B01,3,7,0,2,3,16,1,
2.024E+11,155 750 613,B01,2,7,0,2,3,1,2,
2.024E+11,155 750 615,A01,1,33,0,2,1,17,1,
2.024E+11,155 750 616,T01,1,7,0,0,0,1,1,
2.024E+11,155 750 612,A01,2,7,0,2,5,15,1,
2.024E+11,155 750 614,B01,1,33,0,2,1,1,1,
2.024E+11,155 750 611,A01,1,7,0,1,3,1,1,
2.024E+11,155 750 610,A01,0,7,0,1,1,9,1,
2.024E+11,155 750 607,A01,1,10,0,2,1,2,1,
2.024E+11,155 750 609,B01,1,7,0,2,4,2,1,
2.024E+11,155 750 608,A01,0,7,0,1,8,15,1,
2.024E+11,155 750 604,A01,1,7,0,2,1,13,1,
2.024E+11,155 750 606,B01,2,10,0,2,1,1,1,
2.024E+11,155 750 603,A01,2,10,0,2,3,10,1,
2.024E+11,155 750 605,B01,2,7,0,2,2,1,1,
2.024E+11,155 750 602,A01,3,7,0,1,1,1,2,
2.024E+11,155 750 600,B01,3,10,12,2,1,13,1,
2.024E+11,155 750 601,A01,3,7,0,0,1,13,1,
2.024E+11,155 750 599,A01,1,7,0,1,2,1,1,
2.024E+11,155 750 597,B01,3,7,0,2,4,23,1,
2.024E+11,155 750 598,A01,3,33,0,2,1,1,1,