Num_Acc,id_vehicule,num_veh,senc,catv,obs,obsm,choc,manv,motor,occutc
2.024E+11,155 749 219,A01,1,1,1,0,0,1,5,
2.024E+11,155 749 221,B01,1,13,0,2,4,24,1,
2.024E+11,155 749 215,A01,3,7,0,2,2,10,1,
2.024E+11,155 749 217,B01,2,33,0,2,1,1,1,
2.024E+11,155 749 214,A01,1,7,15,0,4,1,1,
2.024E+11,155 749 216,C01,1,7,14,0,4,23,1,
2.024E+11,155 749 218,B01,1,7,15,0,1,1,1,
2.024E+11,155 749 212,B01,1,43,0,2,8,1,1,
2.024E+11,155 749 213,Z01,1,7,0,2,1,1,1,
2.024E+11,155 749 210,A01,1,30,0,1,1,19,1,
2.024E+11,155 749 209,A01,2,7,0,2,1,9,1,
2.024E+11,155 749 211,B01,2,7,0,2,6,1,1,
2.024E+11,155 749 207,A01,2,30,0,2,6,20,1,
2.024E+11,155 749 208,B01,2,1,1,0,1,1,5,
2.024E+11,155 749 206,A01,1,37,1,1,5,15,0,1
2.024E+11,155 749 205,A01,1,33,0,0,0,1,1,
2.024E+11,155 749 203,A01,1,7,0,2,1,1,2,
2.024E+11,155 749 204,B01,1,7,0,2,6,15,1,
2.024E+11,155 749 200,A01,3,10,0,2,2,14,1,
2.024E+11,155 749 201,C01,3,10,0,2,4,2,1,
2.024E+11,155 749 202,B01,3,7,0,2,6,1,1,
2.024E+11,155 749 198,A01,1,33,0,2,2,26,1,
2.024E+11,155 749 199,B01,0,1,0,2,0,0,5,
2.024E+11,155 749 197,A01,1,7,1,0,1,21,1,
2.024E+11,155 749 196,A01,3,1,0,0,1,1,5,
2.024E+11,155 749 194,A01,0,7,0,2,3,9,2,
2.024E+11,155 749 195,B01,0,37,0,2,2,2,1,2
2.024E+11,155 749 192,A01,3,7,0,2,2,1,1,
2.024E+11,155 749 193,B01,0,7,0,2,1,1,1,
2.024E+11,155 749 190,B01,2,10,0,2,2,1,1,
2.024E+11,155 749 191,A01,2,30,0,2,1,16,3,
2.024E+11,155 749 188,B01,1,32,0,2,3,0,1,
2.024E+11,155 749 189,A01,1,10,0,2,2,1,1,
2.024E+11,155 749 187,A01,1,10,1,0,1,1,0,
2.024E+11,155 749 185,B01,2,1,0,2,7,1,5,
2.024E+11,155 749 186,A01,1,7,0,9,3,1,2,
2.024E+11,155 749 184,A01,2,7,1,0,2,26,1,
2.024E+11,155 749 183,Z01,3,50,0,1,1,25,3,
2.024E+11,155 749 181,B01,2,7,0,0,4,23,1,
2.024E+11,155 749 182,A01,1,7,0,0,1,2,1,
2.024E+11,155 749 179,A01,1,33,0,0,8,1,0,
2.024E+11,155 749 180,B01,1,7,0,0,0,9,1,
2.024E+11,155 749 178,A01,1,7,13,0,9,1,1,
2.024E+11,155 749 177,A01,0,31,0,0,0,0,1,
2.024E+11,155 749 175,B01,2,7,0,0,6,2,1,
2.024E+11,155 749 176,A01,2,33,0,2,1,17,1,
2.024E+11,155 749 173,B01,1,33,0,2,1,0,0,
2.024E+11,155 749 174,A01,1,7,0,2,5,10,1,
2.024E+11,155 749 171,B01,1,33,0,0,1,2,1,
2.024E+11,155 749 172,A01,1,7,0,0,6,2,1,
2.024E+11,155 749 170,A01,1,7,2,0,1,1,1,
2.024E+11,155 749 167,C01,1,7,0,2,3,2,2,
2.024E+11,155 749 168,B01,1,7,0,2,1,2,1,
2.024E+11,155 749 169,A01,1,7,0,0,4,2,2,
2.024E+11,155 749 166,A01,1,1,0,0,0,26,5,
2.024E+11,155 749 164,B01,1,7,5,0,4,15,1,
2.024E+11,155 749 165,A01,1,7,0,2,1,1,1,
2.024E+11,155 749 162,A01,1,7,0,2,2,15,1,
2.024E+11,155 749 163,B01,2,33,0,2,1,1,1,
2.024E+11,155 749 161,A01,3,7,5,0,0,26,1,
2.024E+11,155 749 160,A01,3,36,13,0,8,13,1,
2.024E+11,155 749 159,A01,1,33,13,0,9,1,1,
2.024E+11,155 749 157,A01,1,80,0,2,2,16,3,
2.024E+11,155 749 158,B01,1,10,0,2,6,16,1,
2.024E+11,155 749 154,A01,2,7,0,2,1,1,1,
2.024E+11,155 749 156,B01,2,10,0,0,4,1,1,
2.024E+11,155 749 153,A01,3,2,0,2,6,1,3,
2.024E+11,155 749 155,B01,2,7,0,2,3,15,2,
2.024E+11,155 749 151,A01,2,7,0,2,2,19,1,
2.024E+11,155 749 152,B01,2,33,0,2,1,1,1,
2.024E+11,155 749 150,A01,2,32,0,1,1,1,1,
2.024E+11,155 749 147,A01,2,7,6,0,4,15,1,
2.024E+11,155 749 148,A01,2,7,0,9,7,22,2,
2.024E+11,155 749 149,B01,1,1,0,2,1,1,5,
2.024E+11,155 749 145,A01,2,80,14,0,1,1,3,
2.024E+11,155 749 142,A01,1,30,0,2,3,18,1,
2.024E+11,155 749 143,Z01,1,2,0,2,2,16,0,
2.024E+11,155 749 141,A01,3,10,6,2,1,19,1,
2.024E+11,155 749 144,B01,2,7,0,2,2,1,1,
2.024E+11,155 749 139,A01,1,50,14,0,1,1,3,
2.024E+11,155 749 138,A01,2,7,0,2,8,24,1,
2.024E+11,155 749 140,B01,2,1,0,2,1,1,5,
2.024E+11,155 749 136,B01,2,7,0,2,8,19,1,
2.024E+11,155 749 137,A01,2,7,0,2,1,2,1,
2.024E+11,155 749 134,B01,3,2,0,2,6,1,3,
2.024E+11,155 749 135,A01,3,31,0,2,1,13,1,
2.024E+11,155 749 132,A01,1,7,0,2,1,13,1,
2.024E+11,155 749 133,B01,2,10,0,2,3,1,1,
2.024E+11,155 749 131,A01,1,7,0,1,2,1,2,
2.024E+11,155 749 130,A01,2,7,0,1,2,1,1,
2.024E+11,155 749 126,A01,2,7,0,2,3,1,1,
2.024E+11,155 749 128,B01,1,7,0,2,3,1,1,
2.024E+11,155 749 127,A01,2,7,0,2,3,1,1,
2.024E+11,155 749 129,B01,2,30,0,2,5,15,1,
2.024E+11,155 749 123,A01,1,7,0,2,1,2,1,
2.024E+11,155 749 124,B01,1,30,0,2,4,2,3,
2.024E+11,155 749 122,A01,2,33,5,0,2,1,4,
2.024E+11,155 749 121,A01,1,33,0,0,0,2,1,
2.024E+11,155 749 119,A01,1,7,0,2,1,15,1,
2.024E+11,155 749 120,B01,2,7,0,2,1,1,1,
2.024E+11,155 749 117,A01,1,7,0,2,3,13,1,
2.024E+11,155 749 118,B01,2,10,0,2,6,1,1,
2.024E+11,155 749 115,A01,2,7,0,2,2,15,1,
2.024E+11,155 749 116,B01,1,2,0,2,1,1,1,
2.024E+11,155 749 114,A01,1,7,0,1,1,1,2,
2.024E+11,155 749 112,A01,2,7,0,2,4,1,1,
2.024E+11,155 749 113,B01,2,2,0,2,1,2,1,
2.024E+11,155 749 111,A01,2,33,9,0,1,21,1,
2.024E+11,155 749 109,A01,1,7,0,2,7,15,1,
2.024E+11,155 749 110,B01,2,1,0,2,1,1,5,
2.024E+11,155 749 106,A01,2,33,0,2,8,13,1,
2.024E+11,155 749 108,B01,1,14,0,2,8,1,0,
2.024E+11,155 749 102,D01,1,7,0,2,3,1,1,
2.024E+11,155 749 104,C01,1,7,0,2,1,1,1,
2.024E+11,155 749 105,A01,1,7,3,2,1,13,1,
2.024E+11,155 749 107,B01,1,7,0,2,1,1,1,
2.024E+11,155 749 101,B01,1,1,0,2,8,19,5,
2.024E+11,155 749 103,A01,1,7,0,2,1,1,1,
2.024E+11,155 749 098,B01,1,1,0,2,3,26,5,
2.024E+11,155 749 100,A01,1,7,0,9,7,17,1,
2.024E+11,155 749 099,A01,1,7,0,1,3,1,1,
2.024E+11,155 749 095,B01,1,33,0,0,0,16,1,
2.024E+11,155 749 097,A01,1,7,0,0,0,16,1,
2.024E+11,155 749 093,B01,2,7,0,2,7,0,1,
2.024E+11,155 749 096,A01,2,7,0,2,1,0,1,
2.024E+11,155 749 091,A01,1,7,0,2,3,13,1,
2.024E+11,155 749 092,B01,2,13,0,2,3,1,1,
2.024E+11,155 749 094,C01,1,7,0,2,1,1,1,
2.024E+11,155 749 090,A01,3,10,0,1,4,4,0,
2.024E+11,155 749 087,A01,1,31,0,2,1,1,1,
2.024E+11,155 749 089,B01,2,7,0,2,3,1,1,
2.024E+11,155 749 086,A01,0,7,0,9,2,14,1,
2.024E+11,155 749 088,B01,3,1,0,2,8,1,5,
2.024E+11,155 749 084,A01,2,33,0,0,9,1,1,
2.024E+11,155 749 083,A01,2,10,0,2,3,2,1,
2.024E+11,155 749 085,B01,2,43,0,2,5,2,1,
2.024E+11,155 749 079,B01,3,32,0,2,1,1,1,
2.024E+11,155 749 081,A01,3,7,0,2,7,14,2,
2.024E+11,155 749 080,A01,3,1,0,2,0,1,5,
2.024E+11,155 749 082,B01,1,7,0,2,1,9,1,
2.024E+11,155 749 078,A01,0,1,14,0,1,0,5,
2.024E+11,155 749 076,A01,0,50,0,0,0,21,3,
2.024E+11,155 749 075,B01,2,15,0,0,1,1,1,
2.024E+11,155 749 077,A01,1,10,0,2,1,15,1,
2.024E+11,155 749 074,A01,2,37,0,1,1,0,2,1
2.024E+11,155 749 071,A01,1,7,0,2,1,13,1,
2.024E+11,155 749 073,B01,2,7,0,2,1,1,1,
2.024E+11,155 749 070,B01,0,50,0,9,1,15,3,
2.024E+11,155 749 072,A01,3,50,0,9,1,1,3,
2.024E+11,155 749 069,A01,3,30,14,0,1,6,0,
2.024E+11,155 749 068,A01,1,33,0,0,8,26,1,
2.024E+11,155 749 065,B01,1,50,0,2,1,2,3,
2.024E+11,155 749 067,A01,1,7,0,2,7,4,1,
2.024E+11,155 749 064,A01,1,7,0,9,8,15,1,
2.024E+11,155 749 066,B01,1,1,0,2,7,1,5,
2.024E+11,155 749 062,A01,2,7,9,0,9,17,1,
2.024E+11,155 749 061,A01,1,7,14,2,1,1,1,
2.024E+11,155 749 063,B01,1,7,0,2,8,0,1,
2.024E+11,155 749 058,A01,1,50,0,2,1,13,3,
2.024E+11,155 749 060,B01,2,7,0,2,2,23,1,
2.024E+11,155 749 057,A01,2,7,0,0,1,15,1,
2.024E+11,155 749 059,B01,2,1,0,0,1,1,5,
2.024E+11,155 749 055,B01,1,1,0,2,3,1,5,
2.024E+11,155 749 056,Z01,1,10,0,2,2,12,0,
2.024E+11,155 749 054,A01,1,33,0,0,1,1,1,
2.024E+11,155 749 051,A01,2,43,0,2,0,1,1,
2.024E+11,155 749 053,B01,2,80,0,2,0,1,3,
2.024E+11,155 749 050,B01,2,7,0,2,1,1,1,
2.024E+11,155 749 052,A01,1,7,0,2,1,13,1,
2.024E+11,155 749 048,A01,1,33,0,0,1,1,1,
2.024E+11,155 749 047,A01,1,33,0,2,1,1,1,
2.024E+11,155 749 049,B01,1,7,0,2,2,16,1,
2.024E+11,155 749 045,A01,2,7,0,2,1,13,1,
2.024E+11,155 749 046,B01,1,7,0,2,1,1,1,
2.024E+11,155 749 044,A01,1,7,0,1,2,16,1,
2.024E+11,155 749 041,B01,1,7,0,0,7,15,1,
2.024E+11,155 749 043,A01,1,32,0,2,1,1,1,
2.024E+11,155 749 040,A01,1,7,0,2,1,1,1,
2.024E+11,155 749 042,B01,1,1,0,2,5,19,5,
2.024E+11,155 749 039,A01,0,2,14,0,0,1,1,
2.024E+11,155 749 038,A01,2,36,1,0,1,1,1,
2.024E+11,155 749 036,A01,2,7,0,2,1,0,1,
2.024E+11,155 749 037,B01,1,7,0,2,1,0,1,
2.024E+11,155 749 034,B01,2,1,0,2,9,1,5,
2.024E+11,155 749 035,A01,1,7,0,2,3,1,1,
2.024E+11,155 749 033,A01,1,33,0,6,0,1,1,
2.024E+11,155 749 032,A01,2,7,0,0,0,0,1,
2.024E+11,155 749 030,A01,1,7,0,2,3,5,1,
2.024E+11,155 749 031,B01,1,7,0,2,3,2,1,
2.024E+11,155 749 029,A01,2,33,12,0,1,1,1,
2.024E+11,155 749 028,A01,1,33,0,0,8,1,1,
2.024E+11,155 749 026,B01,1,31,0,2,7,0,1,
2.024E+11,155 749 027,A01,1,7,13,2,6,2,1,
2.024E+11,155 749 025,A01,2,7,2,0,1,0,1,
2.024E+11,155 749 022,A01,1,7,0,2,3,15,1,
2.024E+11,155 749 023,B01,2,1,0,2,3,1,5,
2.024E+11,155 749 024,C01,2,7,0,2,1,1,1,
2.024E+11,155 749 020,A01,1,7,7,0,2,0,1,
2.024E+11,155 749 019,A01,1,2,0,2,1,26,1,
2.024E+11,155 749 021,B01,2,7,0,2,7,19,1,
2.024E+11,155 749 016,B01,0,20,0,2,1,1,0,
2.024E+11,155 749 018,A01,0,7,0,9,2,1,1,
2.024E+11,155 749 015,A01,3,7,0,2,1,9,1,
2.024E+11,155 749 017,B01,0,50,0,2,7,1,3,
2.024E+11,155 749 012,A01,1,7,9,2,3,9,1,
2.024E+11,155 749 014,B01,1,7,9,2,1,1,1,
2.024E+11,155 749 011,Z01,2,7,0,2,2,12,0,
2.024E+11,155 749 013,A01,2,33,0,2,1,1,1,
2.024E+11,155 749 009,A01,1,7,0,2,3,15,1,
2.024E+11,155 749 010,B01,2,7,0,2,2,1,1,
2.024E+11,155 749 008,A01,2,10,4,0,1,1,1,
2.024E+11,155 749 007,A01,3,7,0,1,3,1,1,
2.024E+11,155 749 003,A01,3,10,0,0,2,15,1,
2.024E+11,155 749 005,B01,1,2,0,0,5,1,1,
2.024E+11,155 749 000,A01,2,33,0,6,1,1,1,
2.024E+11,155 749 001,B01,1,10,0,2,4,2,1,
2.024E+11,155 749 002,C01,1,10,0,2,1,2,1,
2.024E+11,155 749 004,D01,1,7,0,2,4,0,1,
2.024E+11,155 749 006,A01,1,10,0,2,1,2,1,
2.024E+11,155 748 997,A01,1,7,3,0,1,21,1,
2.024E+11,155 748 998,A01,1,7,0,0,5,15,1,
2.024E+11,155 748 999,B01,2,1,0,0,4,1,5,
2.024E+11,155 748 994,B01,2,7,0,2,4,2,1,
2.024E+11,155 748 996,A01,1,33,0,2,1,2,1,
2.024E+11,155 748 992,A01,2,33,0,2,1,17,1,
2.024E+11,155 748 993,B01,2,15,0,2,8,26,1,
2.024E+11,155 748 995,C01,1,7,0,2,1,1,1,
2.024E+11,155 748 989,B01,1,10,0,2,4,2,1,
2.024E+11,155 748 991,A01,1,7,0,2,1,2,1,
2.024E+11,155 748 990,A01,2,10,0,1,7,1,1,
2.024E+11,155 748 984,A01,2,7,0,9,8,15,1,
2.024E+11,155 748 987,B01,1,1,0,2,1,1,5,
2.024E+11,155 748 985,A01,1,14,6,2,1,21,1,
2.024E+11,155 748 986,B01,1,14,0,2,6,2,1,
2.024E+11,155 748 988,C01,1,17,0,2,4,1,1,
2.024E+11,155 748 981,A01,1,33,0,0,1,21,1,
2.024E+11,155 748 983,B01,3,7,0,0,3,19,1,
2.024E+11,155 748 980,A01,2,10,0,2,2,11,1,
2.024E+11,155 748 982,B01,2,7,0,2,6,1,2,
2.024E+11,155 748 979,A01,1,7,2,0,7,1,1,
2.024E+11,155 748 978,A01,2,31,4,0,3,1,3,
2.024E+11,155 748 976,A01,2,7,0,2,1,1,1,
2.024E+11,155 748 977,B01,1,10,6,2,1,1,1,
2.024E+11,155 748 974,A01,1,33,0,2,1,3,1,
2.024E+11,155 748 975,B01,1,7,0,2,2,12,1,
2.024E+11,155 748 973,A01,1,2,8,0,1,1,1,
2.024E+11,155 748 970,A01,1,7,6,0,1,1,1,
2.024E+11,155 748 969,B01,2,7,0,2,4,2,1,
2.024E+11,155 748 971,C01,2,7,0,2,1,2,1,
2.024E+11,155 748 972,A01,2,7,0,2,4,2,1,
2.024E+11,155 748 964,A01,1,7,3,0,2,14,1,
2.024E+11,155 748 965,C01,1,7,0,9,0,2,1,
2.024E+11,155 748 966,A01,1,7,0,9,8,21,1,
2.024E+11,155 748 967,B01,1,7,0,9,2,21,1,
2.024E+11,155 748 962,B01,1,31,0,2,1,17,1,
2.024E+11,155 748 963,A01,1,10,0,2,6,11,1,
2.024E+11,155 748 961,A01,1,7,13,0,2,1,0,
2.024E+11,155 748 960,A01,1,33,13,0,1,0,1,
2.024E+11,155 748 959,A01,2,30,0,1,1,19,1,
2.024E+11,155 748 958,A01,2,7,2,0,1,11,1,
2.024E+11,155 748 957,A01,0,7,4,0,0,1,1,
2.024E+11,155 748 955,A01,2,14,9,2,1,6,1,
2.024E+11,155 748 956,B01,1,17,0,2,1,1,1,
2.024E+11,155 748 953,A01,1,33,0,2,1,2,1,
2.024E+11,155 748 954,B01,1,7,0,0,4,2,3,
2.024E+11,155 748 951,B01,2,7,0,2,7,1,1,
2.024E+11,155 748 952,A01,1,7,0,2,1,15,1,
2.024E+11,155 748 949,A01,3,7,0,2,3,15,1,
2.024E+11,155 748 950,B01,3,2,0,2,7,17,1,
2.024E+11,155 748 948,A01,1,7,16,0,0,0,1,
2.024E+11,155 748 947,A01,0,10,9,1,1,16,1,
2.024E+11,155 748 944,A01,1,7,0,2,4,1,3,
2.024E+11,155 748 945,B01,1,7,0,2,2,1,1,
2.024E+11,155 748 946,C01,1,10,0,2,1,2,1,
2.024E+11,155 748 941,A01,1,7,0,2,3,2,1,
2.024E+11,155 748 942,C01,1,7,3,0,5,1,1,
2.024E+11,155 748 943,B01,1,7,0,2,3,1,1,
2.024E+11,155 748 938,A01,2,14,1,2,6,1,1,
2.024E+11,155 748 939,B01,2,99,1,0,3,1,1,
2.024E+11,155 748 940,C01,2,7,1,0,6,26,1,
2.024E+11,155 748 936,B01,1,10,0,0,0,1,1,
2.024E+11,155 748 937,A01,1,7,4,0,1,1,1,
2.024E+11,155 748 933,C01,2,7,0,2,4,1,1,
2.024E+11,155 748 934,A01,2,7,0,2,1,1,1,
2.024E+11,155 748 935,B01,2,7,0,2,4,1,1,
2.024E+11,155 748 930,A01,1,7,0,2,1,1,1,
2.024E+11,155 748 931,B01,1,10,0,2,4,1,1,
2.024E+11,155 748 932,C01,1,7,0,2,4,1,1,
2.024E+11,155 748 928,A01,1,33,0,2,1,3,1,
2.024E+11,155 748 929,B01,1,7,0,2,6,11,1,
2.024E+11,155 748 925,B01,1,7,0,2,4,2,1,
2.024E+11,155 748 926,C01,1,10,0,2,4,2,1,
2.024E+11,155 748 927,A01,1,7,0,2,1,2,2,
2.024E+11,155 748 924,A01,2,7,8,0,1,13,1,
2.024E+11,155 748 923,A01,2,10,1,1,4,4,1,
2.024E+11,155 748 921,A01,2,7,0,2,7,15,1,
2.024E+11,155 748 922,B01,2,7,0,2,1,2,1,
2.024E+11,155 748 919,A01,2,7,0,2,1,1,1,
2.024E+11,155 748 920,B01,2,7,4,0,1,0,1,
2.024E+11,155 748 917,A01,3,10,0,2,4,4,1,
2.024E+11,155 748 918,B01,3,2,0,2,2,1,1,
2.024E+11,155 748 916,A01,3,7,0,1,3,1,1,
2.024E+11,155 748 914,A01,3,7,0,9,3,16,1,
2.024E+11,155 748 915,B01,3,1,0,2,1,5,5,
2.024E+11,155 748 912,B01,2,7,0,2,1,1,1,
2.024E+11,155 748 913,A01,2,7,0,2,7,1,2,
2.024E+11,155 748 911,A01,1,7,0,1,2,1,1,
2.024E+11,155 748 910,A01,3,31,0,1,1,21,1,
2.024E+11,155 748 909,A01,1,7,1,1,4,23,1,
2.024E+11,155 748 906,B01,1,7,0,2,4,2,1,
2.024E+11,155 748 907,A01,1,10,0,2,1,2,1,
2.024E+11,155 748 908,C01,1,7,0,2,4,2,1,
2.024E+11,155 748 904,B01,2,7,0,2,3,1,3,
2.024E+11,155 748 905,A01,3,7,0,2,2,16,1,
2.024E+11,155 748 900,B01,1,7,0,2,3,1,1,
2.024E+11,155 748 901,A01,2,7,3,2,2,26,1,
2.024E+11,155 748 899,A01,0,33,12,0,1,1,1,
2.024E+11,155 748 897,B01,2,7,0,2,1,1,1,
2.024E+11,155 748 898,A01,1,3,0,2,1,13,1,
2.024E+11,155 748 895,A01,2,7,0,2,1,1,1,
2.024E+11,155 748 896,B01,2,7,0,2,4,1,1,
2.024E+11,155 748 893,A01,1,50,0,2,1,1,3,
2.024E+11,155 748 894,B01,2,7,0,2,2,15,1,
2.024E+11,155 748 891,B01,1,33,0,2,1,1,1,
2.024E+11,155 748 892,A01,2,7,0,2,1,15,1,
2.024E+11,155 748 889,A01,1,7,0,2,1,1,1,
2.024E+11,155 748 890,B01,2,7,0,2,1,13,1,
2.024E+11,155 748 888,A01,1,7,0,1,2,1,1,
2.024E+11,155 748 887,A01,1,30,0,0,0,1,1,
2.024E+11,155 748 885,A01,1,7,0,2,2,2,1,
2.024E+11,155 748 886,B01,1,1,0,2,1,1,5,
2.024E+11,155 748 884,A01,2,7,0,1,0,0,1,
2.024E+11,155 748 883,A01,3,7,0,1,3,15,1,
2.024E+11,155 748 880,C01,3,7,0,2,6,1,1,
2.024E+11,155 748 881,B01,3,7,0,2,7,1,1,
2.024E+11,155 748 882,A01,3,7,8,2,1,8,1,
2.024E+11,155 748 878,A01,1,7,0,2,1,13,1,
2.024E+11,155 748 879,B01,2,7,0,2,1,1,1,
2.024E+11,155 748 876,A01,2,7,0,2,3,26,1,
2.024E+11,155 748 877,B01,1,7,0,2,1,1,1,
2.024E+11,155 748 874,A01,2,33,0,2,2,16,1,
2.024E+11,155 748 875,B01,2,7,0,2,6,1,1,
2.024E+11,155 748 872,A01,3,7,0,2,1,1,1,
2.024E+11,155 748 873,B01,3,1,0,2,4,1,5,
2.024E+11,155 748 870,A01,0,80,0,2,8,15,3,
2.024E+11,155 748 871,B01,1,2,0,2,7,17,1,
2.024E+11,155 748 868,B01,1,34,0,2,1,1,1,
2.024E+11,155 748 869,A01,2,7,0,2,3,13,1,
2.024E+11,155 748 866,B01,1,7,0,2,6,1,1,
2.024E+11,155 748 867,A01,2,7,0,2,3,19,1,
2.024E+11,155 748 864,A01,1,7,0,2,1,0,1,
2.024E+11,155 748 865,B01,1,7,0,2,4,0,1,
2.024E+11,155 748 863,A01,0,10,0,1,1,1,1,
2.024E+11,155 748 862,A01,1,7,1,0,2,14,1,
2.024E+11,155 748 860,B01,1,7,0,2,8,1,3,
2.024E+11,155 748 861,A01,1,34,0,2,1,1,1,
2.024E+11,155 748 858,B01,2,7,0,2,1,0,1,
2.024E+11,155 748 859,A01,1,7,0,2,1,13,1,
2.024E+11,155 748 856,A01,0,7,0,2,1,15,1,
2.024E+11,155 748 857,B01,1,7,0,2,2,1,1,
2.024E+11,155 748 854,B01,2,15,0,2,1,1,1,
2.024E+11,155 748 855,A01,2,10,0,2,3,15,1,
2.024E+11,155 748 852,A01,1,50,0,2,1,1,3,
2.024E+11,155 748 853,B01,1,7,0,9,7,16,1,
2.024E+11,155 748 851,A01,1,7,6,0,1,15,1,
2.024E+11,155 748 850,A01,3,7,0,2,1,0,0,
2.024E+11,155 748 849,A01,3,7,2,0,1,13,1,
2.024E+11,155 748 845,A01,1,7,0,2,2,1,1,
2.024E+11,155 748 846,B01,1,10,0,2,3,1,1,
2.024E+11,155 748 843,A01,0,10,0,2,1,13,1,
2.024E+11,155 748 844,B01,0,7,0,2,3,1,1,
2.024E+11,155 748 841,A01,2,31,0,2,4,12,1,
2.024E+11,155 748 842,B01,2,7,0,2,1,2,1,
2.024E+11,155 748 840,A01,2,7,0,1,1,1,1,
2.024E+11,155 748 838,Z01,2,7,0,2,2,12,0,
2.024E+11,155 748 839,A01,2,7,0,2,3,1,1,
2.024E+11,155 748 836,A01,0,80,0,2,1,1,3,
2.024E+11,155 748 837,B01,0,1,0,2,1,1,5,
2.024E+11,155 748 835,A01,2,33,0,1,1,17,1,
2.024E+11,155 748 834,A01,2,7,2,0,1,13,1,
2.024E+11,155 748 832,Y01,3,50,0,2,3,25,3,
2.024E+11,155 748 833,A01,3,32,0,2,2,26,1,
2.024E+11,155 748 831,A01,3,7,0,1,1,26,3,
2.024E+11,155 748 829,A01,3,7,0,2,3,15,1,
2.024E+11,155 748 830,B01,3,2,0,2,8,1,3,
2.024E+11,155 748 827,Z01,2,1,0,1,1,1,5,
2.024E+11,155 748 826,B01,2,50,0,2,2,2,3,
2.024E+11,155 748 828,A01,2,7,0,9,8,11,0,
2.024E+11,155 748 824,A01,2,7,0,1,2,1,2,
2.024E+11,155 748 823,A01,3,7,0,1,2,2,3,
2.024E+11,155 748 821,Z01,2,50,0,1,1,1,3,
2.024E+11,155 748 820,B01,1,32,14,2,3,13,6,
2.024E+11,155 748 822,A01,1,37,0,9,3,15,6,1
2.024E+11,155 748 818,B01,3,7,0,2,1,0,1,
2.024E+11,155 748 819,A01,3,7,0,2,2,16,3,
2.024E+11,155 748 816,A01,2,10,0,2,7,19,1,
2.024E+11,155 748 817,B01,2,33,0,2,1,1,1,
2.024E+11,155 748 813,A01,2,7,14,2,4,1,1,
2.024E+11,155 748 814,B01,2,7,0,2,1,2,1,
2.024E+11,155 748 815,C01,2,7,0,2,1,2,1,
2.024E+11,155 748 811,A01,3,7,8,0,3,1,1,
2.024E+11,155 748 810,A01,1,33,0,2,1,2,1,
2.024E+11,155 748 812,B01,1,7,0,2,5,2,1,
2.024E+11,155 748 808,A01,3,1,0,2,8,9,5,
2.024E+11,155 748 809,B01,3,2,0,2,1,2,0,
2.024E+11,155 748 807,A01,3,99,15,0,8,26,0,
2.024E+11,155 748 803,C01,1,13,0,2,1,1,1,
2.024E+11,155 748 805,A01,1,31,0,2,4,1,1,
2.024E+11,155 748 806,B01,1,7,0,2,4,1,2,
2.024E+11,155 748 804,A01,2,2,0,1,1,0,1,
2.024E+11,155 748 801,B01,1,33,0,2,1,1,1,
2.024E+11,155 748 802,A01,2,7,0,2,2,15,1,
2.024E+11,155 748 797,B01,1,31,0,2,2,21,1,
2.024E+11,155 748 799,A01,1,7,0,2,3,22,1,
2.024E+11,155 748 798,A01,1,7,0,2,0,0,1,
2.024E+11,155 748 800,B01,1,7,0,2,1,14,1,
2.024E+11,155 748 794,B01,3,7,0,2,3,15,1,
2.024E+11,155 748 796,A01,1,33,0,2,2,17,1,
2.024E+11,155 748 792,Z01,3,0,0,2,2,1,0,
2.024E+11,155 748 795,A01,3,50,0,2,1,1,3,
2.024E+11,155 748 791,A01,3,1,0,2,1,1,5,
2.024E+11,155 748 793,B01,3,7,0,2,8,1,1,
2.024E+11,155 748 789,A01,2,7,0,2,3,13,1,
2.024E+11,155 748 790,B01,2,34,0,2,2,17,1,
2.024E+11,155 748 787,A01,1,2,0,2,7,21,1,
2.024E+11,155 748 788,B01,2,7,0,2,3,19,1,
2.024E+11,155 748 785,A01,3,50,0,2,1,19,3,
2.024E+11,155 748 786,B01,2,0,0,2,1,1,0,
2.024E+11,155 748 784,A01,2,7,0,1,2,19,1,
2.024E+11,155 748 783,A01,3,1,0,0,1,1,5,
2.024E+11,155 748 781,A01,1,7,3,0,1,26,1,
2.024E+11,155 748 780,B01,2,1,0,2,1,1,5,
2.024E+11,155 748 782,A01,1,10,0,9,1,1,1,
2.024E+11,155 748 777,B01,1,7,0,0,0,1,1,
2.024E+11,155 748 779,A01,2,31,0,0,2,17,1,
2.024E+11,155 748 778,A01,2,33,15,0,2,14,1,
2.024E+11,155 748 776,A01,2,7,6,0,1,5,1,
2.024E+11,155 748 773,A01,1,33,0,2,1,13,1,
2.024E+11,155 748 774,B01,2,7,0,9,8,13,1,
2.024E+11,155 748 771,C01,3,7,0,2,8,23,1,
2.024E+11,155 748 772,B01,3,7,0,2,1,1,1,
2.024E+11,155 748 775,A01,1,7,0,2,3,13,3,
2.024E+11,155 748 769,B01,2,15,0,2,8,1,1,
2.024E+11,155 748 770,A01,1,7,0,2,3,13,1,
2.024E+11,155 748 766,A01,2,7,0,0,6,23,1,
2.024E+11,155 748 768,B01,2,17,0,2,2,21,1,
2.024E+11,155 748 765,A01,0,7,6,0,3,1,1,
2.024E+11,155 748 764,A01,2,7,12,2,5,15,1,
2.024E+11,155 748 767,B01,2,33,12,2,3,1,1,
2.024E+11,155 748 762,B01,0,1,0,2,0,0,5,