Num_Acc,id_vehicule,num_veh,senc,catv,obs,obsm,choc,manv,motor,occutc
2.024E+11,155 748 288,A01,3,7,0,2,2,15,1,
2.024E+11,155 748 290,B01,3,33,0,2,1,26,1,
2.024E+11,155 748 285,A01,1,33,6,0,1,17,1,
2.024E+11,155 748 284,D01,2,10,0,2,1,2,1,
2.024E+11,155 748 286,C01,2,10,0,2,4,23,1,
2.024E+11,155 748 287,A01,2,7,0,2,4,23,1,
2.024E+11,155 748 289,B01,2,7,0,2,4,23,1,
2.024E+11,155 748 282,A01,1,7,0,1,2,1,1,
2.024E+11,155 748 281,B01,1,7,0,2,1,2,1,
2.024E+11,155 748 283,A01,1,7,0,2,4,1,1,
2.024E+11,155 748 279,B01,2,7,0,2,1,1,1,
2.024E+11,155 748 280,A01,1,7,0,2,2,1,2,
2.024E+11,155 748 277,A01,2,7,0,2,7,12,1,
2.024E+11,155 748 278,B01,2,33,0,2,8,3,1,
2.024E+11,155 748 276,A01,2,7,16,0,9,21,1,
2.024E+11,155 748 274,A01,1,33,0,2,1,1,1,
2.024E+11,155 748 275,B01,2,10,0,0,8,15,1,
2.024E+11,155 748 272,A01,2,10,0,2,7,12,0,
2.024E+11,155 748 273,B01,2,33,0,2,1,3,0,
2.024E+11,155 748 271,A01,2,33,4,0,1,15,1,
2.024E+11,155 748 268,A01,2,33,0,2,1,3,1,
2.024E+11,155 748 269,B01,2,7,0,2,6,11,1,
2.024E+11,155 748 270,C01,2,7,0,2,6,1,1,
2.024E+11,155 748 267,A01,2,7,4,0,1,21,1,
2.024E+11,155 748 266,A01,2,7,0,2,5,11,1,
2.024E+11,155 748 263,A01,2,7,4,0,1,1,1,
2.024E+11,155 748 262,B01,1,7,0,2,3,1,1,
2.024E+11,155 748 264,C01,1,7,0,2,1,1,1,
2.024E+11,155 748 265,A01,2,7,13,2,1,17,1,
2.024E+11,155 748 258,B01,1,1,1,0,1,0,5,
2.024E+11,155 748 260,A01,1,10,0,0,6,24,1,
2.024E+11,155 748 257,C01,1,7,1,2,1,1,1,
2.024E+11,155 748 259,A01,1,7,3,2,1,13,1,
2.024E+11,155 748 261,B01,1,7,1,2,1,1,1,
2.024E+11,155 748 256,A01,1,7,0,0,0,14,1,
2.024E+11,155 748 254,A01,2,7,4,2,8,13,1,
2.024E+11,155 748 255,B01,2,37,0,2,6,1,1,1
2.024E+11,155 748 252,A01,1,33,0,0,0,0,1,
2.024E+11,155 748 251,A01,1,33,0,2,1,26,1,
2.024E+11,155 748 253,B01,1,2,0,2,4,0,1,
2.024E+11,155 748 250,A01,1,41,0,0,0,0,1,
2.024E+11,155 748 249,A01,3,50,12,0,8,1,3,
2.024E+11,155 748 247,B01,2,7,0,2,4,23,1,
2.024E+11,155 748 248,A01,2,60,0,2,1,2,5,
2.024E+11,155 748 245,A01,2,7,0,2,0,13,1,
2.024E+11,155 748 246,B01,1,7,6,2,6,1,1,
2.024E+11,155 748 243,A01,1,43,0,2,1,12,1,
2.024E+11,155 748 244,B01,1,7,0,2,4,12,1,
2.024E+11,155 748 238,B01,2,7,0,2,0,1,1,
2.024E+11,155 748 241,A01,2,7,0,2,0,23,1,
2.024E+11,155 748 239,B01,2,7,0,2,8,11,1,
2.024E+11,155 748 242,A01,2,34,0,2,7,17,1,
2.024E+11,155 748 237,B01,2,33,0,2,1,17,1,
2.024E+11,155 748 240,A01,2,7,0,2,8,10,1,
2.024E+11,155 748 235,A01,1,7,0,1,8,1,1,
2.024E+11,155 748 234,A01,2,7,0,1,1,1,1,
2.024E+11,155 748 233,B01,1,10,15,2,4,15,1,
2.024E+11,155 748 236,A01,1,7,0,2,1,1,1,
2.024E+11,155 748 232,A01,1,7,0,1,2,1,1,
2.024E+11,155 748 231,A01,2,7,0,1,2,26,1,
2.024E+11,155 748 230,A01,3,7,14,1,1,2,1,
2.024E+11,155 748 228,A01,1,34,8,2,2,17,1,
2.024E+11,155 748 229,B01,1,7,0,2,3,1,2,
2.024E+11,155 748 227,A01,3,7,13,0,9,19,2,
2.024E+11,155 748 225,A01,3,7,2,0,2,17,1,
2.024E+11,155 748 223,B01,2,1,0,2,1,26,5,
2.024E+11,155 748 226,A01,1,7,0,2,6,26,1,
2.024E+11,155 748 222,B01,3,7,0,2,1,1,1,
2.024E+11,155 748 224,A01,3,7,0,2,1,15,1,
2.024E+11,155 748 221,A01,1,7,0,1,3,1,1,
2.024E+11,155 748 218,B01,3,7,0,2,2,15,1,
2.024E+11,155 748 220,A01,3,50,0,2,1,19,3,
2.024E+11,155 748 217,A01,2,7,0,1,3,15,1,
2.024E+11,155 748 216,B01,2,33,0,2,1,1,1,
2.024E+11,155 748 219,A01,3,10,0,2,8,15,0,
2.024E+11,155 748 215,A01,1,7,7,0,1,14,1,
2.024E+11,155 748 212,B01,2,7,0,2,1,1,1,
2.024E+11,155 748 214,A01,1,7,0,2,2,1,1,
2.024E+11,155 748 211,A01,3,7,0,2,1,1,0,
2.024E+11,155 748 213,V01,3,7,0,2,6,0,1,
2.024E+11,155 748 210,A01,1,34,0,1,1,1,1,
2.024E+11,155 748 209,A01,1,50,0,0,1,1,3,
2.024E+11,155 748 208,A01,2,7,0,0,0,1,1,
2.024E+11,155 748 205,A01,3,32,0,2,1,16,1,
2.024E+11,155 748 206,B01,3,7,0,2,2,15,1,
2.024E+11,155 748 203,C01,1,10,0,2,3,16,1,
2.024E+11,155 748 207,B01,1,43,0,2,1,2,1,
2.024E+11,155 748 201,A01,1,7,0,2,4,2,1,
2.024E+11,155 748 204,B01,1,7,0,2,1,2,1,
2.024E+11,155 748 200,B01,1,10,0,9,2,1,1,
2.024E+11,155 748 202,A01,2,30,0,2,1,19,1,
2.024E+11,155 748 197,A01,3,33,0,2,1,1,1,
2.024E+11,155 748 198,B01,1,7,0,2,2,15,1,
2.024E+11,155 748 196,B01,1,13,0,2,5,15,6,
2.024E+11,155 748 199,A01,2,33,0,2,1,1,1,
2.024E+11,155 748 191,A01,1,7,0,2,1,2,1,
2.024E+11,155 748 193,B01,1,7,0,2,4,2,1,
2.024E+11,155 748 195,C01,1,7,0,2,6,2,1,
2.024E+11,155 748 190,A01,1,7,0,2,1,2,1,
2.024E+11,155 748 192,B01,1,38,0,2,4,2,1,1
2.024E+11,155 748 187,A01,0,7,0,1,4,26,2,
2.024E+11,155 748 184,B01,1,7,13,2,8,1,1,
2.024E+11,155 748 186,C01,1,7,0,2,3,1,1,
2.024E+11,155 748 188,A01,2,7,0,2,1,13,1,
2.024E+11,155 748 185,Z01,1,7,0,1,0,15,0,
2.024E+11,155 748 183,A01,3,7,0,0,2,0,1,
2.024E+11,155 748 179,A01,1,7,0,2,1,1,1,
2.024E+11,155 748 182,B01,1,7,0,2,4,1,1,
2.024E+11,155 748 177,B01,3,7,0,2,1,1,1,
2.024E+11,155 748 181,A01,3,7,0,2,1,13,1,
2.024E+11,155 748 176,A01,2,7,0,1,3,1,1,
2.024E+11,155 748 174,A01,3,7,15,0,1,1,1,
2.024E+11,155 748 173,A01,3,7,1,0,1,9,1,
2.024E+11,155 748 172,B01,1,33,0,2,1,1,1,
2.024E+11,155 748 175,A01,3,7,0,2,1,15,1,
2.024E+11,155 748 166,A01,1,30,0,2,1,2,1,
2.024E+11,155 748 170,B01,1,7,0,2,5,15,1,
2.024E+11,155 748 165,B01,2,2,0,2,2,17,1,
2.024E+11,155 748 168,A01,2,10,0,2,3,1,1,
2.024E+11,155 748 158,A01,1,7,0,2,1,5,1,
2.024E+11,155 748 162,B01,2,17,0,2,1,1,1,
2.024E+11,155 748 157,A01,2,7,0,2,7,17,1,
2.024E+11,155 748 160,C01,1,7,0,2,1,1,3,
2.024E+11,155 748 163,B01,2,7,15,2,8,1,1,
2.024E+11,155 748 154,A01,2,7,0,2,5,26,1,
2.024E+11,155 748 155,B01,1,7,0,2,2,26,1,
2.024E+11,155 748 153,A01,2,33,0,2,1,1,1,
2.024E+11,155 748 156,B01,1,7,0,2,7,1,1,
2.024E+11,155 748 152,A01,3,7,0,1,1,1,1,
2.024E+11,155 748 150,A01,2,7,1,0,1,14,1,
2.024E+11,155 748 148,A01,2,7,0,2,2,1,1,
2.024E+11,155 748 151,B01,3,50,0,2,7,1,3,
2.024E+11,155 748 147,A01,1,7,1,0,1,1,1,
2.024E+11,155 748 146,B01,0,7,0,2,7,0,1,
2.024E+11,155 748 149,A01,0,7,0,2,1,19,1,
2.024E+11,155 748 143,A01,1,7,0,2,1,0,1,
2.024E+11,155 748 145,B01,2,7,0,2,2,0,1,
2.024E+11,155 748 142,B01,1,33,0,2,1,26,1,
2.024E+11,155 748 144,A01,1,7,0,2,4,15,1,
2.024E+11,155 748 141,A01,1,7,0,1,1,1,1,
2.024E+11,155 748 136,A01,3,10,0,2,1,2,1,
2.024E+11,155 748 139,B01,3,7,0,2,9,2,1,
2.024E+11,155 748 140,C01,3,7,0,0,0,24,2,
2.024E+11,155 748 135,B01,3,50,0,2,6,2,3,
2.024E+11,155 748 137,A01,3,10,0,2,1,2,1,
2.024E+11,155 748 134,A01,1,7,0,2,6,16,1,
2.024E+11,155 748 138,B01,1,33,0,2,2,1,1,
2.024E+11,155 748 133,A01,2,7,0,1,3,1,3,
2.024E+11,155 748 132,A01,3,2,0,0,7,21,1,
2.024E+11,155 748 131,A01,2,7,4,0,3,21,1,
2.024E+11,155 748 129,B01,1,7,0,2,4,23,1,
2.024E+11,155 748 130,A01,1,7,0,2,1,2,1,
2.024E+11,155 748 128,A01,1,7,0,1,1,19,1,
2.024E+11,155 748 127,A01,3,7,0,1,2,1,1,
2.024E+11,155 748 124,A01,1,30,0,2,1,1,1,
2.024E+11,155 748 126,B01,2,7,0,2,7,15,1,
2.024E+11,155 748 122,A01,1,7,0,2,3,13,1,
2.024E+11,155 748 125,B01,2,7,0,2,3,1,1,
2.024E+11,155 748 123,A01,3,7,8,0,1,6,0,
2.024E+11,155 748 120,B01,1,7,0,2,3,1,1,
2.024E+11,155 748 121,A01,1,30,0,2,1,6,1,
2.024E+11,155 748 118,A01,1,7,0,1,1,26,1,
2.024E+11,155 748 117,A01,3,7,0,2,1,2,1,
2.024E+11,155 748 119,B01,3,30,0,2,1,2,1,
2.024E+11,155 748 116,A01,1,7,1,0,2,1,1,
2.024E+11,155 748 115,A01,1,7,2,0,2,15,1,
2.024E+11,155 748 112,A01,2,7,0,2,1,13,1,
2.024E+11,155 748 113,B01,1,7,1,2,5,19,1,
2.024E+11,155 748 110,A01,1,7,0,2,7,26,1,
2.024E+11,155 748 114,B01,1,33,0,2,1,26,1,
2.024E+11,155 748 109,B01,1,2,0,2,1,1,1,
2.024E+11,155 748 111,A01,1,7,0,2,3,9,1,
2.024E+11,155 748 107,A01,3,7,0,2,3,13,1,
2.024E+11,155 748 108,B01,3,7,0,2,3,1,3,
2.024E+11,155 748 105,A01,3,7,3,0,9,13,1,
2.024E+11,155 748 104,A01,1,7,0,2,2,15,1,
2.024E+11,155 748 106,B01,2,1,0,2,1,2,5,
2.024E+11,155 748 102,B01,1,7,9,2,1,1,1,
2.024E+11,155 748 103,A01,1,80,0,2,6,15,3,
2.024E+11,155 748 098,A01,3,33,0,2,0,0,1,
2.024E+11,155 748 101,B01,3,10,0,2,3,0,0,
2.024E+11,155 748 099,A01,2,1,0,2,0,0,5,
2.024E+11,155 748 100,B01,2,7,0,2,8,0,0,
2.024E+11,155 748 096,B01,1,50,0,2,5,1,3,
2.024E+11,155 748 097,A01,1,7,0,2,2,9,1,
2.024E+11,155 748 095,A01,1,50,0,9,1,1,3,
2.024E+11,155 748 093,A01,1,7,0,1,1,1,1,
2.024E+11,155 748 092,A01,1,7,1,0,2,1,1,
2.024E+11,155 748 094,B01,1,7,0,2,6,24,1,
2.024E+11,155 748 090,A01,3,7,2,0,2,26,1,
2.024E+11,155 748 089,B01,1,7,0,2,5,1,1,
2.024E+11,155 748 091,A01,1,30,0,2,2,2,1,
2.024E+11,155 748 088,A01,3,30,0,0,1,0,1,
2.024E+11,155 748 085,A01,1,1,0,0,0,0,5,
2.024E+11,155 748 086,A01,2,7,0,1,4,26,1,
2.024E+11,155 748 084,A01,2,7,0,2,1,1,1,
2.024E+11,155 748 087,B01,1,7,0,2,7,1,1,
2.024E+11,155 748 082,A01,1,30,0,0,0,26,3,
2.024E+11,155 748 081,A01,3,7,0,1,1,16,1,
2.024E+11,155 748 076,C01,2,7,0,2,4,23,1,
2.024E+11,155 748 079,B01,2,7,1,2,4,23,1,
2.024E+11,155 748 080,A01,2,7,1,0,1,2,1,
2.024E+11,155 748 083,E01,2,7,0,2,4,23,1,
2.024E+11,155 748 075,A01,2,7,0,2,3,1,2,
2.024E+11,155 748 077,B01,2,7,0,2,6,1,0,
2.024E+11,155 748 071,D01,2,7,0,2,4,23,1,
2.024E+11,155 748 072,A01,2,7,0,2,1,1,1,
2.024E+11,155 748 074,B01,2,7,0,2,4,23,1,
2.024E+11,155 748 078,C01,2,7,0,2,4,23,2,
2.024E+11,155 748 070,A01,2,99,0,2,1,1,0,
2.024E+11,155 748 073,B01,2,7,0,2,2,1,1,
2.024E+11,155 748 069,A01,3,7,8,0,1,1,1,
2.024E+11,155 748 066,A01,1,7,0,9,1,2,1,
2.024E+11,155 748 068,B01,1,50,0,0,0,0,3,
2.024E+11,155 748 065,A01,3,7,0,1,1,13,1,
2.024E+11,155 748 064,A01,1,32,0,2,1,2,1,
2.024E+11,155 748 067,B01,1,7,0,2,4,2,1,
2.024E+11,155 748 060,B01,1,7,0,2,1,1,1,
2.024E+11,155 748 063,A01,2,7,0,2,7,1,1,
2.024E+11,155 748 059,Z01,1,0,0,2,0,0,0,
2.024E+11,155 748 062,A01,1,7,0,2,3,26,1,
2.024E+11,155 748 058,B01,1,50,0,2,5,15,3,
2.024E+11,155 748 061,A01,1,10,0,9,1,2,0,
2.024E+11,155 748 057,A01,2,1,0,0,1,1,5,
2.024E+11,155 748 052,B01,2,32,1,2,2,1,1,
2.024E+11,155 748 055,A01,2,7,0,2,3,9,2,
2.024E+11,155 748 048,A01,1,7,0,2,2,9,1,
2.024E+11,155 748 050,D01,1,7,1,0,6,2,1,
2.024E+11,155 748 053,B01,1,34,0,2,1,9,1,
2.024E+11,155 748 054,C01,1,33,0,2,1,1,1,
2.024E+11,155 748 056,E01,2,7,0,2,1,5,1,
2.024E+11,155 748 047,A01,2,32,0,0,0,1,1,
2.024E+11,155 748 049,A01,3,1,0,2,1,1,5,
2.024E+11,155 748 051,B01,3,7,0,2,0,0,1,
2.024E+11,155 748 046,A01,1,7,6,0,1,13,1,
2.024E+11,155 748 044,A01,3,7,0,1,2,19,1,
2.024E+11,155 748 045,A01,1,7,8,0,1,1,1,
2.024E+11,155 748 042,B01,0,7,1,0,0,0,1,
2.024E+11,155 748 043,A01,3,7,1,0,0,0,1,
2.024E+11,155 748 038,A01,2,7,0,2,3,15,1,
2.024E+11,155 748 041,B01,1,1,0,2,3,1,5,
2.024E+11,155 748 036,A01,0,7,0,2,1,0,0,
2.024E+11,155 748 040,B01,0,60,0,2,8,1,5,
2.024E+11,155 748 034,A01,2,7,13,0,8,1,1,
2.024E+11,155 748 032,B01,1,33,0,2,7,1,1,
2.024E+11,155 748 035,A01,1,7,0,2,3,15,1,
2.024E+11,155 748 030,A01,1,7,0,2,1,1,1,
2.024E+11,155 748 033,B01,1,10,0,2,4,12,1,
2.024E+11,155 748 029,A01,3,7,0,2,2,20,1,
2.024E+11,155 748 031,B01,3,2,0,2,8,1,1,
2.024E+11,155 748 028,A01,3,7,0,1,1,16,3,
2.024E+11,155 748 026,A01,1,7,0,1,3,13,1,
2.024E+11,155 748 025,A01,2,7,0,2,8,13,1,
2.024E+11,155 748 027,B01,1,17,0,2,6,1,1,
2.024E+11,155 748 022,A01,2,43,11,0,8,1,1,
2.024E+11,155 748 023,B01,3,7,0,2,7,15,2,
2.024E+11,155 748 024,A01,3,7,0,2,1,1,1,
2.024E+11,155 748 020,A01,1,7,0,2,0,0,0,
2.024E+11,155 748 021,B01,1,1,0,2,6,1,5,
2.024E+11,155 748 017,B01,1,1,0,2,2,3,5,
2.024E+11,155 748 019,A01,2,7,0,2,2,9,1,
2.024E+11,155 748 016,A01,3,10,0,4,6,26,1,
2.024E+11,155 748 018,B01,3,40,0,2,1,1,0,
2.024E+11,155 748 015,A01,2,7,2,0,1,17,1,
2.024E+11,155 748 014,A01,2,7,0,1,2,1,1,
2.024E+11,155 748 012,A01,3,7,1,1,4,20,1,
2.024E+11,155 748 010,A01,1,7,13,0,3,1,1,
2.024E+11,155 748 008,B01,2,7,0,9,4,1,1,
2.024E+11,155 748 011,C01,2,7,0,2,1,1,1,
2.024E+11,155 748 013,A01,2,10,0,2,1,1,1,
2.024E+11,155 748 003,A01,1,7,0,0,4,1,6,
2.024E+11,155 748 005,B01,1,7,0,2,1,1,1,
2.024E+11,155 748 007,C01,1,33,0,2,1,1,1,
2.024E+11,155 748 002,A01,2,13,0,2,2,12,1,
2.024E+11,155 748 004,B01,2,7,0,2,6,1,1,
2.024E+11,155 748 006,C01,2,7,0,2,4,1,2,
2.024E+11,155 748 009,D01,2,7,0,2,2,1,2,
2.024E+11,155 748 000,A01,1,2,6,0,2,14,1,
2.024E+11,155 747 997,A01,1,7,0,2,1,1,2,
2.024E+11,155 747 998,B01,1,7,0,2,4,1,1,
2.024E+11,155 747 995,A01,3,7,0,2,5,16,1,
2.024E+11,155 747 996,B01,3,1,0,2,1,1,5,
2.024E+11,155 747 993,A01,2,33,0,2,1,3,1,
2.024E+11,155 747 994,B01,2,7,0,2,6,1,1,
2.024E+11,155 747 999,A01,1,7,0,2,1,2,1,
2.024E+11,155 748 001,B01,1,7,0,2,4,1,1,
2.024E+11,155 747 991,B01,1,7,0,2,3,1,1,
2.024E+11,155 747 992,A01,2,7,0,2,3,1,1,
2.024E+11,155 747 989,A01,1,34,12,0,1,1,1,
2.024E+11,155 747 988,A01,0,7,0,1,1,26,1,
2.024E+11,155 747 986,A01,2,33,0,2,1,21,1,
2.024E+11,155 747 987,B01,2,43,0,2,4,23,1,
2.024E+11,155 747 980,A01,1,80,1,0,7,1,3,
2.024E+11,155 747 982,B01,1,10,0,2,3,22,1,
2.024E+11,155 747 979,A01,1,7,0,2,1,13,1,
2.024E+11,155 747 981,C01,2,7,0,2,4,2,2,
2.024E+11,155 747 983,B01,2,7,0,2,1,0,1,
2.024E+11,155 747 984,D01,2,10,0,2,1,2,1,
2.024E+11,155 747 985,B01,0,60,0,2,1,19,5,
2.024E+11,155 747 990,A01,1,10,12,2,7,1,1,
2.024E+11,155 747 978,A01,1,10,0,1,1,15,1,
2.024E+11,155 747 977,A01,2,7,0,1,2,1,2,
2.024E+11,155 747 976,A01,1,7,8,0,2,14,1,
2.024E+11,155 747 974,A01,2,10,0,0,9,1,1,
2.024E+11,155 747 971,A01,3,1,0,2,1,18,5,
2.024E+11,155 747 973,B01,3,1,0,2,4,14,5,
2.024E+11,155 747 970,A01,1,36,0,6,1,0,1,
2.024E+11,155 747 972,B01,1,7,0,2,5,1,1,
2.024E+11,155 747 975,A01,1,33,0,2,1,11,1,
2.024E+11,155 747 968,B01,3,7,0,2,2,15,0,
2.024E+11,155 747 969,A01,1,3,0,2,2,1,1,
2.024E+11,155 747 967,A01,2,7,0,1,1,1,2,
2.024E+11,155 747 965,B01,2,7,0,2,1,1,1,
2.024E+11,155 747 966,A01,1,7,0,2,1,13,1,
2.024E+11,155 747 963,B01,1,1,0,2,1,1,5,
2.024E+11,155 747 964,A01,1,7,0,2,2,1,1,
2.024E+11,155 747 962,A01,1,7,0,1,2,1,1,
2.024E+11,155 747 960,A01,1,7,9,0,1,10,1,
2.024E+11,155 747 961,A01,3,7,8,0,2,16,1,
2.024E+11,155 747 959,A01,1,80,0,1,1,1,3,
2.024E+11,155 747 956,B01,2,3,4,2,1,1,1,
2.024E+11,155 747 958,A01,1,7,4,2,3,1,1,
2.024E+11,155 747 954,A01,1,1,0,0,0,1,5,
2.024E+11,155 747 953,A01,1,7,0,1,3,1,1,
2.024E+11,155 747 951,A01,1,7,0,2,1,1,1,
2.024E+11,155 747 952,B01,1,7,0,2,4,1,1,
2.024E+11,155 747 948,A01,2,7,0,2,1,1,1,
2.024E+11,155 747 950,B01,1,10,0,2,1,5,1,
2.024E+11,155 747 949,Z01,2,1,0,1,1,1,5,
2.024E+11,155 747 944,B01,2,7,0,2,4,2,1,
2.024E+11,155 747 945,C01,2,7,0,2,4,2,1,
2.024E+11,155 747 947,A01,2,7,0,2,1,2,1,
2.024E+11,155 747 943,A01,1,1,0,1,3,5,5,
2.024E+11,155 747 942,A01,1,10,0,1,2,1,1,
2.024E+11,155 747 939,B01,2,7,0,2,3,15,1,
2.024E+11,155 747 941,A01,2,1,0,2,7,1,5,
2.024E+11,155 747 938,A01,2,10,0,2,3,9,1,
2.024E+11,155 747 940,B01,2,1,0,2,1,1,5,
2.024E+11,155 747 936,A01,2,7,0,2,3,15,1,
2.024E+11,155 747 937,B01,1,30,0,2,1,1,1,
2.024E+11,155 747 934,B01,1,37,0,2,4,26,1,1
2.024E+11,155 747 935,A01,1,7,0,2,1,2,1,
2.024E+11,155 747 932,A01,1,10,1,1,3,26,3,
2.024E+11,155 747 930,A01,1,7,0,0,4,2,1,
2.024E+11,155 747 933,B01,1,7,0,0,1,2,1,
2.024E+11,155 747 929,A01,2,7,0,2,0,17,1,
2.024E+11,155 747 931,B01,2,7,0,2,8,2,1,
2.024E+11,155 747 927,A01,1,7,0,1,3,19,1,
2.024E+11,155 747 926,B01,1,31,0,2,1,0,1,
2.024E+11,155 747 928,A01,1,7,0,2,3,0,1,
2.024E+11,155 747 925,A01,2,50,0,1,1,5,3,
2.024E+11,155 747 922,B01,2,33,0,2,1,17,1,
2.024E+11,155 747 924,A01,2,10,0,2,3,15,1,
2.024E+11,155 747 923,A01,1,33,0,1,2,21,1,
2.024E+11,155 747 921,A01,2,7,0,0,9,14,1,
2.024E+11,155 747 918,B01,2,50,0,2,1,2,3,
2.024E+11,155 747 920,A01,2,10,0,2,8,2,3,
2.024E+11,155 747 917,A01,2,33,0,0,5,1,1,
2.024E+11,155 747 916,A01,1,7,13,0,6,19,0,
2.024E+11,155 747 919,B01,1,7,13,2,1,1,1,
2.024E+11,155 747 915,A01,0,1,0,0,0,26,5,
2.024E+11,155 747 913,A01,2,7,4,0,7,0,1,
2.024E+11,155 747 911,A01,2,30,0,2,1,16,1,
2.024E+11,155 747 912,B01,2,7,0,2,7,16,1,
2.024E+11,155 747 910,B01,3,3,0,1,2,23,1,
2.024E+11,155 747 914,A01,3,7,0,2,2,1,6,
2.024E+11,155 747 908,A01,1,7,0,0,4,15,1,
2.024E+11,155 747 909,B01,1,7,0,2,1,1,1,
2.024E+11,155 747 905,A01,2,1,0,0,0,1,5,
2.024E+11,155 747 906,A01,1,7,8,0,1,1,2,
2.024E+11,155 747 907,A01,3,7,0,1,1,19,1,
2.024E+11,155 747 903,A01,1,7,8,0,1,1,1,
2.024E+11,155 747 902,A01,1,7,2,1,3,25,1,
2.024E+11,155 747 900,A01,1,7,0,2,1,1,1,
2.024E+11,155 747 901,C01,2,7,0,0,1,1,1,
2.024E+11,155 747 904,B01,2,7,0,0,1,1,1,
2.024E+11,155 747 898,A01,2,7,0,1,1,2,1,
2.024E+11,155 747 896,A01,0,7,0,2,1,1,1,
2.024E+11,155 747 899,B01,0,7,0,2,8,1,1,
2.024E+11,155 747 895,A01,1,7,1,0,1,1,1,
2.024E+11,155 747 897,B01,2,7,0,2,3,26,1,
2.024E+11,155 747 892,B01,1,2,0,2,1,0,1,
2.024E+11,155 747 894,A01,1,10,0,2,2,0,1,
2.024E+11,155 747 891,A01,1,1,0,2,1,1,5,
2.024E+11,155 747 893,B01,1,7,0,2,4,23,1,
2.024E+11,155 747 889,A01,2,3,1,0,1,14,1,
2.024E+11,155 747 890,B01,1,7,0,0,5,24,1,
2.024E+11,155 747 888,A01,2,7,4,0,1,9,1,
2.024E+11,155 747 886,A01,1,7,0,2,1,19,1,
2.024E+11,155 747 887,B01,2,32,0,2,8,1,3,
2.024E+11,155 747 885,A01,1,33,0,0,8,12,1,
2.024E+11,155 747 882,B01,1,33,0,2,7,2,1,
2.024E+11,155 747 884,A01,1,31,0,2,3,11,1,
2.024E+11,155 747 881,A01,1,7,0,1,1,1,0,
2.024E+11,155 747 880,B01,1,50,0,0,0,0,3,
2.024E+11,155 747 883,A01,1,7,0,0,0,1,1,
2.024E+11,155 747 878,A01,1,7,0,1,1,1,1,
2.024E+11,155 747 877,A01,1,7,0,1,1,9,1,
2.024E+11,155 747 873,A01,2,10,0,2,1,2,1,
2.024E+11,155 747 875,B01,2,7,0,2,4,2,1,
2.024E+11,155 747 876,C01,2,7,3,2,4,2,1,
2.024E+11,155 747 879,D01,2,7,0,0,4,2,1,
2.024E+11,155 747 874,A01,2,40,0,1,2,1,3,
2.024E+11,155 747 870,A01,1,31,0,2,2,21,1,
2.024E+11,155 747 872,B01,1,7,0,2,2,15,1,
2.024E+11,155 747 868,A01,0,7,0,2,3,13,1,
2.024E+11,155 747 871,B01,0,7,0,2,3,1,1,
2.024E+11,155 747 869,A01,1,7,0,1,1,16,1,
2.024E+11,155 747 866,A01,0,7,0,1,2,1,1,
2.024E+11,155 747 865,A01,1,7,0,2,3,9,1,
2.024E+11,155 747 867,B01,1,1,0,2,1,1,5,
2.024E+11,155 747 863,A01,2,1,0,2,6,1,5,
2.024E+11,155 747 864,B01,1,2,0,2,1,1,3,
2.024E+11,155 747 861,A01,0,7,0,1,3,1,2,
2.024E+11,155 747 860,A01,2,2,0,0,7,16,1,
2.024E+11,155 747 858,B01,3,7,0,2,2,0,2,
2.024E+11,155 747 862,A01,3,10,0,2,3,1,1,
2.024E+11,155 747 857,A01,2,2,1,0,1,1,3,
2.024E+11,155 747 856,A01,3,7,1,0,2,21,1,
2.024E+11,155 747 859,B01,3,15,0,0,6,23,1,
2.024E+11,155 747 853,A01,2,30,0,2,1,5,1,
2.024E+11,155 747 855,B01,3,7,0,2,1,1,1,
2.024E+11,155 747 852,B01,2,10,0,2,7,16,1,
2.024E+11,155 747 854,A01,2,31,0,2,8,18,1,
2.024E+11,155 747 849,A01,1,7,0,2,3,13,1,
2.024E+11,155 747 851,B01,2,7,0,2,3,1,1,
2.024E+11,155 747 848,B01,1,7,7,0,6,15,1,
2.024E+11,155 747 850,A01,1,7,0,2,2,17,1,
2.024E+11,155 747 846,B01,1,33,0,2,3,1,1,
2.024E+11,155 747 847,A01,1,1,0,2,1,19,5,
2.024E+11,155 747 844,A01,1,7,6,0,1,1,1,
2.024E+11,155 747 843,B01,1,1,0,0,1,1,5,
2.024E+11,155 747 845,A01,2,7,0,9,2,15,1,
2.024E+11,155 747 842,A01,1,31,0,1,1,1,1,
2.024E+11,155 747 841,A01,2,7,0,1,1,16,1,
2.024E+11,155 747 839,A01,1,2,0,2,1,1,1,
2.024E+11,155 747 840,B01,1,7,0,2,3,1,1,
2.024E+11,155 747 838,A01,2,1,0,2,7,1,5,
2.024E+11,155 747 837,A01,0,10,0,1,2,1,1,
2.024E+11,155 747 835,A01,1,99,0,2,2,9,1,
2.024E+11,155 747 836,B01,2,33,0,2,2,1,1,
2.024E+11,155 747 833,A01,2,7,0,1,1,15,2,
2.024E+11,155 747 831,A01,0,7,0,0,6,1,1,
2.024E+11,155 747 834,B01,0,10,0,2,1,15,1,
2.024E+11,155 747 830,A01,1,7,0,2,0,13,1,
2.024E+11,155 747 832,B01,2,7,0,2,1,1,1,
2.024E+11,155 747 826,A01,0,7,0,1,1,1,1,
2.024E+11,155 747 825,D01,2,7,0,2,4,1,1,
2.024E+11,155 747 827,A01,2,10,0,2,1,1,1,
2.024E+11,155 747 828,B01,2,7,0,2,4,1,1,