Num_Acc,id_vehicule,num_veh,senc,catv,obs,obsm,choc,manv,motor,occutc
2.024E+11,155 747 829,C01,2,7,0,2,4,1,1,
2.024E+11,155 747 822,B01,1,2,0,2,1,1,3,
2.024E+11,155 747 824,A01,2,10,1,2,1,1,1,
2.024E+11,155 747 820,A01,2,7,0,1,5,1,1,
2.024E+11,155 747 819,Z01,0,0,0,2,0,1,0,
2.024E+11,155 747 821,A01,1,30,0,2,0,9,1,
2.024E+11,155 747 818,A01,2,7,6,0,1,1,1,
2.024E+11,155 747 815,A01,2,1,0,2,1,1,5,
2.024E+11,155 747 817,B01,1,7,0,2,2,15,3,
2.024E+11,155 747 813,A01,1,7,3,0,0,2,1,
2.024E+11,155 747 814,B01,2,7,0,2,3,15,1,
2.024E+11,155 747 816,A01,1,7,0,2,1,1,1,
2.024E+11,155 747 812,A01,3,7,9,0,2,26,1,
2.024E+11,155 747 809,A01,2,10,0,2,1,15,1,
2.024E+11,155 747 811,B01,1,33,0,2,1,1,1,
2.024E+11,155 747 808,B01,2,7,0,2,8,15,1,
2.024E+11,155 747 810,A01,2,10,13,2,2,17,1,
2.024E+11,155 747 806,A01,1,50,0,0,1,1,3,
2.024E+11,155 747 805,B01,0,99,0,2,3,0,5,
2.024E+11,155 747 807,A01,1,7,0,2,3,15,1,
2.024E+11,155 747 804,A01,2,7,0,1,3,16,1,
2.024E+11,155 747 801,A01,2,7,0,2,1,1,1,
2.024E+11,155 747 803,B01,1,7,0,2,1,13,1,
2.024E+11,155 747 800,A01,2,2,0,2,1,2,3,
2.024E+11,155 747 802,B01,2,7,0,2,4,2,1,
2.024E+11,155 747 798,A01,1,7,0,2,1,0,1,
2.024E+11,155 747 799,B01,2,7,0,2,1,26,1,
2.024E+11,155 747 795,A01,1,33,8,0,9,1,1,
2.024E+11,155 747 796,A01,1,7,0,1,2,1,1,
2.024E+11,155 747 794,B01,1,50,0,9,7,26,3,
2.024E+11,155 747 797,A01,1,7,0,2,1,9,1,
2.024E+11,155 747 789,B01,2,7,0,2,1,1,1,
2.024E+11,155 747 791,A01,2,7,17,2,1,5,1,
2.024E+11,155 747 790,B01,1,7,0,2,1,1,1,
2.024E+11,155 747 793,A01,1,1,0,0,4,1,5,
2.024E+11,155 747 787,A01,1,7,0,2,2,26,1,
2.024E+11,155 747 788,B01,1,7,0,2,3,0,1,
2.024E+11,155 747 792,C01,1,7,0,2,1,1,1,
2.024E+11,155 747 784,B01,2,7,0,2,1,1,1,
2.024E+11,155 747 786,A01,1,7,0,2,1,5,1,
2.024E+11,155 747 783,A01,3,7,1,0,1,14,3,
2.024E+11,155 747 781,A01,1,7,13,0,2,1,1,
2.024E+11,155 747 782,B01,1,31,0,2,3,1,1,
2.024E+11,155 747 785,A01,1,7,0,2,3,21,1,
2.024E+11,155 747 779,A01,2,33,0,2,1,1,1,
2.024E+11,155 747 780,B01,1,7,0,2,2,15,2,
2.024E+11,155 747 778,A01,2,7,0,0,0,1,1,
2.024E+11,155 747 776,A01,1,7,0,2,5,16,2,
2.024E+11,155 747 777,B01,1,50,0,2,8,1,3,
2.024E+11,155 747 774,A01,3,50,8,0,1,1,3,
2.024E+11,155 747 773,A01,2,7,0,2,1,2,1,
2.024E+11,155 747 775,B01,1,32,0,2,3,1,1,
2.024E+11,155 747 770,A01,0,7,0,1,1,9,2,
2.024E+11,155 747 771,A01,1,2,0,9,6,15,1,
2.024E+11,155 747 772,B01,1,2,0,9,1,1,1,
2.024E+11,155 747 767,A01,1,7,0,0,1,17,1,
2.024E+11,155 747 769,A01,2,7,8,0,7,0,1,
2.024E+11,155 747 766,A01,2,30,0,2,3,2,1,
2.024E+11,155 747 768,B01,1,7,0,2,3,17,1,
2.024E+11,155 747 765,A01,1,7,8,0,7,26,1,
2.024E+11,155 747 764,A01,2,7,6,0,1,1,1,
2.024E+11,155 747 761,A01,1,2,15,0,1,16,1,
2.024E+11,155 747 760,B01,1,7,0,2,9,1,1,
2.024E+11,155 747 763,A01,1,7,0,2,2,1,1,
2.024E+11,155 747 762,A01,1,7,0,1,2,2,1,
2.024E+11,155 747 758,A01,3,10,0,1,3,1,1,
2.024E+11,155 747 757,A01,2,7,0,1,1,16,1,
2.024E+11,155 747 756,A01,3,17,0,2,2,12,1,
2.024E+11,155 747 759,B01,3,7,0,2,8,1,1,
2.024E+11,155 747 754,A01,1,1,0,0,0,1,5,
2.024E+11,155 747 752,A01,0,30,1,0,8,1,1,
2.024E+11,155 747 755,B01,0,7,1,0,3,15,1,
2.024E+11,155 747 751,A01,2,7,0,2,1,2,1,
2.024E+11,155 747 753,B01,2,7,0,2,4,2,1,
2.024E+11,155 747 749,A01,1,7,2,0,1,1,1,
2.024E+11,155 747 747,A01,2,1,0,0,0,26,5,
2.024E+11,155 747 746,A01,1,7,0,2,1,17,1,
2.024E+11,155 747 748,B01,2,7,0,2,1,1,1,
2.024E+11,155 747 750,C01,1,7,0,2,8,1,1,
2.024E+11,155 747 744,A01,1,32,0,1,1,1,2,
2.024E+11,155 747 743,A01,2,10,0,1,1,26,1,
2.024E+11,155 747 742,B01,1,7,0,2,1,13,1,
2.024E+11,155 747 745,A01,2,7,0,2,1,1,1,
2.024E+11,155 747 740,A01,2,7,0,1,3,1,1,
2.024E+11,155 747 739,B01,2,2,0,2,1,21,1,
2.024E+11,155 747 741,A01,2,7,0,2,6,2,1,
2.024E+11,155 747 737,A01,1,7,0,0,5,2,1,
2.024E+11,155 747 738,B01,1,3,0,2,3,2,1,
2.024E+11,155 747 736,A01,2,10,1,1,0,1,2,
2.024E+11,155 747 733,A01,2,7,0,2,3,15,1,
2.024E+11,155 747 734,B01,1,1,0,2,1,1,5,
2.024E+11,155 747 730,A01,1,10,0,2,1,1,1,
2.024E+11,155 747 731,B01,1,7,0,0,6,1,1,
2.024E+11,155 747 732,A01,1,7,0,1,2,15,2,
2.024E+11,155 747 728,A01,1,10,13,0,1,1,1,
2.024E+11,155 747 725,A01,1,7,6,0,1,0,1,
2.024E+11,155 747 723,B01,2,7,0,2,4,2,0,
2.024E+11,155 747 724,C01,2,7,0,2,4,2,0,
2.024E+11,155 747 726,D01,2,7,0,2,4,2,0,
2.024E+11,155 747 727,A01,2,7,0,2,1,2,0,
2.024E+11,155 747 722,B01,3,7,0,2,3,16,1,
2.024E+11,155 747 729,A01,2,7,0,2,1,1,1,
2.024E+11,155 747 720,A01,1,7,0,1,1,15,1,
2.024E+11,155 747 718,A01,1,7,2,0,3,1,1,
2.024E+11,155 747 717,A01,2,7,0,0,0,14,1,
2.024E+11,155 747 716,A01,1,10,0,1,1,15,1,
2.024E+11,155 747 715,A01,2,14,4,0,1,2,1,
2.024E+11,155 747 714,A01,1,33,16,0,1,1,1,
2.024E+11,155 747 711,A01,1,7,0,2,7,16,1,
2.024E+11,155 747 713,B01,1,1,0,2,1,1,5,
2.024E+11,155 747 710,A01,2,2,0,2,1,1,1,
2.024E+11,155 747 712,B01,1,7,0,9,2,15,1,
2.024E+11,155 747 709,A01,2,7,15,0,1,0,1,
2.024E+11,155 747 706,A01,3,7,0,2,2,16,1,
2.024E+11,155 747 708,B01,3,60,0,2,8,19,5,
2.024E+11,155 747 707,A01,3,7,0,1,2,20,1,
2.024E+11,155 747 705,A01,2,7,0,0,5,1,2,
2.024E+11,155 747 702,B01,2,1,0,0,4,2,5,
2.024E+11,155 747 703,A01,2,7,0,2,2,2,1,
2.024E+11,155 747 701,A01,2,7,0,2,1,9,1,
2.024E+11,155 747 704,B01,1,1,0,2,7,1,5,
2.024E+11,155 747 700,A01,2,7,6,0,1,16,1,
2.024E+11,155 747 698,A01,1,7,0,1,2,21,1,
2.024E+11,155 747 697,A01,2,10,0,0,5,23,1,
2.024E+11,155 747 699,B01,2,33,0,2,1,2,1,
2.024E+11,155 747 696,A01,2,33,15,0,8,1,1,
2.024E+11,155 747 693,A01,1,7,1,2,1,5,1,
2.024E+11,155 747 695,B01,2,7,0,2,6,1,1,
2.024E+11,155 747 692,A01,1,7,13,0,8,13,1,
2.024E+11,155 747 691,A01,3,7,0,2,3,23,1,
2.024E+11,155 747 694,B01,3,30,0,2,8,5,1,
2.024E+11,155 747 690,A01,2,2,0,1,1,1,1,
2.024E+11,155 747 688,A01,1,7,0,1,3,1,1,
2.024E+11,155 747 687,A01,2,7,0,2,3,15,1,
2.024E+11,155 747 689,B01,1,33,0,2,1,1,1,
2.024E+11,155 747 684,A01,1,33,4,0,1,1,1,
2.024E+11,155 747 683,A01,1,7,0,1,2,1,1,
2.024E+11,155 747 685,A01,2,7,0,2,3,15,1,
2.024E+11,155 747 686,B01,2,2,0,2,7,17,1,
2.024E+11,155 747 679,A01,2,33,0,2,1,17,1,
2.024E+11,155 747 682,B01,1,33,0,2,1,1,1,
2.024E+11,155 747 678,B01,1,15,0,0,1,1,1,
2.024E+11,155 747 681,A01,2,7,0,2,1,13,1,
2.024E+11,155 747 680,A01,1,7,0,1,0,1,1,
2.024E+11,155 747 676,A01,1,7,0,2,1,1,1,
2.024E+11,155 747 677,B01,3,10,0,2,8,1,1,
2.024E+11,155 747 675,A01,1,7,3,0,1,1,1,
2.024E+11,155 747 674,A01,2,33,0,0,0,1,1,
2.024E+11,155 747 671,A01,2,7,0,2,3,4,1,
2.024E+11,155 747 672,B01,2,7,0,2,2,1,1,
2.024E+11,155 747 670,A01,3,7,2,0,2,1,1,
2.024E+11,155 747 673,A01,3,7,0,1,3,1,1,
2.024E+11,155 747 667,A01,2,7,0,2,3,13,1,
2.024E+11,155 747 669,B01,1,7,0,2,3,1,1,
2.024E+11,155 747 665,A01,2,7,0,2,7,15,1,
2.024E+11,155 747 668,B01,2,33,0,2,1,1,1,
2.024E+11,155 747 664,A01,1,7,10,0,3,1,1,
2.024E+11,155 747 663,A01,2,7,0,2,1,1,1,
2.024E+11,155 747 666,B01,2,7,0,2,4,23,3,
2.024E+11,155 747 661,A01,1,7,6,0,1,1,1,
2.024E+11,155 747 659,A01,2,7,0,2,3,1,1,
2.024E+11,155 747 662,B01,1,7,0,2,3,9,1,
2.024E+11,155 747 658,B01,1,1,0,2,1,1,5,
2.024E+11,155 747 660,A01,2,7,0,9,5,0,1,
2.024E+11,155 747 656,A01,1,7,1,0,2,1,1,
2.024E+11,155 747 657,A01,2,7,0,1,2,0,1,
2.024E+11,155 747 655,A01,1,7,0,1,3,0,1,
2.024E+11,155 747 654,A01,1,7,5,0,1,0,1,
2.024E+11,155 747 652,A01,0,7,0,1,2,1,1,
2.024E+11,155 747 651,A01,3,7,0,2,1,15,1,
2.024E+11,155 747 653,B01,3,7,0,2,1,1,1,
2.024E+11,155 747 649,A01,2,7,0,2,2,1,1,
2.024E+11,155 747 650,B01,2,2,13,0,6,1,1,
2.024E+11,155 747 648,A01,3,7,0,1,2,1,1,
2.024E+11,155 747 646,A01,1,10,0,2,6,21,1,
2.024E+11,155 747 647,B01,1,7,0,2,3,21,1,
2.024E+11,155 747 645,A01,1,10,3,0,2,1,1,
2.024E+11,155 747 643,A01,1,10,0,2,8,20,1,
2.024E+11,155 747 644,B01,1,10,0,2,1,1,1,
2.024E+11,155 747 640,A01,1,7,0,2,3,5,1,
2.024E+11,155 747 642,B01,2,33,0,2,1,0,1,
2.024E+11,155 747 637,B01,1,7,0,2,5,26,1,
2.024E+11,155 747 639,A01,1,10,0,2,3,1,1,
2.024E+11,155 747 641,C01,2,7,0,2,2,1,1,
2.024E+11,155 747 636,A01,2,7,2,0,1,14,1,
2.024E+11,155 747 638,A01,1,7,2,0,9,1,1,
2.024E+11,155 747 635,A01,1,7,2,0,3,1,1,
2.024E+11,155 747 631,A01,2,7,0,2,1,1,1,
2.024E+11,155 747 634,B01,1,7,0,2,3,1,2,
2.024E+11,155 747 629,A01,1,7,0,2,3,5,1,
2.024E+11,155 747 632,B01,2,7,0,2,3,1,1,
2.024E+11,155 747 628,A01,1,7,0,2,1,2,1,
2.024E+11,155 747 630,B01,1,7,0,2,4,1,1,
2.024E+11,155 747 633,C01,2,7,0,2,1,1,1,
2.024E+11,155 747 626,A01,1,7,0,2,4,1,1,
2.024E+11,155 747 627,B01,1,33,0,2,1,2,1,
2.024E+11,155 747 625,A01,2,7,0,1,2,1,1,
2.024E+11,155 747 624,A01,1,7,0,1,2,1,2,
2.024E+11,155 747 619,A01,2,7,3,0,8,17,1,
2.024E+11,155 747 621,B01,2,7,1,0,1,1,1,
2.024E+11,155 747 623,C01,2,7,1,0,1,1,1,
2.024E+11,155 747 618,A01,0,7,2,0,1,1,1,
2.024E+11,155 747 616,B01,2,7,0,2,4,23,1,
2.024E+11,155 747 617,C01,2,7,0,2,4,23,1,
2.024E+11,155 747 620,A01,2,7,0,2,1,2,1,
2.024E+11,155 747 622,D01,2,7,0,2,4,23,1,
2.024E+11,155 747 613,A01,0,7,0,2,1,1,1,
2.024E+11,155 747 614,B01,0,33,0,2,4,9,1,
2.024E+11,155 747 612,A01,2,10,3,0,2,1,1,
2.024E+11,155 747 615,B01,2,17,0,0,6,1,0,
2.024E+11,155 747 611,A01,2,30,0,1,1,18,1,
2.024E+11,155 747 609,A01,1,7,13,0,1,13,1,
2.024E+11,155 747 607,A01,2,33,0,0,7,3,1,
2.024E+11,155 747 610,B01,2,17,0,9,8,21,1,
2.024E+11,155 747 608,A01,1,7,0,1,2,1,1,
2.024E+11,155 747 602,A01,1,7,0,2,1,17,1,
2.024E+11,155 747 604,B01,2,7,0,2,1,1,1,
2.024E+11,155 747 605,C01,1,2,0,2,1,1,1,
2.024E+11,155 747 601,B01,2,50,0,2,2,1,3,
2.024E+11,155 747 603,A01,2,10,0,2,3,10,0,
2.024E+11,155 747 600,A01,2,7,4,0,3,1,1,
2.024E+11,155 747 598,A01,3,7,7,0,1,15,1,
2.024E+11,155 747 594,A01,2,7,1,0,2,1,1,
2.024E+11,155 747 597,B01,1,20,0,2,2,26,1,
2.024E+11,155 747 593,B01,1,7,0,2,4,1,1,
2.024E+11,155 747 596,A01,1,7,0,2,1,17,2,
2.024E+11,155 747 595,A01,1,7,4,0,2,14,1,
2.024E+11,155 747 589,A01,1,7,0,2,1,5,1,
2.024E+11,155 747 591,B01,2,7,0,2,6,1,1,
2.024E+11,155 747 592,C01,2,7,0,2,1,1,1,
2.024E+11,155 747 587,A01,2,7,1,1,1,1,1,
2.024E+11,155 747 590,B01,3,10,0,0,3,24,1,
2.024E+11,155 747 586,A01,1,10,0,2,1,2,1,
2.024E+11,155 747 588,B01,1,7,0,0,4,26,1,
2.024E+11,155 747 585,A01,2,7,3,0,0,17,1,
2.024E+11,155 747 584,A01,2,33,0,0,9,1,1,
2.024E+11,155 747 582,B01,3,1,0,2,1,25,5,
2.024E+11,155 747 583,A01,3,50,0,2,1,25,3,
2.024E+11,155 747 581,A01,1,33,14,9,1,1,1,
2.024E+11,155 747 579,B01,2,7,0,2,1,1,1,
2.024E+11,155 747 580,A01,2,10,0,0,4,23,1,
2.024E+11,155 747 577,A01,2,7,2,0,1,13,1,
2.024E+11,155 747 576,A01,1,7,0,2,2,0,1,
2.024E+11,155 747 578,B01,1,2,0,0,5,0,1,
2.024E+11,155 747 575,A01,2,10,0,1,1,1,1,
2.024E+11,155 747 573,B01,1,31,0,2,1,1,1,
2.024E+11,155 747 574,A01,2,7,0,2,1,15,1,
2.024E+11,155 747 572,A01,1,7,2,0,1,13,1,
2.024E+11,155 747 571,A01,1,7,0,1,2,1,1,
2.024E+11,155 747 568,A01,1,7,0,2,1,2,3,
2.024E+11,155 747 570,B01,2,2,0,2,4,15,1,
2.024E+11,155 747 563,A01,1,7,4,2,1,14,1,
2.024E+11,155 747 565,B01,1,7,4,2,4,2,1,
2.024E+11,155 747 560,A01,1,17,1,2,1,1,1,
2.024E+11,155 747 562,B01,2,7,1,2,1,1,1,
2.024E+11,155 747 566,C01,0,15,0,2,1,24,1,
2.024E+11,155 747 567,D01,0,15,3,2,6,24,1,
2.024E+11,155 747 561,B01,3,33,0,2,1,16,1,
2.024E+11,155 747 564,A01,3,7,0,2,8,11,1,
2.024E+11,155 747 557,A01,1,2,12,0,1,1,1,
2.024E+11,155 747 555,A01,2,33,0,2,1,1,1,
2.024E+11,155 747 558,B01,2,7,0,2,5,1,1,
2.024E+11,155 747 559,C01,2,7,0,2,4,1,1,
2.024E+11,155 747 551,A01,3,7,0,2,2,17,1,
2.024E+11,155 747 553,B01,0,2,0,0,6,15,1,
2.024E+11,155 747 549,C01,3,7,0,2,5,1,1,
2.024E+11,155 747 552,B01,3,7,0,2,1,1,2,
2.024E+11,155 747 554,A01,3,7,0,2,2,15,1,
2.024E+11,155 747 556,D01,3,7,0,2,2,1,3,
2.024E+11,155 747 547,A01,2,7,0,2,1,1,1,
2.024E+11,155 747 548,B01,2,7,0,2,4,1,2,
2.024E+11,155 747 550,C01,2,7,0,2,4,1,2,
2.024E+11,155 747 545,A01,3,7,0,1,2,1,1,
2.024E+11,155 747 544,A01,2,99,0,2,3,1,1,
2.024E+11,155 747 546,B01,1,80,0,2,1,11,3,
2.024E+11,155 747 539,C01,2,7,0,2,4,1,1,
2.024E+11,155 747 542,A01,2,33,0,2,7,3,1,
2.024E+11,155 747 543,B01,2,7,0,2,8,1,1,
2.024E+11,155 747 538,A01,1,7,0,2,5,2,1,
2.024E+11,155 747 541,B01,1,7,0,2,3,2,1,
2.024E+11,155 747 537,A01,1,33,0,0,2,1,1,
2.024E+11,155 747 534,A01,0,7,0,2,8,15,1,
2.024E+11,155 747 536,B01,0,10,0,2,1,1,1,
2.024E+11,155 747 533,A01,2,7,0,1,3,16,1,
2.024E+11,155 747 532,C01,1,7,0,2,2,12,2,
2.024E+11,155 747 535,B01,1,7,0,2,6,1,1,
2.024E+11,155 747 540,A01,1,7,0,2,7,1,1,
2.024E+11,155 747 530,A01,2,10,3,0,8,1,2,
2.024E+11,155 747 528,A01,1,7,3,0,4,1,1,
2.024E+11,155 747 527,A01,1,7,3,2,1,11,1,
2.024E+11,155 747 529,B01,1,7,0,2,8,1,1,
2.024E+11,155 747 531,A01,1,7,0,2,1,1,1,
2.024E+11,155 747 526,A01,1,33,4,0,3,16,1,
2.024E+11,155 747 524,A01,1,1,0,2,2,5,5,
2.024E+11,155 747 525,B01,2,7,0,2,1,16,1,
2.024E+11,155 747 523,A01,3,30,14,0,0,1,1,
2.024E+11,155 747 522,A01,2,7,4,0,0,0,1,
2.024E+11,155 747 520,A01,1,7,0,2,7,9,1,
2.024E+11,155 747 521,B01,1,50,0,2,7,9,3,
2.024E+11,155 747 518,A01,1,7,0,2,1,2,1,
2.024E+11,155 747 519,B01,1,7,0,2,4,2,1,
2.024E+11,155 747 517,A01,1,7,0,1,7,1,1,
2.024E+11,155 747 516,A01,1,7,4,0,3,26,1,
2.024E+11,155 747 515,A01,1,7,2,0,2,14,1,
2.024E+11,155 747 513,B01,1,7,0,2,4,1,1,
2.024E+11,155 747 514,A01,1,30,0,2,1,2,1,
2.024E+11,155 747 512,A01,1,7,0,1,3,19,1,
2.024E+11,155 747 511,A01,1,1,0,0,1,2,5,
2.024E+11,155 747 510,A01,1,7,0,1,1,15,1,
2.024E+11,155 747 508,A01,1,7,4,0,0,0,1,
2.024E+11,155 747 507,A01,1,7,0,2,1,1,1,
2.024E+11,155 747 509,B01,1,10,0,2,5,1,1,
2.024E+11,155 747 506,A01,0,7,13,0,1,0,1,
2.024E+11,155 747 505,A01,1,37,0,0,0,1,1,3
2.024E+11,155 747 502,B01,2,7,0,2,3,13,1,
2.024E+11,155 747 504,A01,1,7,0,2,3,1,1,
2.024E+11,155 747 501,B01,1,1,0,2,0,0,5,
2.024E+11,155 747 503,A01,1,7,0,2,0,0,1,
2.024E+11,155 747 497,B01,1,80,0,2,1,1,3,
2.024E+11,155 747 499,A01,1,7,0,2,7,16,1,
2.024E+11,155 747 498,B01,1,2,0,0,4,16,1,
2.024E+11,155 747 500,A01,1,7,0,2,2,1,1,
2.024E+11,155 747 496,A01,2,33,9,0,7,1,1,
2.024E+11,155 747 495,A01,1,10,0,1,1,1,1,
2.024E+11,155 747 492,A01,1,7,0,2,8,19,1,
2.024E+11,155 747 494,B01,2,2,0,2,1,1,1,
2.024E+11,155 747 493,A01,2,33,0,2,8,3,1,
2.024E+11,155 747 490,A01,2,7,1,0,2,14,2,
2.024E+11,155 747 488,A01,2,99,0,2,2,17,1,
2.024E+11,155 747 491,B01,2,15,0,2,6,1,1,
2.024E+11,155 747 487,B01,2,7,0,2,8,1,1,
2.024E+11,155 747 489,A01,2,7,0,2,2,14,1,
2.024E+11,155 747 484,A01,3,10,17,0,2,14,1,
2.024E+11,155 747 481,A01,1,33,0,0,8,1,1,
2.024E+11,155 747 480,B01,1,34,0,2,1,0,1,
2.024E+11,155 747 482,A01,1,7,0,2,3,9,1,
2.024E+11,155 747 477,A01,1,7,0,2,1,2,1,
2.024E+11,155 747 478,B01,1,3,0,2,4,2,1,
2.024E+11,155 747 479,A01,0,7,0,1,3,1,1,
2.024E+11,155 747 476,A01,1,7,0,1,1,0,1,
2.024E+11,155 747 474,A01,1,7,0,2,4,1,1,
2.024E+11,155 747 475,B01,1,7,0,2,1,2,1,
2.024E+11,155 747 473,A01,1,7,4,0,1,1,1,
2.024E+11,155 747 467,A01,3,7,0,2,1,26,1,
2.024E+11,155 747 468,B01,3,1,0,2,7,1,5,
2.024E+11,155 747 466,A01,3,7,0,1,3,1,1,
2.024E+11,155 747 464,A01,2,7,0,2,3,19,1,
2.024E+11,155 747 465,B01,2,7,0,2,1,1,1,
2.024E+11,155 747 462,B01,0,33,0,2,7,26,1,
2.024E+11,155 747 463,A01,1,7,0,2,1,1,1,
2.024E+11,155 747 461,A01,2,38,8,0,7,1,1,5
2.024E+11,155 747 460,A01,1,7,0,1,1,1,0,
2.024E+11,155 747 459,A01,1,7,2,0,3,13,1,
2.024E+11,155 747 457,A01,2,7,0,2,1,26,1,
2.024E+11,155 747 458,B01,2,7,0,2,4,0,1,
2.024E+11,155 747 455,A01,3,7,0,2,3,15,1,
2.024E+11,155 747 456,B01,3,1,0,2,8,18,5,
2.024E+11,155 747 453,A01,3,33,5,0,9,1,1,
2.024E+11,155 747 454,B01,3,33,5,0,0,21,1,
2.024E+11,155 747 452,A01,1,7,0,1,1,1,1,
2.024E+11,155 747 451,A01,3,0,0,1,6,4,0,
2.024E+11,155 747 450,A01,2,33,0,6,1,1,1,
2.024E+11,155 747 448,A01,1,7,0,2,1,2,1,
2.024E+11,155 747 449,B01,1,32,0,2,4,2,1,
2.024E+11,155 747 446,A01,1,7,0,2,1,13,1,
2.024E+11,155 747 447,B01,2,7,0,2,1,1,1,
2.024E+11,155 747 444,A01,3,7,0,1,1,1,2,
2.024E+11,155 747 441,A01,2,7,0,2,3,13,1,
2.024E+11,155 747 442,B01,1,7,0,2,3,1,1,
2.024E+11,155 747 443,A01,3,7,0,2,3,1,1,
2.024E+11,155 747 445,B01,3,7,0,2,3,15,1,
2.024E+11,155 747 438,A01,1,7,0,2,1,17,2,
2.024E+11,155 747 440,B01,2,7,0,2,1,1,1,
2.024E+11,155 747 437,A01,2,7,0,2,0,0,1,
2.024E+11,155 747 439,B01,3,30,0,2,0,0,1,
2.024E+11,155 747 436,A01,3,33,0,0,8,1,1,
2.024E+11,155 747 434,A01,3,7,0,2,1,15,1,
2.024E+11,155 747 435,B01,3,31,0,2,1,1,1,
2.024E+11,155 747 433,A01,1,7,15,0,0,1,1,
2.024E+11,155 747 431,A01,3,37,0,1,7,9,1,1
2.024E+11,155 747 430,A01,0,2,0,2,3,0,1,
2.024E+11,155 747 432,B01,2,15,0,0,5,1,1,
2.024E+11,155 747 429,A01,1,7,0,1,2,1,1,
2.024E+11,155 747 428,A01,1,33,0,0,0,1,1,
2.024E+11,155 747 426,A01,1,99,0,1,2,20,1,
2.024E+11,155 747 424,A01,0,7,1,0,3,0,1,
2.024E+11,155 747 425,B01,0,7,0,2,3,24,2,
2.024E+11,155 747 423,A01,1,7,3,0,2,2,1,
2.024E+11,155 747 422,A01,2,99,13,0,1,0,1,
2.024E+11,155 747 421,A01,1,33,0,0,0,21,1,
2.024E+11,155 747 419,A01,2,33,0,2,1,1,1,
2.024E+11,155 747 420,B01,1,7,0,2,3,1,1,
2.024E+11,155 747 418,A01,1,7,3,0,1,1,1,
2.024E+11,155 747 416,A01,1,7,0,2,3,9,2,
2.024E+11,155 747 417,B01,1,33,0,2,1,26,1,
2.024E+11,155 747 415,A01,2,7,1,2,2,1,1,
2.024E+11,155 747 414,A01,1,7,0,1,2,1,1,
2.024E+11,155 747 413,A01,1,7,0,1,1,1,1,
2.024E+11,155 747 411,A01,0,10,0,9,0,0,1,
2.024E+11,155 747 412,B01,0,50,0,2,0,1,3,
2.024E+11,155 747 407,A01,2,14,0,2,1,13,1,
2.024E+11,155 747 408,B01,2,15,0,2,6,2,1,
2.024E+11,155 747 404,A01,2,7,0,2,1,2,1,
2.024E+11,155 747 405,B01,2,7,0,2,4,2,1,
2.024E+11,155 747 406,C01,2,7,0,0,0,0,1,
2.024E+11,155 747 399,B01,2,7,0,2,9,0,1,
2.024E+11,155 747 400,A01,2,37,0,2,0,0,0,0
2.024E+11,155 747 401,C01,2,7,0,2,9,0,1,
2.024E+11,155 747 402,D01,2,7,0,2,9,0,1,
2.024E+11,155 747 403,E01,2,7,0,2,1,0,1,
2.024E+11,155 747 396,A01,1,34,0,2,8,26,1,
2.024E+11,155 747 397,B01,1,7,0,2,0,12,2,
2.024E+11,155 747 398,C01,1,7,0,2,5,23,1,
2.024E+11,155 747 394,A01,1,31,0,2,1,26,1,
2.024E+11,155 747 395,B01,1,10,0,2,7,14,2,
2.024E+11,155 747 392,A01,1,7,1,2,1,1,1,
2.024E+11,155 747 393,B01,1,7,0,2,4,0,1,
2.024E+11,155 747 390,A01,1,7,0,2,6,1,1,
2.024E+11,155 747 391,B01,1,32,0,2,1,2,1,
2.024E+11,155 747 389,A01,2,33,0,0,7,3,1,
2.024E+11,155 747 387,A01,2,33,0,2,1,1,1,
2.024E+11,155 747 388,B01,1,7,0,2,1,1,1,
2.024E+11,155 747 385,A01,3,7,0,2,2,15,1,
2.024E+11,155 747 386,B01,3,7,0,2,1,1,0,
2.024E+11,155 747 384,A01,2,7,0,1,1,1,1,
2.024E+11,155 747 382,A01,1,2,0,2,1,1,1,
2.024E+11,155 747 383,B01,2,7,0,2,2,15,1,
2.024E+11,155 747 381,A01,1,99,0,9,7,17,0,
2.024E+11,155 747 379,A01,2,33,0,2,1,1,1,
2.024E+11,155 747 380,B01,2,7,0,2,4,1,1,
2.024E+11,155 747 376,B01,1,7,0,2,3,1,1,
2.024E+11,155 747 377,C01,3,7,0,2,6,26,2,
2.024E+11,155 747 378,A01,3,2,0,2,1,9,1,
2.024E+11,155 747 374,A01,1,7,9,2,5,16,1,
2.024E+11,155 747 375,B01,0,1,0,2,0,0,0,
2.024E+11,155 747 372,A01,1,50,0,2,8,19,3,
2.024E+11,155 747 373,B01,1,7,0,2,2,1,1,
2.024E+11,155 747 370,B01,2,7,0,2,3,1,1,
2.024E+11,155 747 371,A01,2,7,0,2,3,15,1,
2.024E+11,155 747 369,A01,2,7,8,0,1,14,1,
2.024E+11,155 747 367,Z01,1,7,0,9,0,0,0,
2.024E+11,155 747 368,A01,1,1,0,2,0,0,5,
2.024E+11,155 747 365,A01,1,7,0,0,0,0,1,
2.024E+11,155 747 366,B01,1,1,0,2,1,5,5,
2.024E+11,155 747 362,A01,2,7,0,2,7,15,1,
2.024E+11,155 747 363,B01,1,7,0,2,1,1,1,
2.024E+11,155 747 364,C01,1,7,0,2,-1,2,-1,
2.024E+11,155 747 361,A01,3,7,0,1,1,19,1,
2.024E+11,155 747 360,A01,1,7,0,1,2,1,0,
2.024E+11,155 747 358,B01,1,7,0,2,9,1,1,
2.024E+11,155 747 359,A01,1,14,0,2,3,13,1,