Num_Acc,id_vehicule,num_veh,senc,catv,obs,obsm,choc,manv,motor,occutc
2.024E+11,155 745 947,C01,2,7,0,2,8,1,1,
2.024E+11,155 745 943,B01,2,7,4,0,5,1,1,
2.024E+11,155 745 946,A01,2,10,0,2,2,2,1,
2.024E+11,155 745 941,A01,3,7,1,0,8,26,1,
2.024E+11,155 745 942,B01,3,1,0,2,1,1,5,
2.024E+11,155 745 940,A01,2,7,2,0,1,2,1,
2.024E+11,155 745 939,A01,1,7,0,1,2,1,1,
2.024E+11,155 745 937,A01,2,7,0,2,5,12,1,
2.024E+11,155 745 938,B01,2,33,0,2,1,2,1,
2.024E+11,155 745 936,A01,1,7,0,1,1,15,1,
2.024E+11,155 745 935,A01,1,7,0,1,1,1,1,
2.024E+11,155 745 931,A01,2,50,0,0,8,1,3,
2.024E+11,155 745 932,A01,2,33,0,2,1,1,1,
2.024E+11,155 745 934,B01,1,7,0,2,5,15,1,
2.024E+11,155 745 929,A01,2,7,0,2,1,2,1,
2.024E+11,155 745 930,B01,2,7,0,2,4,2,2,
2.024E+11,155 745 933,C01,2,7,0,2,4,2,2,
2.024E+11,155 745 926,B01,2,1,0,2,1,1,5,
2.024E+11,155 745 927,A01,2,7,0,2,1,17,1,
2.024E+11,155 745 924,B01,1,7,0,0,4,0,1,
2.024E+11,155 745 928,A01,1,37,0,2,1,1,1,1
2.024E+11,155 745 917,B01,2,7,0,2,4,2,2,
2.024E+11,155 745 920,A01,2,7,0,2,1,2,2,
2.024E+11,155 745 919,A01,2,7,0,2,3,26,1,
2.024E+11,155 745 922,B01,1,50,0,2,1,26,3,
2.024E+11,155 745 916,B01,1,7,0,2,4,2,2,
2.024E+11,155 745 918,C01,1,10,0,2,4,2,1,
2.024E+11,155 745 921,D01,1,7,0,2,4,2,1,
2.024E+11,155 745 923,E01,1,7,0,2,4,2,1,
2.024E+11,155 745 925,A01,1,10,0,2,1,2,1,
2.024E+11,155 745 914,A01,1,34,0,2,1,2,3,
2.024E+11,155 745 915,B01,1,10,0,2,6,2,1,
2.024E+11,155 745 912,A01,0,2,0,2,7,1,1,
2.024E+11,155 745 913,B01,0,7,0,2,1,1,1,
2.024E+11,155 745 909,A01,1,10,0,2,1,17,1,
2.024E+11,155 745 911,B01,1,7,0,2,6,2,1,
2.024E+11,155 745 908,A01,2,33,0,2,1,3,1,
2.024E+11,155 745 910,B01,2,7,0,2,5,11,1,
2.024E+11,155 745 905,A01,1,7,0,2,3,1,1,
2.024E+11,155 745 907,B01,2,7,0,2,3,13,1,
2.024E+11,155 745 904,B01,2,2,0,2,1,1,-1,
2.024E+11,155 745 906,A01,0,10,0,2,1,11,0,
2.024E+11,155 745 903,A01,1,7,3,0,8,2,1,
2.024E+11,155 745 902,A01,2,50,0,1,1,1,3,
2.024E+11,155 745 899,B01,3,7,0,2,1,2,3,
2.024E+11,155 745 901,A01,0,50,0,2,7,5,3,
2.024E+11,155 745 897,A01,1,7,3,0,9,1,1,
2.024E+11,155 745 893,A01,2,7,0,0,0,0,1,
2.024E+11,155 745 895,B01,2,7,0,9,1,12,1,
2.024E+11,155 745 896,C01,2,34,0,2,8,0,1,
2.024E+11,155 745 894,B01,2,80,0,2,2,1,3,
2.024E+11,155 745 898,A01,2,37,0,2,5,17,2,1
2.024E+11,155 745 892,A01,2,7,0,1,3,1,1,
2.024E+11,155 745 889,A01,1,7,0,1,3,1,1,
2.024E+11,155 745 886,A01,3,7,0,2,3,9,1,
2.024E+11,155 745 888,B01,1,30,0,2,2,0,1,
2.024E+11,155 745 885,C01,2,33,0,2,6,1,1,
2.024E+11,155 745 887,A01,2,7,0,2,2,12,1,
2.024E+11,155 745 890,D01,2,7,0,2,7,1,1,
2.024E+11,155 745 891,B01,2,7,0,2,2,1,1,
2.024E+11,155 745 883,A01,3,30,0,1,1,25,1,
2.024E+11,155 745 881,Z01,2,10,0,9,0,0,0,
2.024E+11,155 745 884,B01,2,1,0,2,3,1,5,
2.024E+11,155 745 879,B01,1,7,3,2,6,1,1,
2.024E+11,155 745 880,A01,1,10,0,2,2,2,1,
2.024E+11,155 745 882,C01,1,10,3,2,5,1,1,
2.024E+11,155 745 875,A01,1,50,0,2,8,3,3,
2.024E+11,155 745 877,B01,1,7,4,2,8,22,1,
2.024E+11,155 745 878,C01,1,10,0,2,7,1,1,
2.024E+11,155 745 873,Z01,1,7,0,0,0,5,1,
2.024E+11,155 745 876,A01,2,7,0,2,9,1,1,
2.024E+11,155 745 872,B01,2,32,0,2,8,3,1,
2.024E+11,155 745 874,A01,2,7,0,2,7,12,3,
2.024E+11,155 745 870,A01,3,7,0,2,2,16,3,
2.024E+11,155 745 871,B01,3,34,0,2,4,1,1,
2.024E+11,155 745 866,A01,2,10,0,2,1,2,1,
2.024E+11,155 745 867,B01,2,7,0,2,4,2,2,
2.024E+11,155 745 869,C01,2,7,0,2,4,2,2,
2.024E+11,155 745 865,A01,2,7,0,2,9,11,2,
2.024E+11,155 745 868,B01,2,7,0,2,2,1,1,
2.024E+11,155 745 863,A01,1,50,0,2,8,15,3,
2.024E+11,155 745 864,Z01,1,33,9,2,1,1,0,
2.024E+11,155 745 861,A01,2,7,0,2,1,2,2,
2.024E+11,155 745 862,B01,2,7,0,2,4,2,1,
2.024E+11,155 745 860,A01,2,10,0,1,3,1,1,
2.024E+11,155 745 858,A01,2,7,0,2,1,12,1,
2.024E+11,155 745 857,B01,1,1,0,2,6,1,5,
2.024E+11,155 745 859,A01,1,7,0,2,3,1,1,
2.024E+11,155 745 856,A01,1,7,6,0,1,13,0,
2.024E+11,155 745 855,A01,2,13,0,0,0,1,1,
2.024E+11,155 745 853,A01,1,30,0,2,7,17,1,
2.024E+11,155 745 854,B01,3,7,0,2,3,15,1,
2.024E+11,155 745 850,A01,2,7,0,2,1,2,1,
2.024E+11,155 745 851,B01,2,7,0,2,4,2,1,
2.024E+11,155 745 849,A01,0,7,0,2,1,19,1,
2.024E+11,155 745 852,B01,0,7,0,2,1,0,2,
2.024E+11,155 745 847,A01,3,7,0,2,1,1,1,
2.024E+11,155 745 848,B01,3,7,0,2,4,1,3,
2.024E+11,155 745 844,A01,2,10,0,2,2,12,1,
2.024E+11,155 745 846,B01,2,33,0,2,8,1,1,
2.024E+11,155 745 843,A01,2,7,0,9,3,0,1,
2.024E+11,155 745 845,B01,3,1,0,2,0,0,5,
2.024E+11,155 745 839,B01,3,7,0,2,8,1,1,
2.024E+11,155 745 842,A01,3,32,0,2,2,1,1,
2.024E+11,155 745 836,B01,2,7,0,2,9,2,1,
2.024E+11,155 745 838,C01,2,10,0,2,4,2,1,
2.024E+11,155 745 841,A01,2,7,0,2,1,2,1,
2.024E+11,155 745 837,A01,2,7,0,2,0,17,1,
2.024E+11,155 745 840,B01,1,1,0,2,0,21,5,
2.024E+11,155 745 834,A01,1,43,0,0,7,1,1,
2.024E+11,155 745 831,A01,1,7,0,2,3,1,1,
2.024E+11,155 745 833,B01,1,0,0,2,5,12,0,
2.024E+11,155 745 832,A01,2,7,0,2,7,15,1,
2.024E+11,155 745 835,B01,2,7,0,2,1,1,1,
2.024E+11,155 745 826,A01,1,7,4,2,1,1,1,
2.024E+11,155 745 828,B01,1,7,0,2,4,1,1,
2.024E+11,155 745 829,C01,1,10,0,2,1,1,1,
2.024E+11,155 745 830,D01,1,7,0,2,3,1,1,
2.024E+11,155 745 825,A01,3,33,0,2,3,17,1,
2.024E+11,155 745 827,B01,3,7,0,2,8,15,1,
2.024E+11,155 745 824,A01,1,30,0,2,7,1,3,
2.024E+11,155 745 823,A01,1,33,0,0,9,1,1,
2.024E+11,155 745 820,A01,0,7,0,2,5,15,1,
2.024E+11,155 745 822,B01,0,2,0,2,1,1,1,
2.024E+11,155 745 819,A01,2,7,0,2,3,15,1,
2.024E+11,155 745 821,B01,1,33,0,2,1,1,1,
2.024E+11,155 745 816,A01,3,7,0,0,9,16,1,
2.024E+11,155 745 817,A01,1,7,0,2,1,13,1,
2.024E+11,155 745 818,B01,2,7,0,2,1,1,1,
2.024E+11,155 745 812,B01,2,7,0,2,1,1,1,
2.024E+11,155 745 815,A01,2,7,8,2,7,15,1,
2.024E+11,155 745 811,A01,1,7,0,2,1,1,1,
2.024E+11,155 745 813,B01,1,7,0,2,4,15,1,
2.024E+11,155 745 810,A01,1,7,0,2,3,2,1,
2.024E+11,155 745 814,B01,1,31,0,2,2,3,0,
2.024E+11,155 745 807,B01,0,34,0,2,1,1,1,
2.024E+11,155 745 809,A01,0,10,0,2,3,15,1,
2.024E+11,155 745 806,B01,1,34,0,2,8,10,1,
2.024E+11,155 745 808,A01,1,7,0,2,2,17,1,
2.024E+11,155 745 804,A01,1,50,1,0,1,14,3,
2.024E+11,155 745 805,B01,1,7,0,2,6,0,1,
2.024E+11,155 745 802,B01,2,1,0,2,1,2,5,
2.024E+11,155 745 803,A01,2,7,0,2,5,2,3,
2.024E+11,155 745 799,A01,1,7,0,2,4,16,1,
2.024E+11,155 745 801,B01,1,33,0,2,1,1,1,
2.024E+11,155 745 798,A01,1,7,0,2,2,10,1,
2.024E+11,155 745 800,B01,2,7,0,2,1,1,1,
2.024E+11,155 745 797,A01,2,2,0,1,1,5,1,
2.024E+11,155 745 796,A01,0,50,12,0,1,0,3,
2.024E+11,155 745 793,A01,3,7,1,0,1,2,0,
2.024E+11,155 745 794,A01,1,7,0,2,3,15,3,
2.024E+11,155 745 795,B01,1,32,0,2,1,1,1,
2.024E+11,155 745 791,A01,2,34,0,2,7,17,1,
2.024E+11,155 745 792,B01,2,13,0,2,3,15,1,
2.024E+11,155 745 788,A01,1,14,0,2,2,16,1,
2.024E+11,155 745 790,B01,2,7,0,2,3,16,1,
2.024E+11,155 745 787,A01,1,10,0,1,1,2,1,
2.024E+11,155 745 786,A01,2,7,0,2,1,13,1,
2.024E+11,155 745 789,B01,1,7,0,2,1,1,1,
2.024E+11,155 745 783,B01,1,40,0,2,3,1,3,
2.024E+11,155 745 785,A01,1,7,9,4,1,1,1,
2.024E+11,155 745 781,A01,0,10,0,2,3,1,0,
2.024E+11,155 745 784,B01,0,7,0,2,0,0,0,
2.024E+11,155 745 779,A01,2,50,12,0,1,1,3,
2.024E+11,155 745 780,A01,3,7,0,2,1,26,1,
2.024E+11,155 745 782,B01,3,32,0,2,4,2,1,
2.024E+11,155 745 774,A01,2,7,0,2,3,15,1,
2.024E+11,155 745 777,B01,2,50,0,2,1,1,3,
2.024E+11,155 745 773,C01,1,14,0,2,3,1,1,
2.024E+11,155 745 776,A01,1,7,0,2,1,1,2,
2.024E+11,155 745 778,B01,1,7,0,2,4,1,1,
2.024E+11,155 745 772,A01,3,33,0,-1,4,2,1,
2.024E+11,155 745 769,A01,2,7,8,2,8,16,1,
2.024E+11,155 745 771,Z01,2,0,0,2,0,0,0,
2.024E+11,155 745 768,A01,0,7,0,2,0,16,1,
2.024E+11,155 745 770,B01,0,37,0,2,0,1,1,3
2.024E+11,155 745 766,B01,1,33,0,2,1,13,1,
2.024E+11,155 745 767,A01,1,7,0,2,3,10,1,
2.024E+11,155 745 763,B01,2,10,0,2,2,0,1,
2.024E+11,155 745 764,A01,2,1,0,0,0,0,5,
2.024E+11,155 745 761,C01,1,50,0,2,7,9,3,
2.024E+11,155 745 765,A01,1,7,0,9,3,19,6,
2.024E+11,155 745 760,B01,3,7,0,2,3,2,0,
2.024E+11,155 745 762,A01,3,10,0,2,1,1,0,
2.024E+11,155 745 757,A01,2,33,0,2,1,1,1,
2.024E+11,155 745 759,B01,2,1,0,2,4,1,5,
2.024E+11,155 745 756,B01,2,33,0,0,0,17,1,
2.024E+11,155 745 758,A01,2,7,0,0,0,15,1,
2.024E+11,155 745 754,A01,1,10,0,1,1,16,1,
2.024E+11,155 745 752,B01,1,7,6,2,2,1,1,
2.024E+11,155 745 755,A01,1,7,1,2,1,1,1,
2.024E+11,155 745 751,B01,3,7,0,2,3,19,1,
2.024E+11,155 745 753,A01,3,50,0,2,1,1,3,
2.024E+11,155 745 749,A01,3,7,12,0,3,17,1,
2.024E+11,155 745 750,A01,0,7,0,1,3,13,3,
2.024E+11,155 745 747,A01,3,1,0,2,0,1,5,
2.024E+11,155 745 748,B01,3,1,0,2,1,1,5,
2.024E+11,155 745 746,A01,3,7,12,0,3,13,1,
2.024E+11,155 745 744,A01,2,10,0,2,2,1,3,
2.024E+11,155 745 745,B01,2,7,0,2,4,23,2,
2.024E+11,155 745 743,A01,1,7,0,1,4,4,0,
2.024E+11,155 745 739,A01,2,7,0,2,6,2,1,
2.024E+11,155 745 741,B01,2,33,0,2,1,2,1,
2.024E+11,155 745 736,B01,1,7,0,2,7,1,1,
2.024E+11,155 745 738,A01,2,7,0,2,1,1,1,
2.024E+11,155 745 733,A01,1,10,0,2,3,1,1,
2.024E+11,155 745 735,B01,2,7,0,2,2,15,1,
2.024E+11,155 745 729,A01,1,7,0,2,7,2,1,
2.024E+11,155 745 732,B01,1,7,0,2,2,2,1,
2.024E+11,155 745 726,A01,1,50,0,2,7,26,3,
2.024E+11,155 745 728,B01,1,7,0,9,0,17,0,
2.024E+11,155 745 723,A01,2,7,0,2,3,13,1,
2.024E+11,155 745 725,B01,1,17,0,2,1,1,1,
2.024E+11,155 745 722,A01,0,7,0,9,8,15,1,
2.024E+11,155 745 724,B01,2,50,0,2,1,2,3,
2.024E+11,155 745 719,A01,2,30,0,1,0,2,1,
2.024E+11,155 745 718,B01,2,7,0,2,9,1,3,
2.024E+11,155 745 720,A01,1,7,0,2,1,17,1,
2.024E+11,155 745 721,C01,2,10,0,2,8,1,1,
2.024E+11,155 745 715,B01,1,7,0,2,2,1,1,
2.024E+11,155 745 717,A01,1,50,0,2,3,15,3,
2.024E+11,155 745 714,B01,1,7,0,2,4,2,1,
2.024E+11,155 745 716,A01,1,7,0,2,1,2,1,
2.024E+11,155 745 713,A01,1,2,0,0,0,2,1,
2.024E+11,155 745 711,A01,3,7,0,2,1,15,1,
2.024E+11,155 745 712,B01,3,1,0,2,1,1,5,
2.024E+11,155 745 709,A01,1,32,0,2,1,21,1,
2.024E+11,155 745 710,B01,2,7,0,2,3,15,1,
2.024E+11,155 745 708,A01,0,33,12,0,1,1,1,
2.024E+11,155 745 707,A01,0,7,13,0,8,1,1,
2.024E+11,155 745 706,A01,3,7,0,2,1,16,1,
2.024E+11,155 745 703,A01,1,7,0,4,7,26,1,
2.024E+11,155 745 705,B01,1,40,0,2,1,1,3,
2.024E+11,155 745 702,A01,1,7,0,0,4,23,1,
2.024E+11,155 745 704,B01,1,7,0,2,2,2,1,
2.024E+11,155 745 701,A01,1,7,9,0,1,1,1,
2.024E+11,155 745 700,A01,2,7,0,0,9,9,1,
2.024E+11,155 745 698,A01,3,7,0,1,3,1,1,
2.024E+11,155 745 697,B01,1,33,0,2,1,1,1,
2.024E+11,155 745 699,A01,1,7,0,2,3,1,1,
2.024E+11,155 745 694,A01,3,0,0,2,6,20,0,
2.024E+11,155 745 696,B01,3,0,0,2,1,1,0,
2.024E+11,155 745 693,B01,3,33,0,0,0,0,1,
2.024E+11,155 745 695,A01,3,7,0,2,2,15,1,
2.024E+11,155 745 691,A01,1,7,0,2,8,24,2,
2.024E+11,155 745 692,B01,1,1,1,0,1,2,5,
2.024E+11,155 745 690,A01,3,7,0,1,1,2,1,
2.024E+11,155 745 687,A01,0,7,0,2,3,2,1,
2.024E+11,155 745 688,B01,0,14,0,2,3,2,1,
2.024E+11,155 745 686,B01,2,1,0,2,7,1,5,
2.024E+11,155 745 689,A01,2,7,0,2,1,19,2,
2.024E+11,155 745 682,A01,2,7,0,2,1,1,1,
2.024E+11,155 745 684,B01,1,7,1,2,1,15,1,
2.024E+11,155 745 681,C01,0,10,0,2,4,0,1,
2.024E+11,155 745 683,B01,3,10,0,2,1,21,1,
2.024E+11,155 745 685,A01,3,7,0,2,1,1,1,
2.024E+11,155 745 678,B01,2,50,0,2,1,19,3,
2.024E+11,155 745 680,A01,1,7,0,9,3,19,1,
2.024E+11,155 745 674,A01,2,7,0,2,1,2,1,
2.024E+11,155 745 676,C01,2,7,0,2,4,2,2,
2.024E+11,155 745 677,D01,2,7,0,2,4,2,2,
2.024E+11,155 745 679,B01,2,13,0,2,1,2,3,
2.024E+11,155 745 673,A01,1,30,0,2,1,1,1,
2.024E+11,155 745 675,B01,2,37,0,2,6,19,1,1
2.024E+11,155 745 672,A01,3,14,0,1,4,26,1,
2.024E+11,155 745 671,A01,1,7,1,0,3,15,1,
2.024E+11,155 745 670,A01,3,3,12,0,1,21,1,
2.024E+11,155 745 669,A01,3,38,0,1,1,1,1,1
2.024E+11,155 745 668,A01,3,7,0,1,8,15,1,
2.024E+11,155 745 666,Z01,1,1,0,1,1,1,5,
2.024E+11,155 745 665,B01,3,7,0,2,1,1,1,
2.024E+11,155 745 667,A01,3,7,0,2,9,1,1,
2.024E+11,155 745 663,B01,3,7,0,2,3,23,2,
2.024E+11,155 745 664,A01,1,10,0,2,7,26,1,
2.024E+11,155 745 661,A01,1,10,0,1,1,1,1,
2.024E+11,155 745 660,A01,0,7,0,1,2,1,2,
2.024E+11,155 745 662,A01,0,7,0,1,1,19,1,
2.024E+11,155 745 658,A01,0,7,0,1,3,1,2,
2.024E+11,155 745 657,C01,0,1,0,2,7,1,5,
2.024E+11,155 745 659,A01,0,7,0,2,1,26,3,
2.024E+11,155 745 655,A01,2,10,0,1,2,26,1,
2.024E+11,155 745 654,B01,2,50,0,2,1,1,3,
2.024E+11,155 745 656,A01,2,7,0,2,2,16,2,
2.024E+11,155 745 651,B01,3,33,0,2,3,18,1,
2.024E+11,155 745 653,A01,3,7,0,2,3,1,3,
2.024E+11,155 745 650,A01,1,7,0,2,3,15,1,
2.024E+11,155 745 652,B01,1,50,0,2,8,1,3,
2.024E+11,155 745 648,A01,1,33,0,2,1,2,1,
2.024E+11,155 745 649,B01,1,1,0,2,4,2,5,
2.024E+11,155 745 647,A01,1,7,0,1,7,1,2,
2.024E+11,155 745 645,A01,1,7,0,1,7,14,2,
2.024E+11,155 745 644,B01,2,30,0,2,4,0,1,
2.024E+11,155 745 646,A01,2,0,0,2,1,0,0,
2.024E+11,155 745 643,A01,3,7,0,1,1,1,0,
2.024E+11,155 745 640,A01,3,7,0,2,1,1,1,
2.024E+11,155 745 642,B01,3,1,0,2,1,1,5,
2.024E+11,155 745 639,A01,2,7,0,2,2,15,1,
2.024E+11,155 745 641,B01,1,1,0,2,1,1,5,
2.024E+11,155 745 638,A01,1,7,0,1,1,1,1,
2.024E+11,155 745 637,A01,2,7,0,1,3,26,2,
2.024E+11,155 745 635,A01,2,7,0,9,3,1,1,
2.024E+11,155 745 636,B01,1,1,1,2,7,1,5,
2.024E+11,155 745 633,A01,2,7,0,1,1,15,1,
2.024E+11,155 745 631,B01,2,7,0,2,1,1,1,
2.024E+11,155 745 632,C01,2,7,0,2,3,1,1,
2.024E+11,155 745 634,A01,1,7,0,2,3,13,1,
2.024E+11,155 745 630,A01,0,37,0,1,2,16,1,1
2.024E+11,155 745 629,A01,3,7,0,1,3,15,1,
2.024E+11,155 745 628,A01,2,33,0,0,8,15,1,
2.024E+11,155 745 627,A01,3,7,8,0,2,1,1,
2.024E+11,155 745 626,A01,2,7,0,1,1,1,2,
2.024E+11,155 745 623,A01,2,7,0,2,1,2,1,
2.024E+11,155 745 625,B01,2,7,0,2,4,1,1,
2.024E+11,155 745 619,C01,1,7,0,2,4,1,1,
2.024E+11,155 745 621,A01,1,7,12,2,3,2,1,
2.024E+11,155 745 624,B01,1,7,0,2,6,2,1,
2.024E+11,155 745 618,A01,2,7,0,2,1,1,2,
2.024E+11,155 745 620,B01,2,7,0,2,4,1,1,
2.024E+11,155 745 622,C01,2,10,0,2,3,1,1,
2.024E+11,155 745 614,B01,1,30,0,2,5,1,3,
2.024E+11,155 745 617,A01,2,7,0,2,1,1,2,
2.024E+11,155 745 615,A01,1,7,0,2,1,1,1,
2.024E+11,155 745 616,B01,1,7,0,2,4,1,2,
2.024E+11,155 745 613,A01,1,1,9,0,7,15,5,
2.024E+11,155 745 612,A01,2,7,0,1,3,1,1,
2.024E+11,155 745 609,B01,3,33,0,2,1,1,1,
2.024E+11,155 745 610,A01,3,7,0,2,2,16,1,
2.024E+11,155 745 606,A01,3,50,0,0,0,1,3,
2.024E+11,155 745 604,A01,1,7,0,0,5,15,1,
2.024E+11,155 745 605,B01,2,33,0,2,1,1,1,
2.024E+11,155 745 601,B01,2,7,0,2,5,16,1,
2.024E+11,155 745 603,A01,1,2,0,2,1,16,1,
2.024E+11,155 745 600,A01,2,7,0,2,3,13,1,
2.024E+11,155 745 602,B01,2,7,0,2,3,1,1,
2.024E+11,155 745 598,A01,1,7,1,0,1,0,1,
2.024E+11,155 745 597,A01,1,33,0,2,1,19,1,
2.024E+11,155 745 599,B01,2,10,0,2,2,1,1,
2.024E+11,155 745 595,A01,1,7,2,0,1,11,1,
2.024E+11,155 745 594,A01,3,7,0,2,3,9,1,
2.024E+11,155 745 596,B01,3,80,0,2,1,19,3,
2.024E+11,155 745 590,B01,1,14,0,2,1,1,1,
2.024E+11,155 745 592,A01,1,7,0,2,8,1,1,
2.024E+11,155 745 591,A01,1,7,0,2,1,5,1,
2.024E+11,155 745 593,B01,1,7,0,2,1,26,1,
2.024E+11,155 745 589,A01,1,7,2,0,1,13,1,
2.024E+11,155 745 588,A01,0,32,3,0,2,0,1,
2.024E+11,155 745 587,A01,1,7,11,0,3,1,1,
2.024E+11,155 745 586,A01,1,30,0,0,0,0,1,
2.024E+11,155 745 582,A01,2,34,0,0,1,17,1,
2.024E+11,155 745 583,B01,2,7,0,0,8,10,1,
2.024E+11,155 745 580,A01,1,33,0,0,0,1,1,
2.024E+11,155 745 579,A01,3,7,0,2,1,15,1,
2.024E+11,155 745 581,B01,3,2,0,2,8,1,1,
2.024E+11,155 745 576,A01,1,7,0,0,8,24,1,
2.024E+11,155 745 577,B01,1,1,1,0,1,1,5,
2.024E+11,155 745 575,A01,3,10,0,2,3,1,1,
2.024E+11,155 745 578,B01,3,2,0,2,1,1,1,
2.024E+11,155 745 572,Z01,1,7,0,2,2,0,0,
2.024E+11,155 745 574,B01,1,7,0,2,8,1,1,
2.024E+11,155 745 571,A01,2,7,0,2,2,19,1,
2.024E+11,155 745 573,B01,2,33,0,2,3,1,1,
2.024E+11,155 745 569,A01,1,10,0,2,1,15,1,
2.024E+11,155 745 570,B01,2,33,0,2,3,21,1,
2.024E+11,155 745 567,B01,2,7,0,2,2,1,1,
2.024E+11,155 745 568,A01,2,7,0,2,3,19,1,
2.024E+11,155 745 565,A01,0,10,1,0,2,1,1,
2.024E+11,155 745 566,B01,0,7,1,0,0,0,1,
2.024E+11,155 745 564,A01,1,7,16,0,1,1,1,
2.024E+11,155 745 562,A01,1,7,0,2,1,2,1,
2.024E+11,155 745 563,B01,1,7,0,2,4,2,1,
2.024E+11,155 745 561,A01,2,2,0,0,0,1,1,
2.024E+11,155 745 559,B01,1,7,0,2,1,1,1,
2.024E+11,155 745 560,A01,0,2,0,2,7,1,1,
2.024E+11,155 745 555,A01,2,7,0,2,1,13,1,
2.024E+11,155 745 557,C01,1,7,0,2,8,21,1,
2.024E+11,155 745 558,B01,1,7,0,2,1,1,1,
2.024E+11,155 745 553,A01,3,33,0,2,7,17,1,
2.024E+11,155 745 554,B01,3,7,0,2,8,1,1,
2.024E+11,155 745 556,C01,3,7,0,2,6,2,2,
2.024E+11,155 745 552,A01,2,33,0,0,9,0,0,
2.024E+11,155 745 551,A01,2,7,0,1,3,15,1,
2.024E+11,155 745 550,A01,1,7,13,0,1,14,1,
2.024E+11,155 745 549,A01,3,7,0,1,2,2,1,
2.024E+11,155 745 546,A01,0,7,0,2,6,9,1,
2.024E+11,155 745 548,B01,3,33,0,2,1,1,1,
2.024E+11,155 745 542,B01,1,2,0,2,7,26,1,
2.024E+11,155 745 544,A01,1,10,0,2,1,26,1,
2.024E+11,155 745 541,A01,1,2,0,2,1,1,1,
2.024E+11,155 745 543,B01,2,7,0,2,3,1,3,
2.024E+11,155 745 539,A01,1,7,2,0,3,14,1,
2.024E+11,155 745 538,A01,1,7,0,2,3,1,1,
2.024E+11,155 745 540,B01,2,7,0,2,3,13,1,
2.024E+11,155 745 537,A01,2,7,0,1,3,1,1,
2.024E+11,155 745 534,A01,1,7,0,2,1,16,1,
2.024E+11,155 745 536,B01,1,7,0,2,1,1,1,
2.024E+11,155 745 533,A01,2,2,0,2,1,13,1,
2.024E+11,155 745 535,B01,1,7,0,2,1,1,1,
2.024E+11,155 745 528,A01,1,7,0,2,6,11,2,
2.024E+11,155 745 530,B01,1,7,0,2,9,1,1,
2.024E+11,155 745 532,C01,1,10,0,2,1,1,1,
2.024E+11,155 745 529,B01,1,7,0,2,1,1,1,
2.024E+11,155 745 531,A01,2,7,0,2,2,15,2,
2.024E+11,155 745 526,A01,1,7,0,0,1,13,1,
2.024E+11,155 745 521,A01,1,10,0,2,1,1,1,
2.024E+11,155 745 522,B01,1,7,0,2,9,1,1,
2.024E+11,155 745 524,C01,1,10,0,2,9,1,1,
2.024E+11,155 745 525,D01,1,7,0,2,9,1,2,
2.024E+11,155 745 527,E01,1,7,0,2,4,1,1,
2.024E+11,155 745 520,B01,2,2,0,2,1,1,1,
2.024E+11,155 745 523,A01,1,10,0,2,7,19,1,
2.024E+11,155 745 517,B01,2,10,0,2,4,2,1,
2.024E+11,155 745 519,A01,2,31,0,2,1,2,1,
2.024E+11,155 745 516,A01,1,31,0,2,3,11,1,
2.024E+11,155 745 518,B01,2,7,0,2,3,1,1,
2.024E+11,155 745 513,B01,3,33,0,2,1,1,1,
2.024E+11,155 745 515,A01,3,10,0,2,7,1,1,
2.024E+11,155 745 512,B01,2,7,0,2,3,1,1,
2.024E+11,155 745 514,A01,1,7,0,2,3,1,2,
2.024E+11,155 745 511,A01,1,7,2,0,1,2,1,
2.024E+11,155 745 510,A01,2,33,2,0,2,0,1,
2.024E+11,155 745 507,A01,1,7,2,0,1,1,1,
2.024E+11,155 745 506,A01,2,2,0,0,0,16,1,
2.024E+11,155 745 504,A01,1,2,0,2,1,13,1,
2.024E+11,155 745 505,B01,1,7,0,0,3,15,1,
2.024E+11,155 745 502,B01,1,2,0,2,1,17,1,
2.024E+11,155 745 503,A01,1,7,0,0,3,10,2,
2.024E+11,155 745 500,B01,2,1,0,2,1,1,5,
2.024E+11,155 745 501,A01,1,10,0,2,1,15,1,
2.024E+11,155 745 498,B01,2,7,0,2,3,1,1,
2.024E+11,155 745 499,A01,1,7,0,2,3,13,1,
2.024E+11,155 745 496,A01,1,7,0,2,2,0,1,
2.024E+11,155 745 497,B01,1,15,0,0,4,0,1,
2.024E+11,155 745 494,A01,1,7,0,2,1,1,1,
2.024E+11,155 745 495,B01,2,99,0,2,2,1,1,
2.024E+11,155 745 492,B01,2,1,0,2,3,13,5,
2.024E+11,155 745 493,A01,2,7,0,9,2,17,1,
2.024E+11,155 745 491,A01,0,2,13,0,1,1,1,
2.024E+11,155 745 489,A01,1,7,13,2,3,13,1,
2.024E+11,155 745 490,B01,2,7,12,2,3,1,1,
2.024E+11,155 745 486,C01,2,15,0,2,7,1,1,
2.024E+11,155 745 487,A01,2,7,0,2,4,9,1,
2.024E+11,155 745 488,B01,2,15,0,2,1,1,1,
2.024E+11,155 745 484,A01,1,7,0,2,3,9,1,
2.024E+11,155 745 485,B01,1,33,0,2,1,1,1,
2.024E+11,155 745 482,B01,2,31,0,2,1,1,1,
2.024E+11,155 745 483,A01,1,7,0,2,2,15,1,
2.024E+11,155 745 481,A01,1,7,0,0,9,1,1,
2.024E+11,155 745 480,A01,3,33,1,0,1,1,1,
2.024E+11,155 745 478,B01,1,7,3,2,3,1,1,
2.024E+11,155 745 479,A01,2,7,3,2,1,13,1,