Num_Acc,id_vehicule,num_veh,senc,catv,obs,obsm,choc,manv,motor,occutc
2.024E+11,155 745 477,A01,3,33,8,0,1,1,1,
2.024E+11,155 745 474,A01,2,33,0,2,1,1,1,
2.024E+11,155 745 475,B01,1,7,0,2,6,9,1,
2.024E+11,155 745 473,A01,1,15,0,1,2,1,1,
2.024E+11,155 745 472,A01,3,7,1,1,1,20,1,
2.024E+11,155 745 471,A01,2,7,15,9,9,1,1,
2.024E+11,155 745 469,A01,2,7,0,2,3,10,1,
2.024E+11,155 745 470,B01,2,7,0,2,2,1,1,
2.024E+11,155 745 468,A01,1,7,0,0,1,1,1,
2.024E+11,155 745 467,A01,1,7,0,1,1,1,1,
2.024E+11,155 745 465,A01,2,7,0,2,6,1,1,
2.024E+11,155 745 466,B01,2,7,0,2,2,3,1,
2.024E+11,155 745 463,A01,1,7,0,2,1,1,1,
2.024E+11,155 745 464,B01,1,7,0,0,1,1,1,
2.024E+11,155 745 461,B01,1,7,0,2,6,1,1,
2.024E+11,155 745 462,A01,1,34,0,2,1,1,1,
2.024E+11,155 745 460,A01,2,33,0,0,8,1,1,
2.024E+11,155 745 458,A01,2,34,3,2,8,3,1,
2.024E+11,155 745 459,B01,2,10,0,2,5,12,1,
2.024E+11,155 745 456,A01,1,10,0,2,1,26,1,
2.024E+11,155 745 457,B01,1,7,0,2,4,2,1,
2.024E+11,155 745 454,A01,1,7,0,2,4,1,2,
2.024E+11,155 745 455,B01,1,7,0,2,1,1,1,
2.024E+11,155 745 453,A01,1,32,4,0,1,0,1,
2.024E+11,155 745 451,A01,2,7,4,2,8,13,1,
2.024E+11,155 745 452,B01,2,7,1,0,3,2,1,
2.024E+11,155 745 449,A01,2,33,0,2,1,2,1,
2.024E+11,155 745 450,B01,2,7,0,0,4,1,1,
2.024E+11,155 745 447,A01,1,33,0,2,1,2,1,
2.024E+11,155 745 448,B01,1,7,0,2,4,1,1,
2.024E+11,155 745 445,A01,2,7,9,2,1,0,1,
2.024E+11,155 745 446,B01,2,7,0,2,1,1,1,
2.024E+11,155 745 442,A01,2,7,4,2,1,1,1,
2.024E+11,155 745 443,B01,2,7,4,2,4,2,1,
2.024E+11,155 745 444,C01,2,7,4,2,4,2,1,
2.024E+11,155 745 440,A01,2,7,0,2,6,11,1,
2.024E+11,155 745 441,B01,2,33,0,2,1,3,1,
2.024E+11,155 745 432,B01,1,7,0,2,2,16,1,
2.024E+11,155 745 435,A01,1,7,0,2,2,12,1,
2.024E+11,155 745 427,A01,2,15,0,2,1,2,1,
2.024E+11,155 745 428,H01,2,7,0,2,4,1,1,
2.024E+11,155 745 429,B01,2,7,0,2,4,1,2,
2.024E+11,155 745 430,C01,2,7,0,2,4,1,1,
2.024E+11,155 745 431,D01,2,7,0,2,4,1,1,
2.024E+11,155 745 433,E01,2,7,0,2,4,1,1,
2.024E+11,155 745 434,G01,2,7,0,2,4,1,2,
2.024E+11,155 745 436,I01,2,10,0,2,4,1,1,
2.024E+11,155 745 437,J01,2,10,0,2,4,1,1,
2.024E+11,155 745 438,K01,2,7,0,2,4,1,3,
2.024E+11,155 745 439,F01,2,7,0,2,7,1,1,
2.024E+11,155 745 421,A01,3,7,0,2,1,13,1,
2.024E+11,155 745 422,B01,3,7,0,2,1,1,1,
2.024E+11,155 745 423,C01,1,7,0,2,4,23,1,
2.024E+11,155 745 425,B01,1,7,0,2,4,23,1,
2.024E+11,155 745 426,A01,1,10,0,2,1,2,1,
2.024E+11,155 745 420,A01,3,30,0,1,1,21,1,
2.024E+11,155 745 418,A01,3,2,0,0,7,1,1,
2.024E+11,155 745 416,A01,1,10,0,9,2,2,1,
2.024E+11,155 745 417,B01,1,1,0,0,4,2,5,
2.024E+11,155 745 415,B01,2,33,0,2,1,1,1,
2.024E+11,155 745 419,A01,1,7,0,2,7,15,1,
2.024E+11,155 745 413,A01,3,7,0,2,2,15,2,
2.024E+11,155 745 414,B01,3,37,0,2,1,1,1,3
2.024E+11,155 745 410,A01,0,7,0,2,2,15,1,
2.024E+11,155 745 411,B01,0,7,0,2,2,1,1,
2.024E+11,155 745 407,A01,1,33,0,2,0,3,1,
2.024E+11,155 745 409,B01,1,7,0,0,0,2,1,
2.024E+11,155 745 408,A01,3,7,0,2,3,9,1,
2.024E+11,155 745 412,B01,2,33,0,2,7,1,1,
2.024E+11,155 745 405,A01,2,2,0,2,1,1,1,
2.024E+11,155 745 406,B01,2,7,0,2,6,1,1,
2.024E+11,155 745 401,B01,3,50,0,0,0,0,3,
2.024E+11,155 745 402,A01,0,7,0,2,0,0,0,
2.024E+11,155 745 403,A01,1,50,0,2,1,14,3,
2.024E+11,155 745 404,B01,2,7,0,2,1,1,2,
2.024E+11,155 745 400,A01,1,34,0,1,0,26,1,
2.024E+11,155 745 397,A01,2,7,0,2,2,15,1,
2.024E+11,155 745 398,B01,1,34,0,2,3,1,1,
2.024E+11,155 745 396,A01,3,7,0,9,3,9,1,
2.024E+11,155 745 399,B01,2,50,0,2,1,1,3,
2.024E+11,155 745 394,A01,2,7,0,2,1,13,1,
2.024E+11,155 745 395,B01,1,7,0,2,1,1,1,
2.024E+11,155 745 391,A01,2,7,0,2,1,15,1,
2.024E+11,155 745 393,B01,2,34,0,2,1,1,1,
2.024E+11,155 745 392,A01,1,7,0,1,1,25,1,
2.024E+11,155 745 389,A01,1,7,0,1,0,15,1,
2.024E+11,155 745 388,A01,2,7,0,2,3,16,1,
2.024E+11,155 745 390,B01,1,33,0,2,2,15,1,
2.024E+11,155 745 385,A01,1,7,0,2,1,10,1,
2.024E+11,155 745 387,B01,2,2,0,2,1,26,1,
2.024E+11,155 745 384,A01,2,7,1,0,2,1,1,
2.024E+11,155 745 386,B01,1,7,0,2,7,23,2,
2.024E+11,155 745 382,A01,1,7,0,1,1,1,1,
2.024E+11,155 745 381,A01,3,30,0,2,3,13,1,
2.024E+11,155 745 383,B01,3,30,0,2,2,2,1,
2.024E+11,155 745 379,A01,0,10,0,1,1,16,1,
2.024E+11,155 745 380,A01,2,10,1,0,2,14,1,
2.024E+11,155 745 377,B01,0,7,0,2,1,1,1,
2.024E+11,155 745 378,A01,0,31,0,2,8,1,1,
2.024E+11,155 745 375,A01,2,7,6,0,1,21,1,
2.024E+11,155 745 374,A01,1,7,0,2,3,15,1,
2.024E+11,155 745 376,B01,1,33,0,2,3,17,1,
2.024E+11,155 745 373,A01,1,33,13,0,3,26,1,
2.024E+11,155 745 372,A01,3,7,0,1,2,26,1,
2.024E+11,155 745 369,B01,1,7,0,2,2,19,0,
2.024E+11,155 745 371,A01,2,7,0,2,1,19,1,
2.024E+11,155 745 370,A01,2,7,0,1,1,1,0,
2.024E+11,155 745 368,A01,1,30,0,0,0,20,1,
2.024E+11,155 745 367,A01,3,7,0,1,3,15,1,
2.024E+11,155 745 364,A01,2,32,0,9,1,17,1,
2.024E+11,155 745 366,B01,3,1,0,2,1,26,5,
2.024E+11,155 745 365,A01,2,30,0,0,0,21,1,
2.024E+11,155 745 363,A01,2,7,8,0,1,0,1,
2.024E+11,155 745 361,A01,1,30,0,1,1,1,1,
2.024E+11,155 745 360,B01,2,7,0,2,1,1,2,
2.024E+11,155 745 362,A01,1,7,0,2,1,21,1,
2.024E+11,155 745 358,A01,2,7,0,1,1,1,1,
2.024E+11,155 745 357,A01,3,7,0,2,8,19,1,
2.024E+11,155 745 359,B01,3,33,0,2,1,1,1,
2.024E+11,155 745 354,A01,1,7,0,2,5,15,1,
2.024E+11,155 745 355,B01,2,30,0,2,1,1,1,
2.024E+11,155 745 353,A01,1,7,0,2,2,9,1,
2.024E+11,155 745 356,B01,3,1,0,2,4,1,5,
2.024E+11,155 745 351,A01,2,7,0,9,4,9,1,
2.024E+11,155 745 352,B01,3,1,0,2,4,2,5,
2.024E+11,155 745 349,A01,1,7,15,0,1,15,1,
2.024E+11,155 745 348,B01,1,7,14,0,3,1,1,
2.024E+11,155 745 350,A01,1,7,8,0,1,9,1,
2.024E+11,155 745 347,A01,1,7,0,1,2,2,3,
2.024E+11,155 745 346,A01,1,7,0,1,1,1,1,
2.024E+11,155 745 344,A01,1,7,0,2,3,9,1,
2.024E+11,155 745 345,B01,2,50,0,2,1,1,3,
2.024E+11,155 745 340,A01,1,7,0,2,3,15,1,
2.024E+11,155 745 342,B01,1,31,0,2,1,17,1,
2.024E+11,155 745 341,A01,3,7,0,2,1,1,1,
2.024E+11,155 745 343,B01,3,7,0,2,4,2,1,
2.024E+11,155 745 337,A01,1,7,0,2,1,26,1,
2.024E+11,155 745 339,B01,1,7,0,2,7,1,1,
2.024E+11,155 745 336,A01,0,7,0,2,3,19,1,
2.024E+11,155 745 338,B01,0,7,0,2,1,1,1,
2.024E+11,155 745 335,A01,2,7,0,0,1,14,1,
2.024E+11,155 745 333,A01,2,7,3,0,1,2,1,
2.024E+11,155 745 330,A01,0,33,0,2,1,1,1,
2.024E+11,155 745 332,B01,1,7,0,2,7,0,2,
2.024E+11,155 745 331,B01,2,2,0,2,1,1,1,
2.024E+11,155 745 334,A01,1,10,0,2,3,9,1,
2.024E+11,155 745 327,A01,2,7,0,2,3,9,1,
2.024E+11,155 745 329,B01,2,7,0,2,2,1,1,
2.024E+11,155 745 325,A01,1,33,0,0,0,17,1,
2.024E+11,155 745 326,A01,2,10,0,2,1,2,1,
2.024E+11,155 745 328,B01,2,7,0,2,4,2,1,
2.024E+11,155 745 322,B01,3,7,0,9,1,24,1,
2.024E+11,155 745 324,A01,3,7,1,1,1,1,2,
2.024E+11,155 745 321,B01,3,80,0,2,1,0,3,
2.024E+11,155 745 323,A01,3,7,0,2,1,1,1,
2.024E+11,155 745 319,A01,2,7,0,2,7,15,1,
2.024E+11,155 745 320,B01,1,1,0,2,1,1,5,
2.024E+11,155 745 318,A01,3,7,0,1,1,1,2,
2.024E+11,155 745 316,B01,1,7,6,2,4,1,1,
2.024E+11,155 745 317,Z01,1,7,0,2,1,1,0,
2.024E+11,155 745 314,A01,3,0,0,2,2,17,1,
2.024E+11,155 745 315,B01,3,50,0,2,6,1,3,
2.024E+11,155 745 311,B01,1,13,0,2,5,23,1,
2.024E+11,155 745 313,A01,1,30,0,2,1,2,3,
2.024E+11,155 745 310,A01,3,7,0,2,1,1,1,
2.024E+11,155 745 312,B01,3,7,0,2,6,1,2,
2.024E+11,155 745 308,A01,2,31,0,2,1,13,1,
2.024E+11,155 745 309,B01,1,10,0,2,3,1,1,
2.024E+11,155 745 305,Z01,1,7,0,2,2,14,3,
2.024E+11,155 745 307,B01,1,1,0,2,3,1,5,
2.024E+11,155 745 304,A01,3,30,0,2,1,1,1,
2.024E+11,155 745 306,B01,3,3,0,2,3,5,1,
2.024E+11,155 745 302,A01,2,7,0,2,8,15,1,
2.024E+11,155 745 303,B01,2,2,0,2,1,1,3,
2.024E+11,155 745 300,A01,1,7,0,2,1,5,1,
2.024E+11,155 745 301,B01,1,30,0,0,0,0,0,
2.024E+11,155 745 298,A01,3,7,0,2,1,13,0,
2.024E+11,155 745 299,B01,3,7,0,2,1,1,0,
2.024E+11,155 745 295,A01,3,7,0,2,3,12,1,
2.024E+11,155 745 296,B01,3,7,0,2,3,1,2,
2.024E+11,155 745 294,B01,1,1,0,0,0,0,5,
2.024E+11,155 745 297,A01,1,7,0,2,1,0,1,
2.024E+11,155 745 292,A01,2,7,0,2,1,23,1,
2.024E+11,155 745 293,B01,2,7,0,2,1,1,1,
2.024E+11,155 745 288,C01,2,17,0,2,1,2,1,
2.024E+11,155 745 290,A01,2,7,0,9,4,1,2,
2.024E+11,155 745 291,B01,2,7,0,2,1,2,2,
2.024E+11,155 745 287,A01,1,7,0,2,1,9,2,
2.024E+11,155 745 289,B01,1,7,0,2,2,2,1,
2.024E+11,155 745 286,A01,2,7,1,0,1,19,1,
2.024E+11,155 745 285,A01,1,7,0,1,1,1,1,
2.024E+11,155 745 284,A01,1,7,0,1,1,2,0,
2.024E+11,155 745 283,A01,1,2,0,0,0,1,1,
2.024E+11,155 745 282,A01,1,7,3,0,0,26,1,
2.024E+11,155 745 278,B01,1,7,0,2,1,1,1,
2.024E+11,155 745 280,A01,1,7,6,2,1,13,1,
2.024E+11,155 745 276,A01,1,7,0,2,0,15,1,
2.024E+11,155 745 277,B01,2,1,0,2,1,0,5,
2.024E+11,155 745 273,A01,3,7,0,2,3,1,1,
2.024E+11,155 745 275,B01,3,7,0,2,2,0,1,
2.024E+11,155 745 272,A01,3,2,0,2,1,1,1,
2.024E+11,155 745 274,B01,3,7,0,2,5,23,1,
2.024E+11,155 745 270,B01,3,1,0,2,7,19,5,
2.024E+11,155 745 271,A01,3,7,0,0,0,0,1,
2.024E+11,155 745 268,A01,2,7,0,2,1,2,0,
2.024E+11,155 745 269,B01,2,2,0,2,4,23,1,
2.024E+11,155 745 266,A01,1,33,0,2,1,2,1,
2.024E+11,155 745 267,B01,1,7,0,2,5,1,1,
2.024E+11,155 745 263,A01,1,7,0,2,3,15,1,
2.024E+11,155 745 265,B01,2,30,0,2,1,1,1,
2.024E+11,155 745 262,A01,2,31,0,2,1,2,3,
2.024E+11,155 745 264,B01,2,10,0,2,4,2,1,
2.024E+11,155 745 261,A01,2,33,0,1,0,7,1,
2.024E+11,155 745 259,B01,2,31,0,2,2,1,1,
2.024E+11,155 745 260,A01,1,7,0,2,8,1,1,
2.024E+11,155 745 257,B01,1,10,0,2,0,1,1,
2.024E+11,155 745 258,A01,1,32,0,2,0,10,1,
2.024E+11,155 745 255,B01,1,10,0,2,0,2,1,
2.024E+11,155 745 256,A01,1,10,0,2,1,9,1,
2.024E+11,155 745 254,A01,3,7,6,0,2,1,1,
2.024E+11,155 745 253,A01,2,43,12,0,7,26,1,
2.024E+11,155 745 252,A01,3,7,0,1,2,16,1,
2.024E+11,155 745 251,A01,3,7,0,1,3,15,1,
2.024E+11,155 745 249,A01,1,30,0,2,1,1,1,
2.024E+11,155 745 250,B01,1,7,0,2,3,1,1,
2.024E+11,155 745 245,B01,1,2,0,2,2,1,1,
2.024E+11,155 745 246,A01,1,7,0,2,3,13,1,
2.024E+11,155 745 244,A01,1,7,0,1,2,1,1,
2.024E+11,155 745 242,A01,3,7,0,2,2,15,1,
2.024E+11,155 745 243,B01,3,50,0,2,1,21,3,
2.024E+11,155 745 238,B01,1,50,0,2,3,11,3,
2.024E+11,155 745 239,A01,1,7,0,9,7,2,1,
2.024E+11,155 745 237,A01,1,7,4,0,2,1,1,
2.024E+11,155 745 235,B01,2,33,0,2,8,1,1,
2.024E+11,155 745 236,A01,1,7,0,2,3,15,1,
2.024E+11,155 745 234,A01,0,7,1,0,1,0,1,
2.024E+11,155 745 232,B01,3,34,0,2,8,1,1,
2.024E+11,155 745 233,A01,3,7,0,2,0,0,0,
2.024E+11,155 745 230,A01,2,7,0,2,2,1,1,
2.024E+11,155 745 231,B01,2,33,0,2,4,23,1,
2.024E+11,155 745 228,A01,1,30,0,2,1,21,1,
2.024E+11,155 745 229,B01,2,7,0,2,7,15,1,
2.024E+11,155 745 227,A01,2,7,15,0,1,1,1,
2.024E+11,155 745 226,A01,1,30,9,0,1,26,1,
2.024E+11,155 745 225,A01,2,7,0,1,2,1,1,
2.024E+11,155 745 223,B01,3,37,0,2,7,1,1,1
2.024E+11,155 745 224,A01,3,7,0,0,8,13,1,
2.024E+11,155 745 221,A01,0,7,0,2,3,1,1,
2.024E+11,155 745 222,B01,0,1,0,2,1,1,5,
2.024E+11,155 745 220,A01,2,7,0,1,4,20,2,
2.024E+11,155 745 219,A01,2,7,0,1,2,1,2,
2.024E+11,155 745 217,Z01,0,32,0,2,1,1,1,
2.024E+11,155 745 218,A01,1,1,0,2,2,1,5,
2.024E+11,155 745 216,A01,3,1,12,0,7,1,5,
2.024E+11,155 745 215,A01,3,80,12,0,1,25,3,
2.024E+11,155 745 212,A01,1,7,0,2,1,1,2,
2.024E+11,155 745 213,B01,1,7,1,0,4,24,2,
2.024E+11,155 745 214,C01,1,7,1,0,6,24,1,
2.024E+11,155 745 211,A01,2,7,0,1,3,15,3,
2.024E+11,155 745 210,A01,1,33,12,0,1,14,1,
2.024E+11,155 745 208,Z01,2,33,0,2,2,0,0,
2.024E+11,155 745 209,A01,2,1,0,2,8,17,5,
2.024E+11,155 745 206,A01,0,1,0,2,1,19,5,
2.024E+11,155 745 207,B01,3,32,0,2,1,1,3,
2.024E+11,155 745 205,A01,1,7,0,1,2,19,2,
2.024E+11,155 745 203,A01,1,30,0,2,2,1,1,
2.024E+11,155 745 204,B01,1,7,0,2,3,20,2,
2.024E+11,155 745 201,B01,0,33,0,2,2,1,1,
2.024E+11,155 745 202,A01,0,7,0,2,2,12,1,
2.024E+11,155 745 200,A01,3,7,1,1,1,2,1,
2.024E+11,155 745 198,B01,1,13,0,2,0,0,0,
2.024E+11,155 745 199,A01,1,10,0,2,4,26,0,
2.024E+11,155 745 196,A01,3,2,0,2,1,1,1,
2.024E+11,155 745 197,B01,3,7,0,2,2,15,1,
2.024E+11,155 745 195,A01,1,7,0,1,3,26,2,
2.024E+11,155 745 194,A01,2,7,0,1,1,1,3,
2.024E+11,155 745 193,A01,3,7,0,1,3,1,1,
2.024E+11,155 745 191,B01,1,34,0,2,1,1,3,
2.024E+11,155 745 192,A01,1,7,0,2,3,19,1,
2.024E+11,155 745 190,A01,2,1,0,1,8,1,5,
2.024E+11,155 745 188,B01,1,7,0,2,2,1,1,
2.024E+11,155 745 189,A01,1,7,0,2,6,20,1,
2.024E+11,155 745 186,A01,1,30,0,2,1,2,1,
2.024E+11,155 745 187,B01,1,7,0,2,4,16,1,
2.024E+11,155 745 184,B01,0,7,0,2,1,1,3,
2.024E+11,155 745 185,A01,3,10,0,2,3,1,1,
2.024E+11,155 745 182,B01,3,50,0,0,0,0,3,
2.024E+11,155 745 183,A01,3,50,0,0,0,0,3,
2.024E+11,155 745 180,B01,2,32,0,2,1,1,1,
2.024E+11,155 745 181,A01,1,7,0,2,1,15,1,
2.024E+11,155 745 178,A01,1,7,0,2,4,1,1,
2.024E+11,155 745 179,B01,1,32,0,2,1,1,1,
2.024E+11,155 745 177,A01,1,7,1,0,1,1,1,
2.024E+11,155 745 175,A01,1,33,0,2,1,3,0,
2.024E+11,155 745 176,B01,1,10,0,2,6,10,1,
2.024E+11,155 745 174,A01,2,10,1,0,2,11,1,
2.024E+11,155 745 173,A01,2,7,0,1,2,1,1,
2.024E+11,155 745 171,A01,0,10,7,2,2,9,1,
2.024E+11,155 745 172,B01,0,7,0,2,1,1,1,
2.024E+11,155 745 169,A01,1,7,0,2,6,19,1,
2.024E+11,155 745 170,B01,1,10,0,2,1,1,1,
2.024E+11,155 745 167,B01,1,7,0,0,4,16,1,
2.024E+11,155 745 168,A01,1,7,0,2,1,1,1,
2.024E+11,155 745 165,A01,1,36,0,2,1,17,1,
2.024E+11,155 745 166,B01,1,7,0,2,3,1,1,
2.024E+11,155 745 164,A01,2,33,0,0,8,15,1,
2.024E+11,155 745 161,A01,2,7,5,0,3,13,1,
2.024E+11,155 745 158,A01,1,7,2,0,1,1,1,
2.024E+11,155 745 155,A01,1,33,0,2,9,3,1,
2.024E+11,155 745 156,B01,1,7,0,0,8,1,1,
2.024E+11,155 745 157,C01,2,7,0,9,3,1,1,
2.024E+11,155 745 154,A01,1,31,5,0,1,15,1,
2.024E+11,155 745 152,B01,2,7,2,0,4,2,1,
2.024E+11,155 745 153,A01,2,38,0,2,2,2,1,1
2.024E+11,155 745 150,A01,2,7,0,2,2,15,1,
2.024E+11,155 745 151,B01,2,33,0,2,8,1,1,
2.024E+11,155 745 148,A01,2,3,0,2,1,13,1,
2.024E+11,155 745 149,B01,1,7,0,2,1,0,1,
2.024E+11,155 745 147,A01,1,7,17,0,2,1,1,
2.024E+11,155 745 145,A01,2,10,0,2,1,1,1,
2.024E+11,155 745 146,B01,1,33,0,2,1,15,1,
2.024E+11,155 745 143,A01,2,7,0,2,1,5,0,
2.024E+11,155 745 144,B01,1,7,0,2,1,26,0,
2.024E+11,155 745 141,B01,2,7,0,2,3,19,1,
2.024E+11,155 745 142,A01,1,7,0,2,1,1,1,
2.024E+11,155 745 138,A01,2,7,0,2,3,1,1,
2.024E+11,155 745 139,B01,1,7,0,2,2,1,1,
2.024E+11,155 745 140,C01,1,10,13,2,3,1,1,
2.024E+11,155 745 136,B01,0,7,0,2,1,9,1,
2.024E+11,155 745 137,A01,0,1,0,2,7,1,5,
2.024E+11,155 745 135,A01,1,33,4,0,3,13,1,
2.024E+11,155 745 133,B01,0,2,0,2,8,15,1,
2.024E+11,155 745 134,A01,1,7,0,2,3,1,1,
2.024E+11,155 745 132,A01,1,7,0,0,2,1,2,
2.024E+11,155 745 130,B01,1,17,0,2,3,1,1,
2.024E+11,155 745 131,A01,2,7,0,2,8,10,1,
2.024E+11,155 745 129,A01,2,7,0,1,4,4,1,
2.024E+11,155 745 128,A01,1,7,15,0,1,1,1,
2.024E+11,155 745 127,A01,1,7,8,0,1,1,1,
2.024E+11,155 745 125,B01,2,7,0,2,1,1,1,
2.024E+11,155 745 126,A01,1,10,0,2,3,19,1,
2.024E+11,155 745 124,A01,1,31,0,0,3,2,1,
2.024E+11,155 745 123,A01,2,7,0,1,0,2,1,
2.024E+11,155 745 122,A01,2,7,8,0,9,1,1,
2.024E+11,155 745 120,A01,2,7,0,2,6,26,1,
2.024E+11,155 745 121,B01,2,33,1,2,1,6,1,
2.024E+11,155 745 118,A01,1,7,0,2,5,16,1,
2.024E+11,155 745 119,B01,1,80,0,2,0,1,3,
2.024E+11,155 745 116,B01,1,50,0,2,1,21,3,
2.024E+11,155 745 117,A01,0,7,0,2,8,1,1,
2.024E+11,155 745 113,A01,1,7,0,2,1,26,1,
2.024E+11,155 745 114,B01,1,7,0,2,4,1,1,
2.024E+11,155 745 115,D01,1,15,0,0,0,1,1,
2.024E+11,155 745 111,A01,2,33,0,2,1,13,1,
2.024E+11,155 745 112,B01,1,7,0,2,3,1,2,
2.024E+11,155 745 109,B01,1,33,0,2,1,1,1,
2.024E+11,155 745 110,A01,1,7,0,2,4,23,1,
2.024E+11,155 745 107,A01,1,31,0,2,8,1,1,
2.024E+11,155 745 108,B01,1,7,0,2,0,17,1,
2.024E+11,155 745 105,A01,2,7,0,0,6,1,1,
2.024E+11,155 745 106,B01,2,30,0,2,1,2,1,
2.024E+11,155 745 104,A01,2,7,16,0,9,1,1,
2.024E+11,155 745 103,A01,1,10,2,0,1,1,1,
2.024E+11,155 745 101,B01,3,10,0,2,3,26,1,
2.024E+11,155 745 102,A01,2,7,0,2,8,1,1,
2.024E+11,155 745 099,A01,2,2,0,2,2,1,1,
2.024E+11,155 745 100,B01,3,7,0,2,3,15,2,
2.024E+11,155 745 097,B01,1,1,0,0,4,2,5,
2.024E+11,155 745 098,A01,1,7,0,9,1,1,1,
2.024E+11,155 745 096,A01,1,7,8,0,3,13,2,
2.024E+11,155 745 095,A01,1,2,0,0,7,1,1,
2.024E+11,155 745 094,A01,2,7,0,1,3,1,2,
2.024E+11,155 745 092,A01,1,7,2,0,2,1,1,
2.024E+11,155 745 091,A01,2,2,13,0,0,1,1,
2.024E+11,155 745 090,A01,2,7,0,1,1,1,1,
2.024E+11,155 745 089,A01,3,2,12,0,1,1,1,
2.024E+11,155 745 086,B01,2,7,0,2,4,2,1,
2.024E+11,155 745 087,C01,2,7,0,2,1,1,1,
2.024E+11,155 745 088,A01,2,7,0,2,1,2,1,
2.024E+11,155 745 083,A01,2,7,0,2,1,2,1,
2.024E+11,155 745 084,B01,2,7,0,2,4,2,1,
2.024E+11,155 745 085,C01,2,10,1,2,4,0,1,
2.024E+11,155 745 081,A01,1,14,0,2,1,1,1,
2.024E+11,155 745 082,B01,1,7,0,2,4,1,1,
2.024E+11,155 745 079,A01,1,7,0,2,1,14,1,
2.024E+11,155 745 080,B01,1,7,0,2,6,1,1,
2.024E+11,155 745 078,A01,1,7,4,0,4,21,1,
2.024E+11,155 745 076,A01,2,33,0,2,3,3,1,
2.024E+11,155 745 077,B01,2,7,0,2,5,1,1,
2.024E+11,155 745 073,B01,2,7,0,2,2,12,1,
2.024E+11,155 745 074,A01,2,33,0,2,8,3,1,
2.024E+11,155 745 075,C01,2,7,0,2,6,1,1,
2.024E+11,155 745 071,B01,1,7,0,2,4,2,1,
2.024E+11,155 745 072,A01,1,10,0,2,1,2,1,
2.024E+11,155 745 070,A01,2,7,4,0,1,2,1,
2.024E+11,155 745 069,A01,2,34,0,0,0,21,1,
2.024E+11,155 745 067,A01,2,7,0,2,4,2,1,
2.024E+11,155 745 068,B01,2,7,0,2,1,2,1,
2.024E+11,155 745 065,A01,1,7,0,2,6,11,1,
2.024E+11,155 745 066,B01,1,33,0,2,2,3,1,
2.024E+11,155 745 062,A01,1,43,0,2,8,3,1,
2.024E+11,155 745 063,B01,1,7,0,2,5,12,1,
2.024E+11,155 745 064,C01,1,7,0,2,3,1,1,
2.024E+11,155 745 060,B01,1,7,0,2,4,2,3,
2.024E+11,155 745 061,A01,1,32,0,2,1,2,1,
2.024E+11,155 745 058,A01,1,7,0,2,1,1,1,
2.024E+11,155 745 059,B01,1,7,0,2,4,1,1,
2.024E+11,155 745 056,A01,2,37,0,2,2,21,1,2
2.024E+11,155 745 057,B01,2,17,0,2,6,1,1,
2.024E+11,155 745 054,B01,2,10,3,2,2,11,1,
2.024E+11,155 745 055,A01,2,7,3,2,6,1,1,
2.024E+11,155 745 053,A01,2,7,4,0,1,1,1,
2.024E+11,155 745 052,A01,2,7,4,2,9,1,1,
2.024E+11,155 745 049,A01,2,7,4,2,4,26,1,
2.024E+11,155 745 050,B01,2,7,0,2,1,0,1,
2.024E+11,155 745 051,C01,2,7,0,2,0,0,1,
2.024E+11,155 745 048,A01,1,37,0,1,7,7,1,1
2.024E+11,155 745 046,A01,2,1,0,2,0,0,5,
2.024E+11,155 745 047,Z01,0,7,0,0,0,0,0,
2.024E+11,155 745 045,A01,2,40,0,1,2,1,3,
2.024E+11,155 745 043,A01,2,50,0,2,2,15,3,
2.024E+11,155 745 044,B01,1,7,0,2,3,1,1,
2.024E+11,155 745 041,A01,1,50,0,2,1,16,3,
2.024E+11,155 745 042,B01,2,7,0,2,3,0,1,
2.024E+11,155 745 039,A01,2,7,0,2,3,13,3,
2.024E+11,155 745 040,B01,2,33,0,2,1,7,1,
2.024E+11,155 745 037,A01,2,50,0,2,1,11,3,
2.024E+11,155 745 038,B01,1,33,0,2,1,1,1,
2.024E+11,155 745 035,A01,1,7,0,0,5,10,1,
2.024E+11,155 745 036,B01,2,33,0,2,1,1,1,
2.024E+11,155 745 033,A01,1,7,0,9,1,15,1,
2.024E+11,155 745 034,B01,1,1,0,2,8,15,5,
2.024E+11,155 745 031,A01,1,50,0,2,1,0,3,
2.024E+11,155 745 032,B01,1,7,0,2,1,0,1,
2.024E+11,155 745 028,C01,0,10,0,0,4,0,1,
2.024E+11,155 745 029,A01,3,7,0,2,1,0,1,
2.024E+11,155 745 030,B01,0,7,0,0,0,0,1,
2.024E+11,155 745 026,A01,3,7,0,2,1,2,3,
2.024E+11,155 745 027,B01,3,14,0,2,4,1,1,
2.024E+11,155 745 024,A01,1,3,0,2,1,13,1,
2.024E+11,155 745 025,B01,2,7,0,2,3,1,1,
2.024E+11,155 745 022,A01,0,33,0,2,3,17,1,
2.024E+11,155 745 023,B01,0,7,0,2,3,15,1,
2.024E+11,155 745 020,B01,3,1,0,2,8,1,5,
2.024E+11,155 745 021,A01,1,7,0,2,1,1,1,
2.024E+11,155 745 019,A01,1,7,0,1,2,1,1,
2.024E+11,155 745 017,A01,2,2,0,2,1,1,1,
2.024E+11,155 745 018,B01,2,7,0,2,3,15,1,
2.024E+11,155 745 014,B01,1,31,0,2,7,1,1,
2.024E+11,155 745 015,A01,1,7,0,2,3,19,1,
2.024E+11,155 745 008,B01,2,7,0,2,1,1,0,