Num_Acc,id_vehicule,num_veh,senc,catv,obs,obsm,choc,manv,motor,occutc
2.024E+11,155 744 083,B01,1,7,0,2,5,2,3,
2.024E+11,155 744 079,B01,2,7,0,2,1,1,1,
2.024E+11,155 744 081,A01,1,7,0,2,3,1,1,
2.024E+11,155 744 078,A01,1,7,0,2,2,9,1,
2.024E+11,155 744 080,B01,2,50,0,2,1,5,3,
2.024E+11,155 744 077,SB01,1,7,0,1,3,5,1,
2.024E+11,155 744 075,B01,3,7,0,2,2,15,1,
2.024E+11,155 744 076,A01,3,2,0,2,1,2,1,
2.024E+11,155 744 073,A01,1,7,2,0,8,0,1,
2.024E+11,155 744 072,B01,1,10,0,2,8,0,3,
2.024E+11,155 744 074,A01,1,7,0,2,1,1,1,
2.024E+11,155 744 070,A01,3,7,0,1,2,16,1,
2.024E+11,155 744 069,A01,0,7,0,2,4,23,0,
2.024E+11,155 744 071,B01,0,0,0,2,1,0,0,
2.024E+11,155 744 068,A01,2,7,13,0,2,14,1,
2.024E+11,155 744 067,A01,1,7,0,1,4,20,1,
2.024E+11,155 744 065,A01,2,7,0,1,2,1,1,
2.024E+11,155 744 064,A01,1,10,0,2,3,15,1,
2.024E+11,155 744 066,B01,1,7,0,2,2,2,1,
2.024E+11,155 744 062,A01,3,7,12,0,2,21,1,
2.024E+11,155 744 061,A01,1,7,0,2,1,5,1,
2.024E+11,155 744 063,B01,1,15,0,2,1,1,1,
2.024E+11,155 744 059,A01,2,33,0,0,0,26,1,
2.024E+11,155 744 058,B01,1,10,0,2,2,21,1,
2.024E+11,155 744 060,A01,2,7,0,2,2,13,1,
2.024E+11,155 744 056,A01,1,10,8,0,3,13,1,
2.024E+11,155 744 054,A01,1,7,0,0,0,0,1,
2.024E+11,155 744 055,A01,3,7,0,2,1,2,1,
2.024E+11,155 744 057,B01,3,7,0,2,4,2,2,
2.024E+11,155 744 052,A01,2,7,13,0,7,1,2,
2.024E+11,155 744 050,A01,1,31,0,0,0,0,1,
2.024E+11,155 744 051,A01,3,7,0,2,1,1,1,
2.024E+11,155 744 053,B01,3,7,0,2,7,19,2,
2.024E+11,155 744 049,A01,2,10,13,0,3,0,1,
2.024E+11,155 744 048,A01,1,7,0,1,2,1,1,
2.024E+11,155 744 047,A01,2,33,0,0,9,1,1,
2.024E+11,155 744 046,A01,1,7,0,1,1,1,1,
2.024E+11,155 744 045,A01,1,7,8,0,9,1,1,
2.024E+11,155 744 041,A01,2,7,8,1,8,1,1,
2.024E+11,155 744 040,B01,1,7,0,2,9,1,1,
2.024E+11,155 744 042,A01,1,7,0,2,1,2,1,
2.024E+11,155 744 043,C01,1,7,0,2,1,2,1,
2.024E+11,155 744 044,D01,1,7,0,2,4,2,1,
2.024E+11,155 744 039,A01,2,7,13,0,1,0,1,
2.024E+11,155 744 036,A01,0,7,2,0,1,1,1,
2.024E+11,155 744 034,A01,3,7,13,0,1,26,3,
2.024E+11,155 744 033,B01,1,32,0,2,1,1,1,
2.024E+11,155 744 035,A01,2,7,0,2,2,15,1,
2.024E+11,155 744 032,A01,2,7,6,0,3,1,1,
2.024E+11,155 744 029,A01,1,7,13,0,9,14,1,
2.024E+11,155 744 030,A01,2,7,0,2,3,2,1,
2.024E+11,155 744 031,B01,2,7,0,2,5,0,1,
2.024E+11,155 744 026,A01,2,7,0,2,1,17,1,
2.024E+11,155 744 028,B01,1,7,0,2,1,1,1,
2.024E+11,155 744 025,B01,1,32,0,2,7,17,1,
2.024E+11,155 744 027,A01,1,7,0,2,8,10,1,
2.024E+11,155 744 023,B01,2,7,2,2,5,17,1,
2.024E+11,155 744 024,A01,2,7,2,2,3,1,1,
2.024E+11,155 744 022,A01,2,7,0,1,1,1,1,
2.024E+11,155 744 020,A01,1,10,4,0,2,1,1,
2.024E+11,155 744 018,B01,3,7,0,2,6,0,1,
2.024E+11,155 744 019,A01,3,10,0,2,2,0,1,
2.024E+11,155 744 016,A01,2,7,0,2,3,9,1,
2.024E+11,155 744 017,B01,2,33,0,2,2,1,1,
2.024E+11,155 744 015,Z01,2,7,0,1,3,1,0,
2.024E+11,155 744 013,A01,1,7,0,2,2,13,1,
2.024E+11,155 744 014,B01,2,7,0,2,2,1,1,
2.024E+11,155 744 005,B01,1,99,0,2,6,1,0,
2.024E+11,155 744 006,A01,2,7,0,2,1,9,1,
2.024E+11,155 744 003,A01,1,7,0,2,1,2,1,
2.024E+11,155 744 004,B01,1,15,0,0,6,1,1,
2.024E+11,155 744 002,A01,1,7,13,0,1,1,1,
2.024E+11,155 744 000,A01,1,7,0,2,1,13,1,
2.024E+11,155 744 001,B01,2,7,0,2,1,1,1,
2.024E+11,155 743 998,A01,2,7,0,0,3,1,1,
2.024E+11,155 743 999,B01,1,7,0,0,8,1,1,
2.024E+11,155 743 997,A01,2,7,13,0,1,1,1,
2.024E+11,155 743 995,A01,2,33,0,2,3,15,0,
2.024E+11,155 743 996,B01,1,7,0,2,3,0,1,
2.024E+11,155 743 993,B01,1,33,0,2,4,16,1,
2.024E+11,155 743 994,A01,1,7,0,2,1,12,1,
2.024E+11,155 743 991,A01,1,7,0,2,4,23,2,
2.024E+11,155 743 992,B01,1,7,0,2,1,1,0,
2.024E+11,155 743 990,A01,2,7,13,0,1,1,1,
2.024E+11,155 743 988,A01,3,7,0,2,2,26,1,
2.024E+11,155 743 989,B01,3,7,0,2,3,1,1,
2.024E+11,155 743 985,C01,1,7,0,2,5,23,1,
2.024E+11,155 743 986,B01,1,7,0,2,4,23,1,
2.024E+11,155 743 987,A01,1,10,0,2,2,2,1,
2.024E+11,155 743 984,A01,1,7,0,1,2,1,1,
2.024E+11,155 743 983,A01,3,7,0,1,1,1,1,
2.024E+11,155 743 981,A01,1,7,0,2,2,19,1,
2.024E+11,155 743 982,B01,2,7,0,2,1,1,1,
2.024E+11,155 743 980,A01,2,10,0,1,4,20,0,
2.024E+11,155 743 978,A01,0,30,0,2,1,17,1,
2.024E+11,155 743 979,B01,2,7,0,2,3,15,1,
2.024E+11,155 743 976,AB01,3,1,0,2,8,19,5,
2.024E+11,155 743 977,Z01,1,7,0,2,0,0,0,
2.024E+11,155 743 975,A01,2,7,15,0,1,1,1,
2.024E+11,155 743 973,A01,2,7,0,9,2,15,1,
2.024E+11,155 743 974,B01,1,50,0,2,1,1,3,
2.024E+11,155 743 972,A01,1,7,0,1,3,1,1,
2.024E+11,155 743 970,A01,3,7,1,2,3,9,1,
2.024E+11,155 743 971,B01,3,50,1,2,1,1,3,
2.024E+11,155 743 968,A01,2,33,0,2,1,17,1,
2.024E+11,155 743 969,B01,2,7,0,2,6,15,1,
2.024E+11,155 743 966,B01,2,7,0,2,6,2,1,
2.024E+11,155 743 967,A01,2,7,0,2,2,2,1,
2.024E+11,155 743 964,B01,2,7,0,2,1,1,1,
2.024E+11,155 743 965,A01,1,30,0,0,0,1,1,
2.024E+11,155 743 961,C01,2,1,0,0,1,0,5,
2.024E+11,155 743 962,A01,1,7,0,0,0,0,0,
2.024E+11,155 743 963,B01,1,7,0,0,0,0,0,
2.024E+11,155 743 959,B01,2,50,0,2,8,1,3,
2.024E+11,155 743 960,A01,2,7,0,2,3,1,1,
2.024E+11,155 743 958,A01,2,7,0,1,2,16,1,
2.024E+11,155 743 957,A01,3,7,2,0,1,1,1,
2.024E+11,155 743 956,A01,3,7,0,1,3,1,1,
2.024E+11,155 743 954,A01,3,7,0,2,3,15,1,
2.024E+11,155 743 955,B01,2,7,0,2,2,2,1,
2.024E+11,155 743 952,B01,2,33,0,2,4,23,1,
2.024E+11,155 743 953,A01,2,7,0,2,1,1,1,
2.024E+11,155 743 950,B01,1,7,0,2,3,16,1,
2.024E+11,155 743 951,A01,1,15,0,2,2,16,1,
2.024E+11,155 743 946,D01,1,7,0,0,0,13,-1,
2.024E+11,155 743 947,C01,1,7,0,2,6,1,1,
2.024E+11,155 743 948,A01,1,7,0,2,3,13,1,
2.024E+11,155 743 949,B01,1,7,0,2,9,1,1,
2.024E+11,155 743 944,Z01,2,32,0,2,1,1,1,
2.024E+11,155 743 945,B01,1,32,0,2,1,23,1,
2.024E+11,155 743 942,B01,1,10,0,0,4,24,1,
2.024E+11,155 743 943,A01,1,7,0,2,1,1,1,
2.024E+11,155 743 940,A01,1,7,0,2,9,1,1,
2.024E+11,155 743 941,B01,2,7,5,0,8,12,1,
2.024E+11,155 743 939,A01,2,7,0,1,1,15,1,
2.024E+11,155 743 938,A01,1,10,13,0,7,1,1,
2.024E+11,155 743 937,A01,1,7,8,0,2,14,1,
2.024E+11,155 743 936,A01,0,7,0,1,1,15,1,
2.024E+11,155 743 935,A01,1,7,0,1,5,2,1,
2.024E+11,155 743 933,B01,3,50,0,2,1,2,3,
2.024E+11,155 743 934,A01,1,10,0,2,1,9,1,
2.024E+11,155 743 932,A01,3,7,0,1,1,1,1,
2.024E+11,155 743 930,A01,1,33,0,2,1,1,1,
2.024E+11,155 743 931,B01,1,1,0,2,8,19,5,
2.024E+11,155 743 929,A01,3,7,14,0,1,1,1,
2.024E+11,155 743 928,A01,2,37,1,0,2,12,3,1
2.024E+11,155 743 927,A01,3,10,0,1,5,4,1,
2.024E+11,155 743 925,A01,2,7,0,2,2,9,1,
2.024E+11,155 743 926,B01,1,1,0,2,7,15,5,
2.024E+11,155 743 922,C01,2,7,0,2,1,2,1,
2.024E+11,155 743 923,A01,1,7,0,2,4,2,1,
2.024E+11,155 743 924,B01,1,7,0,2,1,2,1,
2.024E+11,155 743 921,A01,3,33,0,9,7,15,1,
2.024E+11,155 743 917,A01,3,10,0,2,1,2,1,
2.024E+11,155 743 918,B01,3,7,0,2,4,2,3,
2.024E+11,155 743 919,D01,3,7,0,2,4,2,1,
2.024E+11,155 743 920,C01,3,10,0,2,4,2,0,
2.024E+11,155 743 916,A01,1,7,4,0,2,14,1,
2.024E+11,155 743 915,A01,3,7,0,1,5,4,1,
2.024E+11,155 743 912,A01,1,7,0,2,1,18,1,
2.024E+11,155 743 913,B01,1,7,4,2,4,1,2,
2.024E+11,155 743 914,C01,1,7,0,2,2,1,2,
2.024E+11,155 743 910,B01,2,2,0,2,1,1,1,
2.024E+11,155 743 911,A01,2,7,0,2,3,8,1,
2.024E+11,155 743 909,Z01,2,1,0,1,8,26,5,
2.024E+11,155 743 907,B01,2,7,0,2,3,1,1,
2.024E+11,155 743 908,A01,1,60,0,2,1,1,5,
2.024E+11,155 743 905,B01,3,32,0,2,1,1,1,
2.024E+11,155 743 906,A01,3,7,0,9,6,11,1,
2.024E+11,155 743 904,A01,1,10,0,1,3,16,1,
2.024E+11,155 743 902,B01,1,60,0,0,7,1,5,
2.024E+11,155 743 903,A01,2,7,0,2,1,15,2,
2.024E+11,155 743 900,A01,2,7,0,2,2,15,2,
2.024E+11,155 743 901,B01,1,2,0,2,1,1,1,
2.024E+11,155 743 899,A01,1,50,0,0,1,1,3,
2.024E+11,155 743 898,A01,2,7,1,0,1,13,2,
2.024E+11,155 743 896,A01,3,33,0,2,1,0,1,
2.024E+11,155 743 897,B01,3,7,0,2,2,0,2,
2.024E+11,155 743 893,B01,1,33,1,0,1,1,0,
2.024E+11,155 743 891,A01,1,7,0,2,1,13,1,
2.024E+11,155 743 892,B01,2,7,0,2,1,23,1,
2.024E+11,155 743 890,A01,0,99,0,0,0,0,-1,
2.024E+11,155 743 888,B01,2,7,0,2,1,1,2,
2.024E+11,155 743 889,A01,2,7,0,2,2,1,1,
2.024E+11,155 743 886,A01,1,1,1,0,2,1,5,
2.024E+11,155 743 887,B01,1,7,1,9,2,24,1,
2.024E+11,155 743 884,A01,0,7,4,2,1,1,1,
2.024E+11,155 743 885,B01,0,7,4,2,4,12,2,
2.024E+11,155 743 883,Z01,2,7,0,1,4,4,0,
2.024E+11,155 743 882,A01,2,7,8,0,1,5,2,
2.024E+11,155 743 880,B01,0,7,0,0,8,24,0,
2.024E+11,155 743 881,A01,2,7,1,0,3,16,1,
2.024E+11,155 743 879,A01,1,7,8,0,1,1,1,
2.024E+11,155 743 877,A01,1,7,0,2,1,15,1,
2.024E+11,155 743 878,B01,2,30,0,2,1,1,1,
2.024E+11,155 743 876,A01,1,7,0,1,1,5,1,
2.024E+11,155 743 875,A01,3,50,12,0,2,14,3,
2.024E+11,155 743 873,A01,0,38,0,2,1,1,1,1
2.024E+11,155 743 874,B01,0,7,0,2,1,1,1,
2.024E+11,155 743 870,A01,1,31,0,2,1,17,1,
2.024E+11,155 743 871,B01,1,21,0,2,5,15,1,
2.024E+11,155 743 869,A01,1,7,0,2,8,15,1,
2.024E+11,155 743 872,B01,1,33,0,2,1,2,1,
2.024E+11,155 743 868,A01,1,7,0,1,2,12,1,
2.024E+11,155 743 866,A01,2,7,0,2,1,2,1,
2.024E+11,155 743 867,B01,2,7,0,2,4,2,1,
2.024E+11,155 743 864,A01,0,7,0,2,4,5,0,
2.024E+11,155 743 865,B01,0,10,0,2,2,5,1,
2.024E+11,155 743 862,A01,1,7,4,0,1,11,1,
2.024E+11,155 743 861,A01,2,33,0,2,2,1,1,
2.024E+11,155 743 863,B01,2,1,0,2,3,15,5,
2.024E+11,155 743 860,A01,1,7,0,1,2,1,0,
2.024E+11,155 743 857,A01,3,21,13,0,3,0,1,
2.024E+11,155 743 858,B01,1,1,0,2,3,0,5,
2.024E+11,155 743 859,A01,1,7,1,0,8,26,1,
2.024E+11,155 743 854,A01,3,37,0,1,1,2,1,1
2.024E+11,155 743 853,A01,1,7,2,0,1,1,1,
2.024E+11,155 743 852,A01,0,7,0,1,1,0,0,
2.024E+11,155 743 850,A01,1,99,0,0,1,2,0,
2.024E+11,155 743 851,B01,1,1,0,0,4,1,5,
2.024E+11,155 743 847,A01,1,10,0,9,2,9,1,
2.024E+11,155 743 849,B01,1,1,0,0,4,1,5,
2.024E+11,155 743 846,B01,3,7,0,2,2,19,1,
2.024E+11,155 743 848,A01,3,7,0,2,3,2,2,
2.024E+11,155 743 845,A01,3,7,8,0,0,0,1,
2.024E+11,155 743 843,B01,3,7,0,2,1,0,1,
2.024E+11,155 743 844,A01,3,7,0,2,2,14,1,
2.024E+11,155 743 842,A01,3,7,0,1,2,1,1,
2.024E+11,155 743 841,A01,0,7,0,1,2,1,1,
2.024E+11,155 743 839,A01,2,7,0,9,1,2,1,
2.024E+11,155 743 840,B01,2,99,0,0,4,1,6,
2.024E+11,155 743 838,A01,2,43,0,1,2,1,1,
2.024E+11,155 743 837,A01,2,7,13,0,9,14,1,
2.024E+11,155 743 835,A01,2,7,0,2,8,11,1,
2.024E+11,155 743 836,B01,2,33,0,2,7,3,1,
2.024E+11,155 743 833,A01,1,7,0,9,2,1,1,
2.024E+11,155 743 834,B01,1,50,0,2,4,2,3,
2.024E+11,155 743 832,A01,2,7,0,1,1,19,1,
2.024E+11,155 743 831,A01,3,7,13,0,3,1,1,
2.024E+11,155 743 828,B01,1,7,0,2,3,20,3,
2.024E+11,155 743 830,A01,1,32,0,2,2,17,1,
2.024E+11,155 743 827,A01,2,7,0,2,1,13,1,
2.024E+11,155 743 829,B01,1,7,0,2,1,1,1,
2.024E+11,155 743 824,A01,1,7,3,0,1,1,1,
2.024E+11,155 743 825,A01,1,31,0,2,1,1,1,
2.024E+11,155 743 826,B01,3,7,12,0,3,19,6,
2.024E+11,155 743 822,A01,1,7,2,0,1,1,1,
2.024E+11,155 743 821,A01,1,2,0,2,1,2,1,
2.024E+11,155 743 823,B01,1,7,0,2,6,16,0,
2.024E+11,155 743 820,A01,2,7,13,0,8,13,1,
2.024E+11,155 743 818,A01,1,7,0,2,0,0,1,
2.024E+11,155 743 819,B01,2,10,0,2,1,1,1,
2.024E+11,155 743 814,B01,1,34,1,2,1,18,1,
2.024E+11,155 743 816,A01,1,7,0,2,7,23,1,
2.024E+11,155 743 813,A01,1,10,0,2,7,17,1,
2.024E+11,155 743 815,B01,1,7,0,2,3,15,1,
2.024E+11,155 743 811,B01,1,33,0,0,1,3,1,
2.024E+11,155 743 812,A01,1,10,0,0,3,10,1,
2.024E+11,155 743 809,B01,1,2,0,2,1,26,1,
2.024E+11,155 743 810,A01,1,7,0,2,3,26,1,
2.024E+11,155 743 806,A01,2,7,1,0,2,2,1,
2.024E+11,155 743 807,B01,1,2,0,2,4,23,1,
2.024E+11,155 743 808,C01,1,7,0,2,4,23,1,
2.024E+11,155 743 803,A01,2,7,2,0,1,14,1,
2.024E+11,155 743 802,A01,1,7,0,2,8,15,1,
2.024E+11,155 743 804,B01,1,34,0,2,7,17,1,
2.024E+11,155 743 800,B01,1,7,0,2,1,1,1,
2.024E+11,155 743 801,A01,2,7,0,2,1,13,1,
2.024E+11,155 743 797,A01,1,7,0,2,1,1,1,
2.024E+11,155 743 798,C01,1,7,0,2,4,1,1,
2.024E+11,155 743 799,B01,1,10,0,2,4,1,1,
2.024E+11,155 743 796,A01,2,7,2,0,7,14,1,
2.024E+11,155 743 794,A01,2,33,0,2,2,11,1,
2.024E+11,155 743 795,B01,2,7,0,0,6,15,3,
2.024E+11,155 743 793,A01,2,7,13,0,1,17,1,
2.024E+11,155 743 791,A01,2,7,6,0,3,1,1,
2.024E+11,155 743 790,A01,1,7,0,2,1,1,1,
2.024E+11,155 743 792,B01,1,10,0,2,3,1,1,
2.024E+11,155 743 789,A01,1,3,8,0,1,1,1,
2.024E+11,155 743 788,A01,2,10,2,0,3,1,1,
2.024E+11,155 743 787,A01,2,7,0,0,0,1,1,
2.024E+11,155 743 785,A01,1,33,0,0,0,1,1,
2.024E+11,155 743 786,A01,1,2,0,0,0,0,1,
2.024E+11,155 743 784,A01,3,31,0,0,0,0,1,
2.024E+11,155 743 779,B01,2,10,0,2,1,1,6,
2.024E+11,155 743 780,A01,2,7,0,2,8,19,1,
2.024E+11,155 743 777,B01,2,7,0,2,1,1,1,
2.024E+11,155 743 778,C01,2,7,0,2,1,1,1,
2.024E+11,155 743 781,D01,2,7,0,2,8,1,2,
2.024E+11,155 743 782,E01,2,7,0,2,6,1,1,
2.024E+11,155 743 783,A01,1,7,0,2,1,5,2,
2.024E+11,155 743 775,A01,1,7,0,2,3,13,1,
2.024E+11,155 743 776,B01,2,7,0,2,3,1,1,
2.024E+11,155 743 774,A01,3,10,0,1,2,15,1,
2.024E+11,155 743 773,A01,2,7,2,0,8,1,1,
2.024E+11,155 743 772,A01,1,15,0,0,7,1,1,
2.024E+11,155 743 768,A01,1,7,0,2,1,5,1,
2.024E+11,155 743 770,B01,2,7,0,2,1,1,2,
2.024E+11,155 743 771,C01,2,7,0,2,1,1,1,
2.024E+11,155 743 767,A01,2,7,0,2,3,13,1,
2.024E+11,155 743 769,B01,1,7,0,2,3,1,1,
2.024E+11,155 743 766,A01,2,7,13,0,2,13,1,
2.024E+11,155 743 765,A01,1,33,4,0,3,0,1,
2.024E+11,155 743 762,A01,2,30,0,2,1,13,1,
2.024E+11,155 743 764,B01,1,7,0,2,1,2,1,
2.024E+11,155 743 760,A01,2,7,0,2,1,0,1,
2.024E+11,155 743 761,B01,2,7,0,0,4,0,1,
2.024E+11,155 743 763,C01,2,7,0,2,2,0,1,
2.024E+11,155 743 758,B01,1,14,0,2,3,1,1,
2.024E+11,155 743 759,A01,2,7,0,2,3,13,1,
2.024E+11,155 743 755,A01,1,2,0,0,0,5,1,
2.024E+11,155 743 754,A01,2,7,4,2,2,17,1,
2.024E+11,155 743 756,B01,2,33,0,0,0,0,1,
2.024E+11,155 743 757,C01,2,7,4,0,5,1,1,
2.024E+11,155 743 752,A01,1,7,0,2,1,1,1,
2.024E+11,155 743 753,B01,2,7,0,2,2,15,2,
2.024E+11,155 743 749,A01,1,10,2,0,3,13,1,
2.024E+11,155 743 747,B01,2,7,0,0,8,1,1,
2.024E+11,155 743 748,A01,0,7,0,2,1,19,1,
2.024E+11,155 743 745,A01,1,7,6,1,3,0,1,
2.024E+11,155 743 743,C01,1,7,0,2,3,1,1,
2.024E+11,155 743 744,A01,2,7,0,2,3,1,1,
2.024E+11,155 743 746,B01,2,7,0,2,1,1,1,
2.024E+11,155 743 741,A01,0,80,0,0,0,0,3,
2.024E+11,155 743 740,B01,1,38,0,2,3,14,1,6
2.024E+11,155 743 742,A01,2,7,0,2,1,13,1,
2.024E+11,155 743 736,B01,3,14,0,2,2,1,1,
2.024E+11,155 743 738,A01,3,7,0,2,8,19,1,
2.024E+11,155 743 737,A01,1,7,0,2,1,2,1,
2.024E+11,155 743 739,B01,1,7,0,0,4,2,2,
2.024E+11,155 743 735,A01,3,17,0,1,3,1,1,
2.024E+11,155 743 733,A01,1,7,0,2,1,13,1,
2.024E+11,155 743 734,B01,2,7,0,2,3,1,1,
2.024E+11,155 743 731,A01,2,7,13,0,6,0,1,
2.024E+11,155 743 732,B01,2,7,0,2,1,2,1,
2.024E+11,155 743 730,A01,2,2,0,0,0,0,1,
2.024E+11,155 743 727,A01,1,7,0,2,3,13,1,
2.024E+11,155 743 728,B01,2,7,0,2,3,1,1,
2.024E+11,155 743 723,A01,1,33,0,2,1,1,1,
2.024E+11,155 743 724,B01,2,10,0,0,8,15,1,
2.024E+11,155 743 725,C01,2,7,0,2,1,1,1,
2.024E+11,155 743 726,A01,1,7,0,2,1,13,1,
2.024E+11,155 743 729,B01,2,7,0,2,8,1,1,
2.024E+11,155 743 720,A01,1,7,2,0,2,14,1,
2.024E+11,155 743 719,A01,1,7,0,0,9,1,1,
2.024E+11,155 743 721,A01,1,7,0,2,2,13,1,
2.024E+11,155 743 722,B01,2,7,0,2,2,13,1,
2.024E+11,155 743 718,A01,2,7,0,1,3,1,1,
2.024E+11,155 743 716,A01,1,7,2,0,1,1,1,
2.024E+11,155 743 717,A01,2,7,17,0,1,1,1,
2.024E+11,155 743 715,A01,1,15,8,0,1,1,0,
2.024E+11,155 743 714,A01,3,7,6,0,1,1,1,
2.024E+11,155 743 712,A01,2,7,0,2,3,15,1,
2.024E+11,155 743 713,B01,1,1,0,2,1,1,5,
2.024E+11,155 743 710,A01,2,7,0,2,1,2,1,
2.024E+11,155 743 711,B01,2,7,0,0,4,2,1,
2.024E+11,155 743 709,A01,1,7,0,1,1,15,1,
2.024E+11,155 743 708,A01,1,7,2,0,3,1,1,
2.024E+11,155 743 705,A01,2,7,0,2,2,0,1,
2.024E+11,155 743 707,B01,2,7,0,0,6,1,1,
2.024E+11,155 743 704,B01,1,2,0,2,1,1,1,
2.024E+11,155 743 706,A01,1,7,0,2,5,23,1,
2.024E+11,155 743 703,A01,1,7,15,0,1,1,1,
2.024E+11,155 743 702,A01,1,7,13,0,1,1,1,
2.024E+11,155 743 700,A01,1,7,0,2,3,5,1,
2.024E+11,155 743 701,B01,2,7,0,2,3,1,1,
2.024E+11,155 743 696,A01,1,1,0,2,7,1,5,
2.024E+11,155 743 697,B01,1,7,0,2,2,26,1,
2.024E+11,155 743 694,A01,1,7,0,2,4,2,1,
2.024E+11,155 743 695,B01,1,7,0,2,1,2,1,
2.024E+11,155 743 693,A01,1,31,0,0,2,16,1,
2.024E+11,155 743 691,A01,3,7,6,0,3,0,1,
2.024E+11,155 743 690,A01,2,7,3,2,2,2,1,
2.024E+11,155 743 692,B01,2,7,3,2,6,1,1,
2.024E+11,155 743 687,B01,3,7,0,9,3,2,1,
2.024E+11,155 743 689,A01,3,1,0,2,1,19,5,
2.024E+11,155 743 686,Z01,1,7,0,2,0,0,0,
2.024E+11,155 743 688,B01,1,7,0,2,0,2,1,
2.024E+11,155 743 685,A01,2,7,13,0,2,1,1,
2.024E+11,155 743 681,C01,1,7,0,2,1,2,1,
2.024E+11,155 743 683,A01,1,7,0,2,4,2,1,
2.024E+11,155 743 684,B01,1,7,0,2,4,2,1,
2.024E+11,155 743 680,A01,2,7,0,0,7,15,1,
2.024E+11,155 743 682,B01,1,7,0,2,1,1,1,
2.024E+11,155 743 678,B01,1,1,0,2,8,1,5,
2.024E+11,155 743 679,A01,1,10,0,9,2,17,1,
2.024E+11,155 743 676,A01,1,14,0,2,2,1,1,
2.024E+11,155 743 677,B01,1,7,0,2,6,15,1,
2.024E+11,155 743 674,A01,1,7,0,0,0,0,1,
2.024E+11,155 743 675,B01,2,7,0,0,0,0,1,
2.024E+11,155 743 673,A01,1,7,6,0,1,1,1,
2.024E+11,155 743 672,A01,1,7,0,0,1,26,1,
2.024E+11,155 743 671,A01,1,7,4,0,9,0,1,
2.024E+11,155 743 669,A01,1,7,0,2,1,0,1,
2.024E+11,155 743 670,B01,1,7,0,2,4,0,1,
2.024E+11,155 743 667,A01,1,7,0,2,6,2,1,
2.024E+11,155 743 668,B01,1,7,0,2,5,0,1,
2.024E+11,155 743 666,A01,2,7,4,0,3,1,1,
2.024E+11,155 743 663,A01,2,7,0,2,4,16,1,
2.024E+11,155 743 665,B01,2,7,0,2,1,1,1,
2.024E+11,155 743 661,A01,1,7,0,2,1,2,2,
2.024E+11,155 743 662,C01,1,7,0,2,4,2,1,
2.024E+11,155 743 664,B01,1,7,0,2,4,2,1,
2.024E+11,155 743 656,A01,1,10,0,2,3,12,1,
2.024E+11,155 743 658,B01,1,7,0,2,5,1,1,
2.024E+11,155 743 659,C01,1,7,0,2,4,2,1,
2.024E+11,155 743 660,D01,1,10,0,2,4,2,1,
2.024E+11,155 743 655,B01,2,7,0,2,6,11,1,
2.024E+11,155 743 657,A01,2,7,4,2,2,1,1,
2.024E+11,155 743 653,A01,1,7,3,0,1,2,1,
2.024E+11,155 743 652,A01,2,7,0,2,5,14,1,
2.024E+11,155 743 654,B01,2,33,0,2,7,3,1,
2.024E+11,155 743 649,B01,1,33,0,2,1,3,1,
2.024E+11,155 743 651,Z01,1,10,0,0,0,13,0,
2.024E+11,155 743 647,A01,1,10,4,2,2,1,3,
2.024E+11,155 743 648,B01,1,10,4,2,4,23,1,
2.024E+11,155 743 650,C01,1,7,4,2,4,23,2,
2.024E+11,155 743 644,B01,1,7,0,2,9,1,2,
2.024E+11,155 743 645,C01,1,7,0,2,6,23,1,
2.024E+11,155 743 646,A01,1,7,0,2,1,1,1,
2.024E+11,155 743 642,A01,2,15,0,2,2,12,1,
2.024E+11,155 743 643,B01,2,7,0,2,8,1,1,
2.024E+11,155 743 640,A01,2,31,0,2,1,3,1,
2.024E+11,155 743 641,B01,2,7,0,2,4,1,1,
2.024E+11,155 743 637,A01,1,7,0,2,1,2,1,
2.024E+11,155 743 639,B01,1,7,0,2,4,2,1,
2.024E+11,155 743 636,B01,2,7,0,2,0,0,1,
2.024E+11,155 743 638,A01,2,7,0,2,0,0,1,
2.024E+11,155 743 634,B01,1,10,0,2,4,2,0,
2.024E+11,155 743 635,A01,1,10,0,2,1,2,1,
2.024E+11,155 743 631,A01,2,7,0,2,1,2,1,
2.024E+11,155 743 632,B01,2,7,0,2,4,2,1,
2.024E+11,155 743 630,A01,2,30,0,2,5,15,1,
2.024E+11,155 743 633,B01,1,7,0,2,2,1,1,
2.024E+11,155 743 627,A01,2,15,0,2,2,12,1,
2.024E+11,155 743 629,B01,2,7,0,2,6,0,1,
2.024E+11,155 743 626,B01,1,50,0,1,1,1,3,
2.024E+11,155 743 628,A01,1,50,0,2,1,1,3,
2.024E+11,155 743 622,B01,1,7,0,2,5,2,2,
2.024E+11,155 743 625,A01,1,7,0,2,2,2,2,
2.024E+11,155 743 623,B01,1,7,0,2,3,1,1,
2.024E+11,155 743 624,A01,2,50,0,2,0,15,3,
2.024E+11,155 743 620,B01,2,7,0,2,4,2,2,
2.024E+11,155 743 621,A01,2,7,0,2,1,2,2,
2.024E+11,155 743 617,A01,1,7,0,2,3,1,1,
2.024E+11,155 743 619,B01,1,7,0,2,1,9,2,
2.024E+11,155 743 616,A01,1,7,0,2,3,11,1,
2.024E+11,155 743 618,B01,1,32,0,2,7,3,1,
2.024E+11,155 743 615,A01,0,7,1,0,1,1,1,
2.024E+11,155 743 613,A01,1,14,0,1,1,25,1,