Num_Acc,id_vehicule,num_veh,senc,catv,obs,obsm,choc,manv,motor,occutc
2.024E+11,155 742 226,A01,2,7,0,2,1,13,3,
2.024E+11,155 742 227,B01,1,7,0,2,1,1,1,
2.024E+11,155 742 225,A01,3,7,0,1,2,0,1,
2.024E+11,155 742 221,A01,1,7,0,2,1,2,3,
2.024E+11,155 742 223,B01,1,33,0,2,4,2,1,
2.024E+11,155 742 224,C01,1,7,0,2,4,1,1,
2.024E+11,155 742 220,A01,1,32,0,2,1,16,1,
2.024E+11,155 742 222,B01,2,7,0,2,1,1,1,
2.024E+11,155 742 218,A01,1,7,0,2,8,11,1,
2.024E+11,155 742 219,B01,1,33,0,2,7,1,1,
2.024E+11,155 742 216,B01,2,1,0,2,0,0,5,
2.024E+11,155 742 217,A01,2,7,0,2,1,1,1,
2.024E+11,155 742 213,A01,1,33,0,0,3,3,1,
2.024E+11,155 742 214,B01,1,7,0,0,2,12,2,
2.024E+11,155 742 215,C01,1,10,0,2,8,1,1,
2.024E+11,155 742 211,A01,1,7,6,0,2,1,1,
2.024E+11,155 742 210,A01,2,7,0,2,0,19,2,
2.024E+11,155 742 212,B01,2,33,0,0,0,0,1,
2.024E+11,155 742 209,A01,1,14,4,0,1,1,1,
2.024E+11,155 742 207,A01,2,1,0,2,7,18,5,
2.024E+11,155 742 208,B01,2,7,0,0,7,23,1,
2.024E+11,155 742 205,B01,3,31,0,2,7,26,1,
2.024E+11,155 742 206,A01,3,7,0,2,1,9,1,
2.024E+11,155 742 203,A01,1,2,0,2,3,15,1,
2.024E+11,155 742 204,Z01,1,7,0,2,2,15,0,
2.024E+11,155 742 200,B01,1,32,0,2,1,1,1,
2.024E+11,155 742 202,A01,3,7,0,2,5,17,1,
2.024E+11,155 742 201,A01,2,1,0,0,0,0,5,
2.024E+11,155 742 198,A01,1,13,0,1,0,15,3,
2.024E+11,155 742 197,A01,1,31,0,2,3,9,1,
2.024E+11,155 742 199,B01,1,13,0,2,5,1,1,
2.024E+11,155 742 195,A01,1,1,9,1,7,1,5,
2.024E+11,155 742 194,A01,3,7,1,0,2,1,1,
2.024E+11,155 742 196,B01,3,7,0,2,6,24,1,
2.024E+11,155 742 193,A01,2,33,0,0,0,1,1,
2.024E+11,155 742 191,B01,1,10,1,0,6,23,1,
2.024E+11,155 742 192,A01,1,7,1,0,3,12,1,
2.024E+11,155 742 190,A01,2,14,3,0,2,1,1,
2.024E+11,155 742 189,A01,1,33,12,0,2,1,1,
2.024E+11,155 742 187,A01,1,7,0,2,3,15,1,
2.024E+11,155 742 188,B01,1,50,0,2,0,0,3,
2.024E+11,155 742 186,A01,1,32,14,0,1,1,1,
2.024E+11,155 742 183,A01,1,7,0,2,4,23,1,
2.024E+11,155 742 185,B01,1,34,0,2,1,2,1,
2.024E+11,155 742 182,B01,2,2,0,2,1,17,1,
2.024E+11,155 742 184,A01,1,7,0,0,3,15,1,
2.024E+11,155 742 180,A01,1,7,0,9,4,1,1,
2.024E+11,155 742 181,B01,1,7,0,2,2,1,1,
2.024E+11,155 742 179,A01,1,7,6,2,2,1,1,
2.024E+11,155 742 178,A01,1,10,0,1,2,15,1,
2.024E+11,155 742 175,A01,1,7,0,2,6,11,1,
2.024E+11,155 742 177,B01,1,7,0,2,2,1,2,
2.024E+11,155 742 176,A01,1,7,0,1,2,1,1,
2.024E+11,155 742 172,A01,2,7,0,2,2,1,1,
2.024E+11,155 742 173,D01,2,7,0,2,4,23,0,
2.024E+11,155 742 174,C01,2,7,0,2,6,23,1,
2.024E+11,155 742 170,A01,1,7,0,2,3,1,1,
2.024E+11,155 742 171,B01,1,7,0,2,0,0,0,
2.024E+11,155 742 169,A01,1,7,0,1,1,26,1,
2.024E+11,155 742 167,A01,1,7,0,2,2,16,1,
2.024E+11,155 742 168,B01,2,34,0,2,3,16,1,
2.024E+11,155 742 165,A01,2,7,0,2,5,12,1,
2.024E+11,155 742 166,B01,2,37,0,2,3,1,1,1
2.024E+11,155 742 163,A01,1,7,0,2,3,9,1,
2.024E+11,155 742 164,B01,2,30,0,2,1,1,1,
2.024E+11,155 742 161,B01,1,33,0,2,1,1,1,
2.024E+11,155 742 162,A01,3,7,0,2,8,9,1,
2.024E+11,155 742 159,A01,2,7,0,2,1,1,1,
2.024E+11,155 742 160,B01,2,7,0,2,3,1,1,
2.024E+11,155 742 158,A01,1,50,0,0,0,25,3,
2.024E+11,155 742 156,A01,1,7,0,2,2,16,1,
2.024E+11,155 742 157,B01,0,1,0,0,0,0,5,
2.024E+11,155 742 155,A01,1,7,0,1,1,1,1,
2.024E+11,155 742 153,A01,1,7,0,2,3,9,1,
2.024E+11,155 742 154,B01,1,7,0,2,2,1,1,
2.024E+11,155 742 152,A01,1,10,0,1,1,1,1,
2.024E+11,155 742 150,B01,1,14,0,2,3,1,1,
2.024E+11,155 742 151,A01,1,33,0,2,3,19,1,
2.024E+11,155 742 148,A01,3,7,0,2,3,15,1,
2.024E+11,155 742 149,B01,2,2,0,2,3,1,1,
2.024E+11,155 742 146,A01,0,7,0,2,8,19,1,
2.024E+11,155 742 147,B01,2,10,0,2,1,1,1,
2.024E+11,155 742 144,B01,3,7,0,2,0,15,1,
2.024E+11,155 742 145,A01,3,7,0,2,0,0,1,
2.024E+11,155 742 143,A01,3,37,0,1,5,7,1,1
2.024E+11,155 742 141,A01,1,7,8,2,8,1,1,
2.024E+11,155 742 142,B01,1,7,0,2,1,0,1,
2.024E+11,155 742 139,A01,1,7,0,2,2,9,1,
2.024E+11,155 742 140,B01,1,7,0,2,3,1,1,
2.024E+11,155 742 137,A01,2,10,0,4,6,24,1,
2.024E+11,155 742 138,B01,2,40,1,2,2,1,0,
2.024E+11,155 742 135,A01,1,7,0,2,2,15,1,
2.024E+11,155 742 136,B01,2,50,0,2,1,1,3,
2.024E+11,155 742 133,B01,2,1,0,2,8,19,5,
2.024E+11,155 742 134,A01,1,7,12,2,7,19,2,
2.024E+11,155 742 131,B01,1,7,0,2,8,15,1,
2.024E+11,155 742 132,A01,1,7,0,2,2,17,2,
2.024E+11,155 742 129,A01,3,7,0,2,7,15,1,
2.024E+11,155 742 130,B01,3,33,0,2,2,1,1,
2.024E+11,155 742 127,B01,1,2,0,2,2,17,1,
2.024E+11,155 742 128,A01,1,7,0,2,3,15,1,
2.024E+11,155 742 125,B01,2,7,0,2,1,1,1,
2.024E+11,155 742 126,A01,1,50,0,2,1,5,3,
2.024E+11,155 742 124,A01,1,7,0,1,1,26,1,
2.024E+11,155 742 122,B01,2,2,0,2,1,1,1,
2.024E+11,155 742 123,A01,2,10,0,2,1,10,1,
2.024E+11,155 742 120,B01,2,2,0,2,1,1,1,
2.024E+11,155 742 121,A01,3,7,0,2,3,9,1,
2.024E+11,155 742 119,A01,3,33,12,2,3,17,1,
2.024E+11,155 742 116,B01,3,33,0,2,1,1,1,
2.024E+11,155 742 117,A01,3,7,0,2,3,15,1,
2.024E+11,155 742 118,C01,3,7,1,0,6,24,1,
2.024E+11,155 742 114,B01,3,50,0,2,7,1,3,
2.024E+11,155 742 115,A01,3,7,0,2,1,9,1,
2.024E+11,155 742 113,A01,3,7,2,0,1,14,1,
2.024E+11,155 742 111,A01,1,10,0,2,1,13,1,
2.024E+11,155 742 112,B01,2,7,0,2,1,21,1,
2.024E+11,155 742 109,B01,1,1,0,2,1,1,5,
2.024E+11,155 742 110,A01,2,7,0,2,2,1,1,
2.024E+11,155 742 106,B01,1,37,0,2,4,7,4,1
2.024E+11,155 742 107,A01,1,7,0,2,1,7,1,
2.024E+11,155 742 104,A01,1,1,0,2,1,19,5,
2.024E+11,155 742 105,B01,1,37,0,2,8,1,4,1
2.024E+11,155 742 102,B01,1,7,0,2,1,1,1,
2.024E+11,155 742 103,A01,1,7,0,2,4,26,1,
2.024E+11,155 742 097,A01,3,7,0,2,1,2,1,
2.024E+11,155 742 098,D01,3,7,0,2,4,2,1,
2.024E+11,155 742 099,C01,3,7,0,2,1,0,2,
2.024E+11,155 742 100,B01,3,7,0,2,1,2,1,
2.024E+11,155 742 101,E01,3,7,0,2,1,2,1,
2.024E+11,155 742 096,A01,2,50,0,1,1,1,3,
2.024E+11,155 742 094,A01,3,7,0,2,2,1,2,
2.024E+11,155 742 095,B01,3,7,0,2,6,9,1,
2.024E+11,155 742 093,A01,2,7,3,0,9,0,1,
2.024E+11,155 742 091,A01,2,10,0,2,3,1,1,
2.024E+11,155 742 092,B01,1,7,0,2,8,1,1,
2.024E+11,155 742 089,B01,1,7,8,0,3,1,1,
2.024E+11,155 742 090,A01,1,7,0,2,2,12,1,
2.024E+11,155 742 088,A01,1,14,12,0,1,1,1,
2.024E+11,155 742 082,A01,1,7,0,2,5,16,1,
2.024E+11,155 742 083,B01,1,1,0,2,1,1,5,
2.024E+11,155 742 078,A01,2,14,0,2,7,16,1,
2.024E+11,155 742 079,B01,2,7,0,2,8,16,1,
2.024E+11,155 742 076,A01,2,7,0,2,8,11,1,
2.024E+11,155 742 077,B01,2,32,0,2,7,1,1,
2.024E+11,155 742 074,B01,1,1,0,2,1,1,5,
2.024E+11,155 742 075,A01,2,7,0,2,1,15,1,
2.024E+11,155 742 071,A01,0,13,0,2,1,1,1,
2.024E+11,155 742 072,B01,0,1,0,2,0,0,5,
2.024E+11,155 742 069,A01,3,7,0,2,1,16,0,
2.024E+11,155 742 070,B01,3,80,0,2,8,2,3,
2.024E+11,155 742 067,A01,3,7,0,2,1,11,1,
2.024E+11,155 742 068,B01,3,7,0,2,1,2,1,
2.024E+11,155 742 065,A01,3,7,14,2,2,1,1,
2.024E+11,155 742 066,B01,3,7,0,2,3,1,1,
2.024E+11,155 742 063,FC01,2,17,0,2,8,9,1,
2.024E+11,155 742 064,FB01,1,1,0,2,1,16,5,
2.024E+11,155 742 061,B01,3,7,0,9,3,1,1,
2.024E+11,155 742 062,A01,3,1,0,2,1,15,5,
2.024E+11,155 742 059,A01,1,7,0,2,1,2,1,
2.024E+11,155 742 060,B01,1,7,0,2,4,2,1,
2.024E+11,155 742 056,A01,2,7,0,2,2,2,2,
2.024E+11,155 742 057,B01,2,7,0,2,6,2,0,
2.024E+11,155 742 054,A01,2,7,0,2,3,15,1,
2.024E+11,155 742 055,B01,2,7,0,2,1,17,1,
2.024E+11,155 742 052,A01,3,7,0,2,6,17,1,
2.024E+11,155 742 053,B01,3,33,0,2,7,17,1,
2.024E+11,155 742 050,B01,1,7,0,2,5,1,1,
2.024E+11,155 742 051,A01,1,50,0,2,1,1,3,
2.024E+11,155 742 048,B01,2,7,0,2,4,1,2,
2.024E+11,155 742 049,A01,2,50,0,2,1,1,3,
2.024E+11,155 742 047,A01,2,7,0,1,3,1,1,
2.024E+11,155 742 045,A01,2,7,0,2,1,9,1,
2.024E+11,155 742 046,B01,2,32,0,2,7,26,1,
2.024E+11,155 742 042,A01,1,33,0,2,0,21,1,
2.024E+11,155 742 044,C01,1,7,0,-1,-1,11,-1,
2.024E+11,155 742 040,B01,1,10,0,2,1,5,1,
2.024E+11,155 742 043,A01,1,7,0,2,8,15,1,
2.024E+11,155 742 039,A01,2,7,0,0,0,16,1,
2.024E+11,155 742 041,B01,1,1,0,0,0,21,5,
2.024E+11,155 742 036,B01,1,7,0,2,5,2,1,
2.024E+11,155 742 038,A01,1,33,0,2,1,2,1,
2.024E+11,155 742 037,Z01,3,10,0,1,1,16,0,
2.024E+11,155 742 034,A01,2,33,0,2,3,3,1,
2.024E+11,155 742 035,B01,2,7,0,2,3,1,2,
2.024E+11,155 742 031,A01,1,7,0,2,5,1,1,
2.024E+11,155 742 033,B01,1,30,0,2,6,11,1,
2.024E+11,155 742 032,A01,3,7,0,1,3,15,1,
2.024E+11,155 742 030,A01,2,33,0,0,8,16,1,
2.024E+11,155 742 027,A01,1,30,0,2,3,1,1,
2.024E+11,155 742 028,B01,1,34,0,2,8,1,1,
2.024E+11,155 742 025,A01,2,7,0,0,0,1,0,
2.024E+11,155 742 026,B01,2,7,0,2,1,13,1,
2.024E+11,155 742 029,C01,1,7,0,2,3,1,1,
2.024E+11,155 742 024,A01,1,50,0,0,0,0,3,
2.024E+11,155 742 023,A01,1,7,1,0,2,15,1,
2.024E+11,155 742 018,A01,1,7,0,2,1,1,1,
2.024E+11,155 742 019,B01,1,7,0,2,4,23,1,
2.024E+11,155 742 021,C01,1,7,0,2,4,23,1,
2.024E+11,155 742 022,D01,1,10,0,2,4,23,1,
2.024E+11,155 742 017,B01,3,7,0,2,4,1,2,
2.024E+11,155 742 020,A01,3,7,0,2,1,2,1,
2.024E+11,155 742 015,A01,1,33,0,2,1,21,1,
2.024E+11,155 742 016,B01,1,7,0,2,4,1,1,
2.024E+11,155 742 013,A01,2,31,0,2,1,1,3,
2.024E+11,155 742 014,B01,2,7,0,2,2,1,2,
2.024E+11,155 742 011,A01,2,7,0,1,4,4,2,
2.024E+11,155 742 010,A01,1,50,0,0,0,1,3,
2.024E+11,155 742 008,B01,3,50,0,2,8,19,3,
2.024E+11,155 742 009,A01,1,10,0,2,1,1,1,
2.024E+11,155 742 005,A01,1,10,0,1,1,1,1,
2.024E+11,155 742 006,A01,2,15,0,2,2,12,1,
2.024E+11,155 742 007,B01,2,7,0,2,4,1,1,
2.024E+11,155 742 002,B01,3,10,0,2,8,1,1,
2.024E+11,155 742 004,A01,3,30,0,2,1,1,1,
2.024E+11,155 742 003,A01,2,7,0,1,1,2,1,
2.024E+11,155 742 000,A01,2,10,0,1,3,15,1,
2.024E+11,155 741 998,A01,2,7,0,1,1,1,1,
2.024E+11,155 741 999,B01,1,10,0,2,3,1,1,
2.024E+11,155 742 001,A01,1,7,0,2,3,15,1,
2.024E+11,155 741 997,A01,3,7,6,0,1,16,1,
2.024E+11,155 741 996,A01,1,10,0,1,4,26,1,
2.024E+11,155 741 994,B01,1,2,0,2,8,1,1,
2.024E+11,155 741 995,A01,2,7,0,2,3,15,1,
2.024E+11,155 741 991,A01,2,50,0,2,6,16,3,
2.024E+11,155 741 992,B01,1,7,0,2,6,17,1,
2.024E+11,155 741 993,C01,1,10,0,0,0,0,0,
2.024E+11,155 741 988,A01,1,33,0,2,5,2,1,
2.024E+11,155 741 989,B01,3,7,0,2,3,9,2,
2.024E+11,155 741 987,A01,1,7,0,2,2,9,0,
2.024E+11,155 741 990,B01,2,1,0,2,1,1,5,
2.024E+11,155 741 985,B01,0,7,0,2,8,15,1,
2.024E+11,155 741 986,A01,2,33,1,2,1,1,1,
2.024E+11,155 741 983,B01,1,33,0,2,1,1,1,
2.024E+11,155 741 984,A01,2,7,0,2,7,15,1,
2.024E+11,155 741 981,A01,2,31,0,0,0,2,1,
2.024E+11,155 741 982,A01,2,7,13,0,1,26,1,
2.024E+11,155 741 979,A01,1,7,0,2,2,5,1,
2.024E+11,155 741 980,B01,3,7,0,2,2,1,1,
2.024E+11,155 741 977,A01,1,50,0,1,1,1,3,
2.024E+11,155 741 973,A01,1,7,8,0,1,1,1,
2.024E+11,155 741 975,B01,2,7,0,2,1,15,1,
2.024E+11,155 741 970,A01,3,7,0,2,1,1,1,
2.024E+11,155 741 971,B01,3,38,0,2,6,15,1,1
2.024E+11,155 741 972,A01,1,7,0,2,1,1,1,
2.024E+11,155 741 974,B01,1,7,0,2,4,1,1,
2.024E+11,155 741 968,A01,3,13,0,2,8,13,1,
2.024E+11,155 741 969,B01,3,33,0,2,2,1,1,
2.024E+11,155 741 967,A01,2,30,0,0,0,1,1,
2.024E+11,155 741 966,A01,3,3,0,1,2,1,3,
2.024E+11,155 741 965,A01,1,33,2,0,1,13,1,
2.024E+11,155 741 964,A01,1,3,0,1,2,0,1,
2.024E+11,155 741 962,B01,1,7,0,0,7,1,1,
2.024E+11,155 741 963,A01,1,7,0,2,1,1,1,
2.024E+11,155 741 960,A01,1,7,14,0,0,1,1,
2.024E+11,155 741 959,B01,0,7,0,2,1,15,1,
2.024E+11,155 741 961,A01,1,33,0,2,7,1,1,
2.024E+11,155 741 956,A01,1,7,0,2,3,10,1,
2.024E+11,155 741 958,B01,1,2,0,2,1,2,1,
2.024E+11,155 741 955,A01,1,7,0,2,1,1,1,
2.024E+11,155 741 957,B01,2,7,0,2,1,1,1,
2.024E+11,155 741 953,B01,1,7,0,2,1,1,1,
2.024E+11,155 741 954,A01,2,7,0,2,7,1,1,
2.024E+11,155 741 949,A01,-1,7,8,0,2,26,1,
2.024E+11,155 741 944,B01,2,7,0,2,4,2,1,
2.024E+11,155 741 946,C01,2,7,0,2,4,2,1,
2.024E+11,155 741 947,E01,2,7,0,2,5,2,1,
2.024E+11,155 741 948,F01,2,10,0,2,0,2,1,
2.024E+11,155 741 950,G01,2,17,0,2,6,1,1,
2.024E+11,155 741 951,A01,2,10,0,2,3,2,1,
2.024E+11,155 741 952,D01,2,10,0,2,4,2,1,
2.024E+11,155 741 943,A01,1,7,0,2,3,9,1,
2.024E+11,155 741 945,B01,1,7,0,2,2,15,1,
2.024E+11,155 741 942,A01,3,15,1,1,6,16,1,
2.024E+11,155 741 939,A01,1,7,0,2,3,1,1,
2.024E+11,155 741 940,B01,2,33,0,2,8,1,1,
2.024E+11,155 741 941,C01,2,33,0,2,1,1,1,
2.024E+11,155 741 937,A01,2,33,0,0,1,0,1,
2.024E+11,155 741 933,A01,1,3,0,2,3,13,1,
2.024E+11,155 741 935,B01,2,7,0,2,3,1,1,
2.024E+11,155 741 934,B01,2,7,0,2,4,23,1,
2.024E+11,155 741 936,A01,2,7,0,2,1,1,1,
2.024E+11,155 741 938,C01,2,7,0,2,4,23,1,
2.024E+11,155 741 931,A01,1,35,0,2,1,19,1,
2.024E+11,155 741 932,B01,2,7,0,2,8,1,1,
2.024E+11,155 741 928,A01,2,38,0,2,3,1,1,1
2.024E+11,155 741 930,B01,1,33,0,2,1,5,1,
2.024E+11,155 741 925,B01,2,33,0,2,1,1,1,
2.024E+11,155 741 926,A01,1,7,0,2,6,9,1,
2.024E+11,155 741 927,A01,1,14,0,2,1,1,1,
2.024E+11,155 741 929,B01,1,7,0,2,4,1,1,
2.024E+11,155 741 923,A01,1,7,0,2,7,15,1,
2.024E+11,155 741 924,B01,2,10,0,2,1,1,1,
2.024E+11,155 741 919,A01,3,7,0,2,1,1,1,
2.024E+11,155 741 920,C01,3,7,0,2,5,1,3,
2.024E+11,155 741 921,B01,3,7,0,2,4,1,1,
2.024E+11,155 741 922,D01,3,10,0,2,4,1,1,
2.024E+11,155 741 917,A01,3,33,0,2,1,11,1,
2.024E+11,155 741 918,B01,3,7,0,2,6,0,3,
2.024E+11,155 741 915,A01,1,7,0,2,7,15,1,
2.024E+11,155 741 916,B01,2,32,0,2,1,1,1,
2.024E+11,155 741 913,A01,1,30,0,2,1,26,1,
2.024E+11,155 741 914,B01,1,7,0,2,4,0,1,
2.024E+11,155 741 912,A01,2,7,0,1,1,1,1,
2.024E+11,155 741 910,A01,3,50,0,2,3,13,3,
2.024E+11,155 741 911,B01,0,7,0,2,3,1,1,
2.024E+11,155 741 906,A01,0,10,0,2,1,14,1,
2.024E+11,155 741 907,B01,0,7,0,2,3,23,1,
2.024E+11,155 741 902,A01,2,50,0,0,1,0,3,
2.024E+11,155 741 901,A01,1,7,0,1,3,1,1,
2.024E+11,155 741 899,A01,3,7,0,2,2,9,1,
2.024E+11,155 741 900,B01,3,30,0,2,1,11,1,
2.024E+11,155 741 897,A01,3,7,0,2,4,15,1,
2.024E+11,155 741 898,B01,3,14,0,2,1,2,1,
2.024E+11,155 741 895,A01,3,33,0,2,1,1,1,
2.024E+11,155 741 896,B01,3,2,0,2,2,15,1,
2.024E+11,155 741 893,A01,2,31,0,2,1,17,1,
2.024E+11,155 741 894,B01,2,7,0,2,3,15,3,
2.024E+11,155 741 891,B01,1,33,0,2,7,1,1,
2.024E+11,155 741 892,A01,1,33,0,2,6,11,1,
2.024E+11,155 741 890,A01,2,7,4,0,4,1,1,
2.024E+11,155 741 888,A01,0,10,0,2,2,17,1,
2.024E+11,155 741 889,B01,0,50,0,2,8,1,3,
2.024E+11,155 741 886,Y01,2,1,0,2,1,3,5,
2.024E+11,155 741 887,A01,1,7,0,2,3,15,1,
2.024E+11,155 741 884,A01,3,7,0,2,1,1,3,
2.024E+11,155 741 885,B01,3,33,0,2,4,1,1,
2.024E+11,155 741 883,A01,2,60,12,0,1,1,5,
2.024E+11,155 741 881,A01,1,80,0,2,1,5,3,
2.024E+11,155 741 882,B01,1,32,0,2,1,1,1,
2.024E+11,155 741 880,A01,1,7,0,1,3,1,2,
2.024E+11,155 741 879,A01,3,7,0,1,1,16,1,
2.024E+11,155 741 877,A01,1,10,0,2,4,2,1,
2.024E+11,155 741 878,B01,1,7,0,2,1,2,1,
2.024E+11,155 741 875,A01,1,80,0,2,1,1,3,
2.024E+11,155 741 876,B01,0,7,0,2,3,22,1,
2.024E+11,155 741 873,B01,2,1,0,0,1,5,5,
2.024E+11,155 741 874,A01,2,7,0,0,2,9,1,
2.024E+11,155 741 872,A01,1,1,0,0,8,2,5,
2.024E+11,155 741 870,B01,2,80,0,2,3,2,3,
2.024E+11,155 741 871,A01,2,7,0,2,5,17,2,
2.024E+11,155 741 868,B01,3,7,0,2,4,0,2,
2.024E+11,155 741 869,A01,3,7,0,2,1,26,2,
2.024E+11,155 741 866,A01,1,7,0,2,1,15,1,
2.024E+11,155 741 867,B01,2,43,0,2,3,0,1,
2.024E+11,155 741 863,B01,1,7,0,2,6,2,1,
2.024E+11,155 741 864,C01,1,80,0,2,7,3,3,
2.024E+11,155 741 865,A01,1,7,0,2,3,1,1,
2.024E+11,155 741 861,B01,2,33,0,2,2,0,1,
2.024E+11,155 741 862,A01,2,7,0,2,8,15,1,
2.024E+11,155 741 859,B01,3,60,0,2,1,17,5,
2.024E+11,155 741 860,A01,3,7,0,9,2,26,2,
2.024E+11,155 741 858,A01,1,10,1,1,4,26,3,
2.024E+11,155 741 855,C01,3,7,0,9,0,1,1,
2.024E+11,155 741 856,A01,1,7,0,2,2,1,1,
2.024E+11,155 741 857,B01,2,34,3,2,3,1,1,
2.024E+11,155 741 854,A01,1,37,0,1,2,1,1,1
2.024E+11,155 741 853,A01,2,33,0,1,3,3,0,
2.024E+11,155 741 851,A01,0,50,0,2,1,1,3,
2.024E+11,155 741 852,B01,0,60,0,2,1,1,5,
2.024E+11,155 741 850,Z01,2,50,0,1,1,25,3,
2.024E+11,155 741 849,A01,3,7,0,1,1,1,2,
2.024E+11,155 741 848,A01,2,7,14,1,1,2,1,
2.024E+11,155 741 847,A01,1,7,0,1,7,1,1,
2.024E+11,155 741 845,B01,1,7,0,2,3,1,1,
2.024E+11,155 741 846,A01,2,33,0,1,2,1,1,
2.024E+11,155 741 844,A01,1,50,0,1,1,1,3,
2.024E+11,155 741 842,B01,3,10,0,2,4,2,1,
2.024E+11,155 741 843,A01,3,14,0,2,1,2,1,
2.024E+11,155 741 841,A01,2,32,0,1,1,2,1,
2.024E+11,155 741 840,A01,1,7,13,0,1,1,1,
2.024E+11,155 741 838,A01,1,2,0,2,1,1,1,
2.024E+11,155 741 839,B01,1,10,0,0,6,26,1,
2.024E+11,155 741 837,A01,1,33,8,0,1,2,1,
2.024E+11,155 741 835,B01,1,15,0,2,3,1,1,
2.024E+11,155 741 836,A01,2,7,0,2,3,13,1,
2.024E+11,155 741 833,A01,1,7,0,0,7,1,1,
2.024E+11,155 741 834,B01,2,7,0,2,1,15,1,
2.024E+11,155 741 830,C01,1,7,0,0,1,1,1,
2.024E+11,155 741 831,A01,2,7,0,0,1,17,1,
2.024E+11,155 741 832,B01,2,10,0,0,3,16,1,
2.024E+11,155 741 827,A01,2,7,3,2,1,5,1,
2.024E+11,155 741 828,B01,1,33,0,2,3,1,1,
2.024E+11,155 741 829,C01,1,33,0,2,1,1,1,
2.024E+11,155 741 826,A01,1,7,2,0,3,1,1,
2.024E+11,155 741 824,B01,3,7,0,2,3,16,1,
2.024E+11,155 741 825,A01,3,7,0,2,1,1,1,
2.024E+11,155 741 822,A01,1,7,0,2,1,1,1,
2.024E+11,155 741 823,B01,1,10,0,0,4,23,1,
2.024E+11,155 741 821,A01,0,38,0,1,1,1,1,1
2.024E+11,155 741 819,B01,2,7,0,2,3,1,1,
2.024E+11,155 741 820,A01,1,2,0,2,1,13,1,
2.024E+11,155 741 817,B01,2,7,0,2,2,1,1,
2.024E+11,155 741 818,A01,1,2,0,2,3,19,1,
2.024E+11,155 741 816,A01,1,7,6,0,1,14,1,
2.024E+11,155 741 814,A01,1,7,0,2,2,15,0,
2.024E+11,155 741 815,B01,1,33,0,2,2,13,1,
2.024E+11,155 741 813,A01,2,7,0,1,2,1,1,
2.024E+11,155 741 810,A01,0,10,0,2,2,1,1,
2.024E+11,155 741 811,B01,0,2,0,2,3,15,1,
2.024E+11,155 741 809,A01,0,7,5,0,1,1,3,
2.024E+11,155 741 807,A01,2,7,0,2,1,13,1,
2.024E+11,155 741 808,B01,1,15,0,2,1,1,1,
2.024E+11,155 741 805,B01,1,7,11,2,1,1,1,
2.024E+11,155 741 806,A01,1,7,11,2,7,19,1,
2.024E+11,155 741 803,B01,0,1,0,2,2,19,5,
2.024E+11,155 741 804,A01,0,7,0,0,5,26,1,
2.024E+11,155 741 801,B01,2,7,0,2,3,1,1,
2.024E+11,155 741 802,A01,2,7,0,2,2,1,1,
2.024E+11,155 741 799,B01,2,1,0,2,1,1,5,
2.024E+11,155 741 800,A01,1,7,0,2,1,15,1,
2.024E+11,155 741 797,B01,1,7,0,2,1,1,1,
2.024E+11,155 741 798,A01,2,7,0,0,3,16,1,
2.024E+11,155 741 795,B01,2,7,0,2,1,1,1,
2.024E+11,155 741 796,A01,1,7,0,0,7,1,1,
2.024E+11,155 741 794,A01,1,7,2,0,3,1,1,
2.024E+11,155 741 793,A01,1,7,15,0,0,0,1,
2.024E+11,155 741 792,A01,1,10,8,0,1,1,1,
2.024E+11,155 741 790,A01,0,32,0,2,1,14,1,
2.024E+11,155 741 791,B01,0,7,0,2,3,15,1,
2.024E+11,155 741 788,B01,3,0,0,2,0,5,0,
2.024E+11,155 741 789,A01,3,33,6,2,3,1,1,
2.024E+11,155 741 786,A01,1,7,0,2,3,1,1,
2.024E+11,155 741 787,B01,2,7,0,2,1,13,1,
2.024E+11,155 741 785,A01,1,33,0,6,1,1,1,
2.024E+11,155 741 784,A01,1,7,0,1,2,21,1,
2.024E+11,155 741 783,A01,2,7,2,0,1,1,1,
2.024E+11,155 741 781,A01,3,7,0,2,1,15,2,
2.024E+11,155 741 782,B01,1,7,0,2,1,1,1,
2.024E+11,155 741 780,A01,1,80,11,0,9,0,3,
2.024E+11,155 741 777,A01,3,7,0,2,7,13,1,
2.024E+11,155 741 778,B01,3,7,0,2,6,1,1,
2.024E+11,155 741 779,C01,3,7,0,2,1,1,1,
2.024E+11,155 741 774,A01,3,10,16,0,9,0,1,
2.024E+11,155 741 773,A01,2,7,15,0,1,13,1,
2.024E+11,155 741 772,A01,2,7,16,0,0,1,1,
2.024E+11,155 741 770,A01,1,33,0,2,1,17,1,
2.024E+11,155 741 771,B01,1,7,0,2,3,10,1,
2.024E+11,155 741 768,A01,1,7,0,2,1,2,1,
2.024E+11,155 741 769,B01,1,7,13,0,4,1,1,
2.024E+11,155 741 766,A01,1,2,0,2,1,13,1,
2.024E+11,155 741 767,B01,2,7,0,2,1,1,1,
2.024E+11,155 741 765,A01,2,7,0,1,4,4,1,
2.024E+11,155 741 763,A01,1,33,0,0,7,1,1,
2.024E+11,155 741 764,B01,1,33,8,0,8,1,1,
2.024E+11,155 741 761,B01,1,7,0,2,5,15,1,
2.024E+11,155 741 762,A01,2,2,0,2,1,1,1,
2.024E+11,155 741 758,C01,1,10,0,2,1,1,1,
2.024E+11,155 741 759,A01,2,7,0,2,2,13,1,