Num_Acc,id_vehicule,num_veh,senc,catv,obs,obsm,choc,manv,motor,occutc
2.024E+11,155 740 355,A01,1,7,0,2,1,2,1,
2.024E+11,155 740 356,B01,1,7,0,0,8,23,1,
2.024E+11,155 740 357,C01,1,7,0,0,6,23,1,
2.024E+11,155 740 359,D01,1,10,0,0,7,2,1,
2.024E+11,155 740 354,A01,2,7,3,0,1,1,1,
2.024E+11,155 740 352,A01,1,10,0,2,5,14,1,
2.024E+11,155 740 353,B01,1,33,0,2,3,1,1,
2.024E+11,155 740 351,A01,1,7,4,0,1,1,1,
2.024E+11,155 740 349,A01,1,10,0,2,2,1,1,
2.024E+11,155 740 350,B01,1,7,0,2,3,15,2,
2.024E+11,155 740 346,B01,1,10,0,2,4,1,1,
2.024E+11,155 740 347,A01,1,7,0,2,1,1,1,
2.024E+11,155 740 348,Z01,1,7,0,2,1,1,0,
2.024E+11,155 740 345,A01,3,7,6,0,1,0,2,
2.024E+11,155 740 344,A01,1,7,4,0,1,1,1,
2.024E+11,155 740 342,B01,1,7,0,2,8,1,1,
2.024E+11,155 740 343,A01,2,80,0,2,3,13,3,
2.024E+11,155 740 340,A01,2,33,0,2,3,3,1,
2.024E+11,155 740 341,Z01,2,7,0,2,2,14,0,
2.024E+11,155 740 334,E01,2,37,0,2,1,16,1,1
2.024E+11,155 740 335,A01,1,7,6,2,1,11,1,
2.024E+11,155 740 337,B01,1,7,0,2,5,23,1,
2.024E+11,155 740 338,C01,2,7,0,2,7,1,1,
2.024E+11,155 740 339,D01,1,7,0,2,6,2,1,
2.024E+11,155 740 333,A01,2,7,3,2,6,24,1,
2.024E+11,155 740 336,B01,2,7,0,2,2,2,2,
2.024E+11,155 740 332,A01,1,7,9,0,1,0,1,
2.024E+11,155 740 330,A01,1,2,0,0,2,1,1,
2.024E+11,155 740 325,A01,1,7,0,2,1,1,1,
2.024E+11,155 740 326,B01,1,1,0,2,4,13,5,
2.024E+11,155 740 323,A01,1,7,0,2,1,1,1,
2.024E+11,155 740 324,B01,1,7,0,2,6,1,1,
2.024E+11,155 740 327,C01,1,7,0,2,8,1,1,
2.024E+11,155 740 328,E01,1,7,0,2,4,1,1,
2.024E+11,155 740 329,F01,1,7,0,2,4,1,1,
2.024E+11,155 740 331,D01,1,7,0,2,4,1,2,
2.024E+11,155 740 321,A01,3,7,0,2,8,19,1,
2.024E+11,155 740 322,B01,2,38,0,2,1,1,1,1
2.024E+11,155 740 320,A01,1,7,0,1,2,1,1,
2.024E+11,155 740 319,A01,0,33,0,0,0,0,1,
2.024E+11,155 740 318,A01,1,7,13,0,1,1,1,
2.024E+11,155 740 316,A01,2,7,0,2,4,1,1,
2.024E+11,155 740 317,B01,2,10,0,2,1,2,1,
2.024E+11,155 740 315,A01,3,7,2,0,1,1,1,
2.024E+11,155 740 313,A01,1,7,0,0,9,1,1,
2.024E+11,155 740 312,A01,2,7,0,2,1,2,1,
2.024E+11,155 740 314,B01,2,7,0,2,6,1,1,
2.024E+11,155 740 309,A01,2,50,0,2,1,1,3,
2.024E+11,155 740 311,B01,2,7,0,2,8,22,3,
2.024E+11,155 740 308,A01,1,7,0,2,4,1,2,
2.024E+11,155 740 310,B01,1,7,0,2,1,1,1,
2.024E+11,155 740 305,A01,2,7,0,2,1,9,1,
2.024E+11,155 740 307,B01,3,1,0,2,7,1,5,
2.024E+11,155 740 304,B01,2,7,0,2,4,2,1,
2.024E+11,155 740 306,A01,2,7,0,2,1,2,1,
2.024E+11,155 740 303,A01,1,7,12,0,2,26,1,
2.024E+11,155 740 301,B01,1,7,0,2,6,1,1,
2.024E+11,155 740 302,Z01,1,7,0,2,2,1,1,
2.024E+11,155 740 299,B01,2,2,0,2,6,1,1,
2.024E+11,155 740 300,A01,1,80,0,2,1,5,3,
2.024E+11,155 740 296,B01,1,7,0,2,4,2,1,
2.024E+11,155 740 297,A01,1,10,0,2,1,2,1,
2.024E+11,155 740 298,C01,1,7,0,2,1,1,1,
2.024E+11,155 740 294,A01,1,7,0,2,3,15,1,
2.024E+11,155 740 295,B01,1,2,0,2,7,17,1,
2.024E+11,155 740 292,A01,1,7,0,2,6,11,1,
2.024E+11,155 740 293,B01,1,33,0,2,1,3,1,
2.024E+11,155 740 288,A01,1,7,0,2,1,2,1,
2.024E+11,155 740 290,B01,1,10,0,2,4,2,1,
2.024E+11,155 740 286,B01,1,7,0,2,4,23,1,
2.024E+11,155 740 287,C01,1,7,0,2,1,1,1,
2.024E+11,155 740 289,D01,1,7,0,2,5,1,1,
2.024E+11,155 740 291,A01,1,7,0,2,1,14,1,
2.024E+11,155 740 284,A01,1,7,4,0,8,21,1,
2.024E+11,155 740 283,A01,2,7,0,2,1,15,1,
2.024E+11,155 740 285,B01,1,34,0,2,1,1,1,
2.024E+11,155 740 282,A01,1,7,4,0,2,2,1,
2.024E+11,155 740 281,A01,2,7,1,0,3,1,1,
2.024E+11,155 740 278,B01,1,7,0,2,5,2,3,
2.024E+11,155 740 280,A01,1,33,0,2,3,21,1,
2.024E+11,155 740 276,A01,2,7,0,2,6,21,1,
2.024E+11,155 740 279,B01,2,7,0,2,3,13,1,
2.024E+11,155 740 275,B01,1,7,0,2,4,2,1,
2.024E+11,155 740 277,A01,1,10,0,2,1,2,1,
2.024E+11,155 740 272,B01,3,50,0,2,1,5,3,
2.024E+11,155 740 274,A01,3,10,0,2,2,0,1,
2.024E+11,155 740 270,A01,2,7,0,9,1,26,1,
2.024E+11,155 740 273,B01,1,1,0,2,4,26,5,
2.024E+11,155 740 269,A01,2,7,0,2,1,2,1,
2.024E+11,155 740 271,B01,2,7,0,2,4,1,1,
2.024E+11,155 740 268,A01,2,33,0,0,0,1,1,
2.024E+11,155 740 264,B01,1,7,0,2,2,2,1,
2.024E+11,155 740 266,A01,1,7,0,2,4,1,1,
2.024E+11,155 740 262,A01,2,10,0,2,1,2,1,
2.024E+11,155 740 265,B01,2,10,0,2,4,2,1,
2.024E+11,155 740 267,C01,2,7,0,2,4,2,1,
2.024E+11,155 740 261,B01,3,7,0,2,2,1,1,
2.024E+11,155 740 263,A01,3,7,0,2,3,9,1,
2.024E+11,155 740 260,A01,2,31,15,0,1,1,1,
2.024E+11,155 740 258,A01,2,30,0,2,1,15,1,
2.024E+11,155 740 259,B01,1,7,0,2,6,2,1,
2.024E+11,155 740 256,A01,1,7,4,0,1,1,1,
2.024E+11,155 740 257,A01,3,7,0,1,1,1,2,
2.024E+11,155 740 253,A01,3,7,0,2,1,13,1,
2.024E+11,155 740 255,B01,3,7,0,2,1,1,1,
2.024E+11,155 740 251,A01,1,33,0,2,1,3,1,
2.024E+11,155 740 254,B01,1,7,0,2,6,11,1,
2.024E+11,155 740 250,B01,1,7,0,2,3,9,1,
2.024E+11,155 740 252,A01,3,37,14,0,5,0,3,1
2.024E+11,155 740 247,B01,1,7,0,2,2,2,1,
2.024E+11,155 740 249,A01,1,33,0,2,3,2,1,
2.024E+11,155 740 242,A01,1,7,4,2,3,11,3,
2.024E+11,155 740 244,B01,1,33,4,2,1,3,1,
2.024E+11,155 740 243,B01,2,37,1,0,7,21,0,2
2.024E+11,155 740 246,A01,2,10,0,2,3,22,6,
2.024E+11,155 740 240,A01,2,7,1,0,2,14,2,
2.024E+11,155 740 237,A01,1,7,0,2,4,1,1,
2.024E+11,155 740 239,B01,1,33,0,2,1,1,1,
2.024E+11,155 740 236,A01,3,7,0,2,7,1,1,
2.024E+11,155 740 238,B01,3,7,0,2,1,17,1,
2.024E+11,155 740 235,A01,0,7,1,0,9,0,1,
2.024E+11,155 740 232,A01,3,3,8,0,1,19,1,
2.024E+11,155 740 229,C01,2,7,0,2,4,2,1,
2.024E+11,155 740 230,D01,2,10,0,2,4,2,1,
2.024E+11,155 740 233,A01,2,10,0,2,1,2,1,
2.024E+11,155 740 234,B01,2,10,0,2,4,2,1,
2.024E+11,155 740 226,A01,1,7,0,2,8,9,1,
2.024E+11,155 740 228,B01,1,33,0,2,7,1,1,
2.024E+11,155 740 227,A01,1,43,0,2,1,26,1,
2.024E+11,155 740 231,B01,1,10,0,2,2,21,3,
2.024E+11,155 740 225,A01,1,31,0,0,7,9,1,
2.024E+11,155 740 224,A01,3,7,0,1,3,1,1,
2.024E+11,155 740 220,B01,1,50,0,2,4,0,3,
2.024E+11,155 740 222,Z01,1,7,0,2,1,11,1,
2.024E+11,155 740 221,A01,2,7,0,2,3,15,2,
2.024E+11,155 740 223,B01,2,32,0,2,1,1,1,
2.024E+11,155 740 217,A01,1,7,0,0,8,15,1,
2.024E+11,155 740 218,B01,1,33,0,2,1,17,1,
2.024E+11,155 740 215,A01,3,3,0,2,0,0,1,
2.024E+11,155 740 219,B01,2,7,0,2,8,1,1,
2.024E+11,155 740 214,A01,1,7,0,1,5,1,1,
2.024E+11,155 740 212,A01,3,7,8,0,1,1,1,
2.024E+11,155 740 211,A01,1,7,0,2,1,2,1,
2.024E+11,155 740 213,B01,1,7,0,2,4,23,1,
2.024E+11,155 740 216,C01,2,7,0,2,3,5,2,
2.024E+11,155 740 206,A01,3,34,14,0,8,16,1,
2.024E+11,155 740 208,A01,2,31,0,0,0,1,1,
2.024E+11,155 740 207,A01,2,7,0,2,6,26,1,
2.024E+11,155 740 209,B01,2,33,0,2,1,0,1,
2.024E+11,155 740 203,A01,1,34,0,2,1,2,1,
2.024E+11,155 740 205,B01,1,7,0,2,5,2,1,
2.024E+11,155 740 204,A01,1,20,13,0,8,10,1,
2.024E+11,155 740 200,A01,0,2,0,0,1,0,1,
2.024E+11,155 740 198,C01,2,7,14,2,1,1,1,
2.024E+11,155 740 199,B01,2,7,14,2,1,1,1,
2.024E+11,155 740 201,A01,2,7,14,2,4,1,1,
2.024E+11,155 740 202,A01,1,7,0,1,3,1,1,
2.024E+11,155 740 197,A01,1,15,1,2,6,2,1,
2.024E+11,155 740 192,C01,1,7,0,2,1,1,1,
2.024E+11,155 740 195,A01,1,7,0,2,4,15,1,
2.024E+11,155 740 196,B01,1,10,0,2,4,1,1,
2.024E+11,155 740 191,B01,2,7,0,2,1,1,1,
2.024E+11,155 740 194,A01,1,7,0,2,2,15,1,
2.024E+11,155 740 185,B01,2,7,0,2,3,11,1,
2.024E+11,155 740 187,A01,2,33,0,2,2,3,1,
2.024E+11,155 740 189,C01,2,7,0,2,4,1,1,
2.024E+11,155 740 186,A01,2,7,0,2,7,15,1,
2.024E+11,155 740 188,B01,1,1,0,2,8,1,5,
2.024E+11,155 740 184,A01,1,7,13,0,1,2,1,
2.024E+11,155 740 182,A01,1,31,0,0,8,13,1,
2.024E+11,155 740 183,A01,1,37,0,1,1,1,1,1
2.024E+11,155 740 179,A01,0,50,0,2,1,15,3,
2.024E+11,155 740 181,B01,0,10,0,9,3,1,1,
2.024E+11,155 740 176,A01,3,1,0,0,1,1,5,
2.024E+11,155 740 178,A01,1,7,0,2,1,15,1,
2.024E+11,155 740 180,B01,2,7,0,2,2,1,1,
2.024E+11,155 740 177,A01,0,7,5,0,1,1,1,
2.024E+11,155 740 175,A01,2,7,2,0,9,1,1,
2.024E+11,155 740 171,B01,2,7,0,2,5,2,1,
2.024E+11,155 740 174,A01,2,31,0,2,1,9,1,
2.024E+11,155 740 170,B01,0,31,0,2,1,0,1,
2.024E+11,155 740 172,A01,3,31,0,2,2,0,0,
2.024E+11,155 740 168,B01,1,33,0,2,1,1,1,
2.024E+11,155 740 173,A01,1,7,0,2,2,19,1,
2.024E+11,155 740 167,A01,1,7,0,2,2,15,2,
2.024E+11,155 740 169,B01,2,7,0,2,1,1,1,
2.024E+11,155 740 164,A01,2,33,2,2,1,17,1,
2.024E+11,155 740 166,B01,2,7,2,2,3,15,1,
2.024E+11,155 740 163,A01,1,7,0,2,3,1,1,
2.024E+11,155 740 165,B01,2,7,0,2,1,15,1,
2.024E+11,155 740 162,A01,2,33,0,0,8,14,1,
2.024E+11,155 740 161,A01,1,7,0,1,1,1,1,
2.024E+11,155 740 157,A01,1,7,10,0,0,14,1,
2.024E+11,155 740 156,B01,3,7,0,2,6,15,1,
2.024E+11,155 740 159,A01,3,7,0,2,1,2,1,
2.024E+11,155 740 155,B01,1,7,0,2,6,23,1,
2.024E+11,155 740 158,C01,1,7,0,2,1,1,1,
2.024E+11,155 740 160,A01,1,0,1,0,2,2,0,
2.024E+11,155 740 152,A01,1,7,0,2,2,15,1,
2.024E+11,155 740 154,B01,2,33,0,2,1,1,1,
2.024E+11,155 740 151,A01,1,7,0,2,2,1,2,
2.024E+11,155 740 150,A01,1,7,13,0,3,13,3,
2.024E+11,155 740 149,A01,2,7,0,2,1,1,1,
2.024E+11,155 740 153,B01,2,7,15,2,2,1,1,
2.024E+11,155 740 147,A01,2,50,0,0,8,0,3,
2.024E+11,155 740 148,A01,1,3,0,1,1,1,1,
2.024E+11,155 740 144,A01,2,7,0,2,2,13,1,
2.024E+11,155 740 146,B01,1,7,0,2,2,21,1,
2.024E+11,155 740 143,X01,1,0,0,2,2,2,0,
2.024E+11,155 740 145,B01,1,7,12,0,6,23,0,
2.024E+11,155 740 142,A01,3,31,0,5,1,1,1,
2.024E+11,155 740 139,A01,1,33,0,2,1,1,1,
2.024E+11,155 740 141,B01,3,7,0,2,8,15,1,
2.024E+11,155 740 137,B01,2,7,0,2,1,1,1,
2.024E+11,155 740 140,A01,1,10,0,2,2,21,1,
2.024E+11,155 740 136,B01,1,7,0,2,3,9,0,
2.024E+11,155 740 138,A01,1,31,0,2,1,1,0,
2.024E+11,155 740 134,B01,2,7,0,2,1,1,1,
2.024E+11,155 740 135,A01,2,7,0,2,1,11,1,
2.024E+11,155 740 133,A01,1,7,0,1,2,1,1,
2.024E+11,155 740 131,A01,1,33,0,0,0,1,1,
2.024E+11,155 740 128,A01,2,33,0,2,7,17,1,
2.024E+11,155 740 130,B01,2,17,0,2,6,2,1,
2.024E+11,155 740 132,C01,1,7,0,2,1,1,1,
2.024E+11,155 740 126,B01,2,33,0,2,1,1,1,
2.024E+11,155 740 129,A01,1,3,0,0,3,9,3,
2.024E+11,155 740 125,B01,1,7,0,2,4,1,1,
2.024E+11,155 740 127,A01,1,13,0,2,1,1,3,
2.024E+11,155 740 122,A01,1,7,8,9,1,1,1,
2.024E+11,155 740 124,B01,1,1,0,2,4,1,5,
2.024E+11,155 740 120,A01,3,7,8,2,9,1,1,
2.024E+11,155 740 118,A01,2,7,0,9,1,1,0,
2.024E+11,155 740 121,B01,2,1,0,0,4,15,5,
2.024E+11,155 740 117,A01,2,7,0,1,1,1,1,
2.024E+11,155 740 116,B01,0,2,0,2,2,19,1,
2.024E+11,155 740 119,A01,0,7,0,0,7,1,1,
2.024E+11,155 740 113,A01,1,7,0,2,2,11,1,
2.024E+11,155 740 115,B01,2,32,0,2,3,1,1,
2.024E+11,155 740 112,A01,1,2,0,2,3,13,1,
2.024E+11,155 740 114,B01,2,7,0,2,3,21,1,
2.024E+11,155 740 109,B01,3,1,0,2,7,26,5,
2.024E+11,155 740 110,A01,3,7,7,2,1,1,1,
2.024E+11,155 740 108,A01,2,30,9,2,1,1,1,
2.024E+11,155 740 111,B01,1,7,0,2,3,15,1,
2.024E+11,155 740 106,A01,3,7,0,1,3,26,2,
2.024E+11,155 740 104,A01,2,7,0,2,1,2,1,
2.024E+11,155 740 107,B01,2,21,0,0,4,1,1,
2.024E+11,155 740 100,A01,1,7,0,2,6,9,1,
2.024E+11,155 740 103,B01,1,2,0,0,1,1,1,
2.024E+11,155 740 102,A01,1,7,0,2,1,9,1,
2.024E+11,155 740 105,B01,1,30,0,2,7,1,1,
2.024E+11,155 740 098,B01,1,7,0,2,3,1,2,
2.024E+11,155 740 101,A01,1,7,0,2,2,1,1,
2.024E+11,155 740 094,B01,2,7,0,2,3,1,1,
2.024E+11,155 740 097,A01,1,7,0,2,6,13,1,
2.024E+11,155 740 095,A01,3,7,0,2,6,19,1,
2.024E+11,155 740 099,B01,2,7,0,2,3,1,1,
2.024E+11,155 740 093,A01,1,7,1,2,1,26,1,
2.024E+11,155 740 096,B01,2,7,0,0,0,0,1,
2.024E+11,155 740 088,B01,3,10,0,2,4,2,1,
2.024E+11,155 740 091,C01,3,7,0,0,4,0,1,
2.024E+11,155 740 092,A01,3,7,0,2,1,1,1,
2.024E+11,155 740 086,A01,2,7,0,2,3,15,2,
2.024E+11,155 740 090,B01,2,2,0,2,1,1,1,
2.024E+11,155 740 085,A01,1,7,0,2,3,13,1,
2.024E+11,155 740 089,B01,2,15,0,2,3,1,1,
2.024E+11,155 740 084,A01,1,33,0,2,0,0,1,
2.024E+11,155 740 087,B01,2,10,0,2,0,0,1,
2.024E+11,155 740 083,Z01,3,0,0,1,1,2,0,
2.024E+11,155 740 082,A01,1,33,0,0,1,1,1,
2.024E+11,155 740 079,A01,2,1,0,0,0,1,5,
2.024E+11,155 740 078,A01,2,7,0,0,2,1,1,
2.024E+11,155 740 080,B01,1,7,0,2,2,1,1,
2.024E+11,155 740 081,A01,1,10,0,2,1,19,1,
2.024E+11,155 740 073,B01,3,50,12,2,1,5,3,
2.024E+11,155 740 076,A01,2,7,12,0,5,16,1,
2.024E+11,155 740 074,A01,1,10,8,0,3,1,1,
2.024E+11,155 740 075,A01,1,7,16,0,0,2,1,
2.024E+11,155 740 072,B01,3,7,0,2,8,1,1,
2.024E+11,155 740 077,A01,3,30,0,2,1,19,1,
2.024E+11,155 740 071,A01,1,33,0,1,1,1,1,
2.024E+11,155 740 070,A01,1,33,0,0,7,1,1,
2.024E+11,155 740 064,A01,2,7,13,2,1,1,1,
2.024E+11,155 740 067,B01,1,7,0,2,2,1,2,
2.024E+11,155 740 065,B01,1,33,0,2,0,17,1,
2.024E+11,155 740 068,A01,1,1,0,2,1,2,5,
2.024E+11,155 740 066,A01,1,7,0,2,1,15,1,
2.024E+11,155 740 069,B01,2,32,0,2,8,1,1,
2.024E+11,155 740 063,A01,3,7,0,1,3,1,1,
2.024E+11,155 740 062,A01,1,7,8,0,1,2,1,
2.024E+11,155 740 061,A01,2,7,2,0,3,1,1,
2.024E+11,155 740 060,A01,1,7,1,0,1,14,1,
2.024E+11,155 740 058,A01,0,7,0,2,2,19,1,
2.024E+11,155 740 059,B01,0,2,0,2,1,1,1,
2.024E+11,155 740 054,A01,2,21,15,0,1,14,1,
2.024E+11,155 740 053,B01,1,33,0,2,8,1,1,
2.024E+11,155 740 056,A01,1,7,0,0,3,15,1,
2.024E+11,155 740 051,A01,2,7,9,0,1,13,1,
2.024E+11,155 740 052,B01,3,7,0,0,0,23,1,
2.024E+11,155 740 055,C01,3,7,0,0,5,24,1,
2.024E+11,155 740 057,A01,3,7,1,0,1,26,2,
2.024E+11,155 740 045,A01,3,7,0,9,1,15,1,
2.024E+11,155 740 047,B01,3,50,0,2,1,1,3,
2.024E+11,155 740 044,A01,3,7,12,0,2,1,1,
2.024E+11,155 740 046,A01,3,33,0,2,2,1,1,
2.024E+11,155 740 048,B01,3,7,0,2,4,20,1,
2.024E+11,155 740 039,A01,2,33,0,2,1,17,1,
2.024E+11,155 740 042,B01,1,7,0,2,5,15,1,
2.024E+11,155 740 040,A01,1,10,0,2,1,1,1,
2.024E+11,155 740 043,B01,1,7,0,2,8,1,1,
2.024E+11,155 740 038,A01,1,7,0,2,1,1,1,
2.024E+11,155 740 041,B01,1,7,0,2,4,0,1,
2.024E+11,155 740 037,A01,1,7,16,0,1,1,1,
2.024E+11,155 740 033,A01,3,7,0,2,3,16,1,
2.024E+11,155 740 036,B01,3,7,0,2,2,1,1,
2.024E+11,155 740 032,B01,3,7,0,2,1,1,1,
2.024E+11,155 740 034,A01,3,33,0,2,1,26,1,
2.024E+11,155 740 028,A01,3,7,0,2,2,16,1,
2.024E+11,155 740 031,B01,3,60,0,2,3,0,5,
2.024E+11,155 740 027,B01,2,7,0,2,1,9,1,
2.024E+11,155 740 035,A01,1,7,0,2,1,1,1,
2.024E+11,155 740 026,A01,2,31,0,2,1,7,1,
2.024E+11,155 740 029,B01,2,7,0,2,2,16,1,
2.024E+11,155 740 025,A01,1,0,0,2,0,0,0,
2.024E+11,155 740 030,B01,1,80,0,0,4,1,3,
2.024E+11,155 740 022,A01,3,7,6,0,1,1,1,
2.024E+11,155 740 023,A01,2,33,8,0,1,1,1,
2.024E+11,155 740 021,A01,0,7,0,2,1,15,1,
2.024E+11,155 740 024,B01,0,7,0,2,8,15,1,
2.024E+11,155 740 017,A01,3,33,0,0,0,1,1,
2.024E+11,155 740 016,A01,2,7,0,2,1,15,1,
2.024E+11,155 740 019,B01,1,50,0,2,3,1,3,
2.024E+11,155 740 012,A01,1,7,0,2,1,2,1,
2.024E+11,155 740 014,B01,1,7,0,2,4,2,1,
2.024E+11,155 740 018,D01,1,7,0,2,1,2,1,
2.024E+11,155 740 020,C01,1,7,0,2,5,0,2,
2.024E+11,155 740 007,B01,2,7,0,2,6,1,2,
2.024E+11,155 740 010,A01,2,31,0,2,1,1,1,
2.024E+11,155 740 008,A01,2,7,0,2,3,15,1,
2.024E+11,155 740 011,B01,1,31,0,2,2,1,1,
2.024E+11,155 740 006,A01,1,7,0,1,1,15,1,
2.024E+11,155 740 005,B01,2,80,0,2,1,1,3,
2.024E+11,155 740 009,A01,1,10,0,2,3,16,1,
2.024E+11,155 740 002,A01,2,7,6,0,1,21,1,
2.024E+11,155 740 000,A01,2,7,0,2,6,16,1,
2.024E+11,155 740 004,B01,2,50,0,2,3,5,3,
2.024E+11,155 739 999,A01,1,7,3,2,1,14,1,
2.024E+11,155 740 003,B01,1,10,0,2,4,0,0,
2.024E+11,155 739 998,A01,2,7,0,2,8,19,1,
2.024E+11,155 740 001,B01,1,33,0,2,3,21,1,
2.024E+11,155 739 996,A01,0,2,1,0,0,0,0,
2.024E+11,155 739 994,A01,1,2,0,2,1,2,1,
2.024E+11,155 739 997,B01,1,32,0,2,4,2,1,
2.024E+11,155 739 993,A01,0,10,0,1,3,16,1,
2.024E+11,155 739 992,A01,1,3,0,2,1,2,1,
2.024E+11,155 739 995,B01,1,7,0,2,7,2,1,
2.024E+11,155 739 990,A01,2,33,0,2,3,13,1,
2.024E+11,155 739 991,B01,1,7,0,0,3,1,1,
2.024E+11,155 739 986,A01,1,7,0,2,1,1,1,
2.024E+11,155 739 989,B01,1,15,0,2,4,1,1,
2.024E+11,155 739 985,A01,3,7,0,2,2,1,0,
2.024E+11,155 739 988,B01,1,1,0,2,0,0,0,
2.024E+11,155 739 984,A01,0,7,0,0,8,9,1,
2.024E+11,155 739 987,B01,2,33,0,0,1,1,1,
2.024E+11,155 739 983,A01,1,7,6,0,2,1,1,
2.024E+11,155 739 981,B01,1,1,0,2,6,2,5,
2.024E+11,155 739 982,A01,1,10,0,2,7,2,1,
2.024E+11,155 739 979,A01,1,33,14,0,1,1,1,
2.024E+11,155 739 980,A01,2,7,0,1,1,1,1,
2.024E+11,155 739 977,A01,3,10,0,2,1,2,1,
2.024E+11,155 739 978,B01,3,33,0,2,4,23,1,
2.024E+11,155 739 973,B01,1,7,0,2,1,1,1,
2.024E+11,155 739 976,A01,2,7,0,2,1,5,1,
2.024E+11,155 739 970,B01,2,7,0,2,0,0,1,
2.024E+11,155 739 972,A01,2,50,0,2,0,0,3,
2.024E+11,155 739 971,B01,3,7,0,2,1,19,1,
2.024E+11,155 739 974,A01,2,7,0,2,7,1,1,
2.024E+11,155 739 969,B01,2,50,0,2,7,1,3,
2.024E+11,155 739 975,A01,2,7,0,2,1,1,1,
2.024E+11,155 739 967,A01,1,32,0,1,1,17,1,
2.024E+11,155 739 966,B01,1,7,6,2,7,1,1,
2.024E+11,155 739 968,A01,1,7,0,2,1,1,1,
2.024E+11,155 739 965,A01,2,7,7,0,1,14,1,
2.024E+11,155 739 964,A01,2,7,0,1,2,1,1,
2.024E+11,155 739 961,A01,0,7,0,1,8,1,1,
2.024E+11,155 739 960,B01,2,7,0,2,8,9,1,
2.024E+11,155 739 963,A01,2,7,0,2,2,1,1,
2.024E+11,155 739 958,A01,2,7,0,2,8,9,1,
2.024E+11,155 739 962,B01,1,2,0,2,1,1,1,
2.024E+11,155 739 955,A01,3,7,0,1,5,4,1,
2.024E+11,155 739 953,A01,1,33,0,2,1,1,1,
2.024E+11,155 739 956,B01,2,7,0,2,2,15,1,
2.024E+11,155 739 954,B01,1,7,0,2,4,23,3,
2.024E+11,155 739 957,C01,1,7,0,2,4,23,1,
2.024E+11,155 739 959,A01,1,10,0,2,1,2,1,
2.024E+11,155 739 948,A01,1,80,0,1,1,1,3,
2.024E+11,155 739 945,B01,0,1,0,2,1,23,5,
2.024E+11,155 739 950,A01,3,7,0,2,4,4,1,
2.024E+11,155 739 943,A01,1,7,0,2,1,2,1,
2.024E+11,155 739 947,C01,1,7,0,2,4,2,1,
2.024E+11,155 739 951,D01,1,7,0,2,1,2,1,
2.024E+11,155 739 952,B01,1,7,0,2,4,2,2,
2.024E+11,155 739 942,A01,3,7,6,0,1,1,1,
2.024E+11,155 739 940,A01,1,7,0,2,3,13,1,
2.024E+11,155 739 944,D01,1,7,0,2,6,2,1,
2.024E+11,155 739 946,B01,1,7,0,2,4,2,1,
2.024E+11,155 739 949,C01,2,33,0,2,1,1,1,
2.024E+11,155 739 939,A01,1,7,0,2,3,13,1,
2.024E+11,155 739 941,B01,2,7,0,2,3,1,2,
2.024E+11,155 739 937,A01,1,7,0,2,1,2,1,
2.024E+11,155 739 938,B01,1,7,0,2,4,2,1,
2.024E+11,155 739 935,B01,1,17,0,2,4,1,0,
2.024E+11,155 739 936,A01,1,7,0,2,1,2,1,
2.024E+11,155 739 934,A01,2,33,0,0,0,1,1,
2.024E+11,155 739 931,A01,2,7,0,2,1,15,1,
2.024E+11,155 739 933,B01,1,31,15,2,8,1,3,
2.024E+11,155 739 928,A01,1,7,13,0,3,14,1,
2.024E+11,155 739 930,B01,2,30,0,2,1,1,1,
2.024E+11,155 739 932,Z01,1,0,0,2,2,15,0,
2.024E+11,155 739 926,A01,2,43,4,0,3,1,1,
2.024E+11,155 739 927,B01,1,7,0,9,7,1,1,
2.024E+11,155 739 929,A01,2,80,0,2,0,16,3,
2.024E+11,155 739 922,B01,2,7,0,2,4,15,1,
2.024E+11,155 739 924,A01,2,10,0,2,1,2,1,
2.024E+11,155 739 921,B01,1,33,1,0,1,2,1,
2.024E+11,155 739 925,A01,1,15,0,0,6,2,1,
2.024E+11,155 739 919,A01,1,7,0,2,2,14,1,
2.024E+11,155 739 923,B01,1,2,0,2,3,2,1,
2.024E+11,155 739 915,A01,2,1,0,0,0,1,5,
2.024E+11,155 739 918,A01,1,7,0,9,2,9,1,
2.024E+11,155 739 920,B01,1,50,0,2,1,25,3,
2.024E+11,155 739 914,B01,2,10,0,2,8,1,1,
2.024E+11,155 739 917,A01,2,7,4,2,8,17,1,
2.024E+11,155 739 913,B01,1,33,1,0,4,1,1,
2.024E+11,155 739 916,A01,1,33,0,2,1,2,1,
2.024E+11,155 739 911,A01,1,7,0,1,1,1,2,
2.024E+11,155 739 910,A01,1,7,0,1,3,1,1,
2.024E+11,155 739 908,A01,2,7,0,9,3,9,1,
2.024E+11,155 739 912,B01,2,1,0,2,7,1,5,
2.024E+11,155 739 909,A01,1,10,0,1,3,15,1,
2.024E+11,155 739 906,A01,1,10,0,1,1,15,1,
2.024E+11,155 739 905,A01,2,1,0,2,7,1,5,
2.024E+11,155 739 907,B01,0,7,0,2,1,0,1,
2.024E+11,155 739 904,A01,1,7,6,0,3,1,1,
2.024E+11,155 739 903,A01,2,10,13,0,8,1,1,
2.024E+11,155 739 902,A01,2,38,0,1,5,20,1,1
2.024E+11,155 739 900,A01,2,34,0,2,1,7,1,
2.024E+11,155 739 901,B01,2,7,0,2,2,16,1,
2.024E+11,155 739 898,A01,3,7,0,1,2,16,1,
2.024E+11,155 739 899,A01,1,32,0,0,7,14,1,