Num_Acc,id_vehicule,num_veh,senc,catv,obs,obsm,choc,manv,motor,occutc
2.024E+11,155 739 896,B01,2,50,0,2,7,1,3,
2.024E+11,155 739 897,A01,2,7,0,2,1,9,1,
2.024E+11,155 739 894,A01,2,7,0,1,1,1,1,
2.024E+11,155 739 892,A01,0,7,0,2,1,17,1,
2.024E+11,155 739 895,B01,0,7,0,2,1,1,1,
2.024E+11,155 739 890,A01,1,7,0,1,3,1,1,
2.024E+11,155 739 889,B01,2,43,0,2,4,1,1,
2.024E+11,155 739 891,A01,2,7,0,2,1,1,1,
2.024E+11,155 739 893,C01,2,7,0,2,4,1,1,
2.024E+11,155 739 886,B01,1,1,0,2,1,19,5,
2.024E+11,155 739 888,A01,1,7,0,9,3,1,2,
2.024E+11,155 739 883,A01,1,40,0,1,1,26,6,
2.024E+11,155 739 885,A01,2,7,0,9,5,0,1,
2.024E+11,155 739 887,B01,2,1,0,2,8,0,5,
2.024E+11,155 739 882,A01,1,7,0,2,4,2,1,
2.024E+11,155 739 884,B01,1,7,0,2,1,2,1,
2.024E+11,155 739 880,B01,2,7,0,2,6,1,1,
2.024E+11,155 739 881,A01,2,1,0,2,4,26,5,
2.024E+11,155 739 876,A01,1,7,3,2,1,1,1,
2.024E+11,155 739 877,B01,1,7,0,2,4,1,1,
2.024E+11,155 739 872,B01,3,7,0,2,1,5,1,
2.024E+11,155 739 879,A01,3,7,0,2,1,0,1,
2.024E+11,155 739 873,A01,2,7,0,0,1,21,1,
2.024E+11,155 739 874,A01,3,43,0,2,1,1,1,
2.024E+11,155 739 875,B01,3,7,0,2,2,1,1,
2.024E+11,155 739 866,B01,3,1,0,0,0,0,5,
2.024E+11,155 739 869,Z01,1,7,0,2,0,16,0,
2.024E+11,155 739 865,D01,2,7,0,2,1,26,1,
2.024E+11,155 739 868,A01,2,7,0,2,4,26,1,
2.024E+11,155 739 870,B01,2,7,0,2,4,23,1,
2.024E+11,155 739 871,C01,2,7,0,2,4,26,1,
2.024E+11,155 739 864,A01,1,43,14,0,2,6,1,
2.024E+11,155 739 863,A01,2,1,0,0,0,0,5,
2.024E+11,155 739 856,A01,2,7,0,2,1,2,1,
2.024E+11,155 739 859,B01,2,7,0,2,4,2,1,
2.024E+11,155 739 862,C01,1,10,0,2,4,2,1,
2.024E+11,155 739 857,B01,3,50,0,2,1,1,3,
2.024E+11,155 739 861,A01,3,7,0,2,1,9,1,
2.024E+11,155 739 855,B01,1,1,0,2,1,0,5,
2.024E+11,155 739 858,A01,1,7,0,9,3,9,1,
2.024E+11,155 739 854,A01,3,1,0,1,2,1,5,
2.024E+11,155 739 851,A01,2,7,0,2,0,2,1,
2.024E+11,155 739 853,B01,2,7,4,2,7,2,1,
2.024E+11,155 739 846,B01,1,33,0,2,8,1,1,
2.024E+11,155 739 849,A01,1,7,0,2,2,12,1,
2.024E+11,155 739 845,A01,1,7,0,2,4,23,1,
2.024E+11,155 739 850,B01,1,7,0,2,1,2,1,
2.024E+11,155 739 847,A01,1,7,1,2,4,2,2,
2.024E+11,155 739 848,B01,1,32,1,0,4,2,1,
2.024E+11,155 739 842,A01,1,33,0,2,1,2,1,
2.024E+11,155 739 844,B01,1,7,0,2,2,2,0,
2.024E+11,155 739 841,A01,2,7,4,2,1,2,1,
2.024E+11,155 739 843,B01,2,15,0,2,5,1,1,
2.024E+11,155 739 840,B01,2,33,0,1,2,1,1,
2.024E+11,155 739 837,A01,1,15,0,2,4,24,1,
2.024E+11,155 739 838,B01,1,7,1,0,2,1,1,
2.024E+11,155 739 836,A01,2,7,0,2,1,1,0,
2.024E+11,155 739 839,B01,2,7,0,2,4,1,0,
2.024E+11,155 739 833,B01,1,10,0,2,4,23,1,
2.024E+11,155 739 835,C01,1,0,0,2,1,2,-1,
2.024E+11,155 739 832,B01,2,33,0,2,2,1,1,
2.024E+11,155 739 834,A01,2,7,0,2,3,13,2,
2.024E+11,155 739 829,A01,1,7,0,2,1,1,1,
2.024E+11,155 739 831,B01,1,7,0,2,4,1,1,
2.024E+11,155 739 828,A01,2,7,0,2,1,2,1,
2.024E+11,155 739 830,B01,1,33,0,2,4,2,1,
2.024E+11,155 739 826,A01,2,10,0,2,1,2,1,
2.024E+11,155 739 827,B01,2,7,0,2,4,2,1,
2.024E+11,155 739 824,A01,2,7,0,1,2,1,1,
2.024E+11,155 739 821,A01,2,7,0,2,2,2,1,
2.024E+11,155 739 823,B01,2,7,0,2,6,1,1,
2.024E+11,155 739 825,C01,2,7,0,2,6,1,1,
2.024E+11,155 739 820,A01,2,7,0,2,1,2,1,
2.024E+11,155 739 822,B01,2,10,0,2,4,2,1,
2.024E+11,155 739 819,A01,0,7,4,0,1,26,1,
2.024E+11,155 739 817,B01,2,7,0,2,8,14,1,
2.024E+11,155 739 818,A01,2,14,0,2,7,14,1,
2.024E+11,155 739 816,A01,2,7,3,0,4,1,1,
2.024E+11,155 739 813,B01,0,10,16,2,4,23,0,
2.024E+11,155 739 815,A01,0,30,0,2,1,18,0,
2.024E+11,155 739 811,B01,2,7,0,2,0,0,1,
2.024E+11,155 739 814,A01,2,14,0,2,2,12,1,
2.024E+11,155 739 809,A01,1,33,7,0,8,1,1,
2.024E+11,155 739 807,A01,3,7,0,2,1,13,1,
2.024E+11,155 739 808,B01,0,37,0,2,1,1,1,2
2.024E+11,155 739 805,B01,2,7,0,2,2,12,1,
2.024E+11,155 739 810,A01,2,32,0,2,1,3,1,
2.024E+11,155 739 812,C01,2,7,0,2,8,1,1,
2.024E+11,155 739 801,B01,3,1,0,2,1,1,5,
2.024E+11,155 739 804,A01,3,7,0,2,1,16,1,
2.024E+11,155 739 802,A01,1,7,1,0,4,1,1,
2.024E+11,155 739 803,B01,1,7,0,2,4,23,1,
2.024E+11,155 739 806,Z01,1,7,0,2,1,1,1,
2.024E+11,155 739 798,A01,3,34,0,1,1,1,1,
2.024E+11,155 739 797,B01,1,10,0,2,1,2,1,
2.024E+11,155 739 799,A01,1,7,0,2,4,23,2,
2.024E+11,155 739 793,A01,2,7,0,2,4,23,1,
2.024E+11,155 739 795,B01,2,1,0,2,1,2,5,
2.024E+11,155 739 794,A01,1,33,0,2,0,3,1,
2.024E+11,155 739 796,C01,1,7,0,2,4,1,2,
2.024E+11,155 739 800,B01,1,7,0,2,7,1,2,
2.024E+11,155 739 791,A01,1,7,0,2,4,1,1,
2.024E+11,155 739 792,B01,1,7,0,2,1,1,1,
2.024E+11,155 739 790,A01,2,7,1,0,1,14,2,
2.024E+11,155 739 788,A01,2,7,2,0,7,1,1,
2.024E+11,155 739 785,A01,2,7,4,2,2,2,1,
2.024E+11,155 739 787,B01,2,7,4,2,4,1,1,
2.024E+11,155 739 781,B01,2,7,0,2,4,2,1,
2.024E+11,155 739 782,A01,2,10,0,2,1,2,1,
2.024E+11,155 739 784,C01,2,7,0,2,4,2,3,
2.024E+11,155 739 786,D01,2,7,0,2,4,2,1,
2.024E+11,155 739 789,E01,2,7,0,2,4,2,1,
2.024E+11,155 739 780,B01,2,7,0,2,1,1,1,
2.024E+11,155 739 783,A01,1,10,0,2,1,13,1,
2.024E+11,155 739 777,A01,1,7,0,1,1,1,1,
2.024E+11,155 739 776,A01,2,33,0,2,7,3,1,
2.024E+11,155 739 779,B01,2,14,0,2,7,1,1,
2.024E+11,155 739 774,A01,2,2,0,1,1,1,0,
2.024E+11,155 739 775,A01,2,7,0,2,2,9,1,
2.024E+11,155 739 778,B01,2,33,0,2,1,1,1,
2.024E+11,155 739 772,A01,2,33,0,0,6,21,1,
2.024E+11,155 739 770,A01,1,10,0,0,8,15,1,
2.024E+11,155 739 773,B01,2,33,0,2,1,1,1,
2.024E+11,155 739 769,A01,2,7,4,2,1,12,1,
2.024E+11,155 739 771,B01,2,7,4,2,6,1,1,
2.024E+11,155 739 764,A01,1,34,0,2,1,15,1,
2.024E+11,155 739 766,B01,2,10,0,2,3,1,1,
2.024E+11,155 739 767,C01,2,7,0,9,6,1,1,
2.024E+11,155 739 763,B01,2,31,0,2,8,2,1,
2.024E+11,155 739 765,C01,2,7,0,0,4,2,1,
2.024E+11,155 739 768,A01,2,7,0,2,6,17,1,
2.024E+11,155 739 760,A01,1,2,3,0,1,21,1,
2.024E+11,155 739 759,B01,2,32,0,2,1,1,1,
2.024E+11,155 739 762,A01,2,7,0,2,2,15,1,
2.024E+11,155 739 758,B01,1,14,0,2,2,21,1,
2.024E+11,155 739 761,A01,2,7,4,2,6,2,1,
2.024E+11,155 739 757,A01,1,33,0,0,2,0,1,
2.024E+11,155 739 755,A01,3,7,0,2,1,2,1,
2.024E+11,155 739 756,B01,3,32,0,2,4,23,1,
2.024E+11,155 739 751,A01,1,7,3,2,3,5,1,
2.024E+11,155 739 753,B01,2,7,3,0,3,1,1,
2.024E+11,155 739 750,C01,2,7,0,2,8,2,1,
2.024E+11,155 739 752,B01,2,7,0,2,8,1,1,
2.024E+11,155 739 754,A01,2,31,0,2,9,3,1,
2.024E+11,155 739 748,A01,1,33,0,2,2,17,1,
2.024E+11,155 739 749,B01,1,7,0,2,8,15,1,
2.024E+11,155 739 745,A01,1,3,0,2,3,13,1,
2.024E+11,155 739 746,B01,2,7,0,2,0,1,1,
2.024E+11,155 739 744,B01,2,33,0,2,8,3,1,
2.024E+11,155 739 747,A01,2,7,0,2,2,12,1,
2.024E+11,155 739 741,A01,1,15,3,0,7,14,1,
2.024E+11,155 739 742,A01,1,32,0,2,1,1,1,
2.024E+11,155 739 743,B01,1,7,0,2,1,15,1,
2.024E+11,155 739 740,A01,2,1,0,1,1,5,5,
2.024E+11,155 739 738,A01,2,7,4,0,9,14,1,
2.024E+11,155 739 737,A01,1,10,0,2,5,15,1,
2.024E+11,155 739 739,B01,2,2,0,2,1,1,1,
2.024E+11,155 739 735,B01,1,32,0,2,1,17,1,
2.024E+11,155 739 736,A01,2,7,0,2,3,15,1,
2.024E+11,155 739 732,B01,1,10,0,2,0,0,1,
2.024E+11,155 739 734,A01,1,10,0,2,1,2,1,
2.024E+11,155 739 731,A01,3,7,0,2,2,19,1,
2.024E+11,155 739 733,B01,2,10,0,2,1,1,1,
2.024E+11,155 739 729,A01,2,7,0,2,2,16,1,
2.024E+11,155 739 730,B01,2,1,0,2,1,2,5,
2.024E+11,155 739 726,B01,3,7,0,0,6,26,6,
2.024E+11,155 739 728,A01,1,30,0,0,0,0,6,
2.024E+11,155 739 724,A01,1,33,0,0,8,1,1,
2.024E+11,155 739 719,A01,1,7,0,2,1,19,1,
2.024E+11,155 739 721,B01,2,7,0,2,2,1,1,
2.024E+11,155 739 720,A01,3,7,0,9,3,26,1,
2.024E+11,155 739 723,B01,2,50,0,2,1,15,3,
2.024E+11,155 739 718,A01,1,7,0,2,1,9,1,
2.024E+11,155 739 722,B01,1,1,0,2,1,0,5,
2.024E+11,155 739 714,A01,1,7,0,2,6,15,1,
2.024E+11,155 739 716,B01,1,33,0,2,6,17,1,
2.024E+11,155 739 712,A01,1,7,0,2,1,13,1,
2.024E+11,155 739 715,B01,2,7,0,2,1,1,1,
2.024E+11,155 739 713,A01,1,7,0,2,1,13,1,
2.024E+11,155 739 717,B01,2,10,0,2,1,1,1,
2.024E+11,155 739 710,A01,2,13,0,2,8,26,0,
2.024E+11,155 739 711,B01,2,7,0,2,0,16,1,
2.024E+11,155 739 706,A01,1,7,0,2,3,15,1,
2.024E+11,155 739 709,B01,2,7,0,2,3,1,1,
2.024E+11,155 739 705,A01,3,33,0,2,1,1,1,
2.024E+11,155 739 707,B01,3,7,0,2,1,17,1,
2.024E+11,155 739 708,C01,3,10,0,2,6,1,1,
2.024E+11,155 739 702,A01,3,10,0,2,1,5,1,
2.024E+11,155 739 704,B01,3,2,0,2,1,1,1,
2.024E+11,155 739 701,A01,1,7,0,1,1,1,1,
2.024E+11,155 739 700,A01,1,33,0,2,3,0,1,
2.024E+11,155 739 703,B01,1,7,0,0,5,1,1,
2.024E+11,155 739 697,A01,2,7,0,2,1,17,1,
2.024E+11,155 739 699,B01,2,7,0,2,4,13,2,
2.024E+11,155 739 696,B01,1,33,0,2,4,1,1,
2.024E+11,155 739 698,A01,1,7,0,2,1,1,1,
2.024E+11,155 739 692,B01,1,7,0,2,1,1,2,
2.024E+11,155 739 693,C01,1,7,0,2,1,1,1,
2.024E+11,155 739 695,A01,2,7,0,2,1,13,1,
2.024E+11,155 739 694,A01,2,33,7,0,8,14,1,
2.024E+11,155 739 690,A01,1,10,0,2,1,0,0,
2.024E+11,155 739 691,B01,1,10,0,2,4,23,0,
2.024E+11,155 739 689,A01,2,33,0,0,3,1,1,
2.024E+11,155 739 687,A01,1,30,0,0,0,1,6,
2.024E+11,155 739 686,A01,2,36,2,0,1,14,1,
2.024E+11,155 739 685,A01,1,7,0,9,3,1,1,
2.024E+11,155 739 688,B01,3,60,0,2,2,3,5,
2.024E+11,155 739 684,A01,1,7,16,0,3,0,1,
2.024E+11,155 739 681,B01,1,80,0,2,7,16,3,
2.024E+11,155 739 683,A01,2,7,0,9,1,9,0,
2.024E+11,155 739 680,B01,2,7,0,2,1,1,1,
2.024E+11,155 739 682,A01,1,1,0,2,7,9,5,
2.024E+11,155 739 679,A01,2,7,13,0,1,14,1,
2.024E+11,155 739 678,A01,3,7,0,1,4,4,1,
2.024E+11,155 739 676,A01,3,38,0,1,8,1,1,1
2.024E+11,155 739 673,A01,2,33,0,2,1,1,1,
2.024E+11,155 739 675,B01,1,7,0,2,3,19,1,
2.024E+11,155 739 669,A01,0,2,0,0,0,1,1,
2.024E+11,155 739 668,A01,3,7,0,2,2,1,1,
2.024E+11,155 739 671,B01,3,14,0,2,3,1,1,
2.024E+11,155 739 665,A01,1,2,0,2,8,13,1,
2.024E+11,155 739 667,B01,1,7,0,2,3,1,1,
2.024E+11,155 739 660,A01,1,10,0,2,3,1,1,
2.024E+11,155 739 662,B01,2,3,0,2,1,1,1,
2.024E+11,155 739 661,A01,0,7,0,2,1,1,1,
2.024E+11,155 739 663,B01,0,1,0,2,1,19,5,
2.024E+11,155 739 659,A01,1,32,3,0,7,17,1,
2.024E+11,155 739 657,A01,1,7,8,0,1,13,1,
2.024E+11,155 739 655,B01,2,7,0,2,4,2,1,
2.024E+11,155 739 656,A01,2,33,0,2,1,2,1,
2.024E+11,155 739 654,A01,1,33,3,0,8,1,1,
2.024E+11,155 739 651,A01,1,7,13,0,4,2,1,
2.024E+11,155 739 653,B01,1,7,0,2,1,2,1,
2.024E+11,155 739 652,A01,3,7,0,1,1,1,1,
2.024E+11,155 739 650,A01,3,7,0,1,4,20,1,
2.024E+11,155 739 647,A01,1,7,1,0,3,13,1,
2.024E+11,155 739 645,A01,1,7,1,0,2,0,1,
2.024E+11,155 739 646,A01,3,7,0,2,3,5,1,
2.024E+11,155 739 648,B01,3,7,0,2,3,15,1,
2.024E+11,155 739 644,A01,3,7,0,2,1,13,1,
2.024E+11,155 739 649,B01,3,7,0,2,1,1,1,
2.024E+11,155 739 642,A01,1,7,2,0,1,1,1,
2.024E+11,155 739 641,A01,2,32,0,6,1,1,1,
2.024E+11,155 739 640,B01,1,7,0,2,2,1,1,
2.024E+11,155 739 643,A01,2,2,0,2,1,15,1,
2.024E+11,155 739 639,A01,1,10,1,1,1,1,1,
2.024E+11,155 739 638,A01,2,33,16,0,2,1,1,
2.024E+11,155 739 636,A01,3,14,0,1,8,1,4,
2.024E+11,155 739 635,B01,2,10,0,0,1,1,1,
2.024E+11,155 739 637,A01,1,7,0,2,1,13,1,
2.024E+11,155 739 634,A01,1,33,0,0,1,1,1,
2.024E+11,155 739 633,A01,1,7,0,1,2,1,1,
2.024E+11,155 739 631,A01,3,7,0,1,2,1,1,
2.024E+11,155 739 628,A01,1,7,0,2,3,11,1,
2.024E+11,155 739 630,B01,1,7,0,2,3,12,1,
2.024E+11,155 739 625,A01,1,10,0,2,4,1,1,
2.024E+11,155 739 627,B01,1,10,0,2,1,15,1,
2.024E+11,155 739 626,B01,1,50,0,2,1,1,3,
2.024E+11,155 739 629,A01,2,7,0,2,2,15,1,
2.024E+11,155 739 624,A01,2,33,2,0,1,1,1,
2.024E+11,155 739 621,A01,1,10,6,0,1,13,1,
2.024E+11,155 739 623,A01,2,7,13,0,1,1,0,
2.024E+11,155 739 619,A01,0,7,0,2,8,20,1,
2.024E+11,155 739 620,B01,0,30,0,2,1,1,1,
2.024E+11,155 739 618,A01,2,31,13,0,9,1,1,
2.024E+11,155 739 617,B01,3,33,0,2,8,0,1,
2.024E+11,155 739 622,A01,3,7,0,2,3,26,1,
2.024E+11,155 739 615,A01,1,7,0,2,8,19,1,
2.024E+11,155 739 616,B01,2,33,0,2,1,1,1,
2.024E+11,155 739 614,A01,2,7,0,1,2,26,1,
2.024E+11,155 739 613,A01,2,36,0,6,1,19,1,
2.024E+11,155 739 607,A01,1,7,0,2,7,19,1,
2.024E+11,155 739 612,B01,2,30,0,2,1,1,1,
2.024E+11,155 739 608,B01,1,33,0,2,1,17,1,
2.024E+11,155 739 611,A01,1,7,0,0,8,15,1,
2.024E+11,155 739 606,B01,3,7,0,2,9,0,1,
2.024E+11,155 739 610,A01,3,7,0,2,6,2,2,
2.024E+11,155 739 604,C01,1,7,0,0,5,23,1,
2.024E+11,155 739 605,A01,1,10,0,0,1,1,1,
2.024E+11,155 739 609,B01,1,7,0,2,4,23,1,
2.024E+11,155 739 602,A01,1,7,0,1,2,1,1,
2.024E+11,155 739 601,A01,1,7,0,2,1,1,1,
2.024E+11,155 739 603,B01,2,33,0,2,1,1,1,
2.024E+11,155 739 599,A01,2,1,0,0,1,1,5,
2.024E+11,155 739 597,B01,2,33,0,2,7,1,1,
2.024E+11,155 739 600,A01,1,7,0,2,3,9,1,
2.024E+11,155 739 596,A01,3,33,0,0,9,23,1,
2.024E+11,155 739 595,B01,2,7,0,2,4,1,1,
2.024E+11,155 739 598,A01,2,7,0,2,1,1,1,
2.024E+11,155 739 592,A01,1,1,1,0,1,1,5,
2.024E+11,155 739 594,B01,1,7,0,0,6,24,1,
2.024E+11,155 739 590,A01,1,10,0,2,1,1,1,
2.024E+11,155 739 593,B01,2,2,0,2,1,13,1,
2.024E+11,155 739 589,A01,1,7,0,1,4,26,1,
2.024E+11,155 739 586,A01,3,7,8,0,1,1,1,
2.024E+11,155 739 587,B01,2,10,0,2,8,15,1,
2.024E+11,155 739 591,A01,2,14,0,2,1,1,1,
2.024E+11,155 739 585,B01,1,7,0,2,0,0,1,
2.024E+11,155 739 588,A01,1,1,0,2,8,13,5,
2.024E+11,155 739 582,A01,3,2,2,0,1,0,1,
2.024E+11,155 739 583,A01,3,7,0,2,8,1,1,
2.024E+11,155 739 584,B01,3,1,0,2,1,15,5,
2.024E+11,155 739 581,A01,1,7,13,0,1,0,1,
2.024E+11,155 739 579,A01,1,7,0,2,1,15,1,
2.024E+11,155 739 580,B01,1,1,0,2,1,1,5,
2.024E+11,155 739 578,A01,0,36,0,0,0,0,1,
2.024E+11,155 739 576,A01,2,7,0,2,1,5,1,
2.024E+11,155 739 577,B01,1,7,0,2,1,1,1,
2.024E+11,155 739 573,A01,3,7,13,0,0,14,1,
2.024E+11,155 739 572,B01,1,15,0,2,1,0,1,
2.024E+11,155 739 574,A01,2,7,0,2,1,13,1,
2.024E+11,155 739 571,B01,2,7,0,2,7,1,1,
2.024E+11,155 739 575,A01,1,1,0,2,1,19,5,
2.024E+11,155 739 568,A01,1,2,10,0,3,1,1,
2.024E+11,155 739 569,A01,1,7,0,2,2,1,1,
2.024E+11,155 739 570,B01,1,32,8,2,2,1,1,
2.024E+11,155 739 565,A01,1,7,0,2,2,1,1,
2.024E+11,155 739 566,B01,1,50,0,2,3,19,3,
2.024E+11,155 739 564,A01,1,7,0,2,2,19,1,
2.024E+11,155 739 567,B01,2,30,0,2,8,1,1,
2.024E+11,155 739 563,A01,2,7,0,1,7,26,1,
2.024E+11,155 739 561,A01,2,17,0,2,6,11,1,
2.024E+11,155 739 562,B01,2,10,0,2,2,17,1,
2.024E+11,155 739 559,A01,1,7,0,1,3,1,1,
2.024E+11,155 739 558,A01,1,7,0,2,3,0,1,
2.024E+11,155 739 560,B01,2,7,0,2,1,0,1,
2.024E+11,155 739 557,Z01,0,13,0,1,2,26,0,
2.024E+11,155 739 555,A01,1,7,0,1,0,26,1,
2.024E+11,155 739 554,B01,1,7,0,2,5,1,1,
2.024E+11,155 739 556,A01,1,7,0,2,3,13,1,
2.024E+11,155 739 551,B01,1,15,0,0,6,1,1,
2.024E+11,155 739 552,A01,1,10,13,2,2,12,1,
2.024E+11,155 739 547,B01,3,7,0,2,7,23,1,
2.024E+11,155 739 550,A01,3,80,0,2,1,1,3,
2.024E+11,155 739 549,B01,1,7,0,2,3,15,1,
2.024E+11,155 739 553,A01,2,10,0,2,2,1,1,
2.024E+11,155 739 545,A01,1,32,13,0,1,14,1,
2.024E+11,155 739 544,C01,1,7,0,2,6,15,1,
2.024E+11,155 739 546,A01,2,32,0,2,1,17,1,
2.024E+11,155 739 548,B01,2,10,0,2,3,1,1,
2.024E+11,155 739 542,A01,3,2,10,0,1,1,1,
2.024E+11,155 739 543,A01,1,7,1,0,2,1,1,
2.024E+11,155 739 538,A01,1,7,2,0,3,14,1,
2.024E+11,155 739 535,B01,3,1,0,2,1,1,5,
2.024E+11,155 739 537,A01,3,7,0,2,7,15,1,
2.024E+11,155 739 536,B01,2,7,0,2,4,23,1,
2.024E+11,155 739 539,C01,2,7,0,2,1,2,1,
2.024E+11,155 739 541,A01,2,7,0,0,4,23,2,
2.024E+11,155 739 533,A01,1,2,6,9,0,1,1,
2.024E+11,155 739 532,A01,2,15,3,0,2,14,1,
2.024E+11,155 739 530,C01,3,7,0,2,4,23,1,
2.024E+11,155 739 534,A01,3,7,0,2,1,2,1,
2.024E+11,155 739 540,B01,3,10,0,2,4,2,1,
2.024E+11,155 739 529,A01,2,14,0,2,7,16,1,
2.024E+11,155 739 531,B01,2,50,0,2,8,1,3,
2.024E+11,155 739 527,A01,2,30,0,0,8,15,1,
2.024E+11,155 739 525,A01,1,7,6,0,1,1,1,
2.024E+11,155 739 523,A01,1,30,0,2,1,17,1,
2.024E+11,155 739 526,B01,1,10,0,2,3,9,1,
2.024E+11,155 739 524,A01,1,33,15,2,1,1,1,
2.024E+11,155 739 528,B01,1,7,0,2,1,19,1,
2.024E+11,155 739 521,A01,2,1,0,0,1,1,5,
2.024E+11,155 739 518,B01,2,32,0,2,2,17,1,
2.024E+11,155 739 522,A01,2,7,0,2,7,10,1,
2.024E+11,155 739 517,B01,3,33,0,2,1,1,1,
2.024E+11,155 739 520,A01,3,7,0,2,5,15,1,
2.024E+11,155 739 516,A01,1,7,13,2,1,13,1,
2.024E+11,155 739 519,B01,1,7,0,2,2,23,1,
2.024E+11,155 739 514,A01,2,7,0,1,2,15,1,
2.024E+11,155 739 511,B01,3,7,0,2,2,19,1,
2.024E+11,155 739 513,A01,3,2,0,2,1,9,1,
2.024E+11,155 739 512,A01,1,33,3,0,0,16,1,
2.024E+11,155 739 508,A01,3,7,0,2,2,1,1,
2.024E+11,155 739 509,B01,3,7,0,2,4,2,1,
2.024E+11,155 739 506,B01,1,7,0,2,1,1,2,
2.024E+11,155 739 510,A01,2,7,0,2,3,1,1,
2.024E+11,155 739 504,A01,1,30,0,2,1,23,1,
2.024E+11,155 739 507,B01,1,7,0,2,3,15,1,
2.024E+11,155 739 501,A01,2,7,0,2,3,1,1,
2.024E+11,155 739 503,B01,1,33,0,2,1,0,1,
2.024E+11,155 739 505,C01,1,33,0,9,0,0,1,
2.024E+11,155 739 500,A01,1,7,13,0,3,13,2,
2.024E+11,155 739 499,A01,0,7,0,2,3,19,1,
2.024E+11,155 739 502,B01,3,33,0,2,1,1,1,
2.024E+11,155 739 498,A01,2,37,0,1,2,1,1,1
2.024E+11,155 739 495,A01,3,7,0,2,1,16,1,
2.024E+11,155 739 493,A01,3,7,0,1,1,1,1,
2.024E+11,155 739 494,A01,1,7,0,2,2,15,1,
2.024E+11,155 739 497,B01,2,32,0,2,1,1,1,
2.024E+11,155 739 492,A01,2,7,0,2,4,1,1,
2.024E+11,155 739 496,B01,2,7,0,2,1,2,1,
2.024E+11,155 739 491,A01,2,37,0,1,1,1,1,1
2.024E+11,155 739 489,A01,1,7,15,0,1,1,1,
2.024E+11,155 739 488,A01,2,7,0,1,1,1,1,
2.024E+11,155 739 487,A01,1,7,0,0,9,1,1,
2.024E+11,155 739 486,A01,2,30,0,2,1,9,1,
2.024E+11,155 739 490,B01,2,7,0,2,2,1,1,
2.024E+11,155 739 481,A01,2,50,0,2,1,5,3,
2.024E+11,155 739 484,B01,1,7,0,2,6,1,1,
2.024E+11,155 739 478,A01,2,7,0,2,3,1,1,
2.024E+11,155 739 483,B01,1,10,0,2,3,13,1,
2.024E+11,155 739 477,A01,2,7,0,2,7,1,2,
2.024E+11,155 739 479,B01,2,7,0,2,1,1,1,
2.024E+11,155 739 476,A01,1,7,0,1,1,1,1,
2.024E+11,155 739 472,A01,3,7,0,9,3,1,1,
2.024E+11,155 739 474,B01,3,1,0,0,3,1,5,
2.024E+11,155 739 470,C01,2,7,0,2,4,2,1,
2.024E+11,155 739 473,A01,2,7,0,2,1,2,1,
2.024E+11,155 739 475,B01,2,7,0,2,4,2,1,
2.024E+11,155 739 471,A01,1,10,0,1,0,26,1,
2.024E+11,155 739 468,B01,3,7,0,2,1,1,1,
2.024E+11,155 739 469,A01,3,7,0,2,3,15,1,
2.024E+11,155 739 466,A01,2,33,0,2,3,14,1,
2.024E+11,155 739 467,B01,1,7,0,2,3,21,1,
2.024E+11,155 739 464,A01,2,33,16,0,0,1,1,
2.024E+11,155 739 463,A01,3,7,0,2,2,17,1,
2.024E+11,155 739 465,B01,3,7,0,2,3,2,1,
2.024E+11,155 739 462,A01,1,1,0,1,1,1,5,
2.024E+11,155 739 460,A01,1,1,0,0,1,1,5,
2.024E+11,155 739 459,B01,1,7,0,2,1,0,1,
2.024E+11,155 739 461,A01,0,7,0,2,1,15,1,
2.024E+11,155 739 455,C01,2,7,0,2,8,1,1,
2.024E+11,155 739 456,A01,1,7,0,2,2,15,1,
2.024E+11,155 739 458,B01,2,7,0,2,2,1,1,
2.024E+11,155 739 454,B01,3,30,0,2,1,1,1,
2.024E+11,155 739 457,A01,3,10,0,2,2,15,1,
2.024E+11,155 739 452,A01,3,7,0,1,4,4,1,
2.024E+11,155 739 451,A01,1,7,0,2,3,9,2,
2.024E+11,155 739 453,B01,1,7,0,2,1,2,1,
2.024E+11,155 739 447,B01,1,1,1,0,1,1,5,
2.024E+11,155 739 449,A01,1,10,0,2,3,24,1,
2.024E+11,155 739 446,A01,2,7,0,2,1,13,1,
2.024E+11,155 739 448,B01,1,7,0,2,1,1,1,
2.024E+11,155 739 445,B01,2,1,0,2,8,1,5,
2.024E+11,155 739 450,A01,2,7,0,2,2,16,1,
2.024E+11,155 739 444,A01,2,2,0,0,0,26,1,
2.024E+11,155 739 443,A01,2,7,1,0,2,1,1,
2.024E+11,155 739 439,A01,0,7,0,2,3,9,1,
2.024E+11,155 739 442,B01,0,2,0,2,1,15,1,
2.024E+11,155 739 436,A01,3,31,0,2,1,19,1,
2.024E+11,155 739 440,B01,1,7,0,2,7,1,1,
2.024E+11,155 739 434,A01,2,7,0,2,3,17,1,
2.024E+11,155 739 437,B01,2,7,0,2,3,15,1,
2.024E+11,155 739 433,B01,2,2,0,2,1,1,1,
2.024E+11,155 739 435,A01,1,7,0,2,3,15,1,
2.024E+11,155 739 432,A01,2,7,6,0,3,13,1,
2.024E+11,155 739 430,A01,1,1,0,2,8,1,5,
2.024E+11,155 739 431,B01,2,7,0,2,2,1,1,
2.024E+11,155 739 426,A01,1,31,0,2,8,11,1,
2.024E+11,155 739 429,B01,1,10,0,2,2,1,1,