Num_Acc,id_vehicule,num_veh,senc,catv,obs,obsm,choc,manv,motor,occutc
2.024E+11,155 738 954,A01,1,10,0,2,1,0,0,
2.024E+11,155 738 956,B01,1,99,0,2,0,0,0,
2.024E+11,155 738 952,B01,2,33,0,2,3,1,1,
2.024E+11,155 738 953,A01,2,7,0,2,2,12,2,
2.024E+11,155 738 950,B01,1,7,0,2,1,1,1,
2.024E+11,155 738 951,A01,1,7,0,2,4,1,2,
2.024E+11,155 738 949,A01,2,32,0,0,0,1,1,
2.024E+11,155 738 947,A01,2,10,16,0,1,21,1,
2.024E+11,155 738 948,A01,3,10,9,0,1,9,1,
2.024E+11,155 738 946,A01,2,7,0,0,9,2,1,
2.024E+11,155 738 944,A01,3,7,0,2,0,0,1,
2.024E+11,155 738 945,B01,3,7,0,2,0,0,1,
2.024E+11,155 738 942,A01,1,7,0,9,5,1,1,
2.024E+11,155 738 943,B01,1,1,0,2,8,0,5,
2.024E+11,155 738 941,A01,2,33,0,6,1,1,1,
2.024E+11,155 738 939,A01,1,7,0,2,1,15,1,
2.024E+11,155 738 940,B01,2,33,0,2,8,1,1,
2.024E+11,155 738 938,A01,1,33,15,0,1,13,1,
2.024E+11,155 738 937,A01,3,7,0,1,3,23,1,
2.024E+11,155 738 934,A01,2,7,0,2,1,1,1,
2.024E+11,155 738 936,B01,2,7,0,0,4,1,1,
2.024E+11,155 738 933,A01,3,7,0,2,2,15,3,
2.024E+11,155 738 935,B01,1,2,0,2,7,1,1,
2.024E+11,155 738 932,A01,1,7,2,0,1,13,1,
2.024E+11,155 738 930,A01,1,7,0,2,3,0,1,
2.024E+11,155 738 931,B01,2,7,0,2,1,0,1,
2.024E+11,155 738 929,A01,2,7,4,0,3,21,1,
2.024E+11,155 738 928,A01,3,2,0,5,1,1,0,
2.024E+11,155 738 927,A01,1,2,15,9,2,0,1,
2.024E+11,155 738 926,A01,2,7,0,0,1,13,1,
2.024E+11,155 738 924,A01,2,1,0,0,4,0,5,
2.024E+11,155 738 925,B01,2,7,0,9,1,2,0,
2.024E+11,155 738 923,A01,0,33,0,0,9,26,0,
2.024E+11,155 738 922,A01,3,7,0,1,3,1,1,
2.024E+11,155 738 919,B01,2,80,1,0,1,1,3,
2.024E+11,155 738 921,A01,2,10,0,0,8,24,1,
2.024E+11,155 738 918,A01,1,7,0,2,2,1,1,
2.024E+11,155 738 920,B01,1,1,0,2,1,1,5,
2.024E+11,155 738 916,A01,3,10,11,2,1,15,1,
2.024E+11,155 738 917,B01,3,7,0,2,1,1,1,
2.024E+11,155 738 912,A01,1,33,0,0,7,12,1,
2.024E+11,155 738 914,B01,1,7,0,0,1,1,1,
2.024E+11,155 738 908,C01,1,7,0,2,8,1,1,
2.024E+11,155 738 910,A01,1,7,0,2,2,14,1,
2.024E+11,155 738 911,B01,1,7,0,2,8,2,1,
2.024E+11,155 738 907,A01,1,31,0,2,1,0,1,
2.024E+11,155 738 909,B01,1,7,0,0,4,2,1,
2.024E+11,155 738 904,A01,2,7,0,2,0,0,1,
2.024E+11,155 738 906,B01,2,7,0,2,0,0,1,
2.024E+11,155 738 903,A01,3,7,0,2,1,19,1,
2.024E+11,155 738 905,B01,2,7,2,2,8,1,1,
2.024E+11,155 738 899,A01,2,7,0,2,0,1,1,
2.024E+11,155 738 901,B01,2,7,3,2,0,0,1,
2.024E+11,155 738 902,C01,2,7,0,2,0,0,3,
2.024E+11,155 738 898,B01,3,1,1,0,1,14,5,
2.024E+11,155 738 900,A01,3,7,0,0,4,24,1,
2.024E+11,155 738 896,A01,1,33,0,0,7,1,1,
2.024E+11,155 738 893,A01,1,7,0,2,3,2,1,
2.024E+11,155 738 895,B01,1,7,0,2,5,23,1,
2.024E+11,155 738 897,C01,1,7,0,2,4,23,1,
2.024E+11,155 738 894,A01,1,7,15,9,3,19,1,
2.024E+11,155 738 891,A01,2,33,0,0,0,17,1,
2.024E+11,155 738 888,A01,1,33,0,2,1,3,1,
2.024E+11,155 738 889,B01,1,7,0,2,6,1,1,
2.024E+11,155 738 890,C01,1,7,0,2,8,1,2,
2.024E+11,155 738 892,D01,1,7,0,2,4,1,2,
2.024E+11,155 738 886,B01,3,21,0,2,1,11,1,
2.024E+11,155 738 887,A01,1,33,0,2,1,1,1,
2.024E+11,155 738 884,B01,1,7,3,2,4,1,1,
2.024E+11,155 738 885,A01,1,43,3,2,1,1,1,
2.024E+11,155 738 883,A01,1,7,13,0,9,1,1,
2.024E+11,155 738 880,A01,3,7,2,0,1,1,0,
2.024E+11,155 738 881,A01,1,38,0,1,1,0,1,1
2.024E+11,155 738 882,B01,1,7,0,2,1,0,1,
2.024E+11,155 738 877,B01,1,31,0,2,2,17,0,
2.024E+11,155 738 879,A01,1,7,0,0,8,15,1,
2.024E+11,155 738 876,A01,1,10,0,2,2,1,1,
2.024E+11,155 738 878,B01,1,1,0,2,1,1,5,
2.024E+11,155 738 875,A01,1,7,7,0,2,1,1,
2.024E+11,155 738 874,A01,1,7,0,0,1,1,2,
2.024E+11,155 738 873,A01,1,1,0,0,1,1,5,
2.024E+11,155 738 871,A01,1,2,0,2,1,1,1,
2.024E+11,155 738 872,C01,2,7,0,2,1,16,0,
2.024E+11,155 738 868,A01,2,7,0,2,1,17,1,
2.024E+11,155 738 870,B01,2,10,0,0,4,15,1,
2.024E+11,155 738 867,A01,2,30,0,2,1,17,1,
2.024E+11,155 738 869,B01,1,7,0,2,8,0,1,
2.024E+11,155 738 865,A01,2,7,13,0,8,1,2,
2.024E+11,155 738 864,A01,2,33,0,2,1,2,1,
2.024E+11,155 738 866,B01,2,7,0,2,4,2,1,
2.024E+11,155 738 861,A01,1,7,0,2,8,1,1,
2.024E+11,155 738 863,B01,2,7,0,2,8,1,1,
2.024E+11,155 738 860,A01,1,1,0,2,5,1,5,
2.024E+11,155 738 862,Z01,1,0,0,0,5,0,0,
2.024E+11,155 738 858,A01,1,21,13,0,4,0,1,
2.024E+11,155 738 857,B01,1,10,0,9,2,9,1,
2.024E+11,155 738 859,A01,1,50,0,2,1,5,3,
2.024E+11,155 738 855,A01,2,7,13,0,2,14,1,
2.024E+11,155 738 854,B01,0,7,0,9,8,15,1,
2.024E+11,155 738 856,A01,0,50,0,2,1,17,3,
2.024E+11,155 738 852,A01,1,2,0,1,1,1,1,
2.024E+11,155 738 851,A01,3,7,0,0,3,1,1,
2.024E+11,155 738 853,B01,3,1,0,2,1,16,5,
2.024E+11,155 738 850,B01,2,33,0,0,1,0,1,
2.024E+11,155 738 848,B01,2,3,0,2,1,1,1,
2.024E+11,155 738 849,A01,2,21,0,2,3,1,1,
2.024E+11,155 738 847,A01,2,10,0,1,3,26,1,
2.024E+11,155 738 846,A01,3,2,6,0,3,13,1,
2.024E+11,155 738 845,A01,1,43,12,0,1,0,1,
2.024E+11,155 738 844,A01,1,7,0,0,1,1,1,
2.024E+11,155 738 841,B01,1,7,0,2,8,15,1,
2.024E+11,155 738 843,A01,1,7,0,2,1,17,1,
2.024E+11,155 738 840,A01,2,32,0,2,1,17,1,
2.024E+11,155 738 842,B01,1,7,0,2,3,1,1,
2.024E+11,155 738 838,A01,1,50,0,0,0,1,3,
2.024E+11,155 738 837,B01,1,7,0,2,1,1,1,
2.024E+11,155 738 839,A01,1,7,0,2,7,1,1,
2.024E+11,155 738 834,A01,3,7,7,0,1,16,1,
2.024E+11,155 738 835,A01,2,7,4,2,7,17,1,
2.024E+11,155 738 836,B01,2,14,4,2,1,1,1,
2.024E+11,155 738 831,A01,1,10,0,9,4,4,1,
2.024E+11,155 738 833,B01,2,1,0,2,7,0,5,
2.024E+11,155 738 830,A01,1,7,0,2,2,9,1,
2.024E+11,155 738 832,B01,1,1,0,0,4,2,5,
2.024E+11,155 738 827,A01,1,7,0,1,3,15,1,
2.024E+11,155 738 828,A01,1,7,0,2,3,19,1,
2.024E+11,155 738 829,B01,2,33,0,2,1,1,1,
2.024E+11,155 738 824,A01,1,7,0,0,2,9,1,
2.024E+11,155 738 825,B01,2,33,0,0,1,26,1,
2.024E+11,155 738 823,A01,1,7,0,2,6,15,2,
2.024E+11,155 738 826,B01,1,33,0,2,0,0,1,
2.024E+11,155 738 820,A01,2,2,0,2,1,1,1,
2.024E+11,155 738 822,B01,1,7,0,2,3,15,1,
2.024E+11,155 738 819,A01,2,7,0,2,3,9,2,
2.024E+11,155 738 821,B01,2,31,0,2,5,0,1,
2.024E+11,155 738 818,A01,1,33,0,6,1,1,1,
2.024E+11,155 738 816,B01,1,1,0,2,1,9,5,
2.024E+11,155 738 817,A01,1,7,0,2,2,1,1,
2.024E+11,155 738 814,B01,2,7,0,2,6,23,1,
2.024E+11,155 738 815,A01,2,33,0,2,1,1,1,
2.024E+11,155 738 811,A01,1,33,0,2,2,15,1,
2.024E+11,155 738 812,B01,1,33,0,2,3,1,1,
2.024E+11,155 738 810,A01,1,7,0,2,5,15,3,
2.024E+11,155 738 813,B01,1,10,0,2,1,1,1,
2.024E+11,155 738 809,A01,3,80,0,0,8,1,3,
2.024E+11,155 738 806,B01,2,7,0,0,6,24,1,
2.024E+11,155 738 808,A01,2,7,1,0,6,0,1,
2.024E+11,155 738 805,A01,0,33,0,2,1,1,0,
2.024E+11,155 738 807,B01,3,20,0,0,1,1,0,
2.024E+11,155 738 802,A01,2,33,0,2,1,2,1,
2.024E+11,155 738 804,B01,2,15,0,0,5,2,1,
2.024E+11,155 738 799,B01,1,7,0,2,1,1,1,
2.024E+11,155 738 801,C01,2,7,0,2,1,1,1,
2.024E+11,155 738 803,A01,1,15,6,2,2,1,1,
2.024E+11,155 738 798,A01,1,7,0,2,3,1,1,
2.024E+11,155 738 800,B01,2,1,0,2,1,13,5,
2.024E+11,155 738 796,B01,2,80,0,2,2,1,3,
2.024E+11,155 738 797,A01,3,7,0,9,5,4,1,
2.024E+11,155 738 793,B01,2,7,0,2,1,0,1,
2.024E+11,155 738 795,A01,1,1,0,2,0,9,5,
2.024E+11,155 738 791,A01,2,7,0,2,3,17,1,
2.024E+11,155 738 792,B01,1,10,0,2,3,1,1,
2.024E+11,155 738 789,A01,1,7,0,9,2,0,1,
2.024E+11,155 738 790,B01,0,50,0,2,9,0,3,
2.024E+11,155 738 788,A01,1,7,2,0,1,1,1,
2.024E+11,155 738 783,C01,2,1,0,0,4,1,5,
2.024E+11,155 738 785,A01,2,7,6,9,2,17,1,
2.024E+11,155 738 786,B01,2,1,0,0,4,1,5,
2.024E+11,155 738 781,C01,2,7,0,2,4,2,3,
2.024E+11,155 738 782,D01,2,7,0,2,4,2,1,
2.024E+11,155 738 784,A01,2,7,0,2,1,2,1,
2.024E+11,155 738 787,B01,2,7,0,2,4,2,1,
2.024E+11,155 738 778,A01,1,7,16,2,0,2,1,
2.024E+11,155 738 780,B01,1,10,0,2,2,2,1,
2.024E+11,155 738 775,B01,1,10,0,9,1,1,1,
2.024E+11,155 738 776,A01,2,50,0,2,3,26,3,
2.024E+11,155 738 777,B01,2,7,0,2,8,1,1,
2.024E+11,155 738 779,A01,1,2,0,2,1,1,1,
2.024E+11,155 738 774,A01,2,7,0,1,3,26,1,
2.024E+11,155 738 772,A01,2,3,0,2,1,1,1,
2.024E+11,155 738 773,B01,2,7,0,0,4,23,1,
2.024E+11,155 738 770,A01,0,7,0,2,7,16,1,
2.024E+11,155 738 771,B01,0,50,0,2,1,1,3,
2.024E+11,155 738 768,B01,1,10,0,2,1,1,1,
2.024E+11,155 738 769,A01,2,33,0,2,1,13,1,
2.024E+11,155 738 765,A01,2,7,0,2,7,1,1,
2.024E+11,155 738 767,B01,2,1,0,2,8,1,5,
2.024E+11,155 738 764,A01,1,33,0,2,1,1,1,
2.024E+11,155 738 766,B01,1,7,0,2,8,10,1,
2.024E+11,155 738 761,A01,3,41,1,0,5,14,3,
2.024E+11,155 738 762,A01,1,7,0,2,3,11,1,
2.024E+11,155 738 763,B01,1,33,0,2,7,1,1,
2.024E+11,155 738 760,A01,0,36,0,0,0,0,1,
2.024E+11,155 738 759,A01,1,7,0,1,2,1,1,
2.024E+11,155 738 758,A01,1,7,15,0,2,14,1,
2.024E+11,155 738 756,A01,1,7,6,0,1,1,1,
2.024E+11,155 738 757,A01,1,7,9,0,3,19,1,
2.024E+11,155 738 753,A01,2,20,14,0,6,2,1,
2.024E+11,155 738 755,B01,2,33,0,2,1,2,1,
2.024E+11,155 738 752,A01,2,7,0,2,2,1,1,
2.024E+11,155 738 754,B01,2,7,0,2,6,15,1,
2.024E+11,155 738 747,B01,1,7,0,2,4,2,1,
2.024E+11,155 738 749,A01,1,7,0,2,4,1,1,
2.024E+11,155 738 751,C01,1,7,0,2,1,2,1,
2.024E+11,155 738 748,A01,0,15,0,2,1,1,1,
2.024E+11,155 738 750,B01,3,7,0,2,4,23,1,
2.024E+11,155 738 745,A01,1,10,0,1,1,1,1,
2.024E+11,155 738 744,A01,1,7,0,2,1,19,1,
2.024E+11,155 738 746,B01,1,7,0,2,5,2,1,
2.024E+11,155 738 741,B01,1,10,0,2,6,2,0,
2.024E+11,155 738 743,A01,1,7,0,2,1,2,1,
2.024E+11,155 738 740,B01,2,32,0,2,1,1,3,
2.024E+11,155 738 742,A01,2,7,0,2,7,1,1,
2.024E+11,155 738 738,A01,1,7,4,2,3,1,1,
2.024E+11,155 738 739,B01,1,7,0,2,5,1,1,
2.024E+11,155 738 734,C01,1,7,0,2,4,2,1,
2.024E+11,155 738 736,A01,1,7,0,2,1,2,1,
2.024E+11,155 738 737,B01,1,7,0,2,0,0,1,
2.024E+11,155 738 732,A01,1,7,0,2,7,12,1,
2.024E+11,155 738 733,B01,1,33,0,2,8,1,1,
2.024E+11,155 738 735,C01,1,7,0,2,8,1,1,
2.024E+11,155 738 731,A01,1,7,6,0,1,19,2,
2.024E+11,155 738 730,A01,2,7,3,0,1,0,1,
2.024E+11,155 738 728,A01,1,7,4,0,2,0,1,
2.024E+11,155 738 727,A01,2,7,0,2,1,19,1,
2.024E+11,155 738 729,B01,1,7,0,2,3,1,1,
2.024E+11,155 738 726,A01,2,7,0,5,1,1,1,
2.024E+11,155 738 724,A01,1,7,4,0,1,1,1,
2.024E+11,155 738 722,C01,1,33,0,2,1,1,1,
2.024E+11,155 738 723,A01,1,33,0,2,4,23,1,
2.024E+11,155 738 725,B01,1,33,0,2,4,1,1,
2.024E+11,155 738 719,A01,2,3,0,1,2,15,0,
2.024E+11,155 738 718,A01,1,10,0,2,7,14,1,
2.024E+11,155 738 720,B01,1,33,0,2,5,1,1,
2.024E+11,155 738 721,C01,1,7,0,2,3,1,2,
2.024E+11,155 738 717,A01,1,7,4,0,8,1,1,
2.024E+11,155 738 716,A01,3,7,0,1,1,26,3,
2.024E+11,155 738 713,A01,1,32,0,2,2,1,1,
2.024E+11,155 738 715,B01,0,7,0,2,3,15,1,
2.024E+11,155 738 714,A01,2,14,0,1,5,26,1,
2.024E+11,155 738 710,B01,1,7,0,2,6,2,1,
2.024E+11,155 738 712,A01,1,30,0,2,2,0,1,
2.024E+11,155 738 709,B01,0,50,0,2,1,2,3,
2.024E+11,155 738 711,A01,0,7,0,2,8,10,0,
2.024E+11,155 738 708,A01,1,7,12,0,2,14,1,
2.024E+11,155 738 706,B01,2,10,0,2,1,1,1,
2.024E+11,155 738 707,A01,2,7,0,2,4,23,1,
2.024E+11,155 738 705,A01,1,7,1,0,2,1,1,
2.024E+11,155 738 701,A01,1,32,0,2,1,13,0,
2.024E+11,155 738 703,B01,2,30,0,2,1,0,1,
2.024E+11,155 738 702,B01,2,33,0,2,1,0,1,
2.024E+11,155 738 704,A01,1,7,0,2,2,0,1,
2.024E+11,155 738 699,A01,3,7,0,2,3,13,1,
2.024E+11,155 738 700,B01,3,7,0,2,3,13,1,
2.024E+11,155 738 697,A01,2,37,0,2,3,1,1,1
2.024E+11,155 738 698,B01,2,7,0,2,0,0,1,
2.024E+11,155 738 695,A01,1,7,12,0,1,1,1,
2.024E+11,155 738 694,A01,2,7,0,2,1,9,1,
2.024E+11,155 738 696,B01,1,7,0,2,2,1,1,
2.024E+11,155 738 692,A01,1,50,0,2,0,1,3,
2.024E+11,155 738 693,B01,2,7,0,9,0,15,1,
2.024E+11,155 738 690,A01,1,7,0,2,0,12,1,
2.024E+11,155 738 691,B01,1,7,0,2,6,1,1,
2.024E+11,155 738 688,A01,1,10,0,2,0,1,1,
2.024E+11,155 738 689,B01,1,7,0,2,1,1,1,
2.024E+11,155 738 685,A01,2,7,0,2,1,2,1,
2.024E+11,155 738 686,B01,2,7,0,2,3,2,1,
2.024E+11,155 738 687,C01,2,7,0,2,4,2,1,
2.024E+11,155 738 684,A01,1,7,0,1,3,1,1,
2.024E+11,155 738 682,A01,3,1,0,2,1,15,5,
2.024E+11,155 738 683,B01,3,7,0,2,7,1,1,
2.024E+11,155 738 680,B01,2,50,0,2,7,1,3,
2.024E+11,155 738 681,A01,2,7,0,2,1,1,1,
2.024E+11,155 738 678,B01,1,7,0,2,4,23,1,
2.024E+11,155 738 679,A01,1,10,0,2,1,1,1,
2.024E+11,155 738 676,B01,0,31,0,2,7,16,1,
2.024E+11,155 738 677,A01,0,7,0,2,8,1,1,
2.024E+11,155 738 674,A01,1,33,0,2,7,1,1,
2.024E+11,155 738 675,B01,2,7,0,2,1,1,1,
2.024E+11,155 738 671,B01,2,1,0,2,1,1,5,
2.024E+11,155 738 672,A01,2,7,0,2,7,16,1,
2.024E+11,155 738 669,A01,0,7,0,2,5,16,1,
2.024E+11,155 738 670,B01,0,14,0,2,3,0,1,
2.024E+11,155 738 667,B01,1,10,0,2,3,1,1,
2.024E+11,155 738 668,A01,2,7,0,2,1,1,1,
2.024E+11,155 738 665,B01,2,33,0,2,1,1,1,
2.024E+11,155 738 666,A01,1,37,0,2,2,15,1,1
2.024E+11,155 738 663,A01,1,3,0,2,8,1,3,
2.024E+11,155 738 664,B01,1,0,0,2,0,0,0,
2.024E+11,155 738 661,B01,1,10,0,2,0,24,1,
2.024E+11,155 738 662,A01,1,7,1,0,1,1,2,
2.024E+11,155 738 659,B01,2,7,0,2,1,26,1,
2.024E+11,155 738 660,A01,2,1,0,2,1,25,5,
2.024E+11,155 738 657,A01,2,7,0,2,2,1,1,
2.024E+11,155 738 658,B01,2,50,0,2,1,1,3,
2.024E+11,155 738 655,A01,1,7,0,2,1,2,1,
2.024E+11,155 738 656,B01,1,10,0,2,4,2,1,
2.024E+11,155 738 653,A01,1,7,0,2,3,13,1,
2.024E+11,155 738 654,B01,2,15,0,2,3,1,1,
2.024E+11,155 738 652,A01,3,38,0,0,0,26,1,5
2.024E+11,155 738 650,B01,3,1,1,2,1,1,5,
2.024E+11,155 738 651,Z01,3,10,0,2,7,24,0,
2.024E+11,155 738 648,A01,2,2,0,2,2,3,1,
2.024E+11,155 738 649,B01,2,14,0,2,3,1,1,
2.024E+11,155 738 646,A01,2,33,0,2,1,3,1,
2.024E+11,155 738 647,B01,2,7,0,2,6,2,1,
2.024E+11,155 738 645,A01,3,7,13,0,3,13,1,
2.024E+11,155 738 642,C01,3,7,0,2,8,1,1,
2.024E+11,155 738 643,A01,1,7,0,2,1,25,2,
2.024E+11,155 738 644,B01,1,10,0,2,1,26,1,
2.024E+11,155 738 640,B01,2,37,0,2,0,0,0,1
2.024E+11,155 738 641,A01,1,1,0,2,1,19,5,
2.024E+11,155 738 638,B01,2,7,0,2,3,1,1,
2.024E+11,155 738 639,A01,1,2,0,2,1,19,1,
2.024E+11,155 738 637,A01,2,7,0,2,2,26,1,
2.024E+11,155 738 635,B01,1,33,0,2,8,1,1,
2.024E+11,155 738 636,A01,0,7,0,2,8,15,1,
2.024E+11,155 738 633,A01,3,30,0,2,7,15,1,
2.024E+11,155 738 634,B01,3,33,1,2,1,1,1,
2.024E+11,155 738 631,A01,1,7,0,2,4,2,1,
2.024E+11,155 738 632,B01,1,10,0,0,4,2,1,
2.024E+11,155 738 629,A01,2,17,0,2,2,1,1,
2.024E+11,155 738 630,B01,1,7,0,2,3,1,1,
2.024E+11,155 738 627,A01,2,31,0,2,1,2,1,
2.024E+11,155 738 628,B01,2,7,0,0,4,2,1,
2.024E+11,155 738 625,A01,2,33,0,2,1,3,1,
2.024E+11,155 738 626,B01,2,10,0,2,5,2,1,
2.024E+11,155 738 624,A01,3,7,0,1,4,4,1,
2.024E+11,155 738 622,A01,2,7,0,2,5,1,1,
2.024E+11,155 738 623,B01,2,1,0,2,1,1,5,
2.024E+11,155 738 621,A01,2,33,0,1,3,1,1,
2.024E+11,155 738 620,A01,1,50,0,1,8,1,3,
2.024E+11,155 738 619,A01,2,7,0,1,2,1,1,
2.024E+11,155 738 618,A01,2,1,0,1,8,1,5,
2.024E+11,155 738 617,A01,1,7,9,2,1,1,1,
2.024E+11,155 738 616,A01,1,10,1,0,0,14,0,
2.024E+11,155 738 614,B01,2,2,0,2,6,2,1,
2.024E+11,155 738 615,A01,2,7,0,2,2,2,2,
2.024E+11,155 738 613,A01,1,34,0,1,1,25,1,
2.024E+11,155 738 612,Z01,1,30,0,1,1,0,1,
2.024E+11,155 738 610,A01,2,7,0,2,7,22,1,
2.024E+11,155 738 611,B01,3,1,1,0,1,1,5,
2.024E+11,155 738 608,A01,2,7,0,2,6,13,1,
2.024E+11,155 738 609,B01,2,1,0,2,1,13,5,
2.024E+11,155 738 606,B01,2,80,0,2,1,1,2,
2.024E+11,155 738 607,A01,2,7,0,2,7,16,1,
2.024E+11,155 738 605,A01,2,38,0,1,2,1,1,1
2.024E+11,155 738 604,A01,1,7,0,1,2,1,2,
2.024E+11,155 738 603,A01,2,7,0,1,7,1,1,
2.024E+11,155 738 601,A01,2,7,0,2,7,17,2,
2.024E+11,155 738 602,B01,2,80,0,2,8,1,3,
2.024E+11,155 738 599,B01,2,7,0,2,3,1,2,
2.024E+11,155 738 600,A01,1,1,0,2,2,15,5,
2.024E+11,155 738 597,A01,1,7,0,2,8,24,1,
2.024E+11,155 738 598,B01,1,1,0,2,1,1,5,
2.024E+11,155 738 596,A01,1,14,0,1,1,1,1,
2.024E+11,155 738 595,A01,3,7,0,1,0,1,2,
2.024E+11,155 738 594,A01,2,7,14,0,1,1,1,
2.024E+11,155 738 592,A01,3,7,0,1,1,1,1,
2.024E+11,155 738 591,B01,1,33,0,2,1,17,1,
2.024E+11,155 738 593,A01,1,7,0,2,6,15,1,
2.024E+11,155 738 590,A01,3,7,4,0,3,14,1,
2.024E+11,155 738 589,A01,1,34,12,0,1,1,1,
2.024E+11,155 738 587,A01,1,7,0,2,3,26,2,
2.024E+11,155 738 588,B01,2,7,0,2,2,1,1,
2.024E+11,155 738 586,A01,1,7,9,0,1,14,1,
2.024E+11,155 738 585,A01,1,7,0,1,1,0,0,
2.024E+11,155 738 584,A01,1,7,0,1,1,1,1,
2.024E+11,155 738 582,A01,1,15,15,2,7,16,1,
2.024E+11,155 738 583,B01,1,7,15,2,7,0,1,
2.024E+11,155 738 581,A01,1,50,0,0,0,15,3,
2.024E+11,155 738 579,A01,3,10,0,2,3,9,1,
2.024E+11,155 738 580,B01,3,32,0,2,1,1,1,
2.024E+11,155 738 576,A01,1,7,0,2,1,1,2,
2.024E+11,155 738 578,B01,1,50,0,2,7,19,3,
2.024E+11,155 738 575,A01,3,7,0,2,5,16,1,
2.024E+11,155 738 577,B01,3,80,0,2,8,1,3,
2.024E+11,155 738 573,B01,2,1,0,2,4,11,5,
2.024E+11,155 738 574,A01,2,7,0,2,2,1,1,
2.024E+11,155 738 572,A01,0,7,12,1,3,17,1,
2.024E+11,155 738 570,B01,3,1,0,2,8,1,5,
2.024E+11,155 738 571,A01,3,7,0,2,1,1,2,
2.024E+11,155 738 568,A01,3,7,0,2,1,2,1,
2.024E+11,155 738 569,B01,3,7,0,2,4,23,1,
2.024E+11,155 738 566,A01,1,1,0,2,8,19,5,
2.024E+11,155 738 567,B01,1,7,0,2,1,1,0,
2.024E+11,155 738 563,B01,3,50,0,2,1,1,3,
2.024E+11,155 738 564,A01,3,50,0,2,1,17,3,
2.024E+11,155 738 562,A01,2,7,13,0,1,19,1,
2.024E+11,155 738 561,A01,2,7,15,0,1,2,0,
2.024E+11,155 738 560,A01,2,50,0,1,1,11,3,
2.024E+11,155 738 559,A01,1,7,3,0,1,1,1,
2.024E+11,155 738 555,A01,2,2,0,2,1,1,1,
2.024E+11,155 738 557,B01,2,7,0,0,4,2,1,
2.024E+11,155 738 556,A01,3,10,0,2,1,1,1,
2.024E+11,155 738 558,B01,3,50,0,2,4,1,3,
2.024E+11,155 738 554,A01,1,0,0,1,0,26,0,
2.024E+11,155 738 552,A01,3,7,0,2,1,1,1,
2.024E+11,155 738 553,B01,3,1,0,2,3,19,5,
2.024E+11,155 738 551,A01,1,7,6,0,1,1,1,
2.024E+11,155 738 547,A01,1,15,0,2,1,2,1,
2.024E+11,155 738 549,B01,1,7,0,2,4,2,1,
2.024E+11,155 738 548,B01,2,7,4,2,1,26,1,
2.024E+11,155 738 550,A01,1,7,4,2,1,13,3,
2.024E+11,155 738 545,A01,1,7,0,2,1,0,1,
2.024E+11,155 738 546,B01,2,1,0,0,0,0,5,
2.024E+11,155 738 544,A01,2,7,17,0,2,1,1,
2.024E+11,155 738 541,A01,2,10,16,2,1,21,1,
2.024E+11,155 738 542,B01,2,7,13,0,4,1,1,
2.024E+11,155 738 538,A01,2,7,0,2,1,2,1,
2.024E+11,155 738 539,B01,2,33,0,0,4,2,1,
2.024E+11,155 738 537,A01,1,7,8,0,9,1,1,
2.024E+11,155 738 536,A01,1,7,0,1,1,0,1,
2.024E+11,155 738 534,B01,2,50,0,2,1,12,3,
2.024E+11,155 738 535,A01,2,7,0,2,3,1,2,
2.024E+11,155 738 533,A01,2,7,0,1,2,1,1,
2.024E+11,155 738 531,A01,2,2,0,2,1,15,1,
2.024E+11,155 738 532,B01,2,7,0,2,3,1,1,
2.024E+11,155 738 529,A01,2,33,3,0,2,0,1,
2.024E+11,155 738 528,B01,1,1,0,2,6,1,5,
2.024E+11,155 738 530,Z01,1,7,0,2,2,1,0,
2.024E+11,155 738 527,A01,2,7,13,0,9,1,3,
2.024E+11,155 738 524,A01,1,32,0,2,1,13,1,
2.024E+11,155 738 525,B01,2,7,0,2,2,1,1,
2.024E+11,155 738 521,A01,1,7,0,0,1,1,1,
2.024E+11,155 738 522,C01,2,7,0,2,3,1,0,
2.024E+11,155 738 523,B01,1,7,0,2,4,15,2,
2.024E+11,155 738 526,Z01,1,7,0,0,0,0,0,
2.024E+11,155 738 518,A01,1,7,0,2,3,15,1,
2.024E+11,155 738 520,B01,2,10,0,2,1,1,1,
2.024E+11,155 738 516,A01,1,2,0,2,5,21,1,
2.024E+11,155 738 517,B01,2,7,0,2,2,3,1,
2.024E+11,155 738 515,B01,0,10,0,2,1,26,1,
2.024E+11,155 738 519,A01,0,7,0,2,1,26,1,
2.024E+11,155 738 514,A01,3,10,2,0,2,1,1,
2.024E+11,155 738 513,A01,2,7,5,0,1,13,2,
2.024E+11,155 738 511,B01,2,7,0,2,1,1,1,
2.024E+11,155 738 512,A01,1,10,0,2,3,9,1,
2.024E+11,155 738 509,A01,1,7,0,2,1,1,1,
2.024E+11,155 738 510,B01,2,7,0,2,1,13,1,
2.024E+11,155 738 508,A01,0,7,0,1,1,1,1,
2.024E+11,155 738 506,A01,2,10,0,2,3,19,1,
2.024E+11,155 738 507,B01,2,7,0,2,2,1,1,
2.024E+11,155 738 504,B01,3,7,0,2,2,0,1,
2.024E+11,155 738 505,A01,3,7,0,2,3,0,1,
2.024E+11,155 738 502,B01,1,2,0,2,8,1,1,
2.024E+11,155 738 503,A01,2,7,0,2,2,1,1,
2.024E+11,155 738 501,A01,0,7,1,0,7,1,1,
2.024E+11,155 738 500,B01,3,7,0,1,2,17,1,
2.024E+11,155 738 499,A01,2,7,13,0,0,17,1,