Num_Acc,id_vehicule,num_veh,senc,catv,obs,obsm,choc,manv,motor,occutc
2.024E+11,155 738 498,A01,0,10,0,1,2,19,1,
2.024E+11,155 738 496,A01,0,7,0,0,3,13,1,
2.024E+11,155 738 497,B01,0,7,0,0,3,23,1,
2.024E+11,155 738 493,A01,2,7,4,2,4,1,1,
2.024E+11,155 738 494,B01,1,7,4,2,1,14,1,
2.024E+11,155 738 492,B01,0,7,0,2,2,1,1,
2.024E+11,155 738 495,A01,3,2,0,2,7,1,1,
2.024E+11,155 738 490,A01,3,7,0,2,6,26,1,
2.024E+11,155 738 491,B01,3,1,0,2,0,1,5,
2.024E+11,155 738 488,B01,2,30,0,2,1,1,1,
2.024E+11,155 738 489,A01,2,10,0,2,1,15,1,
2.024E+11,155 738 486,A01,1,7,0,2,4,23,1,
2.024E+11,155 738 487,Z01,1,7,0,2,1,2,1,
2.024E+11,155 738 484,B01,1,30,0,2,1,0,1,
2.024E+11,155 738 485,A01,1,7,0,2,4,4,1,
2.024E+11,155 738 483,A01,3,10,0,1,0,12,0,
2.024E+11,155 738 481,A01,2,7,0,2,4,23,1,
2.024E+11,155 738 482,B01,2,2,0,2,1,2,1,
2.024E+11,155 738 479,A01,2,10,0,2,3,15,1,
2.024E+11,155 738 480,B01,2,1,0,2,1,1,5,
2.024E+11,155 738 477,B01,1,50,0,2,1,9,3,
2.024E+11,155 738 478,A01,1,1,0,2,1,19,5,
2.024E+11,155 738 473,C01,0,7,0,2,4,23,1,
2.024E+11,155 738 474,A01,0,10,0,2,1,1,1,
2.024E+11,155 738 475,D01,0,7,0,0,4,23,1,
2.024E+11,155 738 476,B01,0,7,0,2,4,23,2,
2.024E+11,155 738 471,A01,1,1,0,2,1,1,5,
2.024E+11,155 738 472,B01,1,10,0,2,4,1,1,
2.024E+11,155 738 469,B01,1,7,0,2,8,13,2,
2.024E+11,155 738 470,A01,1,30,0,2,7,14,3,
2.024E+11,155 738 468,A01,2,7,0,1,1,1,2,
2.024E+11,155 738 467,A01,2,7,0,1,3,1,2,
2.024E+11,155 738 465,A01,1,43,0,2,1,19,1,
2.024E+11,155 738 466,B01,2,1,0,2,1,19,5,
2.024E+11,155 738 463,B01,1,10,0,2,1,19,1,
2.024E+11,155 738 464,A01,1,1,0,2,7,19,5,
2.024E+11,155 738 461,A01,1,1,0,2,2,26,5,
2.024E+11,155 738 462,B01,2,7,0,2,3,1,2,
2.024E+11,155 738 460,A01,3,7,0,1,7,9,3,
2.024E+11,155 738 458,Y01,1,50,0,2,1,0,3,
2.024E+11,155 738 459,A01,1,7,0,2,2,16,1,
2.024E+11,155 738 456,B01,1,33,0,2,1,1,1,
2.024E+11,155 738 457,A01,2,7,0,2,2,15,1,
2.024E+11,155 738 455,A01,1,7,0,1,1,15,1,
2.024E+11,155 738 453,A01,2,7,0,2,2,1,1,
2.024E+11,155 738 454,B01,1,7,0,2,3,1,1,
2.024E+11,155 738 451,A01,3,10,0,2,3,1,1,
2.024E+11,155 738 452,B01,0,32,0,2,1,1,1,
2.024E+11,155 738 449,A01,1,13,0,2,7,9,0,
2.024E+11,155 738 450,B01,1,10,0,2,8,2,0,
2.024E+11,155 738 447,B01,0,1,1,0,7,1,5,
2.024E+11,155 738 448,A01,0,7,14,0,1,1,3,
2.024E+11,155 738 445,B01,3,7,0,2,1,1,1,
2.024E+11,155 738 446,A01,3,7,0,2,1,16,1,
2.024E+11,155 738 443,A01,2,7,0,2,3,16,1,
2.024E+11,155 738 444,B01,0,50,0,2,0,0,3,
2.024E+11,155 738 440,B01,3,7,0,2,4,26,1,
2.024E+11,155 738 441,A01,3,7,0,2,1,2,1,
2.024E+11,155 738 442,C01,3,7,0,0,0,0,1,
2.024E+11,155 738 439,A01,1,1,0,0,0,2,5,
2.024E+11,155 738 437,A01,3,7,0,2,1,1,1,
2.024E+11,155 738 438,B01,3,7,12,0,6,16,1,
2.024E+11,155 738 436,A01,3,7,0,1,2,1,1,
2.024E+11,155 738 435,A01,2,31,0,1,1,1,1,
2.024E+11,155 738 433,A01,1,7,0,9,0,1,1,
2.024E+11,155 738 434,B01,1,33,0,0,0,23,1,
2.024E+11,155 738 431,A01,2,33,0,2,3,1,1,
2.024E+11,155 738 432,B01,0,7,0,2,1,15,1,
2.024E+11,155 738 430,A01,1,7,15,0,1,6,1,
2.024E+11,155 738 428,A01,2,2,0,2,3,1,1,
2.024E+11,155 738 429,B01,3,7,0,2,2,16,1,
2.024E+11,155 738 427,A01,3,10,0,1,3,15,1,
2.024E+11,155 738 425,A01,2,7,0,2,1,2,1,
2.024E+11,155 738 426,B01,2,7,0,2,4,2,1,
2.024E+11,155 738 422,A01,1,7,0,1,2,1,1,
2.024E+11,155 738 421,A01,1,10,14,0,2,1,1,
2.024E+11,155 738 419,A01,2,10,0,2,4,1,1,
2.024E+11,155 738 420,B01,2,7,2,0,1,1,1,
2.024E+11,155 738 418,B01,1,7,1,0,1,1,1,
2.024E+11,155 738 416,A01,1,7,3,2,1,13,1,
2.024E+11,155 738 417,B01,2,7,0,2,1,1,1,
2.024E+11,155 738 414,A01,2,7,0,2,1,11,1,
2.024E+11,155 738 415,B01,1,7,16,2,3,1,1,
2.024E+11,155 738 412,A01,1,7,0,2,8,13,1,
2.024E+11,155 738 413,B01,2,7,0,2,1,1,2,
2.024E+11,155 738 410,A01,1,7,0,2,3,13,1,
2.024E+11,155 738 411,B01,2,7,0,2,3,1,1,
2.024E+11,155 738 408,A01,3,33,0,2,1,1,1,
2.024E+11,155 738 409,B01,3,33,0,2,4,1,1,
2.024E+11,155 738 407,A01,1,7,0,9,1,1,1,
2.024E+11,155 738 406,A01,1,7,0,1,8,1,1,
2.024E+11,155 738 404,A01,1,33,3,2,3,13,1,
2.024E+11,155 738 405,B01,2,21,0,2,8,1,1,
2.024E+11,155 738 403,A01,1,33,0,0,0,9,1,
2.024E+11,155 738 401,A01,3,7,0,2,1,13,1,
2.024E+11,155 738 402,B01,3,7,0,2,7,1,1,
2.024E+11,155 738 399,A01,1,7,0,2,3,1,1,
2.024E+11,155 738 400,B01,2,7,0,2,3,1,1,
2.024E+11,155 738 397,B01,1,7,0,2,1,1,1,
2.024E+11,155 738 398,A01,1,10,0,2,8,19,1,
2.024E+11,155 738 395,B01,1,17,0,2,8,1,1,
2.024E+11,155 738 396,A01,2,7,0,2,3,13,1,
2.024E+11,155 738 394,A01,2,2,12,0,7,16,1,
2.024E+11,155 738 393,A01,2,10,0,0,9,1,1,
2.024E+11,155 738 392,A01,1,7,0,0,1,1,1,
2.024E+11,155 738 391,A01,3,7,2,0,1,0,1,
2.024E+11,155 738 390,A01,2,7,0,1,6,4,1,
2.024E+11,155 738 387,B01,2,7,0,0,5,2,1,
2.024E+11,155 738 388,A01,2,33,0,2,3,2,1,
2.024E+11,155 738 386,A01,1,15,2,0,3,1,1,
2.024E+11,155 738 384,A01,1,10,0,2,1,5,1,
2.024E+11,155 738 385,B01,2,15,0,2,1,1,1,
2.024E+11,155 738 382,B01,2,17,0,0,6,1,1,
2.024E+11,155 738 383,A01,2,7,5,2,2,0,1,
2.024E+11,155 738 380,A01,1,7,0,2,1,13,1,
2.024E+11,155 738 381,B01,2,7,0,2,1,1,1,
2.024E+11,155 738 378,A01,1,7,0,2,1,1,1,
2.024E+11,155 738 379,B01,2,7,0,2,1,1,1,
2.024E+11,155 738 376,A01,1,7,13,2,7,15,1,
2.024E+11,155 738 377,B01,2,33,0,2,1,1,1,
2.024E+11,155 738 371,D01,2,7,0,2,1,2,1,
2.024E+11,155 738 372,E01,2,10,0,2,1,2,1,
2.024E+11,155 738 373,A01,2,7,4,2,4,2,1,
2.024E+11,155 738 374,B01,2,7,0,2,8,1,1,
2.024E+11,155 738 375,C01,2,7,4,2,9,2,1,
2.024E+11,155 738 370,A01,3,7,0,1,3,1,2,
2.024E+11,155 738 368,A01,1,10,0,2,1,2,1,
2.024E+11,155 738 369,B01,1,7,0,2,4,1,1,
2.024E+11,155 738 366,A01,1,13,3,0,3,2,1,
2.024E+11,155 738 367,B01,2,7,0,2,0,11,1,
2.024E+11,155 738 364,B01,1,7,0,2,1,1,1,
2.024E+11,155 738 365,A01,2,7,0,2,3,17,1,
2.024E+11,155 738 362,A01,3,7,0,0,0,15,1,
2.024E+11,155 738 363,B01,3,31,12,0,9,1,1,
2.024E+11,155 738 360,B01,1,7,0,2,7,16,1,
2.024E+11,155 738 361,A01,1,2,0,2,3,25,1,
2.024E+11,155 738 359,A01,2,7,0,1,3,1,1,
2.024E+11,155 738 358,A01,3,7,0,1,2,0,1,
2.024E+11,155 738 357,A01,2,7,13,0,3,13,1,
2.024E+11,155 738 355,B01,2,15,0,2,1,1,0,
2.024E+11,155 738 356,A01,1,7,0,2,1,0,1,
2.024E+11,155 738 353,A01,1,7,0,2,1,17,1,
2.024E+11,155 738 354,B01,2,7,0,2,1,1,1,
2.024E+11,155 738 350,A01,1,7,0,1,1,1,1,
2.024E+11,155 738 347,A01,1,7,0,2,1,2,1,
2.024E+11,155 738 348,B01,1,7,0,2,4,2,1,
2.024E+11,155 738 349,C01,1,10,0,2,4,2,1,
2.024E+11,155 738 344,B01,1,7,4,2,6,24,1,
2.024E+11,155 738 345,A01,1,7,4,2,2,14,1,
2.024E+11,155 738 346,C01,1,7,4,2,5,23,2,
2.024E+11,155 738 341,A01,2,7,0,2,4,1,1,
2.024E+11,155 738 342,B01,2,10,0,2,1,1,1,
2.024E+11,155 738 343,C01,2,10,0,2,1,2,3,
2.024E+11,155 738 339,A01,3,7,0,2,3,1,1,
2.024E+11,155 738 340,B01,3,32,0,2,2,0,1,
2.024E+11,155 738 336,B01,1,7,0,2,4,2,1,
2.024E+11,155 738 337,A01,1,7,0,2,1,2,1,
2.024E+11,155 738 338,C01,1,7,0,2,4,2,2,
2.024E+11,155 738 334,A01,2,33,0,2,8,2,1,
2.024E+11,155 738 335,Z01,2,7,0,2,0,17,0,
2.024E+11,155 738 332,B01,2,7,0,2,4,2,1,
2.024E+11,155 738 333,A01,2,33,0,2,1,1,1,
2.024E+11,155 738 331,A01,3,7,7,0,7,14,1,
2.024E+11,155 738 330,A01,2,7,3,0,2,9,1,
2.024E+11,155 738 329,A01,1,7,8,0,1,1,1,
2.024E+11,155 738 326,A01,1,7,0,2,3,9,1,
2.024E+11,155 738 327,B01,1,7,0,2,7,21,1,
2.024E+11,155 738 324,A01,3,7,0,2,1,15,1,
2.024E+11,155 738 325,B01,3,7,0,2,3,0,1,
2.024E+11,155 738 322,A01,3,33,0,2,1,1,1,
2.024E+11,155 738 323,B01,3,7,0,2,0,2,0,
2.024E+11,155 738 321,A01,2,7,0,1,1,0,1,
2.024E+11,155 738 320,A01,3,2,0,0,0,0,1,
2.024E+11,155 738 318,A01,1,7,0,2,2,2,1,
2.024E+11,155 738 319,B01,1,7,0,2,6,0,1,
2.024E+11,155 738 316,A01,2,37,0,2,7,12,1,1
2.024E+11,155 738 317,B01,2,80,0,2,3,1,3,
2.024E+11,155 738 315,A01,3,7,0,1,2,26,1,
2.024E+11,155 738 314,A01,3,33,0,0,0,26,1,
2.024E+11,155 738 312,A01,1,1,0,2,7,19,5,
2.024E+11,155 738 313,B01,2,34,0,2,1,1,1,
2.024E+11,155 738 310,A01,2,7,0,9,2,16,1,
2.024E+11,155 738 311,B01,1,50,0,2,1,2,3,
2.024E+11,155 738 307,C01,1,7,0,9,6,24,1,
2.024E+11,155 738 308,A01,1,7,0,2,3,15,1,
2.024E+11,155 738 309,B01,2,30,1,2,1,1,1,
2.024E+11,155 738 305,A01,1,2,0,2,5,9,1,
2.024E+11,155 738 306,Z01,1,7,0,2,5,0,0,
2.024E+11,155 738 304,A01,3,1,0,1,0,0,5,
2.024E+11,155 738 302,B01,2,10,0,2,3,1,1,
2.024E+11,155 738 303,A01,2,7,0,2,1,1,1,
2.024E+11,155 738 300,A01,1,7,0,2,0,15,1,
2.024E+11,155 738 301,B01,2,1,0,2,0,1,5,
2.024E+11,155 738 299,A01,1,42,0,2,2,9,0,
2.024E+11,155 738 298,A01,1,7,0,1,3,1,1,
2.024E+11,155 738 295,A01,1,10,3,2,6,2,1,
2.024E+11,155 738 296,B01,1,7,3,2,2,2,1,
2.024E+11,155 738 297,C01,1,10,3,2,1,2,1,
2.024E+11,155 738 293,A01,1,7,0,2,5,16,1,
2.024E+11,155 738 294,B01,2,2,0,2,8,1,1,
2.024E+11,155 738 291,A01,2,7,12,9,2,13,1,
2.024E+11,155 738 292,B01,1,1,0,2,0,0,5,
2.024E+11,155 738 289,A01,1,7,0,2,0,15,1,
2.024E+11,155 738 290,B01,1,2,0,2,1,1,1,
2.024E+11,155 738 288,A01,1,7,0,9,3,2,1,
2.024E+11,155 738 287,A01,1,7,0,1,1,15,1,
2.024E+11,155 738 286,A01,0,50,0,0,0,0,3,
2.024E+11,155 738 284,B01,3,7,0,1,4,23,1,
2.024E+11,155 738 285,A01,3,7,0,2,1,2,1,
2.024E+11,155 738 282,A01,2,7,0,2,1,2,1,
2.024E+11,155 738 283,B01,2,7,0,2,4,1,1,
2.024E+11,155 738 280,A01,2,1,0,2,8,15,5,
2.024E+11,155 738 281,B01,1,7,0,2,1,1,1,
2.024E+11,155 738 279,A01,1,60,0,0,0,12,5,
2.024E+11,155 738 277,A01,1,7,0,2,7,13,1,
2.024E+11,155 738 278,B01,2,15,0,2,3,1,1,
2.024E+11,155 738 275,B01,1,7,0,2,1,0,1,
2.024E+11,155 738 276,A01,1,7,0,2,1,21,1,
2.024E+11,155 738 273,A01,1,10,0,2,1,13,1,
2.024E+11,155 738 274,B01,2,7,0,2,1,1,1,
2.024E+11,155 738 272,A01,2,7,0,1,3,1,1,
2.024E+11,155 738 270,A01,1,7,0,2,0,20,1,
2.024E+11,155 738 271,B01,1,32,0,2,0,21,1,
2.024E+11,155 738 268,B01,1,7,0,2,5,1,1,
2.024E+11,155 738 269,A01,1,30,0,2,1,1,1,
2.024E+11,155 738 266,A01,2,33,0,2,1,17,1,
2.024E+11,155 738 267,B01,1,7,0,2,1,23,1,
2.024E+11,155 738 264,A01,1,7,0,2,3,15,1,
2.024E+11,155 738 265,B01,1,2,0,2,1,17,1,
2.024E+11,155 738 262,B01,1,7,0,2,1,2,1,
2.024E+11,155 738 263,A01,1,7,0,1,4,23,1,
2.024E+11,155 738 260,A01,1,7,0,2,3,9,1,
2.024E+11,155 738 261,B01,2,50,0,2,7,1,3,
2.024E+11,155 738 258,B01,3,50,0,2,1,25,3,
2.024E+11,155 738 259,A01,3,7,0,2,2,9,1,
2.024E+11,155 738 256,B01,2,1,0,2,1,1,5,
2.024E+11,155 738 257,A01,1,7,0,2,2,16,1,
2.024E+11,155 738 255,A01,2,7,0,1,2,16,2,
2.024E+11,155 738 254,A01,3,10,0,1,4,4,1,
2.024E+11,155 738 253,A01,1,7,0,1,4,20,1,
2.024E+11,155 738 251,A01,2,7,0,2,3,9,1,
2.024E+11,155 738 252,B01,1,1,0,2,2,1,5,
2.024E+11,155 738 249,B01,0,7,0,2,1,17,2,
2.024E+11,155 738 250,A01,3,33,0,2,1,1,1,
2.024E+11,155 738 247,A01,1,7,0,2,1,1,1,
2.024E+11,155 738 248,B01,1,7,0,2,4,1,1,
2.024E+11,155 738 245,A01,2,30,0,2,1,2,1,
2.024E+11,155 738 246,B01,2,7,0,2,4,2,1,
2.024E+11,155 738 243,Z01,0,3,0,0,0,0,1,
2.024E+11,155 738 244,A01,3,1,0,0,0,0,5,
2.024E+11,155 738 241,B01,2,10,0,2,6,1,1,
2.024E+11,155 738 242,A01,2,7,0,2,2,12,1,
2.024E+11,155 738 240,A01,3,10,0,0,1,26,0,
2.024E+11,155 738 239,A01,3,7,0,1,1,1,1,
2.024E+11,155 738 236,B01,1,7,0,2,4,2,1,
2.024E+11,155 738 237,A01,1,7,0,2,1,1,1,
2.024E+11,155 738 238,C01,1,7,0,2,4,23,1,
2.024E+11,155 738 233,B01,3,7,0,2,1,1,1,
2.024E+11,155 738 234,A01,3,7,0,2,1,2,1,
2.024E+11,155 738 235,C01,3,10,0,2,4,23,1,
2.024E+11,155 738 231,A01,3,7,0,2,1,2,1,
2.024E+11,155 738 232,B01,3,7,0,0,4,0,1,
2.024E+11,155 738 229,B01,2,7,0,2,3,16,1,
2.024E+11,155 738 230,A01,3,50,0,2,1,5,3,
2.024E+11,155 738 227,A01,3,10,0,2,2,1,1,
2.024E+11,155 738 228,B01,3,50,0,2,0,0,3,
2.024E+11,155 738 226,A01,2,7,4,0,1,13,1,
2.024E+11,155 738 224,A01,1,14,0,2,2,16,1,
2.024E+11,155 738 225,B01,1,80,0,2,1,1,3,
2.024E+11,155 738 222,A01,3,7,0,2,1,9,1,
2.024E+11,155 738 223,B01,3,1,0,2,7,2,5,
2.024E+11,155 738 221,A01,3,7,6,0,3,1,1,
2.024E+11,155 738 219,A01,1,7,0,2,2,16,1,
2.024E+11,155 738 220,B01,1,50,2,2,1,2,3,
2.024E+11,155 738 217,A01,1,7,0,2,3,15,1,
2.024E+11,155 738 218,B01,2,32,0,2,6,0,1,
2.024E+11,155 738 216,Z01,2,7,0,1,1,1,1,
2.024E+11,155 738 214,B01,3,7,0,2,1,1,1,
2.024E+11,155 738 215,A01,3,7,0,2,1,26,1,
2.024E+11,155 738 212,A01,2,7,0,2,7,15,1,
2.024E+11,155 738 213,B01,1,31,0,2,8,1,1,
2.024E+11,155 738 211,A01,3,7,0,1,3,2,0,
2.024E+11,155 738 209,B01,1,50,0,0,0,0,3,
2.024E+11,155 738 210,A01,3,7,0,9,1,1,1,
2.024E+11,155 738 208,A01,1,7,0,1,3,15,1,
2.024E+11,155 738 207,A01,1,7,0,1,2,16,1,
2.024E+11,155 738 204,A01,1,30,0,0,1,26,1,
2.024E+11,155 738 200,C01,3,7,0,2,1,2,1,
2.024E+11,155 738 201,A01,3,7,0,2,1,2,1,
2.024E+11,155 738 202,B01,3,7,0,2,4,2,1,
2.024E+11,155 738 203,Z01,3,7,0,2,4,0,0,
2.024E+11,155 738 199,A01,2,7,0,2,7,1,3,
2.024E+11,155 738 195,C01,2,7,0,2,8,1,0,
2.024E+11,155 738 196,A01,2,7,0,2,1,0,1,
2.024E+11,155 738 197,B01,2,7,0,2,5,2,1,
2.024E+11,155 738 198,Z01,1,7,0,2,1,13,1,
2.024E+11,155 738 194,A01,0,7,0,1,2,1,1,
2.024E+11,155 738 193,A01,1,7,2,0,9,1,1,
2.024E+11,155 738 191,B01,2,2,0,0,0,0,1,
2.024E+11,155 738 192,A01,2,7,0,0,0,2,1,
2.024E+11,155 738 190,A01,3,7,0,1,3,15,1,
2.024E+11,155 738 188,B01,0,14,4,0,3,0,1,
2.024E+11,155 738 189,A01,3,10,0,0,0,0,1,
2.024E+11,155 738 186,B01,2,7,0,9,2,16,2,
2.024E+11,155 738 187,A01,1,50,0,2,1,5,3,
2.024E+11,155 738 185,A01,3,7,0,1,4,4,-1,
2.024E+11,155 738 184,A01,1,1,0,1,0,0,5,
2.024E+11,155 738 183,A01,3,31,13,0,0,0,1,
2.024E+11,155 738 182,A01,1,2,0,1,1,1,1,
2.024E+11,155 738 181,A01,1,1,1,0,3,1,5,
2.024E+11,155 738 179,A01,3,32,0,2,4,26,0,
2.024E+11,155 738 180,Z01,3,7,0,2,4,26,0,
2.024E+11,155 738 178,B01,2,7,1,0,2,2,1,
2.024E+11,155 738 177,A01,1,7,6,0,1,16,1,
2.024E+11,155 738 175,B01,1,7,0,2,4,2,1,
2.024E+11,155 738 176,A01,1,7,0,2,1,2,2,
2.024E+11,155 738 174,A01,3,7,0,1,0,0,0,
2.024E+11,155 738 172,A01,1,7,0,2,3,15,1,
2.024E+11,155 738 173,B01,1,33,0,2,8,1,1,
2.024E+11,155 738 171,A01,3,7,16,0,1,1,1,
2.024E+11,155 738 169,A01,2,7,0,2,3,15,1,
2.024E+11,155 738 170,B01,2,33,0,2,2,17,1,
2.024E+11,155 738 168,A01,3,7,0,1,3,16,1,
2.024E+11,155 738 167,A01,1,7,0,1,1,19,1,
2.024E+11,155 738 166,A01,3,30,14,0,1,26,1,
2.024E+11,155 738 164,A01,1,7,0,2,2,1,1,
2.024E+11,155 738 165,B01,1,1,0,2,1,1,5,
2.024E+11,155 738 162,B01,0,7,0,2,8,11,1,
2.024E+11,155 738 163,A01,0,33,0,2,1,17,1,
2.024E+11,155 738 160,B01,3,7,0,2,3,1,1,
2.024E+11,155 738 161,A01,3,7,0,2,1,1,2,
2.024E+11,155 738 159,A01,3,7,0,1,0,0,1,
2.024E+11,155 738 155,A01,3,7,0,2,2,1,1,
2.024E+11,155 738 156,B01,3,7,0,2,3,9,1,
2.024E+11,155 738 154,A01,3,33,0,1,7,1,1,
2.024E+11,155 738 152,B01,2,7,0,2,3,1,1,
2.024E+11,155 738 153,A01,1,10,0,2,3,15,6,
2.024E+11,155 738 150,B01,1,50,0,2,2,19,3,
2.024E+11,155 738 151,A01,1,7,0,2,2,1,1,
2.024E+11,155 738 149,A01,2,7,0,1,1,1,1,
2.024E+11,155 738 148,A01,1,7,0,1,1,1,1,
2.024E+11,155 738 146,A01,1,34,0,2,1,16,1,
2.024E+11,155 738 147,B01,2,10,0,2,5,1,1,
2.024E+11,155 738 145,A01,1,7,6,0,0,0,1,
2.024E+11,155 738 144,A01,3,7,10,0,1,1,1,
2.024E+11,155 738 143,A01,3,32,0,0,1,1,1,
2.024E+11,155 738 141,A01,1,32,0,2,1,2,1,
2.024E+11,155 738 142,B01,1,7,0,2,4,2,1,
2.024E+11,155 738 139,B01,3,33,16,0,0,0,1,
2.024E+11,155 738 140,A01,3,33,16,0,0,0,1,
2.024E+11,155 738 138,A01,1,7,8,0,1,21,1,
2.024E+11,155 738 137,A01,1,7,0,1,7,1,1,
2.024E+11,155 738 135,A01,1,7,0,0,3,11,1,
2.024E+11,155 738 136,B01,2,33,0,0,0,0,1,
2.024E+11,155 738 133,B01,1,33,0,2,8,1,1,
2.024E+11,155 738 134,A01,2,7,0,2,1,15,1,
2.024E+11,155 738 132,A01,1,7,0,1,1,1,1,
2.024E+11,155 738 131,A01,1,7,0,1,2,1,1,
2.024E+11,155 738 130,A01,3,37,0,1,7,16,1,1
2.024E+11,155 738 128,A01,1,7,0,2,1,2,1,
2.024E+11,155 738 129,B01,1,7,0,2,4,1,3,
2.024E+11,155 738 127,A01,1,37,0,1,1,1,1,1
2.024E+11,155 738 125,A01,1,7,0,2,3,1,1,
2.024E+11,155 738 126,B01,2,1,0,2,7,19,5,
2.024E+11,155 738 124,A01,2,7,1,0,7,6,1,
2.024E+11,155 738 123,A01,1,7,14,0,1,1,1,
2.024E+11,155 738 121,X01,1,7,0,2,0,15,0,
2.024E+11,155 738 122,B01,2,1,0,2,1,1,5,
2.024E+11,155 738 120,A01,2,7,0,1,1,1,1,
2.024E+11,155 738 119,A01,1,7,1,0,0,1,1,
2.024E+11,155 738 118,A01,1,7,0,1,2,1,1,
2.024E+11,155 738 116,A01,0,7,0,2,2,9,1,
2.024E+11,155 738 117,B01,0,1,0,2,4,9,5,
2.024E+11,155 738 114,A01,3,7,7,2,1,1,1,
2.024E+11,155 738 115,B01,3,10,0,2,6,23,1,
2.024E+11,155 738 112,A01,1,1,0,2,2,0,5,
2.024E+11,155 738 113,B01,2,1,0,2,1,15,5,
2.024E+11,155 738 110,B01,3,33,0,2,7,1,1,
2.024E+11,155 738 111,A01,1,7,0,2,1,26,1,
2.024E+11,155 738 108,A01,1,50,1,0,1,13,3,
2.024E+11,155 738 109,B01,1,10,0,2,6,23,1,
2.024E+11,155 738 106,A01,3,7,0,9,2,15,1,
2.024E+11,155 738 107,B01,3,1,0,2,1,1,5,
2.024E+11,155 738 105,A01,3,7,0,1,2,26,1,
2.024E+11,155 738 104,A01,3,33,1,0,1,13,1,
2.024E+11,155 738 102,B01,2,7,0,2,1,9,2,
2.024E+11,155 738 103,A01,1,33,0,2,0,0,1,
2.024E+11,155 738 100,A01,2,7,0,2,8,1,1,
2.024E+11,155 738 101,B01,2,7,0,0,7,12,1,
2.024E+11,155 738 099,A01,3,7,0,1,8,15,1,
2.024E+11,155 738 096,B01,2,99,0,2,8,1,1,
2.024E+11,155 738 097,Z01,1,7,0,2,3,0,1,
2.024E+11,155 738 094,Z01,2,7,0,2,8,13,0,
2.024E+11,155 738 095,B01,2,33,0,2,1,2,1,
2.024E+11,155 738 093,A01,1,7,0,1,1,1,1,
2.024E+11,155 738 091,A01,1,7,8,2,1,1,1,
2.024E+11,155 738 092,B01,1,7,0,2,6,1,2,
2.024E+11,155 738 089,B01,1,33,0,2,1,0,1,
2.024E+11,155 738 090,A01,1,7,0,2,1,15,1,
2.024E+11,155 738 088,A01,0,7,9,0,1,1,1,
2.024E+11,155 738 087,A01,1,7,6,0,2,14,1,
2.024E+11,155 738 086,A01,2,34,0,1,1,1,1,
2.024E+11,155 738 085,A01,3,7,0,1,2,1,3,
2.024E+11,155 738 084,A01,3,7,0,1,4,4,1,
2.024E+11,155 738 083,A01,3,50,0,1,7,25,3,
2.024E+11,155 738 081,A01,1,3,1,0,2,15,1,
2.024E+11,155 738 082,B01,1,7,0,9,6,24,1,
2.024E+11,155 738 079,B01,2,32,0,2,4,15,1,
2.024E+11,155 738 080,A01,2,7,0,2,1,1,1,
2.024E+11,155 738 077,B01,2,30,0,2,7,2,1,
2.024E+11,155 738 078,A01,2,7,0,0,0,0,1,
2.024E+11,155 738 076,A01,1,7,0,1,8,15,1,
2.024E+11,155 738 074,A01,1,7,13,0,1,13,1,
2.024E+11,155 738 073,A01,1,14,0,2,7,12,1,
2.024E+11,155 738 075,B01,1,7,0,2,8,1,1,
2.024E+11,155 738 072,A01,3,36,0,5,0,1,1,
2.024E+11,155 738 070,A01,1,7,0,2,1,2,1,
2.024E+11,155 738 071,B01,1,7,0,2,4,2,1,
2.024E+11,155 738 069,A01,1,7,10,0,8,1,1,
2.024E+11,155 738 067,A01,2,1,1,2,1,5,5,
2.024E+11,155 738 066,B01,0,1,0,2,1,26,5,
2.024E+11,155 738 068,A01,3,7,6,2,4,26,1,
2.024E+11,155 738 065,A01,3,80,8,0,1,26,3,
2.024E+11,155 738 064,A01,1,7,0,1,1,1,1,
2.024E+11,155 738 063,A01,1,7,0,1,1,1,1,
2.024E+11,155 738 062,A01,1,7,17,0,1,26,1,
2.024E+11,155 738 058,A01,3,33,0,2,9,17,1,
2.024E+11,155 738 060,C01,2,13,0,2,8,1,0,
2.024E+11,155 738 061,B01,3,43,0,0,4,3,1,
2.024E+11,155 738 057,A01,2,7,0,2,1,5,1,
2.024E+11,155 738 059,B01,1,7,0,2,1,1,1,
2.024E+11,155 738 056,A01,1,7,0,1,1,1,2,
2.024E+11,155 738 053,B01,1,7,0,2,1,1,1,
2.024E+11,155 738 054,A01,1,7,0,2,4,15,2,
2.024E+11,155 738 051,A01,2,33,0,2,2,26,1,
2.024E+11,155 738 052,B01,2,7,0,2,3,1,1,
2.024E+11,155 738 048,A01,2,7,0,2,2,17,2,
2.024E+11,155 738 049,B01,2,1,0,0,8,1,5,
2.024E+11,155 738 047,A01,1,7,0,2,4,2,1,
2.024E+11,155 738 050,B01,1,7,0,2,1,1,1,
2.024E+11,155 738 045,A01,1,7,0,2,3,10,1,
2.024E+11,155 738 046,B01,1,32,0,2,2,1,3,
2.024E+11,155 738 043,A01,1,10,0,2,6,23,1,
2.024E+11,155 738 044,B01,1,32,1,2,1,2,1,
2.024E+11,155 738 042,A01,1,7,0,1,1,1,2,
2.024E+11,155 738 040,A01,1,7,0,2,8,1,1,
2.024E+11,155 738 041,B01,1,7,0,2,8,1,1,
2.024E+11,155 738 038,A01,1,33,0,0,7,1,1,
2.024E+11,155 738 037,Z01,1,10,0,2,1,1,1,
2.024E+11,155 738 039,A01,1,7,0,2,6,1,1,