Num_Acc,id_vehicule,num_veh,senc,catv,obs,obsm,choc,manv,motor,occutc
2.024E+11,155 738 036,A01,1,7,0,0,1,2,1,
2.024E+11,155 738 035,A01,1,10,1,0,2,1,1,
2.024E+11,155 738 032,A01,1,7,0,2,4,2,1,
2.024E+11,155 738 034,B01,1,33,0,2,1,2,1,
2.024E+11,155 738 031,Z01,1,7,0,9,1,1,0,
2.024E+11,155 738 033,A01,1,1,0,2,4,1,5,
2.024E+11,155 738 028,B01,1,33,0,2,2,1,1,
2.024E+11,155 738 030,A01,1,7,0,2,5,13,1,
2.024E+11,155 738 027,B01,2,32,0,2,4,2,3,
2.024E+11,155 738 029,A01,2,7,0,2,4,26,2,
2.024E+11,155 738 024,A01,2,33,0,2,1,11,1,
2.024E+11,155 738 025,B01,2,7,0,2,6,11,1,
2.024E+11,155 738 023,A01,3,7,0,2,3,1,2,
2.024E+11,155 738 026,B01,3,80,0,2,2,26,5,
2.024E+11,155 738 021,A01,3,32,0,1,8,1,0,
2.024E+11,155 738 019,A01,1,7,0,2,1,3,1,
2.024E+11,155 738 020,C01,1,7,0,2,8,2,1,
2.024E+11,155 738 022,B01,1,7,0,2,8,0,2,
2.024E+11,155 738 017,A01,2,10,0,2,8,15,1,
2.024E+11,155 738 018,B01,2,33,0,2,1,1,1,
2.024E+11,155 738 015,A01,2,7,0,2,1,1,1,
2.024E+11,155 738 016,B01,2,7,0,2,4,23,1,
2.024E+11,155 738 013,A01,3,80,16,2,3,11,3,
2.024E+11,155 738 014,B01,3,7,16,0,2,1,2,
2.024E+11,155 738 011,A01,2,7,0,2,1,1,1,
2.024E+11,155 738 012,B01,2,7,0,2,4,1,1,
2.024E+11,155 738 010,A01,2,50,0,0,0,1,3,
2.024E+11,155 738 007,A01,1,7,1,0,2,14,1,
2.024E+11,155 738 008,B01,2,7,0,2,4,1,1,
2.024E+11,155 738 009,A01,2,7,0,2,1,1,1,
2.024E+11,155 738 002,A01,2,7,0,2,6,11,1,
2.024E+11,155 738 004,B01,2,7,0,2,2,1,0,
2.024E+11,155 738 001,D01,1,10,0,2,5,4,1,
2.024E+11,155 738 003,A01,1,34,0,2,1,1,1,
2.024E+11,155 738 005,B01,1,33,0,2,4,23,1,
2.024E+11,155 738 006,C01,1,7,0,0,3,24,1,
2.024E+11,155 737 997,A01,3,7,0,2,2,1,0,
2.024E+11,155 738 000,B01,1,50,0,2,1,1,3,
2.024E+11,155 737 996,A01,1,33,0,2,1,3,0,
2.024E+11,155 737 998,B01,1,7,0,2,5,1,1,
2.024E+11,155 737 999,C01,1,10,0,2,3,1,1,
2.024E+11,155 737 994,B01,1,32,12,2,6,2,1,
2.024E+11,155 737 995,A01,1,7,12,2,0,0,0,
2.024E+11,155 737 992,A01,1,7,0,2,1,1,1,
2.024E+11,155 737 993,B01,1,10,0,2,4,1,1,
2.024E+11,155 737 990,A01,3,7,0,2,0,0,1,
2.024E+11,155 737 991,B01,3,7,0,2,0,0,2,
2.024E+11,155 737 988,A01,2,33,0,2,8,3,1,
2.024E+11,155 737 989,B01,2,7,0,2,2,9,1,
2.024E+11,155 737 987,A01,1,7,0,1,2,1,0,
2.024E+11,155 737 985,A01,1,7,0,2,6,11,1,
2.024E+11,155 737 986,B01,1,33,0,2,2,1,1,
2.024E+11,155 737 983,A01,1,7,0,9,8,22,1,
2.024E+11,155 737 984,B01,1,80,1,0,1,1,3,
2.024E+11,155 737 982,A01,2,7,2,0,1,0,1,
2.024E+11,155 737 979,A01,2,7,0,2,4,1,1,
2.024E+11,155 737 981,B01,2,50,0,2,1,1,3,
2.024E+11,155 737 978,A01,2,7,0,2,2,2,1,
2.024E+11,155 737 980,B01,2,7,0,2,6,2,1,
2.024E+11,155 737 975,B01,2,33,0,2,1,3,1,
2.024E+11,155 737 976,A01,2,10,0,2,5,12,1,
2.024E+11,155 737 974,A01,1,7,0,2,2,0,1,
2.024E+11,155 737 977,B01,2,1,0,2,1,1,5,
2.024E+11,155 737 972,A01,1,7,1,0,3,2,1,
2.024E+11,155 737 971,A01,2,10,0,2,1,2,1,
2.024E+11,155 737 973,B01,2,7,0,2,4,2,1,
2.024E+11,155 737 968,A01,1,32,0,2,2,1,1,
2.024E+11,155 737 970,B01,1,1,0,2,3,15,5,
2.024E+11,155 737 967,A01,2,7,0,2,3,10,3,
2.024E+11,155 737 969,B01,2,7,0,2,1,1,1,
2.024E+11,155 737 965,A01,2,7,0,1,2,1,1,
2.024E+11,155 737 964,A01,3,50,0,2,6,1,3,
2.024E+11,155 737 966,B01,3,37,0,2,6,1,1,1
2.024E+11,155 737 962,A01,1,7,1,0,2,13,1,
2.024E+11,155 737 961,B01,3,2,0,2,8,1,1,
2.024E+11,155 737 963,Y01,3,2,0,2,0,0,0,
2.024E+11,155 737 958,A01,1,33,4,2,1,3,1,
2.024E+11,155 737 960,B01,1,7,0,0,0,1,1,
2.024E+11,155 737 957,A01,1,7,0,2,3,17,1,
2.024E+11,155 737 959,B01,2,7,0,2,3,26,1,
2.024E+11,155 737 954,A01,2,7,0,2,3,9,1,
2.024E+11,155 737 955,B01,1,2,0,2,7,1,1,
2.024E+11,155 737 950,A01,1,31,0,2,0,13,1,
2.024E+11,155 737 952,B01,1,7,0,2,0,15,1,
2.024E+11,155 737 949,A01,1,10,0,0,0,0,1,
2.024E+11,155 737 951,B01,1,33,0,2,3,1,1,
2.024E+11,155 737 946,A01,1,7,14,0,2,2,1,
2.024E+11,155 737 947,B01,1,32,1,0,4,23,1,
2.024E+11,155 737 945,A01,1,32,0,1,1,17,1,
2.024E+11,155 737 944,A01,1,1,0,2,1,15,5,
2.024E+11,155 737 948,B01,1,7,0,2,2,2,1,
2.024E+11,155 737 942,A01,2,7,0,2,8,1,1,
2.024E+11,155 737 943,B01,3,60,0,2,7,1,5,
2.024E+11,155 737 939,A01,1,33,0,2,8,1,1,
2.024E+11,155 737 940,B01,2,15,0,2,1,15,1,
2.024E+11,155 737 938,A01,3,2,0,0,0,15,1,
2.024E+11,155 737 941,A01,1,7,0,1,2,1,3,
2.024E+11,155 737 935,A01,2,1,0,2,1,1,5,
2.024E+11,155 737 937,B01,1,7,0,2,3,16,1,
2.024E+11,155 737 933,A01,1,10,0,2,4,1,1,
2.024E+11,155 737 934,B01,1,7,0,0,0,0,1,
2.024E+11,155 737 936,C01,1,7,0,0,1,1,1,
2.024E+11,155 737 930,A01,3,30,0,2,1,13,1,
2.024E+11,155 737 932,B01,3,7,0,2,1,1,1,
2.024E+11,155 737 929,B01,1,7,0,2,3,26,1,
2.024E+11,155 737 931,A01,1,10,0,2,1,15,1,
2.024E+11,155 737 928,A01,3,33,8,0,1,0,1,
2.024E+11,155 737 926,C01,1,7,0,2,2,0,1,
2.024E+11,155 737 927,A01,1,7,1,0,8,15,1,
2.024E+11,155 737 924,A01,2,7,0,2,1,13,1,
2.024E+11,155 737 925,B01,1,7,0,2,1,1,2,
2.024E+11,155 737 922,B01,2,30,0,2,1,16,1,
2.024E+11,155 737 923,A01,2,7,0,2,3,16,1,
2.024E+11,155 737 919,A01,2,2,0,2,1,2,1,
2.024E+11,155 737 920,B01,2,7,0,2,5,2,1,
2.024E+11,155 737 917,A01,1,7,0,2,1,1,1,
2.024E+11,155 737 918,B01,3,7,0,0,7,19,1,
2.024E+11,155 737 915,A01,1,31,0,2,1,17,3,
2.024E+11,155 737 916,B01,1,7,0,2,3,15,1,
2.024E+11,155 737 911,A01,1,7,0,2,8,15,1,
2.024E+11,155 737 912,B01,1,33,0,2,8,1,1,
2.024E+11,155 737 913,B01,2,10,0,2,1,2,1,
2.024E+11,155 737 914,A01,2,15,0,0,4,2,1,
2.024E+11,155 737 909,A01,2,7,0,2,1,2,1,
2.024E+11,155 737 910,B01,2,7,0,2,5,2,1,
2.024E+11,155 737 906,B01,3,7,0,2,3,26,3,
2.024E+11,155 737 907,A01,1,7,0,2,2,26,1,
2.024E+11,155 737 904,A01,1,38,0,2,2,2,1,2
2.024E+11,155 737 905,B01,1,1,0,0,4,2,5,
2.024E+11,155 737 902,B01,1,34,0,2,3,1,1,
2.024E+11,155 737 903,A01,1,7,0,2,3,15,1,
2.024E+11,155 737 901,B01,1,38,0,2,1,1,1,13
2.024E+11,155 737 908,A01,1,7,0,2,8,19,1,
2.024E+11,155 737 900,A01,3,7,0,1,1,5,1,
2.024E+11,155 737 898,A01,1,7,0,1,3,2,2,
2.024E+11,155 737 897,A01,2,7,0,2,8,9,1,
2.024E+11,155 737 899,B01,2,7,0,2,1,1,1,
2.024E+11,155 737 895,A01,3,2,0,0,9,1,1,
2.024E+11,155 737 894,A01,1,7,0,9,2,17,1,
2.024E+11,155 737 896,B01,1,50,0,2,1,15,3,
2.024E+11,155 737 892,A01,3,2,0,0,1,1,1,
2.024E+11,155 737 890,A01,1,21,0,1,1,1,1,
2.024E+11,155 737 884,B01,3,50,0,2,7,1,3,
2.024E+11,155 737 886,A01,3,7,0,2,1,16,1,
2.024E+11,155 737 885,A01,1,33,0,2,7,17,1,
2.024E+11,155 737 887,B01,1,7,0,2,3,15,1,
2.024E+11,155 737 883,A01,1,7,0,1,1,26,1,
2.024E+11,155 737 882,A01,3,7,0,1,5,4,1,
2.024E+11,155 737 880,B01,1,37,0,2,3,1,1,6
2.024E+11,155 737 881,A01,1,10,0,2,5,16,1,
2.024E+11,155 737 877,A01,2,7,0,1,1,16,1,
2.024E+11,155 737 878,A01,3,7,0,2,1,1,1,
2.024E+11,155 737 879,B01,3,33,0,0,1,1,1,
2.024E+11,155 737 876,A01,0,7,0,1,1,1,1,
2.024E+11,155 737 874,A01,1,7,0,2,2,0,1,
2.024E+11,155 737 872,A01,3,7,0,1,1,17,1,
2.024E+11,155 737 870,B01,0,7,0,2,5,1,1,
2.024E+11,155 737 871,A01,0,30,0,2,1,1,1,
2.024E+11,155 737 873,B01,3,39,0,4,1,19,6,
2.024E+11,155 737 875,A01,1,7,0,4,8,1,2,
2.024E+11,155 737 868,A01,2,7,0,2,1,2,1,
2.024E+11,155 737 869,B01,2,7,0,2,4,2,1,
2.024E+11,155 737 864,A01,2,7,0,2,3,16,1,
2.024E+11,155 737 866,B01,2,7,0,2,8,15,1,
2.024E+11,155 737 862,A01,1,7,0,2,1,1,1,
2.024E+11,155 737 863,B01,2,7,0,2,8,1,1,
2.024E+11,155 737 865,A01,2,33,0,2,1,1,1,
2.024E+11,155 737 867,B01,1,7,0,2,2,15,1,
2.024E+11,155 737 861,A01,2,7,0,1,1,15,1,
2.024E+11,155 737 858,A01,2,33,0,2,1,1,1,
2.024E+11,155 737 860,B01,1,7,0,2,2,15,1,
2.024E+11,155 737 859,A01,1,7,2,0,2,0,1,
2.024E+11,155 737 857,A01,0,7,0,1,7,0,1,
2.024E+11,155 737 853,A01,1,7,0,2,1,2,1,
2.024E+11,155 737 855,B01,1,7,15,2,4,2,1,
2.024E+11,155 737 854,B01,2,7,0,2,1,1,1,
2.024E+11,155 737 856,A01,1,7,0,2,1,13,1,
2.024E+11,155 737 852,A01,1,10,15,0,1,14,1,
2.024E+11,155 737 849,A01,2,7,0,2,3,13,1,
2.024E+11,155 737 851,B01,1,7,0,2,1,1,1,
2.024E+11,155 737 848,B01,0,1,0,2,7,1,5,
2.024E+11,155 737 850,A01,0,7,0,2,1,16,1,
2.024E+11,155 737 847,A01,3,10,2,0,1,13,1,
2.024E+11,155 737 844,A01,1,32,0,2,1,18,1,
2.024E+11,155 737 845,B01,1,10,0,2,5,15,1,
2.024E+11,155 737 842,A01,1,7,15,0,8,13,1,
2.024E+11,155 737 840,A01,3,7,0,2,1,6,1,
2.024E+11,155 737 841,B01,3,7,0,2,7,1,1,
2.024E+11,155 737 837,B01,3,50,0,0,0,16,3,
2.024E+11,155 737 839,A01,2,0,12,0,0,1,0,
2.024E+11,155 737 838,A01,1,33,0,0,7,14,1,
2.024E+11,155 737 835,A01,0,7,0,2,1,1,1,
2.024E+11,155 737 836,B01,0,7,0,2,7,1,1,
2.024E+11,155 737 832,A01,3,13,0,1,3,1,0,
2.024E+11,155 737 833,A01,2,7,0,2,7,17,1,
2.024E+11,155 737 834,B01,2,1,0,2,8,11,5,
2.024E+11,155 737 830,A01,1,7,13,0,1,0,1,
2.024E+11,155 737 828,A01,1,7,0,2,1,2,1,
2.024E+11,155 737 829,B01,1,7,0,2,9,1,1,
2.024E+11,155 737 831,C01,1,7,0,2,9,1,1,
2.024E+11,155 737 824,A01,2,50,0,0,0,1,3,
2.024E+11,155 737 825,A01,1,33,13,0,8,21,1,
2.024E+11,155 737 827,B01,2,7,0,0,0,13,-1,
2.024E+11,155 737 823,A01,1,7,0,2,3,1,1,
2.024E+11,155 737 826,B01,2,7,0,2,2,1,1,
2.024E+11,155 737 822,A01,1,33,13,0,2,1,1,
2.024E+11,155 737 820,A01,3,7,0,2,1,1,3,
2.024E+11,155 737 819,A01,1,7,0,2,3,15,1,
2.024E+11,155 737 821,B01,1,2,0,2,1,1,1,
2.024E+11,155 737 816,B01,1,2,0,2,1,15,1,
2.024E+11,155 737 818,A01,2,7,0,2,2,1,1,
2.024E+11,155 737 815,A01,1,33,11,0,1,17,1,
2.024E+11,155 737 814,A01,3,7,0,2,1,16,1,
2.024E+11,155 737 817,B01,3,7,0,2,8,1,1,
2.024E+11,155 737 811,B01,1,7,0,9,2,1,1,
2.024E+11,155 737 813,A01,3,1,0,2,1,5,5,
2.024E+11,155 737 810,B01,3,7,0,2,4,1,1,
2.024E+11,155 737 812,A01,3,7,0,2,1,2,1,
2.024E+11,155 737 809,A01,3,50,0,0,0,0,3,
2.024E+11,155 737 806,Z01,0,0,0,1,0,26,0,
2.024E+11,155 737 805,A01,2,7,0,2,1,2,1,
2.024E+11,155 737 807,B01,2,7,0,0,4,2,1,
2.024E+11,155 737 804,A01,2,10,0,1,3,1,1,
2.024E+11,155 737 803,A01,2,10,0,1,2,1,1,
2.024E+11,155 737 800,B01,0,1,0,0,5,1,5,
2.024E+11,155 737 802,A01,3,7,0,2,3,9,1,
2.024E+11,155 737 801,A01,2,7,0,0,9,0,1,
2.024E+11,155 737 798,B01,3,7,1,2,1,1,1,
2.024E+11,155 737 799,A01,3,30,1,2,1,17,1,
2.024E+11,155 737 797,A01,1,7,0,1,1,1,1,
2.024E+11,155 737 796,A01,1,7,2,0,1,1,1,
2.024E+11,155 737 795,A01,2,33,0,1,0,21,1,
2.024E+11,155 737 794,A01,1,7,0,2,2,1,0,
2.024E+11,155 737 792,A01,3,7,0,1,1,4,1,
2.024E+11,155 737 791,B01,1,43,0,2,0,0,1,
2.024E+11,155 737 793,A01,1,7,0,2,0,1,1,
2.024E+11,155 737 789,B01,2,80,0,2,8,1,3,
2.024E+11,155 737 790,A01,2,7,0,2,1,9,2,
2.024E+11,155 737 786,A01,2,1,0,2,8,16,5,
2.024E+11,155 737 788,B01,2,17,0,2,7,16,1,
2.024E+11,155 737 784,A01,1,33,0,0,8,1,1,
2.024E+11,155 737 787,B01,2,7,0,2,3,1,1,
2.024E+11,155 737 783,B01,1,10,0,2,3,13,1,
2.024E+11,155 737 785,A01,1,2,0,2,7,17,1,
2.024E+11,155 737 781,A01,3,7,0,2,1,2,1,
2.024E+11,155 737 782,B01,3,33,0,2,4,1,1,
2.024E+11,155 737 780,A01,1,2,0,0,0,1,1,
2.024E+11,155 737 779,A01,3,7,0,1,7,26,1,
2.024E+11,155 737 777,A01,1,7,12,0,7,15,1,
2.024E+11,155 737 775,A01,3,33,9,0,1,1,1,
2.024E+11,155 737 776,A01,1,7,0,2,3,1,1,
2.024E+11,155 737 778,B01,2,33,0,2,8,1,1,
2.024E+11,155 737 774,A01,2,7,0,1,1,17,2,
2.024E+11,155 737 772,A01,1,7,2,0,1,0,1,
2.024E+11,155 737 769,B01,0,33,0,2,1,0,1,
2.024E+11,155 737 771,A01,3,30,0,2,4,10,1,
2.024E+11,155 737 768,B01,1,10,0,2,3,1,1,
2.024E+11,155 737 770,C01,1,32,0,2,9,3,1,
2.024E+11,155 737 773,A01,1,7,0,2,3,1,1,
2.024E+11,155 737 765,A01,1,7,0,2,1,2,1,
2.024E+11,155 737 766,B01,1,7,0,2,4,2,1,
2.024E+11,155 737 763,B01,3,7,0,2,1,13,1,
2.024E+11,155 737 767,A01,3,7,0,2,1,0,1,
2.024E+11,155 737 760,A01,2,37,0,2,3,7,1,5
2.024E+11,155 737 764,B01,2,7,0,2,7,0,0,
2.024E+11,155 737 759,B01,1,7,0,2,4,23,1,
2.024E+11,155 737 762,A01,1,10,0,2,1,2,1,
2.024E+11,155 737 758,B01,2,7,0,2,5,15,1,
2.024E+11,155 737 761,A01,2,2,0,2,1,2,1,
2.024E+11,155 737 757,A01,3,31,0,1,1,19,0,
2.024E+11,155 737 754,B01,1,50,0,2,1,1,3,
2.024E+11,155 737 756,A01,2,7,0,2,1,15,1,
2.024E+11,155 737 753,A01,2,10,1,2,1,17,1,
2.024E+11,155 737 755,B01,2,17,0,0,6,1,1,
2.024E+11,155 737 751,A01,3,7,1,0,1,13,1,
2.024E+11,155 737 750,A01,1,1,0,2,1,1,5,
2.024E+11,155 737 752,B01,1,7,0,2,3,1,3,
2.024E+11,155 737 748,A01,1,7,1,1,2,1,1,
2.024E+11,155 737 747,A01,3,7,0,2,5,1,1,
2.024E+11,155 737 749,B01,1,33,0,2,1,1,1,
2.024E+11,155 737 744,A01,2,30,0,2,7,17,1,
2.024E+11,155 737 746,B01,2,7,0,2,6,15,1,
2.024E+11,155 737 742,A01,1,7,0,2,6,11,1,
2.024E+11,155 737 745,B01,1,33,0,2,2,17,1,
2.024E+11,155 737 741,A01,1,99,0,2,0,0,1,
2.024E+11,155 737 743,B01,1,33,0,2,4,2,1,
2.024E+11,155 737 736,A01,1,7,0,2,1,1,1,
2.024E+11,155 737 740,B01,1,15,0,0,6,1,1,
2.024E+11,155 737 738,B01,2,7,0,2,1,12,2,
2.024E+11,155 737 739,A01,2,33,0,2,8,7,1,
2.024E+11,155 737 737,A01,2,7,0,1,1,1,1,
2.024E+11,155 737 733,A01,1,14,0,2,7,15,1,
2.024E+11,155 737 735,B01,2,2,0,2,1,1,1,
2.024E+11,155 737 732,B01,1,31,0,2,7,17,1,
2.024E+11,155 737 734,A01,2,7,0,2,3,13,1,
2.024E+11,155 737 730,A01,1,2,0,2,8,2,1,
2.024E+11,155 737 731,B01,1,10,0,2,5,1,1,
2.024E+11,155 737 727,A01,1,7,0,2,2,12,1,
2.024E+11,155 737 728,B01,1,32,0,2,6,1,1,
2.024E+11,155 737 726,A01,1,20,0,2,6,16,6,
2.024E+11,155 737 729,Z01,1,7,0,2,2,2,1,
2.024E+11,155 737 723,A01,1,7,0,2,2,16,1,
2.024E+11,155 737 725,B01,1,1,0,2,8,2,5,
2.024E+11,155 737 722,A01,1,7,0,2,6,9,1,
2.024E+11,155 737 724,B01,1,10,0,2,2,1,1,
2.024E+11,155 737 720,A01,1,7,0,2,3,15,1,
2.024E+11,155 737 721,B01,2,32,0,2,0,0,1,
2.024E+11,155 737 718,A01,2,7,8,0,1,0,1,
2.024E+11,155 737 717,A01,3,30,0,2,1,5,0,
2.024E+11,155 737 719,B01,3,10,0,2,1,16,0,
2.024E+11,155 737 714,A01,2,7,0,2,4,1,0,
2.024E+11,155 737 715,B01,2,7,0,2,1,2,2,
2.024E+11,155 737 716,C01,2,7,0,2,3,2,0,
2.024E+11,155 737 712,A01,3,7,6,0,1,20,1,
2.024E+11,155 737 711,A01,2,7,3,2,1,1,1,
2.024E+11,155 737 713,B01,1,7,3,2,1,5,1,
2.024E+11,155 737 709,A01,2,7,0,1,7,1,1,
2.024E+11,155 737 706,A01,1,7,0,0,5,21,1,
2.024E+11,155 737 707,B01,1,30,0,2,3,2,1,
2.024E+11,155 737 705,A01,3,7,0,2,1,1,1,
2.024E+11,155 737 708,B01,3,7,0,2,4,1,1,
2.024E+11,155 737 703,A01,1,7,0,1,2,0,1,
2.024E+11,155 737 702,B01,2,7,14,2,1,13,1,
2.024E+11,155 737 704,A01,1,7,13,2,3,9,0,
2.024E+11,155 737 701,A01,3,10,0,1,0,0,0,
2.024E+11,155 737 699,A01,2,3,13,0,2,13,1,
2.024E+11,155 737 698,A01,3,2,0,2,8,26,1,
2.024E+11,155 737 700,B01,3,21,0,2,8,26,1,
2.024E+11,155 737 696,A01,3,7,0,2,4,23,1,
2.024E+11,155 737 697,B01,3,7,0,2,1,1,1,
2.024E+11,155 737 693,B01,2,33,0,0,2,15,1,
2.024E+11,155 737 695,A01,1,34,0,0,1,15,1,
2.024E+11,155 737 691,A01,1,7,4,0,3,17,1,
2.024E+11,155 737 692,B01,3,1,0,2,0,0,5,
2.024E+11,155 737 694,A01,3,7,0,2,0,15,1,
2.024E+11,155 737 690,A01,1,33,0,1,1,13,1,
2.024E+11,155 737 685,A01,3,7,0,2,1,2,1,
2.024E+11,155 737 686,B01,1,7,0,2,4,2,1,
2.024E+11,155 737 683,A01,3,7,0,2,3,9,1,
2.024E+11,155 737 684,B01,3,33,0,2,7,1,1,
2.024E+11,155 737 681,B01,1,7,0,2,2,1,1,
2.024E+11,155 737 687,A01,1,7,0,2,3,15,1,
2.024E+11,155 737 682,A01,1,7,0,1,3,15,1,
2.024E+11,155 737 677,A01,1,10,2,0,1,1,1,
2.024E+11,155 737 679,B01,2,1,0,2,0,1,5,
2.024E+11,155 737 680,A01,2,7,0,2,3,16,1,
2.024E+11,155 737 674,B01,1,33,0,2,7,0,1,
2.024E+11,155 737 676,C01,1,10,0,2,0,1,2,
2.024E+11,155 737 678,A01,1,7,0,2,1,16,2,
2.024E+11,155 737 672,A01,3,30,0,2,3,1,1,
2.024E+11,155 737 675,B01,3,1,0,2,8,15,5,
2.024E+11,155 737 671,A01,1,7,0,2,7,19,1,
2.024E+11,155 737 673,B01,0,14,0,2,3,1,1,
2.024E+11,155 737 669,A01,1,7,0,2,2,15,2,
2.024E+11,155 737 670,B01,1,33,0,2,2,1,1,
2.024E+11,155 737 666,A01,1,7,0,2,7,16,1,
2.024E+11,155 737 667,B01,1,30,0,2,1,18,1,
2.024E+11,155 737 664,A01,3,0,0,1,1,0,0,
2.024E+11,155 737 661,A01,3,7,0,2,4,4,1,
2.024E+11,155 737 663,B01,1,7,0,2,2,1,3,
2.024E+11,155 737 660,A01,3,10,7,0,1,1,1,
2.024E+11,155 737 659,B01,2,33,0,2,1,1,1,
2.024E+11,155 737 662,A01,1,7,0,2,5,15,1,
2.024E+11,155 737 657,A01,2,31,1,2,3,7,1,
2.024E+11,155 737 658,B01,2,7,0,2,2,16,1,
2.024E+11,155 737 656,A01,1,32,16,0,2,1,1,
2.024E+11,155 737 654,A01,2,33,0,0,0,21,1,
2.024E+11,155 737 652,B01,3,7,0,2,3,1,0,
2.024E+11,155 737 655,A01,3,50,0,2,1,1,3,
2.024E+11,155 737 651,B01,1,50,0,2,3,13,3,
2.024E+11,155 737 653,A01,1,7,0,2,2,1,1,
2.024E+11,155 737 648,A01,3,33,0,2,1,1,1,
2.024E+11,155 737 650,B01,3,7,0,0,4,23,2,
2.024E+11,155 737 647,A01,3,7,13,0,7,1,1,
2.024E+11,155 737 646,Z01,1,2,0,2,1,2,0,
2.024E+11,155 737 649,A01,1,1,0,2,6,11,5,
2.024E+11,155 737 642,A01,3,7,0,2,2,1,1,
2.024E+11,155 737 644,B01,3,50,0,2,1,1,3,
2.024E+11,155 737 643,A01,1,7,0,2,1,1,1,
2.024E+11,155 737 645,B01,2,7,0,2,3,15,1,
2.024E+11,155 737 639,A01,1,7,0,2,1,13,1,
2.024E+11,155 737 640,B01,1,7,0,2,1,1,1,
2.024E+11,155 737 636,A01,2,7,0,2,5,15,1,
2.024E+11,155 737 638,B01,1,1,0,2,1,1,5,
2.024E+11,155 737 637,B01,3,1,0,2,1,13,5,
2.024E+11,155 737 641,A01,1,7,0,2,3,26,1,
2.024E+11,155 737 634,B01,1,33,0,2,1,1,1,
2.024E+11,155 737 635,A01,1,7,0,2,6,11,1,
2.024E+11,155 737 631,A01,2,50,0,2,3,1,3,
2.024E+11,155 737 633,B01,2,7,0,0,6,1,3,
2.024E+11,155 737 629,B01,1,7,0,2,2,16,1,
2.024E+11,155 737 632,A01,1,33,12,2,1,0,1,
2.024E+11,155 737 628,A01,2,33,0,2,1,1,1,
2.024E+11,155 737 630,B01,2,7,0,2,4,1,1,
2.024E+11,155 737 625,A01,3,7,0,2,5,16,1,
2.024E+11,155 737 627,B01,3,10,0,2,3,16,1,
2.024E+11,155 737 624,A01,1,7,0,2,2,10,1,
2.024E+11,155 737 626,B01,2,43,0,2,3,1,1,
2.024E+11,155 737 623,A01,1,99,15,0,1,26,0,
2.024E+11,155 737 621,A01,2,7,0,2,1,2,1,
2.024E+11,155 737 622,B01,2,7,0,2,4,1,1,
2.024E+11,155 737 617,A01,1,32,3,0,1,1,1,
2.024E+11,155 737 619,B01,2,1,1,0,5,1,5,
2.024E+11,155 737 620,A01,1,7,0,2,7,22,2,
2.024E+11,155 737 616,A01,2,7,0,2,3,19,1,
2.024E+11,155 737 618,B01,1,1,0,2,1,1,5,
2.024E+11,155 737 614,A01,1,33,0,2,8,1,1,
2.024E+11,155 737 615,B01,1,7,0,2,7,12,1,
2.024E+11,155 737 613,A01,1,33,0,1,2,1,1,
2.024E+11,155 737 609,B01,1,7,0,0,0,0,0,
2.024E+11,155 737 611,A01,1,7,0,0,0,0,0,
2.024E+11,155 737 612,C01,1,7,0,0,0,0,0,
2.024E+11,155 737 608,A01,1,13,0,2,2,12,1,
2.024E+11,155 737 610,B01,1,7,0,2,8,1,1,
2.024E+11,155 737 607,A01,3,1,0,0,0,26,5,
2.024E+11,155 737 605,A01,2,33,0,2,8,3,1,
2.024E+11,155 737 606,B01,2,7,0,2,2,1,1,
2.024E+11,155 737 601,A01,2,7,1,2,1,1,1,
2.024E+11,155 737 603,B01,2,99,0,2,5,24,1,
2.024E+11,155 737 602,A01,3,2,0,2,3,18,3,
2.024E+11,155 737 604,B01,3,7,0,2,2,16,2,
2.024E+11,155 737 600,A01,1,33,0,0,1,1,1,
2.024E+11,155 737 597,A01,1,7,0,2,8,0,1,
2.024E+11,155 737 598,B01,2,33,0,2,1,1,1,
2.024E+11,155 737 599,A01,1,30,0,1,1,1,1,
2.024E+11,155 737 594,A01,1,7,0,2,3,2,1,
2.024E+11,155 737 596,B01,1,1,0,2,5,19,5,
2.024E+11,155 737 593,A01,1,10,0,2,3,26,1,
2.024E+11,155 737 595,Z01,1,7,0,2,8,1,2,
2.024E+11,155 737 590,B01,2,37,0,2,2,8,1,1
2.024E+11,155 737 592,A01,2,1,0,2,2,8,5,
2.024E+11,155 737 589,A01,2,1,0,2,6,13,5,
2.024E+11,155 737 591,B01,2,33,0,2,1,1,1,
2.024E+11,155 737 586,B01,2,7,0,2,0,9,1,
2.024E+11,155 737 588,A01,2,33,0,2,0,0,1,
2.024E+11,155 737 587,A01,3,30,0,1,1,2,3,
2.024E+11,155 737 584,A01,2,7,1,0,1,1,1,
2.024E+11,155 737 583,A01,1,7,0,2,5,15,1,
2.024E+11,155 737 585,B01,2,33,0,2,3,1,1,
2.024E+11,155 737 581,A01,2,10,0,1,2,1,1,
2.024E+11,155 737 580,Z01,1,7,0,2,8,13,1,
2.024E+11,155 737 582,B01,1,32,0,2,7,17,1,
2.024E+11,155 737 577,C01,1,7,0,2,4,23,1,
2.024E+11,155 737 578,A01,1,7,0,2,6,0,1,
2.024E+11,155 737 579,B01,1,7,0,2,1,26,1,
2.024E+11,155 737 576,A01,1,7,0,1,8,15,2,
2.024E+11,155 737 574,A01,1,7,0,2,3,13,1,
2.024E+11,155 737 575,B01,2,7,0,2,1,0,1,
2.024E+11,155 737 573,A01,1,7,0,1,4,20,1,