Num_Acc,id_vehicule,num_veh,senc,catv,obs,obsm,choc,manv,motor,occutc
2.024E+11,155 736 654,B01,2,14,0,2,6,1,0,
2.024E+11,155 736 656,A01,1,7,0,0,3,1,1,
2.024E+11,155 736 653,A01,1,7,0,1,2,1,1,
2.024E+11,155 736 649,B01,2,33,0,2,2,3,1,
2.024E+11,155 736 652,A01,2,7,0,2,6,11,2,
2.024E+11,155 736 648,A01,1,7,0,2,8,24,1,
2.024E+11,155 736 651,B01,1,1,1,0,1,1,5,
2.024E+11,155 736 645,A01,2,10,0,2,1,1,1,
2.024E+11,155 736 647,C01,1,10,0,2,7,1,1,
2.024E+11,155 736 650,B01,2,7,0,2,8,2,1,
2.024E+11,155 736 644,A01,1,7,0,2,1,2,1,
2.024E+11,155 736 643,A01,2,7,0,2,3,15,1,
2.024E+11,155 736 646,B01,2,7,0,2,2,1,3,
2.024E+11,155 736 640,B01,2,10,0,2,2,2,1,
2.024E+11,155 736 641,A01,2,7,0,2,4,1,1,
2.024E+11,155 736 637,Z01,2,7,0,2,2,12,1,
2.024E+11,155 736 642,A01,2,33,0,2,8,1,1,
2.024E+11,155 736 635,A01,2,7,6,0,1,1,0,
2.024E+11,155 736 636,A01,1,10,0,2,1,9,3,
2.024E+11,155 736 639,B01,1,1,0,2,7,26,5,
2.024E+11,155 736 629,C01,2,7,0,2,4,2,3,
2.024E+11,155 736 633,B01,2,7,0,2,4,2,1,
2.024E+11,155 736 638,A01,2,7,0,2,1,2,1,
2.024E+11,155 736 627,A01,1,7,0,2,3,15,1,
2.024E+11,155 736 631,B01,2,33,0,2,2,1,1,
2.024E+11,155 736 630,B01,2,7,0,2,4,23,1,
2.024E+11,155 736 634,A01,2,7,0,2,1,1,1,
2.024E+11,155 736 628,A01,2,10,0,2,3,15,1,
2.024E+11,155 736 632,B01,1,33,0,2,1,1,1,
2.024E+11,155 736 624,A01,2,10,0,0,4,23,1,
2.024E+11,155 736 626,B01,2,33,0,2,1,1,1,
2.024E+11,155 736 622,A01,1,7,0,2,7,15,1,
2.024E+11,155 736 625,B01,2,30,0,2,1,1,1,
2.024E+11,155 736 621,A01,1,7,0,1,2,15,1,
2.024E+11,155 736 616,C01,2,15,0,2,8,1,1,
2.024E+11,155 736 617,B01,2,7,0,2,7,17,1,
2.024E+11,155 736 619,A01,1,7,0,2,8,17,1,
2.024E+11,155 736 615,A01,2,7,0,1,1,1,1,
2.024E+11,155 736 618,C01,2,7,0,0,0,0,1,
2.024E+11,155 736 620,A01,2,7,0,2,1,26,1,
2.024E+11,155 736 623,B01,2,7,0,0,0,0,1,
2.024E+11,155 736 613,A01,1,50,0,2,2,1,3,
2.024E+11,155 736 614,Z01,1,7,0,9,2,16,1,
2.024E+11,155 736 612,A01,1,7,13,0,3,1,1,
2.024E+11,155 736 610,A01,1,31,0,2,1,1,1,
2.024E+11,155 736 611,B01,1,7,0,2,4,1,1,
2.024E+11,155 736 608,A01,2,7,1,0,2,14,1,
2.024E+11,155 736 605,A01,0,7,0,9,0,1,1,
2.024E+11,155 736 603,A01,1,50,0,2,7,1,3,
2.024E+11,155 736 606,Z01,1,10,0,2,6,1,0,
2.024E+11,155 736 604,C01,2,7,0,2,4,1,1,
2.024E+11,155 736 607,A01,2,7,0,2,1,2,1,
2.024E+11,155 736 609,B01,2,7,0,2,4,1,1,
2.024E+11,155 736 601,A01,1,7,0,2,2,15,1,
2.024E+11,155 736 602,B01,2,7,0,2,1,1,1,
2.024E+11,155 736 600,A01,2,33,4,0,8,1,1,
2.024E+11,155 736 596,A01,0,7,0,1,2,21,1,
2.024E+11,155 736 595,A01,3,7,0,2,3,1,2,
2.024E+11,155 736 599,B01,1,33,0,2,8,2,1,
2.024E+11,155 736 592,A01,3,10,0,1,1,1,0,
2.024E+11,155 736 591,A01,2,2,0,1,1,26,-1,
2.024E+11,155 736 590,B01,1,7,0,2,4,2,1,
2.024E+11,155 736 593,D01,1,7,0,2,5,1,1,
2.024E+11,155 736 594,A01,1,7,0,2,1,2,1,
2.024E+11,155 736 597,C01,1,7,0,2,5,2,3,
2.024E+11,155 736 587,A01,2,7,0,2,3,1,1,
2.024E+11,155 736 588,B01,2,7,0,2,7,14,1,
2.024E+11,155 736 586,B01,2,7,0,2,2,16,1,
2.024E+11,155 736 589,A01,2,7,0,2,8,1,1,
2.024E+11,155 736 584,A01,0,34,0,2,1,1,0,
2.024E+11,155 736 585,B01,0,7,0,2,7,15,0,
2.024E+11,155 736 579,A01,1,7,0,2,0,1,1,
2.024E+11,155 736 581,B01,1,7,0,2,1,1,1,
2.024E+11,155 736 583,C01,1,7,0,2,0,0,1,
2.024E+11,155 736 578,A01,0,7,1,0,1,1,1,
2.024E+11,155 736 580,A01,2,7,3,0,2,2,1,
2.024E+11,155 736 577,A01,2,7,0,2,2,1,1,
2.024E+11,155 736 582,B01,2,34,0,2,3,9,1,
2.024E+11,155 736 575,B01,2,7,0,2,1,1,1,
2.024E+11,155 736 576,A01,2,7,0,2,4,1,1,
2.024E+11,155 736 573,A01,3,7,0,1,6,2,2,
2.024E+11,155 736 571,A01,1,7,0,2,1,26,1,
2.024E+11,155 736 574,B01,1,7,3,2,5,26,1,
2.024E+11,155 736 569,A01,1,33,0,2,3,1,0,
2.024E+11,155 736 572,B01,1,7,0,2,5,1,0,
2.024E+11,155 736 568,B01,1,7,0,2,4,26,1,
2.024E+11,155 736 570,A01,1,7,0,2,1,1,1,
2.024E+11,155 736 566,A01,3,7,0,1,3,1,1,
2.024E+11,155 736 565,A01,3,30,12,2,3,26,1,
2.024E+11,155 736 567,B01,3,37,12,2,2,1,1,1
2.024E+11,155 736 561,B01,1,33,0,2,8,1,0,
2.024E+11,155 736 563,C01,1,7,0,2,1,2,0,
2.024E+11,155 736 564,A01,1,7,0,2,2,12,0,
2.024E+11,155 736 559,B01,2,34,0,2,7,23,1,
2.024E+11,155 736 562,A01,2,7,0,2,8,17,1,
2.024E+11,155 736 556,A01,2,30,0,2,2,17,1,
2.024E+11,155 736 558,B01,2,10,0,2,6,1,1,
2.024E+11,155 736 551,A01,3,33,13,0,7,17,1,
2.024E+11,155 736 554,B01,3,7,0,2,6,2,1,
2.024E+11,155 736 550,B01,1,33,0,2,2,3,1,
2.024E+11,155 736 552,C01,1,10,0,2,4,1,0,
2.024E+11,155 736 555,A01,1,7,0,2,8,13,0,
2.024E+11,155 736 549,A01,2,7,0,2,3,14,0,
2.024E+11,155 736 553,D01,2,7,0,2,4,1,0,
2.024E+11,155 736 557,C01,2,7,0,2,5,1,0,
2.024E+11,155 736 560,B01,2,7,0,2,3,1,0,
2.024E+11,155 736 541,A01,1,10,0,2,7,11,1,
2.024E+11,155 736 544,B01,1,43,4,2,3,1,1,
2.024E+11,155 736 546,C01,1,7,0,2,1,1,1,
2.024E+11,155 736 543,A01,1,7,0,2,1,2,1,
2.024E+11,155 736 545,B01,1,10,0,2,4,2,1,
2.024E+11,155 736 540,B01,1,34,0,2,1,1,1,
2.024E+11,155 736 542,A01,2,7,0,2,2,15,1,
2.024E+11,155 736 537,A01,2,33,0,2,1,3,1,
2.024E+11,155 736 539,B01,2,7,0,2,5,12,1,
2.024E+11,155 736 536,A01,1,10,0,2,1,2,1,
2.024E+11,155 736 538,B01,1,7,0,2,4,2,1,
2.024E+11,155 736 534,A01,1,7,0,2,3,19,1,
2.024E+11,155 736 535,B01,1,7,0,2,8,1,1,
2.024E+11,155 736 532,B01,1,7,0,2,2,1,1,
2.024E+11,155 736 533,A01,1,7,0,2,1,11,2,
2.024E+11,155 736 527,A01,2,7,0,2,2,0,1,
2.024E+11,155 736 529,B01,2,31,0,2,8,1,1,
2.024E+11,155 736 528,A01,1,10,0,2,8,11,1,
2.024E+11,155 736 531,B01,1,33,0,2,7,11,1,
2.024E+11,155 736 526,A01,1,7,0,2,1,15,1,
2.024E+11,155 736 530,B01,2,50,0,2,8,1,3,
2.024E+11,155 736 521,B01,1,7,1,2,3,1,1,
2.024E+11,155 736 524,A01,2,7,0,2,3,1,2,
2.024E+11,155 736 519,A01,1,33,0,0,4,9,1,
2.024E+11,155 736 523,B01,1,17,0,2,2,1,1,
2.024E+11,155 736 517,A01,2,7,0,2,1,2,1,
2.024E+11,155 736 518,B01,2,7,0,2,4,2,1,
2.024E+11,155 736 520,C01,2,7,0,2,4,2,1,
2.024E+11,155 736 522,D01,2,7,0,2,4,2,1,
2.024E+11,155 736 525,E01,2,7,0,2,1,1,2,
2.024E+11,155 736 514,B01,1,34,0,2,1,1,0,
2.024E+11,155 736 516,A01,2,7,0,2,3,1,1,
2.024E+11,155 736 511,B01,1,7,0,2,5,1,1,
2.024E+11,155 736 513,A01,1,7,0,2,3,11,2,
2.024E+11,155 736 510,A01,2,7,0,2,4,1,1,
2.024E+11,155 736 512,B01,2,37,0,2,3,1,1,1
2.024E+11,155 736 515,C01,2,7,0,2,1,1,1,
2.024E+11,155 736 507,A01,2,7,0,2,2,15,1,
2.024E+11,155 736 509,B01,1,7,9,2,9,1,1,
2.024E+11,155 736 505,A01,2,7,0,2,1,2,1,
2.024E+11,155 736 508,B01,2,10,0,2,4,2,1,
2.024E+11,155 736 501,A01,2,7,0,2,3,11,1,
2.024E+11,155 736 502,B01,2,33,0,2,1,3,1,
2.024E+11,155 736 500,B01,0,43,0,2,1,1,1,
2.024E+11,155 736 503,A01,2,7,0,2,3,9,1,
2.024E+11,155 736 499,B01,1,7,0,2,4,2,1,
2.024E+11,155 736 504,C01,1,10,0,2,4,2,1,
2.024E+11,155 736 506,A01,1,10,0,2,1,2,1,
2.024E+11,155 736 496,A01,1,7,0,2,6,1,1,
2.024E+11,155 736 498,B01,1,14,0,2,2,14,1,
2.024E+11,155 736 495,A01,1,7,0,2,3,15,1,
2.024E+11,155 736 497,B01,1,2,0,2,7,17,1,
2.024E+11,155 736 491,A01,1,7,0,2,5,12,1,
2.024E+11,155 736 494,B01,1,33,0,2,1,1,1,
2.024E+11,155 736 488,B01,2,33,0,2,0,11,1,
2.024E+11,155 736 490,A01,2,10,0,0,0,1,1,
2.024E+11,155 736 493,C01,2,15,0,0,1,1,1,
2.024E+11,155 736 489,B01,1,1,0,2,6,15,5,
2.024E+11,155 736 492,A01,1,7,0,2,3,15,2,
2.024E+11,155 736 485,B01,2,33,0,2,8,1,1,
2.024E+11,155 736 487,A01,2,7,0,2,7,12,1,
2.024E+11,155 736 486,A01,1,7,0,1,5,2,1,
2.024E+11,155 736 484,A01,1,7,0,1,0,16,1,
2.024E+11,155 736 482,B01,1,14,0,2,4,2,1,
2.024E+11,155 736 483,A01,1,7,0,2,1,2,1,
2.024E+11,155 736 480,B01,0,7,0,2,3,15,3,
2.024E+11,155 736 481,A01,0,1,0,2,2,1,5,
2.024E+11,155 736 479,A01,0,7,0,1,2,16,1,
2.024E+11,155 736 476,B01,1,7,0,2,5,15,1,
2.024E+11,155 736 477,C01,1,13,0,2,3,2,1,
2.024E+11,155 736 478,A01,2,33,0,2,1,0,1,
2.024E+11,155 736 474,A01,1,7,0,2,1,15,1,
2.024E+11,155 736 475,Y01,3,60,0,2,8,19,5,
2.024E+11,155 736 472,A01,1,7,0,1,1,15,1,
2.024E+11,155 736 470,A01,3,50,0,1,4,0,3,
2.024E+11,155 736 471,A01,1,50,0,2,8,2,3,
2.024E+11,155 736 473,Z01,1,10,0,2,2,2,0,
2.024E+11,155 736 468,A01,3,7,0,2,6,14,1,
2.024E+11,155 736 469,B01,3,50,0,2,1,14,3,
2.024E+11,155 736 465,A01,1,33,0,0,0,17,1,
2.024E+11,155 736 464,B01,1,10,0,2,5,16,1,
2.024E+11,155 736 466,A01,0,50,0,2,0,0,3,
2.024E+11,155 736 462,A01,2,33,0,0,8,1,1,
2.024E+11,155 736 460,A01,3,1,0,2,1,1,5,
2.024E+11,155 736 461,B01,3,1,0,2,1,1,5,
2.024E+11,155 736 459,A01,2,7,0,2,1,2,1,
2.024E+11,155 736 463,B01,2,7,0,2,4,2,1,
2.024E+11,155 736 458,A01,1,33,0,6,1,21,1,
2.024E+11,155 736 457,A01,1,7,0,1,1,16,1,
2.024E+11,155 736 456,A01,1,33,0,5,1,1,1,
2.024E+11,155 736 455,A01,1,10,3,0,1,26,1,
2.024E+11,155 736 453,A01,3,7,0,2,1,1,1,
2.024E+11,155 736 454,B01,3,7,0,2,9,15,1,
2.024E+11,155 736 450,A01,2,7,0,1,3,16,1,
2.024E+11,155 736 451,B01,2,33,0,2,1,26,1,
2.024E+11,155 736 452,A01,1,7,0,2,6,9,1,
2.024E+11,155 736 446,A01,2,7,17,0,3,13,1,
2.024E+11,155 736 448,B01,1,50,0,2,0,0,3,
2.024E+11,155 736 449,A01,1,7,0,2,0,0,1,
2.024E+11,155 736 445,A01,1,7,8,2,3,1,2,
2.024E+11,155 736 447,Z01,1,7,0,2,5,14,1,
2.024E+11,155 736 442,A01,3,7,0,2,3,1,1,
2.024E+11,155 736 444,B01,3,1,0,2,1,19,5,
2.024E+11,155 736 443,A01,2,7,0,2,1,1,1,
2.024E+11,155 736 439,A01,3,7,0,2,6,2,1,
2.024E+11,155 736 440,B01,3,7,0,2,2,26,2,
2.024E+11,155 736 441,C01,3,7,0,2,2,26,3,
2.024E+11,155 736 438,A01,1,7,1,0,1,0,1,
2.024E+11,155 736 435,B01,3,50,0,2,1,26,3,
2.024E+11,155 736 437,A01,3,7,0,2,4,26,0,
2.024E+11,155 736 433,A01,1,7,0,1,2,1,2,
2.024E+11,155 736 430,A01,2,10,0,2,1,1,1,
2.024E+11,155 736 434,B01,2,7,0,2,4,1,1,
2.024E+11,155 736 436,C01,2,7,0,2,5,1,1,
2.024E+11,155 736 431,A01,1,33,0,2,1,1,1,
2.024E+11,155 736 432,B01,2,7,0,2,7,19,1,
2.024E+11,155 736 428,A01,1,14,0,9,4,23,1,
2.024E+11,155 736 429,B01,1,7,0,2,1,1,1,
2.024E+11,155 736 425,A01,2,7,0,1,3,2,2,
2.024E+11,155 736 424,A01,1,1,0,0,0,1,5,
2.024E+11,155 736 423,A01,1,7,0,2,3,16,1,
2.024E+11,155 736 427,B01,2,99,1,2,1,15,3,
2.024E+11,155 736 421,B01,1,7,0,2,8,1,2,
2.024E+11,155 736 422,A01,1,15,0,2,7,2,1,
2.024E+11,155 736 418,A01,1,7,0,0,4,24,1,
2.024E+11,155 736 419,B01,1,2,1,0,1,1,1,
2.024E+11,155 736 417,A01,1,50,0,2,1,19,3,
2.024E+11,155 736 420,B01,1,1,0,2,7,1,5,
2.024E+11,155 736 414,B01,2,1,0,0,4,1,5,
2.024E+11,155 736 415,A01,2,7,0,2,2,1,1,
2.024E+11,155 736 413,B01,1,1,0,2,1,15,5,
2.024E+11,155 736 416,A01,1,7,0,2,1,16,0,
2.024E+11,155 736 411,Z01,1,0,0,2,0,0,0,
2.024E+11,155 736 412,B01,2,7,0,2,6,2,1,
2.024E+11,155 736 409,A01,1,2,0,2,1,17,1,
2.024E+11,155 736 410,B01,1,7,0,2,3,15,1,
2.024E+11,155 736 406,A01,1,7,0,2,1,13,1,
2.024E+11,155 736 408,B01,2,7,0,2,1,1,1,
2.024E+11,155 736 404,B01,3,50,0,2,1,1,3,
2.024E+11,155 736 405,A01,2,7,0,2,1,9,1,
2.024E+11,155 736 403,A01,2,36,1,0,1,15,1,
2.024E+11,155 736 402,B01,2,7,0,2,1,9,1,
2.024E+11,155 736 407,A01,2,33,0,2,7,17,1,
2.024E+11,155 736 400,A01,1,33,11,0,1,1,1,
2.024E+11,155 736 399,A01,3,10,0,2,2,1,1,
2.024E+11,155 736 401,B01,1,32,0,2,3,9,1,
2.024E+11,155 736 398,A01,1,60,0,0,0,0,5,
2.024E+11,155 736 396,A01,1,14,0,0,7,1,1,
2.024E+11,155 736 394,A01,3,7,0,2,3,9,1,
2.024E+11,155 736 397,B01,1,7,0,2,1,1,1,
2.024E+11,155 736 395,A01,1,7,8,0,9,11,1,
2.024E+11,155 736 392,B01,3,1,0,2,0,26,5,
2.024E+11,155 736 393,A01,3,7,0,2,0,0,1,
2.024E+11,155 736 391,A01,1,7,0,1,2,1,1,
2.024E+11,155 736 386,A01,0,7,0,2,0,0,1,
2.024E+11,155 736 389,B01,2,7,0,2,0,0,1,
2.024E+11,155 736 390,C01,1,7,0,0,0,0,1,
2.024E+11,155 736 384,A01,2,1,0,0,0,0,5,
2.024E+11,155 736 385,A01,1,7,0,9,2,17,1,
2.024E+11,155 736 387,B01,1,1,0,2,1,15,5,
2.024E+11,155 736 381,B01,1,31,0,2,1,1,1,
2.024E+11,155 736 383,A01,1,10,0,2,2,1,1,
2.024E+11,155 736 378,B01,2,99,0,2,3,1,1,
2.024E+11,155 736 380,A01,2,7,0,2,6,15,1,
2.024E+11,155 736 377,A01,3,7,0,2,4,23,-1,
2.024E+11,155 736 379,B01,3,7,0,2,1,2,-1,
2.024E+11,155 736 382,C01,3,7,0,2,1,2,-1,
2.024E+11,155 736 376,A01,0,2,0,0,0,1,1,
2.024E+11,155 736 375,A01,2,7,17,0,1,1,0,
2.024E+11,155 736 372,A01,1,7,2,0,0,1,1,
2.024E+11,155 736 370,B01,2,10,0,2,4,23,1,
2.024E+11,155 736 373,A01,2,7,0,2,1,1,1,
2.024E+11,155 736 371,B01,2,30,0,2,8,1,1,
2.024E+11,155 736 374,A01,2,7,0,2,1,15,1,
2.024E+11,155 736 369,A01,1,43,0,9,2,1,1,
2.024E+11,155 736 368,A01,3,10,0,1,5,4,1,
2.024E+11,155 736 366,B01,2,7,0,2,3,1,1,
2.024E+11,155 736 367,A01,1,7,0,2,3,13,1,
2.024E+11,155 736 364,A01,2,21,12,0,0,15,1,
2.024E+11,155 736 365,B01,2,33,12,0,0,17,1,
2.024E+11,155 736 362,B01,1,7,0,2,1,15,1,
2.024E+11,155 736 363,A01,1,34,0,2,7,1,1,
2.024E+11,155 736 357,B01,3,2,0,2,8,1,1,
2.024E+11,155 736 360,Z01,3,7,0,2,1,15,0,
2.024E+11,155 736 358,A01,1,33,0,2,1,1,1,
2.024E+11,155 736 361,B01,2,7,0,0,7,15,1,
2.024E+11,155 736 356,A01,1,7,0,2,5,1,1,
2.024E+11,155 736 359,B01,1,33,0,2,8,1,1,
2.024E+11,155 736 354,A01,3,7,0,1,7,1,1,
2.024E+11,155 736 352,B01,2,10,0,0,0,9,-1,
2.024E+11,155 736 353,A01,2,33,0,2,0,21,1,
2.024E+11,155 736 350,A01,2,31,0,0,7,1,1,
2.024E+11,155 736 351,A01,1,7,0,1,2,15,1,
2.024E+11,155 736 346,A01,3,30,0,2,3,1,1,
2.024E+11,155 736 349,B01,3,7,0,2,1,15,1,
2.024E+11,155 736 345,B01,1,2,0,2,4,26,1,
2.024E+11,155 736 348,A01,1,10,0,2,1,26,1,
2.024E+11,155 736 344,B01,1,7,0,2,1,1,2,
2.024E+11,155 736 347,A01,1,10,0,2,2,19,1,
2.024E+11,155 736 343,A01,0,7,0,1,1,1,2,
2.024E+11,155 736 342,A01,1,33,0,0,7,1,1,
2.024E+11,155 736 339,A01,2,1,0,0,0,1,5,
2.024E+11,155 736 340,A01,3,7,0,1,1,1,1,
2.024E+11,155 736 338,A01,0,30,0,2,1,1,1,
2.024E+11,155 736 341,B01,0,10,0,2,4,1,1,
2.024E+11,155 736 337,A01,1,7,2,0,3,1,2,
2.024E+11,155 736 331,B01,2,1,0,2,8,19,5,
2.024E+11,155 736 333,A01,1,7,0,2,1,1,1,
2.024E+11,155 736 330,A01,2,50,0,2,1,1,3,
2.024E+11,155 736 335,B01,1,1,0,2,1,1,5,
2.024E+11,155 736 332,B01,2,21,0,2,7,0,0,
2.024E+11,155 736 334,A01,1,7,0,2,1,1,3,
2.024E+11,155 736 328,A01,2,10,1,0,2,1,1,
2.024E+11,155 736 327,A01,2,7,0,2,3,16,1,
2.024E+11,155 736 329,B01,2,50,0,2,7,0,3,
2.024E+11,155 736 326,A01,3,50,0,0,0,0,3,
2.024E+11,155 736 323,A01,1,7,2,0,1,21,1,
2.024E+11,155 736 322,B01,0,50,0,2,8,19,3,
2.024E+11,155 736 325,A01,1,7,0,2,1,1,1,
2.024E+11,155 736 320,B01,1,7,0,0,4,1,1,
2.024E+11,155 736 321,A01,1,31,0,2,1,1,1,
2.024E+11,155 736 319,A01,0,37,0,1,2,21,1,1
2.024E+11,155 736 315,A01,3,7,0,2,3,1,1,
2.024E+11,155 736 317,B01,0,7,0,2,3,0,3,
2.024E+11,155 736 318,C01,0,7,0,2,8,2,1,
2.024E+11,155 736 311,C01,1,7,0,2,4,12,1,
2.024E+11,155 736 312,A01,1,7,0,2,1,12,1,
2.024E+11,155 736 313,B01,1,7,0,2,4,12,1,
2.024E+11,155 736 310,A01,1,7,2,0,1,1,1,
2.024E+11,155 736 308,A01,2,7,0,2,3,1,1,
2.024E+11,155 736 309,B01,1,3,0,2,1,13,1,
2.024E+11,155 736 305,A01,2,7,0,2,3,1,1,
2.024E+11,155 736 306,B01,2,7,0,2,6,9,1,
2.024E+11,155 736 303,B01,3,1,0,2,1,1,5,
2.024E+11,155 736 304,A01,3,7,0,2,3,15,1,
2.024E+11,155 736 301,A01,1,7,6,0,2,0,1,
2.024E+11,155 736 300,A01,3,40,0,1,2,1,0,
2.024E+11,155 736 302,A01,1,7,0,1,1,1,1,
2.024E+11,155 736 298,A01,2,7,0,9,7,17,1,
2.024E+11,155 736 299,B01,2,1,0,2,8,1,5,
2.024E+11,155 736 297,A01,3,7,0,1,1,15,1,
2.024E+11,155 736 295,A01,2,7,13,0,0,0,1,
2.024E+11,155 736 292,A01,1,7,0,9,3,1,1,
2.024E+11,155 736 294,B01,0,1,0,0,0,0,5,
2.024E+11,155 736 293,A01,1,7,0,2,2,1,1,
2.024E+11,155 736 296,B01,1,7,0,2,1,1,1,
2.024E+11,155 736 290,A01,0,7,0,0,2,9,1,
2.024E+11,155 736 291,B01,0,1,0,2,5,26,5,
2.024E+11,155 736 289,A01,3,7,1,0,0,1,1,
2.024E+11,155 736 288,A01,2,33,2,0,1,1,1,
2.024E+11,155 736 285,A01,1,7,0,2,1,14,1,
2.024E+11,155 736 287,B01,1,1,0,2,3,1,5,
2.024E+11,155 736 284,A01,1,7,0,1,4,4,0,
2.024E+11,155 736 282,C01,1,7,0,2,3,1,1,
2.024E+11,155 736 283,A01,1,7,0,2,3,13,1,
2.024E+11,155 736 286,B01,2,10,0,2,3,1,1,
2.024E+11,155 736 279,A01,2,7,0,2,7,1,0,
2.024E+11,155 736 281,B01,1,7,0,2,2,1,1,
2.024E+11,155 736 278,A01,1,7,0,2,3,9,1,
2.024E+11,155 736 280,B01,2,2,0,2,1,1,1,
2.024E+11,155 736 275,A01,1,33,2,0,1,1,1,
2.024E+11,155 736 273,B01,2,10,0,2,2,15,1,
2.024E+11,155 736 276,A01,1,2,0,2,1,1,1,
2.024E+11,155 736 274,B01,3,50,0,2,1,25,3,
2.024E+11,155 736 277,A01,1,7,0,2,5,1,1,
2.024E+11,155 736 272,A01,1,7,2,0,2,13,1,
2.024E+11,155 736 270,B01,3,14,0,2,8,15,1,
2.024E+11,155 736 271,A01,3,7,0,2,3,13,1,
2.024E+11,155 736 266,A01,3,2,0,2,1,1,1,
2.024E+11,155 736 268,B01,3,7,0,0,5,1,1,
2.024E+11,155 736 267,A01,1,7,0,2,2,15,1,
2.024E+11,155 736 269,B01,2,33,0,2,1,1,1,
2.024E+11,155 736 264,A01,1,7,3,0,3,13,2,
2.024E+11,155 736 260,B01,2,7,0,2,4,2,1,
2.024E+11,155 736 262,A01,2,7,1,0,1,26,1,
2.024E+11,155 736 263,C01,2,7,0,0,4,0,1,
2.024E+11,155 736 265,D01,2,7,0,0,4,0,1,
2.024E+11,155 736 259,A01,3,7,2,0,1,13,1,
2.024E+11,155 736 258,B01,1,7,0,2,7,16,1,
2.024E+11,155 736 261,A01,1,33,0,2,1,18,1,
2.024E+11,155 736 257,A01,1,7,15,0,1,1,1,
2.024E+11,155 736 255,A01,3,7,0,1,2,1,1,
2.024E+11,155 736 254,A01,2,38,0,1,1,1,1,1
2.024E+11,155 736 253,A01,2,7,0,1,1,23,3,
2.024E+11,155 736 256,B01,2,7,0,2,1,2,1,
2.024E+11,155 736 252,A01,3,30,0,0,0,14,1,
2.024E+11,155 736 248,B01,2,33,0,2,7,1,1,
2.024E+11,155 736 251,A01,0,7,0,2,1,1,1,
2.024E+11,155 736 247,C01,1,15,0,2,0,0,1,
2.024E+11,155 736 249,A01,1,7,3,2,0,0,1,
2.024E+11,155 736 250,B01,1,7,0,2,1,0,1,
2.024E+11,155 736 246,A01,1,37,0,1,1,1,1,1
2.024E+11,155 736 244,B01,1,1,0,2,7,16,5,
2.024E+11,155 736 245,A01,1,7,0,2,1,1,1,
2.024E+11,155 736 242,A01,2,7,5,2,1,13,3,
2.024E+11,155 736 243,B01,1,7,0,2,1,1,1,
2.024E+11,155 736 241,A01,3,7,7,0,1,1,1,
2.024E+11,155 736 237,A01,2,7,0,2,1,2,1,
2.024E+11,155 736 238,B01,2,7,3,0,4,2,2,
2.024E+11,155 736 239,A01,2,7,0,2,0,15,1,
2.024E+11,155 736 240,B01,2,1,0,2,4,23,5,
2.024E+11,155 736 236,A01,3,7,0,1,8,1,1,
2.024E+11,155 736 235,A01,1,7,2,0,1,0,1,
2.024E+11,155 736 233,A01,1,10,0,1,1,1,1,
2.024E+11,155 736 230,A01,1,7,13,0,6,13,1,
2.024E+11,155 736 231,B01,1,7,13,0,1,11,1,
2.024E+11,155 736 229,Z01,1,33,14,2,0,3,0,
2.024E+11,155 736 232,A01,1,7,0,2,6,2,0,
2.024E+11,155 736 234,B01,2,37,0,2,1,3,0,1
2.024E+11,155 736 228,A01,1,7,0,9,0,0,1,
2.024E+11,155 736 226,A01,1,33,0,2,1,1,1,
2.024E+11,155 736 227,B01,2,7,0,9,1,1,1,
2.024E+11,155 736 224,A01,0,33,0,2,1,13,1,
2.024E+11,155 736 225,B01,0,7,0,2,1,1,2,
2.024E+11,155 736 223,A01,3,7,0,0,3,0,1,
2.024E+11,155 736 221,A01,2,7,8,0,2,0,1,
2.024E+11,155 736 219,A01,1,7,0,2,1,15,1,
2.024E+11,155 736 220,B01,1,30,0,2,1,1,1,
2.024E+11,155 736 217,A01,0,7,0,0,1,1,1,
2.024E+11,155 736 222,B01,0,7,0,0,0,2,1,
2.024E+11,155 736 216,B01,1,7,0,2,2,15,1,
2.024E+11,155 736 218,A01,1,7,0,2,8,10,1,
2.024E+11,155 736 215,A01,0,33,1,1,1,1,1,
2.024E+11,155 736 212,A01,3,1,0,2,3,1,5,
2.024E+11,155 736 213,B01,3,7,14,9,2,17,1,
2.024E+11,155 736 211,B01,3,7,0,2,4,1,1,
2.024E+11,155 736 214,A01,3,2,8,2,7,1,1,
2.024E+11,155 736 209,A01,3,7,0,2,6,9,1,
2.024E+11,155 736 210,B01,1,7,0,2,1,1,1,
2.024E+11,155 736 207,B01,2,7,0,2,5,15,1,
2.024E+11,155 736 208,A01,2,10,0,2,1,2,3,
2.024E+11,155 736 206,A01,1,7,4,0,2,1,1,
2.024E+11,155 736 205,A01,0,7,0,1,1,16,1,
2.024E+11,155 736 204,A01,1,33,2,0,1,2,1,
2.024E+11,155 736 203,A01,1,7,14,0,1,1,1,
2.024E+11,155 736 200,A01,1,7,0,9,3,15,1,
2.024E+11,155 736 202,B01,2,1,0,2,1,1,5,
2.024E+11,155 736 196,C01,1,7,0,2,4,2,1,
2.024E+11,155 736 198,A01,1,7,0,2,1,2,1,
2.024E+11,155 736 199,B01,1,7,0,2,4,2,1,
2.024E+11,155 736 197,A01,1,7,0,2,1,1,1,
2.024E+11,155 736 201,B01,2,17,0,2,1,1,1,
2.024E+11,155 736 194,A01,3,33,0,2,1,1,1,
2.024E+11,155 736 195,B01,3,7,0,2,3,19,1,