Num_Acc,id_vehicule,num_veh,senc,catv,obs,obsm,choc,manv,motor,occutc
2.024E+11,155 735 269,A01,2,7,0,0,1,26,1,
2.024E+11,155 735 268,A01,3,10,1,1,1,26,1,
2.024E+11,155 735 266,A01,1,7,0,2,2,1,1,
2.024E+11,155 735 267,B01,1,7,0,2,6,1,1,
2.024E+11,155 735 265,A01,3,7,0,1,3,20,1,
2.024E+11,155 735 263,A01,2,7,0,2,6,1,1,
2.024E+11,155 735 264,B01,2,7,0,2,2,0,1,
2.024E+11,155 735 261,B01,2,7,0,2,1,1,1,
2.024E+11,155 735 262,A01,1,7,0,2,1,1,1,
2.024E+11,155 735 259,A01,1,7,0,2,1,12,1,
2.024E+11,155 735 260,B01,1,7,0,2,4,0,1,
2.024E+11,155 735 257,B01,0,80,0,0,0,1,3,
2.024E+11,155 735 258,A01,0,7,0,2,7,17,1,
2.024E+11,155 735 254,A01,2,33,0,0,0,1,1,
2.024E+11,155 735 255,A01,2,7,4,2,3,13,1,
2.024E+11,155 735 256,B01,2,7,0,2,3,1,2,
2.024E+11,155 735 252,A01,2,7,4,0,3,1,1,
2.024E+11,155 735 250,A01,1,7,0,0,7,0,1,
2.024E+11,155 735 249,A01,1,7,0,2,2,17,1,
2.024E+11,155 735 251,B01,1,7,0,2,6,1,1,
2.024E+11,155 735 247,A01,1,7,1,2,1,1,1,
2.024E+11,155 735 248,B01,1,7,0,2,4,1,1,
2.024E+11,155 735 245,A01,2,33,0,2,1,5,1,
2.024E+11,155 735 246,B01,2,7,0,2,2,12,1,
2.024E+11,155 735 243,B01,1,32,0,2,8,3,1,
2.024E+11,155 735 244,A01,1,7,0,2,2,11,1,
2.024E+11,155 735 241,A01,1,17,0,2,2,12,1,
2.024E+11,155 735 242,B01,1,7,0,2,6,1,1,
2.024E+11,155 735 237,A01,1,7,0,2,4,13,1,
2.024E+11,155 735 239,C01,1,7,0,2,8,1,1,
2.024E+11,155 735 240,B01,1,38,0,2,1,1,1,1
2.024E+11,155 735 238,A01,2,7,0,0,1,1,1,
2.024E+11,155 735 236,A01,1,7,4,0,3,1,1,
2.024E+11,155 735 234,A01,1,10,0,2,1,1,1,
2.024E+11,155 735 235,B01,1,7,0,2,4,1,1,
2.024E+11,155 735 233,A01,2,33,0,0,0,1,1,
2.024E+11,155 735 232,A01,1,34,4,0,1,1,1,
2.024E+11,155 735 230,B01,2,7,0,2,1,1,1,
2.024E+11,155 735 231,A01,2,10,0,2,4,1,1,
2.024E+11,155 735 226,A01,1,7,0,2,3,13,1,
2.024E+11,155 735 228,B01,1,14,0,2,1,1,1,
2.024E+11,155 735 229,C01,1,7,4,2,7,1,1,
2.024E+11,155 735 224,A01,1,7,0,2,5,1,1,
2.024E+11,155 735 225,B01,1,7,0,2,2,12,1,
2.024E+11,155 735 227,C01,1,33,0,2,3,3,1,
2.024E+11,155 735 222,A01,1,32,0,2,1,0,1,
2.024E+11,155 735 223,B01,1,7,0,2,5,0,2,
2.024E+11,155 735 220,B01,1,10,0,2,1,1,1,
2.024E+11,155 735 221,A01,1,7,0,2,4,1,1,
2.024E+11,155 735 219,A01,2,33,0,0,9,1,1,
2.024E+11,155 735 217,B01,1,10,0,0,4,1,1,
2.024E+11,155 735 218,A01,1,7,0,2,1,2,1,
2.024E+11,155 735 216,A01,1,10,0,1,1,1,1,
2.024E+11,155 735 213,A01,1,7,0,2,1,15,1,
2.024E+11,155 735 214,B01,2,2,0,2,3,26,1,
2.024E+11,155 735 204,A01,1,7,0,2,2,15,1,
2.024E+11,155 735 206,B01,2,31,0,2,0,0,1,
2.024E+11,155 735 203,A01,3,7,0,1,1,2,1,
2.024E+11,155 735 202,A01,3,31,0,0,8,15,1,
2.024E+11,155 735 200,A01,3,7,0,2,2,15,1,
2.024E+11,155 735 201,B01,3,7,0,2,3,0,1,
2.024E+11,155 735 198,B01,2,1,0,2,0,19,5,
2.024E+11,155 735 199,A01,1,10,0,2,0,1,1,
2.024E+11,155 735 195,A01,1,7,0,2,1,17,1,
2.024E+11,155 735 197,B01,2,7,0,2,1,1,1,
2.024E+11,155 735 196,A01,2,7,0,1,8,1,1,
2.024E+11,155 735 192,B01,2,32,0,2,7,1,1,
2.024E+11,155 735 194,A01,3,7,14,0,1,15,1,
2.024E+11,155 735 190,A01,1,7,0,2,1,2,6,
2.024E+11,155 735 191,B01,1,33,0,2,1,6,1,
2.024E+11,155 735 193,C01,1,7,0,2,1,1,1,
2.024E+11,155 735 189,Z01,3,50,0,1,1,1,3,
2.024E+11,155 735 187,A01,1,30,12,0,8,1,1,
2.024E+11,155 735 186,B01,2,7,0,2,7,1,1,
2.024E+11,155 735 188,A01,3,10,0,2,1,9,1,
2.024E+11,155 735 183,A01,2,7,0,2,1,1,2,
2.024E+11,155 735 185,B01,2,1,0,2,8,16,0,
2.024E+11,155 735 182,B01,1,31,0,2,1,1,1,
2.024E+11,155 735 184,Z01,1,7,0,2,4,1,1,
2.024E+11,155 735 179,A01,1,7,0,2,1,15,2,
2.024E+11,155 735 181,B01,2,31,0,2,4,3,1,
2.024E+11,155 735 178,A01,1,7,0,2,2,15,1,
2.024E+11,155 735 180,B01,2,1,0,2,1,1,5,
2.024E+11,155 735 175,A01,1,7,0,2,1,0,1,
2.024E+11,155 735 177,B01,2,30,0,2,1,0,3,
2.024E+11,155 735 174,B01,1,1,0,2,6,2,5,
2.024E+11,155 735 176,A01,1,1,0,2,1,0,5,
2.024E+11,155 735 171,B01,1,7,0,2,1,1,1,
2.024E+11,155 735 173,A01,2,7,0,2,1,15,1,
2.024E+11,155 735 170,A01,2,7,0,2,5,2,1,
2.024E+11,155 735 172,B01,1,32,0,2,1,2,1,
2.024E+11,155 735 169,A01,0,33,0,0,8,0,1,
2.024E+11,155 735 167,A01,1,7,0,1,1,1,1,
2.024E+11,155 735 166,B01,1,7,0,2,4,1,1,
2.024E+11,155 735 168,A01,1,33,0,2,1,1,1,
2.024E+11,155 735 164,B01,2,7,1,0,7,1,2,
2.024E+11,155 735 162,C01,1,7,0,2,4,2,1,
2.024E+11,155 735 163,A01,1,7,0,2,1,2,3,
2.024E+11,155 735 165,B01,1,7,0,2,4,2,1,
2.024E+11,155 735 158,B01,1,7,0,2,4,2,1,
2.024E+11,155 735 160,A01,1,7,0,2,1,2,1,
2.024E+11,155 735 157,A01,2,7,0,2,3,13,1,
2.024E+11,155 735 159,B01,1,7,0,2,8,1,1,
2.024E+11,155 735 161,C01,1,7,0,2,6,1,1,
2.024E+11,155 735 155,B01,2,7,0,2,5,20,1,
2.024E+11,155 735 156,A01,1,10,0,2,2,2,1,
2.024E+11,155 735 153,A01,2,7,0,2,2,9,1,
2.024E+11,155 735 154,B01,2,7,0,2,3,1,1,
2.024E+11,155 735 151,A01,2,30,0,0,0,26,3,
2.024E+11,155 735 149,C01,1,7,0,2,3,1,1,
2.024E+11,155 735 150,A01,1,7,0,2,2,15,1,
2.024E+11,155 735 152,B01,1,7,0,2,8,1,1,
2.024E+11,155 735 148,A01,3,30,0,1,1,9,1,
2.024E+11,155 735 146,B01,2,7,0,2,3,1,2,
2.024E+11,155 735 147,A01,3,2,0,2,1,1,6,
2.024E+11,155 735 145,A01,3,7,8,0,1,14,2,
2.024E+11,155 735 143,A01,0,30,0,0,0,1,1,
2.024E+11,155 735 142,A01,0,7,0,2,5,16,1,
2.024E+11,155 735 144,B01,0,37,0,2,3,1,3,3
2.024E+11,155 735 141,A01,1,7,0,1,1,1,0,
2.024E+11,155 735 140,A01,0,7,0,1,1,1,1,
2.024E+11,155 735 137,A01,1,7,0,2,0,26,1,
2.024E+11,155 735 139,B01,1,1,0,2,0,1,5,
2.024E+11,155 735 138,A01,1,7,0,1,1,1,1,
2.024E+11,155 735 135,A01,1,50,12,0,1,1,3,
2.024E+11,155 735 134,B01,0,10,0,2,8,1,1,
2.024E+11,155 735 136,A01,0,10,0,2,2,15,1,
2.024E+11,155 735 133,A01,1,30,0,1,1,25,1,
2.024E+11,155 735 131,A01,2,38,0,2,1,1,1,1
2.024E+11,155 735 132,B01,2,7,0,2,4,1,1,
2.024E+11,155 735 129,A01,1,34,0,2,3,18,1,
2.024E+11,155 735 130,B01,3,7,0,2,2,16,1,
2.024E+11,155 735 126,A01,1,7,3,2,7,5,1,
2.024E+11,155 735 128,B01,2,38,0,2,1,2,4,1
2.024E+11,155 735 125,B01,3,7,0,2,3,1,1,
2.024E+11,155 735 127,A01,2,7,0,2,6,15,1,
2.024E+11,155 735 124,A01,0,7,0,1,1,1,1,
2.024E+11,155 735 122,A01,1,13,0,2,1,2,1,
2.024E+11,155 735 123,B01,1,7,0,2,4,2,1,
2.024E+11,155 735 119,A01,3,7,0,2,3,1,3,
2.024E+11,155 735 121,B01,3,1,0,2,7,1,5,
2.024E+11,155 735 118,A01,3,7,0,2,2,9,1,
2.024E+11,155 735 120,B01,3,1,0,2,1,21,5,
2.024E+11,155 735 113,A01,3,7,0,2,3,16,1,
2.024E+11,155 735 115,B01,3,7,0,2,2,1,1,
2.024E+11,155 735 111,A01,1,50,14,0,1,1,3,
2.024E+11,155 735 110,A01,2,7,0,2,3,15,1,
2.024E+11,155 735 112,C01,2,7,0,2,1,0,1,
2.024E+11,155 735 114,B01,1,99,1,2,1,1,1,
2.024E+11,155 735 107,A01,3,7,13,0,7,1,1,
2.024E+11,155 735 108,B01,3,30,0,2,1,1,0,
2.024E+11,155 735 109,A01,3,30,0,2,1,15,0,
2.024E+11,155 735 105,Z01,2,7,0,9,0,1,1,
2.024E+11,155 735 106,B01,2,1,0,2,0,19,5,
2.024E+11,155 735 103,B01,2,1,0,2,8,15,5,
2.024E+11,155 735 104,A01,2,7,0,9,1,1,3,
2.024E+11,155 735 098,A01,2,7,0,2,1,1,1,
2.024E+11,155 735 100,B01,2,33,0,2,4,1,1,
2.024E+11,155 735 097,A01,1,1,0,2,8,19,5,
2.024E+11,155 735 099,B01,3,10,0,9,3,16,1,
2.024E+11,155 735 096,A01,0,33,0,0,0,1,1,
2.024E+11,155 735 095,A01,1,7,2,0,1,14,1,
2.024E+11,155 735 094,A01,1,30,12,0,1,1,1,
2.024E+11,155 735 093,A01,2,7,2,0,3,13,1,
2.024E+11,155 735 092,A01,3,7,12,0,1,19,1,
2.024E+11,155 735 091,A01,2,7,1,0,1,13,1,
2.024E+11,155 735 089,A01,3,37,0,2,0,21,2,11
2.024E+11,155 735 090,B01,3,34,0,0,0,21,1,
2.024E+11,155 735 087,A01,3,7,0,9,0,5,0,
2.024E+11,155 735 088,B01,3,33,13,0,1,26,1,
2.024E+11,155 735 085,A01,1,3,0,2,1,1,0,
2.024E+11,155 735 086,B01,2,3,0,2,1,1,0,
2.024E+11,155 735 083,B01,1,7,0,1,2,2,1,
2.024E+11,155 735 084,A01,1,7,0,2,1,1,1,
2.024E+11,155 735 081,B01,1,1,0,2,8,1,5,
2.024E+11,155 735 082,A01,1,7,0,2,1,1,0,
2.024E+11,155 735 080,A01,1,7,0,1,1,15,1,
2.024E+11,155 735 078,A01,2,7,0,2,2,15,1,
2.024E+11,155 735 079,B01,2,50,0,2,1,1,3,
2.024E+11,155 735 076,B01,2,33,0,2,1,1,1,
2.024E+11,155 735 077,A01,3,7,0,2,8,15,1,
2.024E+11,155 735 075,A01,2,14,0,1,2,16,1,
2.024E+11,155 735 073,A01,2,10,0,2,2,12,0,
2.024E+11,155 735 074,B01,2,10,0,2,3,1,1,
2.024E+11,155 735 072,A01,1,80,0,1,8,1,3,
2.024E+11,155 735 070,B01,2,60,0,2,1,1,5,
2.024E+11,155 735 071,A01,2,7,0,0,3,1,1,
2.024E+11,155 735 068,B01,1,7,0,2,7,19,1,
2.024E+11,155 735 069,A01,2,7,0,2,1,19,1,
2.024E+11,155 735 066,A01,2,7,0,2,1,1,3,
2.024E+11,155 735 067,B01,2,7,0,2,4,1,2,
2.024E+11,155 735 063,B01,1,7,14,2,4,23,1,
2.024E+11,155 735 064,C01,1,7,0,2,4,23,1,
2.024E+11,155 735 065,A01,1,10,14,2,1,2,1,
2.024E+11,155 735 062,A01,2,7,0,1,2,16,3,
2.024E+11,155 735 061,A01,1,32,0,1,1,1,3,
2.024E+11,155 735 059,A01,1,2,0,2,7,15,1,
2.024E+11,155 735 060,B01,2,33,0,2,1,1,1,
2.024E+11,155 735 057,A01,2,1,0,2,1,21,5,
2.024E+11,155 735 058,B01,1,10,0,2,1,1,3,
2.024E+11,155 735 055,A01,1,32,0,2,7,2,3,
2.024E+11,155 735 056,B01,1,7,0,2,8,2,2,
2.024E+11,155 735 053,A01,2,7,0,2,2,12,1,
2.024E+11,155 735 054,B01,2,32,0,2,3,11,3,
2.024E+11,155 735 052,A01,1,31,0,1,1,1,1,
2.024E+11,155 735 051,A01,3,7,0,1,1,1,3,
2.024E+11,155 735 049,B01,0,1,1,2,1,1,5,
2.024E+11,155 735 050,A01,0,7,1,2,3,15,0,
2.024E+11,155 735 047,A01,1,7,0,2,3,19,1,
2.024E+11,155 735 048,B01,2,50,0,2,1,5,3,
2.024E+11,155 735 045,A01,3,7,0,2,1,2,1,
2.024E+11,155 735 046,B01,0,7,0,2,4,1,2,
2.024E+11,155 735 043,B01,3,7,0,0,0,0,0,
2.024E+11,155 735 044,A01,2,7,0,0,4,1,1,
2.024E+11,155 735 042,A01,1,7,0,1,2,1,1,
2.024E+11,155 735 041,A01,2,10,0,1,4,4,1,
2.024E+11,155 735 039,B01,1,33,0,2,2,2,1,
2.024E+11,155 735 040,A01,1,7,0,2,3,20,1,
2.024E+11,155 735 036,A01,0,7,0,2,3,1,2,
2.024E+11,155 735 037,B01,0,7,0,2,8,1,1,
2.024E+11,155 735 038,C01,0,7,0,2,3,1,2,
2.024E+11,155 735 034,B01,3,31,0,2,1,1,1,
2.024E+11,155 735 035,A01,2,7,0,2,2,12,1,
2.024E+11,155 735 032,A01,1,31,0,2,1,26,1,
2.024E+11,155 735 033,B01,2,7,0,2,1,9,1,
2.024E+11,155 735 030,A01,1,7,0,9,3,9,1,
2.024E+11,155 735 031,B01,2,50,0,2,3,1,3,
2.024E+11,155 735 028,B01,1,7,1,2,6,20,1,
2.024E+11,155 735 029,A01,1,10,0,2,2,2,1,
2.024E+11,155 735 026,A01,1,7,0,9,1,16,1,
2.024E+11,155 735 027,B01,2,1,0,2,7,19,5,
2.024E+11,155 735 025,A01,2,80,0,0,0,2,3,
2.024E+11,155 735 023,B01,1,32,0,2,1,1,1,
2.024E+11,155 735 024,A01,2,50,0,2,1,5,3,
2.024E+11,155 735 021,B01,0,50,0,2,6,18,3,
2.024E+11,155 735 022,A01,3,7,0,2,1,16,1,
2.024E+11,155 735 019,A01,2,50,0,2,1,1,3,
2.024E+11,155 735 020,B01,1,7,0,2,3,16,1,
2.024E+11,155 735 018,A01,2,7,14,0,0,1,0,
2.024E+11,155 735 016,A01,2,30,0,2,1,1,3,
2.024E+11,155 735 017,B01,2,7,0,2,3,15,1,
2.024E+11,155 735 015,A01,2,7,6,0,1,13,1,
2.024E+11,155 735 013,A01,2,7,13,0,9,14,1,
2.024E+11,155 735 012,A01,0,7,6,0,0,1,1,
2.024E+11,155 735 011,A01,1,7,2,0,3,1,1,
2.024E+11,155 735 010,A01,3,7,0,1,2,11,1,
2.024E+11,155 735 008,A01,3,10,0,2,1,13,1,
2.024E+11,155 735 009,B01,3,14,0,2,1,1,1,
2.024E+11,155 735 007,A01,3,33,0,0,0,1,1,
2.024E+11,155 735 005,A01,2,7,0,0,2,1,1,
2.024E+11,155 735 006,B01,1,7,0,2,1,1,1,
2.024E+11,155 735 003,A01,1,7,0,2,1,13,1,
2.024E+11,155 735 004,B01,2,17,0,2,3,0,1,
2.024E+11,155 735 002,A01,2,7,4,0,2,1,2,
2.024E+11,155 735 001,A01,3,7,4,0,4,4,3,
2.024E+11,155 734 999,B01,2,15,0,2,2,1,1,
2.024E+11,155 735 000,A01,2,7,0,2,8,22,1,
2.024E+11,155 734 997,B01,2,7,0,2,2,16,3,
2.024E+11,155 734 998,A01,1,2,0,2,3,1,1,
2.024E+11,155 734 995,B01,1,7,0,2,1,1,1,
2.024E+11,155 734 996,A01,1,7,0,0,4,1,1,
2.024E+11,155 734 994,A01,1,7,13,0,8,1,1,
2.024E+11,155 734 992,A01,2,7,0,2,3,26,1,
2.024E+11,155 734 993,B01,2,2,0,2,7,26,1,
2.024E+11,155 734 990,B01,1,1,0,2,7,1,5,
2.024E+11,155 734 991,A01,1,10,0,9,8,2,1,
2.024E+11,155 734 988,B01,2,7,13,2,3,1,1,
2.024E+11,155 734 989,A01,1,3,15,2,1,15,3,
2.024E+11,155 734 986,B01,1,2,0,2,1,1,1,
2.024E+11,155 734 987,A01,1,7,0,2,8,19,1,
2.024E+11,155 734 985,A01,2,7,0,1,2,0,1,
2.024E+11,155 734 981,D01,2,7,0,2,1,1,1,
2.024E+11,155 734 982,C01,2,7,0,2,4,1,1,
2.024E+11,155 734 983,A01,2,7,0,0,3,20,1,
2.024E+11,155 734 984,B01,2,7,0,2,4,1,1,
2.024E+11,155 734 979,A01,3,7,0,2,1,15,1,
2.024E+11,155 734 980,B01,3,1,0,2,3,1,5,
2.024E+11,155 734 977,B01,1,15,0,2,3,1,1,
2.024E+11,155 734 978,A01,2,7,0,2,3,13,1,
2.024E+11,155 734 975,B01,1,7,13,2,2,1,1,
2.024E+11,155 734 976,A01,3,7,13,2,1,19,2,
2.024E+11,155 734 974,A01,0,7,1,0,1,0,2,
2.024E+11,155 734 971,B01,2,7,0,2,1,1,1,
2.024E+11,155 734 972,C01,2,7,0,2,2,1,1,
2.024E+11,155 734 973,A01,1,7,0,2,1,5,2,
2.024E+11,155 734 970,A01,0,7,14,0,1,1,1,
2.024E+11,155 734 969,A01,3,3,13,0,3,0,1,
2.024E+11,155 734 967,A01,2,7,0,2,1,13,1,
2.024E+11,155 734 968,B01,1,17,0,2,1,1,1,
2.024E+11,155 734 965,B01,2,1,0,2,6,1,5,
2.024E+11,155 734 966,A01,1,7,0,9,3,15,1,
2.024E+11,155 734 963,B01,2,7,0,0,6,1,1,
2.024E+11,155 734 964,A01,3,80,0,2,0,21,3,
2.024E+11,155 734 961,A01,1,7,0,2,6,15,1,
2.024E+11,155 734 962,B01,1,7,0,2,3,1,1,
2.024E+11,155 734 960,A01,1,7,13,0,1,1,1,
2.024E+11,155 734 958,A01,2,31,13,2,1,5,1,
2.024E+11,155 734 959,B01,1,7,0,2,3,1,1,
2.024E+11,155 734 956,A01,3,7,2,2,1,19,1,
2.024E+11,155 734 957,B01,2,7,0,2,7,1,2,
2.024E+11,155 734 955,A01,1,7,13,0,1,0,1,
2.024E+11,155 734 953,A01,2,7,0,2,3,13,3,
2.024E+11,155 734 954,B01,1,7,0,2,3,1,1,
2.024E+11,155 734 951,A01,1,7,0,2,3,1,1,
2.024E+11,155 734 952,B01,2,7,0,2,3,1,1,
2.024E+11,155 734 950,A01,2,7,2,0,0,1,1,
2.024E+11,155 734 948,A01,1,7,0,2,1,13,1,
2.024E+11,155 734 949,B01,2,2,0,2,1,2,1,
2.024E+11,155 734 945,C01,2,7,0,2,1,17,1,
2.024E+11,155 734 946,B01,2,7,0,2,2,2,1,
2.024E+11,155 734 947,A01,2,7,0,0,6,2,2,
2.024E+11,155 734 943,B01,2,17,14,0,3,1,1,
2.024E+11,155 734 944,A01,2,7,4,0,3,1,1,
2.024E+11,155 734 942,A01,1,7,4,0,3,1,1,
2.024E+11,155 734 941,A01,2,7,3,0,3,1,2,
2.024E+11,155 734 939,A01,3,3,0,2,3,13,1,
2.024E+11,155 734 940,B01,3,33,0,2,3,1,1,
2.024E+11,155 734 938,A01,3,10,0,1,5,20,1,
2.024E+11,155 734 937,A01,1,7,16,0,9,1,1,
2.024E+11,155 734 935,A01,2,7,0,2,1,1,1,
2.024E+11,155 734 936,B01,1,7,0,2,1,5,1,
2.024E+11,155 734 934,A01,3,7,0,1,2,9,1,
2.024E+11,155 734 933,A01,2,7,2,0,2,21,1,
2.024E+11,155 734 931,A01,1,1,16,0,0,1,5,
2.024E+11,155 734 929,A01,2,7,0,2,3,15,1,
2.024E+11,155 734 930,B01,2,1,0,2,1,19,5,
2.024E+11,155 734 927,B01,2,33,3,2,1,1,1,
2.024E+11,155 734 928,A01,1,7,0,2,3,15,2,
2.024E+11,155 734 925,A01,1,7,0,2,1,9,1,
2.024E+11,155 734 926,B01,2,33,0,2,7,1,1,
2.024E+11,155 734 923,A01,2,7,0,2,8,9,1,
2.024E+11,155 734 924,B01,1,1,0,2,1,1,5,
2.024E+11,155 734 921,A01,1,7,0,2,1,11,1,
2.024E+11,155 734 922,B01,2,7,0,2,1,1,1,
2.024E+11,155 734 920,A01,2,10,0,1,2,1,1,
2.024E+11,155 734 918,A01,3,7,0,2,1,1,1,
2.024E+11,155 734 919,B01,0,7,0,2,1,1,0,
2.024E+11,155 734 915,B01,1,7,0,2,4,2,1,
2.024E+11,155 734 916,A01,1,7,0,2,4,2,1,
2.024E+11,155 734 917,C01,1,7,0,2,1,2,1,
2.024E+11,155 734 914,A01,1,7,2,0,1,1,1,
2.024E+11,155 734 911,A01,2,7,0,2,2,14,2,
2.024E+11,155 734 912,B01,2,7,0,2,6,1,1,
2.024E+11,155 734 913,C01,2,7,14,2,1,1,1,
2.024E+11,155 734 910,A01,2,7,4,0,1,19,1,
2.024E+11,155 734 909,A01,2,7,4,0,2,21,1,
2.024E+11,155 734 907,A01,1,7,4,2,7,2,1,
2.024E+11,155 734 908,B01,1,33,4,2,3,2,1,
2.024E+11,155 734 906,A01,2,7,3,0,1,1,1,
2.024E+11,155 734 903,C01,1,10,0,2,1,0,1,
2.024E+11,155 734 904,A01,1,7,4,2,9,12,1,
2.024E+11,155 734 905,B01,1,7,0,2,9,26,1,
2.024E+11,155 734 902,A01,1,7,4,0,3,1,1,
2.024E+11,155 734 900,B01,1,7,0,2,7,11,1,
2.024E+11,155 734 901,A01,1,31,0,2,8,0,1,
2.024E+11,155 734 899,A01,1,33,0,0,7,1,1,
2.024E+11,155 734 897,A01,2,7,0,2,1,2,1,
2.024E+11,155 734 898,B01,2,7,0,2,4,2,1,
2.024E+11,155 734 895,A01,1,32,0,2,6,11,1,
2.024E+11,155 734 896,B01,1,7,0,2,3,11,1,
2.024E+11,155 734 893,A01,2,33,0,2,8,0,1,
2.024E+11,155 734 894,Z01,2,7,0,2,0,0,1,
2.024E+11,155 734 891,A01,2,7,1,2,1,21,1,
2.024E+11,155 734 892,B01,2,7,1,2,4,21,3,
2.024E+11,155 734 889,A01,2,7,0,2,8,11,1,
2.024E+11,155 734 890,B01,2,33,0,2,7,3,1,
2.024E+11,155 734 888,A01,1,32,0,2,7,26,1,
2.024E+11,155 734 887,A01,2,7,4,0,3,1,1,
2.024E+11,155 734 886,A01,1,7,3,0,1,1,1,
2.024E+11,155 734 885,A01,2,7,4,0,6,1,1,
2.024E+11,155 734 884,A01,2,7,4,2,1,1,1,
2.024E+11,155 734 882,A01,1,7,0,2,6,9,1,
2.024E+11,155 734 883,B01,1,7,0,2,2,1,1,
2.024E+11,155 734 880,A01,2,33,0,2,7,3,1,
2.024E+11,155 734 881,B01,2,10,0,2,8,11,1,
2.024E+11,155 734 877,C01,1,7,0,2,4,1,1,
2.024E+11,155 734 878,B01,1,7,0,2,8,11,1,
2.024E+11,155 734 879,A01,1,34,0,2,7,1,1,
2.024E+11,155 734 875,B01,2,50,0,2,2,1,3,
2.024E+11,155 734 876,A01,1,7,0,2,1,16,0,
2.024E+11,155 734 874,A01,2,7,0,0,3,1,1,
2.024E+11,155 734 872,A01,1,21,0,2,3,9,1,
2.024E+11,155 734 873,B01,1,30,0,2,1,1,1,
2.024E+11,155 734 871,A01,2,36,0,0,0,1,1,
2.024E+11,155 734 869,A01,1,7,0,2,2,11,1,
2.024E+11,155 734 870,B01,1,7,3,0,6,1,1,
2.024E+11,155 734 868,A01,1,1,0,0,0,24,5,
2.024E+11,155 734 866,A01,2,7,0,2,1,2,1,
2.024E+11,155 734 867,B01,2,33,0,2,4,2,1,
2.024E+11,155 734 864,B01,1,1,0,2,6,16,5,
2.024E+11,155 734 865,A01,1,0,0,2,2,2,0,
2.024E+11,155 734 862,B01,1,33,0,2,7,1,1,
2.024E+11,155 734 863,A01,2,10,0,2,2,15,1,
2.024E+11,155 734 861,A01,1,7,14,1,3,2,1,
2.024E+11,155 734 860,A01,1,50,0,0,0,1,3,
2.024E+11,155 734 858,A01,2,50,0,2,7,17,3,
2.024E+11,155 734 859,B01,2,7,0,2,3,15,1,
2.024E+11,155 734 857,A01,3,2,0,0,0,1,0,
2.024E+11,155 734 856,A01,3,50,14,0,1,1,3,
2.024E+11,155 734 854,B01,2,7,0,2,3,13,1,
2.024E+11,155 734 855,A01,1,7,0,2,3,1,1,
2.024E+11,155 734 852,A01,1,7,0,9,8,17,1,
2.024E+11,155 734 853,B01,2,32,0,2,5,1,1,
2.024E+11,155 734 850,A01,2,7,0,2,1,2,1,
2.024E+11,155 734 851,B01,2,7,0,2,7,2,1,
2.024E+11,155 734 848,B01,3,7,0,2,4,2,1,
2.024E+11,155 734 849,A01,3,10,0,2,1,2,1,
2.024E+11,155 734 846,B01,2,7,0,2,2,26,1,
2.024E+11,155 734 847,A01,2,1,0,2,4,0,5,
2.024E+11,155 734 845,A01,3,7,6,0,2,14,2,
2.024E+11,155 734 844,A01,1,7,0,1,2,1,0,
2.024E+11,155 734 843,A01,3,7,0,1,2,15,1,
2.024E+11,155 734 842,A01,1,7,0,1,3,1,1,
2.024E+11,155 734 841,A01,3,7,15,1,1,1,1,
2.024E+11,155 734 839,A01,2,31,0,2,1,1,1,
2.024E+11,155 734 840,B01,1,7,0,2,2,15,1,
2.024E+11,155 734 837,A01,1,80,0,2,3,15,2,
2.024E+11,155 734 838,B01,1,7,0,2,7,17,1,
2.024E+11,155 734 836,A01,1,33,0,1,2,21,1,
2.024E+11,155 734 834,B01,1,7,0,2,1,11,1,
2.024E+11,155 734 835,A01,2,50,0,2,3,26,3,
2.024E+11,155 734 831,A01,3,7,1,1,4,4,1,
2.024E+11,155 734 828,B01,2,7,0,2,1,0,1,
2.024E+11,155 734 829,A01,2,7,0,2,8,0,1,
2.024E+11,155 734 826,B01,2,7,0,2,1,1,1,
2.024E+11,155 734 827,A01,1,21,0,2,1,16,1,
2.024E+11,155 734 824,B01,3,2,0,2,7,1,1,
2.024E+11,155 734 825,A01,3,7,0,2,3,1,1,
2.024E+11,155 734 823,A01,1,2,1,0,1,26,1,
2.024E+11,155 734 822,A01,2,10,0,1,3,15,1,
2.024E+11,155 734 820,A01,2,43,0,2,1,13,1,
2.024E+11,155 734 821,B01,1,7,0,2,1,1,1,
2.024E+11,155 734 818,A01,3,7,0,2,3,13,1,
2.024E+11,155 734 819,B01,3,7,0,2,8,1,1,
2.024E+11,155 734 816,A01,2,7,0,2,5,15,1,
2.024E+11,155 734 817,B01,1,2,0,2,1,1,1,
2.024E+11,155 734 814,A01,1,7,0,2,1,6,1,
2.024E+11,155 734 815,B01,1,7,0,2,3,2,1,
2.024E+11,155 734 813,A01,3,10,0,1,1,11,1,
2.024E+11,155 734 811,A01,0,7,0,2,1,1,1,
2.024E+11,155 734 812,B01,3,0,0,2,1,5,0,
2.024E+11,155 734 809,A01,3,7,0,2,8,1,1,
2.024E+11,155 734 810,B01,3,7,0,2,3,1,1,
2.024E+11,155 734 808,A01,1,7,0,1,2,1,2,
2.024E+11,155 734 807,A01,2,7,0,2,1,1,1,
2.024E+11,155 734 805,A01,1,7,0,2,3,13,1,
2.024E+11,155 734 806,B01,2,33,0,2,8,0,1,
2.024E+11,155 734 803,A01,3,7,0,2,3,15,1,
2.024E+11,155 734 804,B01,3,7,0,2,1,1,1,
2.024E+11,155 734 801,A01,3,7,0,2,1,1,1,