Num_Acc,id_vehicule,num_veh,senc,catv,obs,obsm,choc,manv,motor,occutc
2.024E+11,155 731 545,B01,1,7,0,2,3,1,1,
2.024E+11,155 731 546,A01,2,7,0,2,2,15,1,
2.024E+11,155 731 543,A01,2,2,0,2,1,1,1,
2.024E+11,155 731 544,B01,2,10,0,2,4,23,1,
2.024E+11,155 731 541,A01,2,7,0,2,8,15,1,
2.024E+11,155 731 542,B01,2,30,0,2,2,15,1,
2.024E+11,155 731 540,A01,3,30,0,0,0,1,1,
2.024E+11,155 731 538,A01,1,7,0,2,5,15,1,
2.024E+11,155 731 539,B01,1,7,0,2,3,1,1,
2.024E+11,155 731 537,A01,2,2,16,0,0,1,1,
2.024E+11,155 731 535,A01,1,7,14,0,1,2,1,
2.024E+11,155 731 536,B01,1,7,0,0,4,23,1,
2.024E+11,155 731 532,A01,3,32,0,2,1,19,1,
2.024E+11,155 731 533,B01,3,32,0,2,7,1,1,
2.024E+11,155 731 530,A01,3,7,0,2,0,15,1,
2.024E+11,155 731 531,B01,3,33,0,2,0,1,0,
2.024E+11,155 731 529,A01,2,7,0,1,1,19,1,
2.024E+11,155 731 527,A01,2,7,0,2,5,12,2,
2.024E+11,155 731 528,B01,2,7,0,2,3,1,1,
2.024E+11,155 731 526,A01,1,1,0,1,1,1,5,
2.024E+11,155 731 524,B01,2,1,0,2,5,20,5,
2.024E+11,155 731 525,A01,2,10,0,2,2,1,3,
2.024E+11,155 731 523,A01,2,34,0,1,1,1,3,
2.024E+11,155 731 522,Z01,1,32,0,1,1,1,0,
2.024E+11,155 731 521,A01,1,7,0,1,3,2,2,
2.024E+11,155 731 519,A01,1,34,0,2,7,1,1,
2.024E+11,155 731 520,B01,3,1,0,2,1,19,5,
2.024E+11,155 731 518,A01,2,7,0,1,2,1,2,
2.024E+11,155 731 517,A01,1,7,0,1,1,15,1,
2.024E+11,155 731 515,B01,1,1,0,2,6,15,5,
2.024E+11,155 731 516,A01,1,7,0,2,6,15,1,
2.024E+11,155 731 514,A01,3,7,1,0,2,14,1,
2.024E+11,155 731 512,A01,2,2,0,2,6,18,1,
2.024E+11,155 731 513,B01,2,7,0,2,2,1,2,
2.024E+11,155 731 510,B01,0,7,0,0,3,24,1,
2.024E+11,155 731 511,A01,2,1,1,0,3,19,5,
2.024E+11,155 731 508,A01,1,1,0,2,1,13,5,
2.024E+11,155 731 509,B01,3,10,1,0,3,24,1,
2.024E+11,155 731 507,A01,1,34,1,0,1,1,1,
2.024E+11,155 731 506,A01,1,7,0,1,1,15,1,
2.024E+11,155 731 504,B01,1,2,0,2,7,12,1,
2.024E+11,155 731 505,A01,1,7,0,2,8,1,1,
2.024E+11,155 731 503,A01,2,34,0,0,3,16,0,
2.024E+11,155 731 501,A01,1,7,1,0,4,2,1,
2.024E+11,155 731 502,B01,1,7,0,2,4,23,2,
2.024E+11,155 731 500,A01,0,30,14,0,0,1,1,
2.024E+11,155 731 499,A01,3,7,0,1,1,26,2,
2.024E+11,155 731 497,A01,2,7,0,2,1,1,1,
2.024E+11,155 731 498,B01,1,7,0,2,8,1,1,
2.024E+11,155 731 495,A01,1,33,1,2,4,1,1,
2.024E+11,155 731 496,B01,1,37,0,2,5,1,1,1
2.024E+11,155 731 493,A01,1,2,0,2,1,1,0,
2.024E+11,155 731 494,B01,1,7,0,2,3,9,0,
2.024E+11,155 731 492,A01,3,1,16,0,1,1,5,
2.024E+11,155 731 491,A01,3,1,2,0,1,2,5,
2.024E+11,155 731 489,B01,1,10,16,0,6,23,1,
2.024E+11,155 731 490,A01,1,7,1,0,1,1,1,
2.024E+11,155 731 486,A01,3,7,0,2,1,2,1,
2.024E+11,155 731 487,B01,3,7,0,2,4,2,1,
2.024E+11,155 731 488,C01,3,7,0,2,4,2,1,
2.024E+11,155 731 485,A01,2,3,0,1,2,10,1,
2.024E+11,155 731 483,A01,1,17,0,2,1,1,1,
2.024E+11,155 731 484,B01,0,7,0,2,5,19,1,
2.024E+11,155 731 482,A01,1,7,2,0,3,13,1,
2.024E+11,155 731 481,A01,2,7,2,0,7,0,1,
2.024E+11,155 731 480,A01,1,7,6,0,3,1,1,
2.024E+11,155 731 478,B01,2,1,0,2,4,2,5,
2.024E+11,155 731 479,A01,2,7,0,2,3,9,1,
2.024E+11,155 731 477,A01,2,34,16,0,0,0,1,
2.024E+11,155 731 476,A01,0,31,12,0,1,1,1,
2.024E+11,155 731 475,A01,3,7,0,1,2,16,1,
2.024E+11,155 731 473,A01,1,7,0,2,1,13,1,
2.024E+11,155 731 474,B01,2,7,0,2,1,1,1,
2.024E+11,155 731 472,A01,1,7,0,1,1,1,1,
2.024E+11,155 731 470,A01,2,7,0,2,1,2,1,
2.024E+11,155 731 471,B01,2,2,0,2,4,2,1,
2.024E+11,155 731 468,A01,3,14,0,2,3,10,1,
2.024E+11,155 731 469,B01,3,2,0,2,1,1,1,
2.024E+11,155 731 466,B01,1,10,0,2,3,1,1,
2.024E+11,155 731 467,A01,2,7,0,2,3,17,1,
2.024E+11,155 731 464,A01,2,7,0,2,2,1,1,
2.024E+11,155 731 465,B01,2,1,0,2,3,11,5,
2.024E+11,155 731 463,A01,2,7,6,0,0,1,1,
2.024E+11,155 731 462,A01,2,7,2,0,1,1,1,
2.024E+11,155 731 461,A01,1,7,13,0,1,1,1,
2.024E+11,155 731 460,A01,2,7,2,0,3,0,2,
2.024E+11,155 731 458,B01,1,10,0,2,2,0,1,
2.024E+11,155 731 459,A01,1,2,0,2,1,26,1,
2.024E+11,155 731 456,A01,1,7,1,2,2,15,1,
2.024E+11,155 731 457,B01,2,7,0,2,1,21,1,
2.024E+11,155 731 454,B01,1,7,0,2,3,1,1,
2.024E+11,155 731 455,A01,2,7,0,2,3,1,1,
2.024E+11,155 731 451,B01,2,2,0,2,3,1,1,
2.024E+11,155 731 452,A01,2,2,0,2,2,17,1,
2.024E+11,155 731 453,C01,1,7,0,2,3,1,1,
2.024E+11,155 731 449,A01,1,7,0,2,2,15,1,
2.024E+11,155 731 450,B01,2,2,0,2,1,1,1,
2.024E+11,155 731 448,A01,2,7,2,0,1,13,1,
2.024E+11,155 731 447,A01,1,2,0,0,7,1,1,
2.024E+11,155 731 445,A01,2,7,0,2,1,1,1,
2.024E+11,155 731 446,B01,1,7,0,2,1,1,1,
2.024E+11,155 731 444,A01,2,7,1,1,3,5,1,
2.024E+11,155 731 443,A01,2,33,0,6,1,1,1,
2.024E+11,155 731 441,B01,2,10,0,2,6,1,1,
2.024E+11,155 731 442,A01,1,7,0,2,3,17,3,
2.024E+11,155 731 440,A01,1,7,2,0,2,14,1,
2.024E+11,155 731 437,A01,1,7,0,2,2,6,1,
2.024E+11,155 731 438,B01,2,7,0,2,1,1,1,
2.024E+11,155 731 439,C01,2,7,0,2,1,1,2,
2.024E+11,155 731 436,A01,1,33,0,0,0,1,1,
2.024E+11,155 731 434,A01,1,7,0,2,1,1,1,
2.024E+11,155 731 435,B01,1,1,0,0,4,1,5,
2.024E+11,155 731 432,B01,1,7,0,2,3,1,1,
2.024E+11,155 731 433,A01,1,10,0,2,1,9,1,
2.024E+11,155 731 430,A01,2,7,13,0,7,1,1,
2.024E+11,155 731 431,B01,1,7,0,0,1,1,1,
2.024E+11,155 731 429,A01,2,7,2,0,1,0,1,
2.024E+11,155 731 428,A01,1,2,0,0,0,2,1,
2.024E+11,155 731 426,B01,2,7,0,2,3,5,1,
2.024E+11,155 731 427,A01,1,7,0,2,3,1,1,
2.024E+11,155 731 425,A01,1,7,0,0,2,1,1,
2.024E+11,155 731 424,A01,2,7,2,0,1,1,1,
2.024E+11,155 731 423,A01,3,7,2,0,1,17,1,
2.024E+11,155 731 421,B01,1,7,0,2,1,1,1,
2.024E+11,155 731 422,A01,2,7,0,2,2,15,1,
2.024E+11,155 731 420,A01,0,50,0,0,0,0,3,
2.024E+11,155 731 419,A01,3,21,0,0,0,0,0,
2.024E+11,155 731 418,A01,1,7,13,0,1,13,1,
2.024E+11,155 731 417,A01,1,7,8,0,2,14,1,
2.024E+11,155 731 415,B01,1,7,0,2,5,1,1,
2.024E+11,155 731 416,A01,2,10,0,2,1,1,1,
2.024E+11,155 731 413,B01,2,99,0,2,3,21,1,
2.024E+11,155 731 414,A01,1,7,13,2,3,13,1,
2.024E+11,155 731 412,A01,1,7,13,0,1,14,1,
2.024E+11,155 731 411,A01,1,7,16,0,1,1,0,
2.024E+11,155 731 409,A01,1,7,13,0,1,12,1,
2.024E+11,155 731 410,B01,1,7,13,0,1,1,1,
2.024E+11,155 731 407,A01,1,7,0,2,0,9,1,
2.024E+11,155 731 408,B01,1,2,0,2,1,1,3,
2.024E+11,155 731 405,B01,2,7,0,2,1,5,1,
2.024E+11,155 731 406,A01,2,7,0,2,1,21,1,
2.024E+11,155 731 404,A01,2,7,3,0,3,1,1,
2.024E+11,155 731 400,C01,2,7,0,2,1,1,3,
2.024E+11,155 731 401,D01,2,7,0,2,4,1,2,
2.024E+11,155 731 402,B01,2,7,0,2,1,1,1,
2.024E+11,155 731 403,A01,2,7,3,0,1,1,2,
2.024E+11,155 731 399,A01,1,7,2,0,1,13,1,
2.024E+11,155 731 398,A01,2,2,6,0,1,1,1,
2.024E+11,155 731 397,A01,3,10,0,1,2,1,1,
2.024E+11,155 731 395,A01,0,7,0,2,8,11,1,
2.024E+11,155 731 396,B01,0,33,0,2,7,17,1,
2.024E+11,155 731 392,A01,1,7,0,2,2,17,1,
2.024E+11,155 731 393,B01,2,7,0,2,1,1,1,
2.024E+11,155 731 394,C01,1,10,0,2,3,1,1,
2.024E+11,155 731 389,A01,1,7,0,2,1,13,1,
2.024E+11,155 731 390,B01,2,10,0,2,1,1,1,
2.024E+11,155 731 391,C01,2,7,0,2,1,21,1,
2.024E+11,155 731 388,A01,2,10,0,1,3,1,1,
2.024E+11,155 731 386,B01,1,10,0,2,1,1,1,
2.024E+11,155 731 387,A01,1,33,0,0,6,1,1,
2.024E+11,155 731 385,A01,1,33,3,0,2,1,1,
2.024E+11,155 731 384,A01,2,34,0,0,0,0,1,
2.024E+11,155 731 382,B01,3,7,0,2,3,26,1,
2.024E+11,155 731 383,A01,3,30,0,2,2,15,1,
2.024E+11,155 731 380,A01,2,7,0,2,3,13,1,
2.024E+11,155 731 381,B01,1,7,0,2,3,24,1,
2.024E+11,155 731 379,A01,1,7,0,1,3,1,1,
2.024E+11,155 731 377,B01,1,7,0,2,3,2,1,
2.024E+11,155 731 378,A01,1,7,0,2,6,15,0,
2.024E+11,155 731 376,A01,3,7,0,1,3,15,1,
2.024E+11,155 731 375,A01,2,7,0,1,8,1,2,
2.024E+11,155 731 373,A01,2,7,14,0,6,15,1,
2.024E+11,155 731 374,B01,2,31,14,0,1,17,1,
2.024E+11,155 731 372,A01,2,7,0,1,2,1,1,
2.024E+11,155 731 370,A01,2,33,0,2,2,2,1,
2.024E+11,155 731 371,B01,2,7,0,2,6,23,1,
2.024E+11,155 731 369,A01,1,1,12,0,1,14,5,
2.024E+11,155 731 368,A01,2,1,10,0,0,0,5,
2.024E+11,155 731 366,B01,3,50,0,2,1,1,3,
2.024E+11,155 731 367,A01,3,10,0,2,3,9,1,
2.024E+11,155 731 364,A01,0,7,0,2,1,1,1,
2.024E+11,155 731 365,B01,0,32,0,2,7,1,1,
2.024E+11,155 731 363,A01,3,30,0,0,0,1,1,
2.024E+11,155 731 361,B01,0,1,0,2,0,1,5,
2.024E+11,155 731 362,A01,3,32,0,2,0,0,0,
2.024E+11,155 731 360,A01,0,50,0,0,0,0,3,
2.024E+11,155 731 358,A01,2,7,0,9,5,15,1,
2.024E+11,155 731 359,B01,1,33,0,2,1,1,1,
2.024E+11,155 731 356,A01,2,7,0,2,3,1,1,
2.024E+11,155 731 357,B01,2,50,0,2,4,1,3,
2.024E+11,155 731 354,A01,3,33,0,2,4,9,1,
2.024E+11,155 731 355,B01,3,7,0,2,1,1,2,
2.024E+11,155 731 353,A01,3,7,0,1,5,1,2,
2.024E+11,155 731 348,A01,1,7,0,2,1,1,1,
2.024E+11,155 731 349,B01,1,50,0,2,7,19,3,
2.024E+11,155 731 346,A01,1,7,0,2,1,13,1,
2.024E+11,155 731 347,B01,2,7,0,2,1,0,1,
2.024E+11,155 731 344,A01,0,7,0,9,2,15,1,
2.024E+11,155 731 345,B01,0,33,0,2,1,1,1,
2.024E+11,155 731 342,A01,1,7,0,2,3,15,1,
2.024E+11,155 731 343,B01,2,1,0,2,1,1,5,
2.024E+11,155 731 340,A01,1,1,0,2,3,5,5,
2.024E+11,155 731 341,B01,1,7,0,9,2,9,1,
2.024E+11,155 731 338,B01,1,7,0,2,4,2,1,
2.024E+11,155 731 339,A01,1,33,0,2,1,1,1,
2.024E+11,155 731 337,A01,1,7,1,0,1,1,1,
2.024E+11,155 731 336,A01,1,31,0,0,0,2,1,
2.024E+11,155 731 335,A01,1,7,14,1,2,2,1,
2.024E+11,155 731 333,A01,2,50,0,2,6,13,3,
2.024E+11,155 731 334,B01,2,7,0,2,2,1,1,
2.024E+11,155 731 331,A01,2,7,0,2,1,1,1,
2.024E+11,155 731 332,B01,2,50,0,2,7,3,3,
2.024E+11,155 731 330,A01,3,7,0,1,0,15,1,
2.024E+11,155 731 329,A01,3,50,16,0,0,1,3,
2.024E+11,155 731 328,A01,3,7,16,0,9,1,1,
2.024E+11,155 731 326,A01,0,7,0,2,7,15,1,
2.024E+11,155 731 327,B01,0,3,0,2,1,1,1,
2.024E+11,155 731 324,B01,1,37,0,2,6,1,1,1
2.024E+11,155 731 325,A01,1,1,0,2,1,1,5,
2.024E+11,155 731 323,A01,3,33,12,0,0,1,1,
2.024E+11,155 731 322,A01,1,7,0,1,3,21,1,
2.024E+11,155 731 320,A01,2,7,0,2,1,1,1,
2.024E+11,155 731 321,B01,2,10,0,0,4,1,1,
2.024E+11,155 731 315,A01,1,80,0,0,0,16,3,
2.024E+11,155 731 313,A01,3,7,0,2,3,15,1,
2.024E+11,155 731 314,B01,2,33,0,2,2,1,1,
2.024E+11,155 731 312,A01,1,40,0,1,2,1,3,
2.024E+11,155 731 310,B01,1,32,0,2,2,2,1,
2.024E+11,155 731 311,A01,1,10,0,2,3,2,2,
2.024E+11,155 731 308,B01,2,15,0,2,3,21,1,
2.024E+11,155 731 309,A01,1,43,0,2,3,13,1,
2.024E+11,155 731 307,A01,3,7,0,1,1,2,1,
2.024E+11,155 731 305,A01,3,7,0,2,5,1,1,
2.024E+11,155 731 306,B01,3,33,0,2,1,1,1,
2.024E+11,155 731 303,B01,1,50,0,2,1,1,3,
2.024E+11,155 731 304,A01,1,7,0,2,2,15,1,
2.024E+11,155 731 302,A01,2,34,14,1,0,26,1,
2.024E+11,155 731 300,A01,2,7,0,2,3,9,0,
2.024E+11,155 731 301,B01,1,1,0,2,2,26,5,
2.024E+11,155 731 298,B01,1,7,0,2,4,1,1,
2.024E+11,155 731 299,A01,1,7,0,2,1,26,1,
2.024E+11,155 731 297,A01,1,7,2,0,1,13,2,
2.024E+11,155 731 295,A01,1,80,0,2,1,9,3,
2.024E+11,155 731 296,B01,1,7,0,0,3,1,1,
2.024E+11,155 731 293,B01,1,2,0,2,5,1,1,
2.024E+11,155 731 294,A01,1,7,0,2,3,15,1,
2.024E+11,155 731 291,B01,2,33,0,2,8,1,1,
2.024E+11,155 731 292,A01,1,7,0,2,3,2,1,
2.024E+11,155 731 289,A01,1,30,0,2,1,1,1,
2.024E+11,155 731 290,B01,1,13,0,2,7,16,1,
2.024E+11,155 731 287,B01,1,7,0,2,8,1,1,
2.024E+11,155 731 288,A01,1,31,0,2,1,1,1,
2.024E+11,155 731 286,A01,3,10,0,1,2,15,1,
2.024E+11,155 731 285,A01,1,1,0,1,1,1,5,
2.024E+11,155 731 283,Z01,1,7,0,2,1,2,1,
2.024E+11,155 731 284,A01,1,80,0,2,4,1,3,
2.024E+11,155 731 282,A01,2,50,0,1,1,1,3,
2.024E+11,155 731 280,A01,2,7,0,2,2,1,1,
2.024E+11,155 731 281,B01,1,7,0,2,3,1,1,
2.024E+11,155 731 278,A01,1,33,0,2,7,1,1,
2.024E+11,155 731 279,B01,2,7,0,2,1,1,1,
2.024E+11,155 731 276,B01,2,32,0,2,0,1,1,
2.024E+11,155 731 277,A01,2,7,0,2,0,0,1,
2.024E+11,155 731 274,B01,1,7,0,2,4,1,0,
2.024E+11,155 731 275,A01,1,7,0,2,1,1,1,
2.024E+11,155 731 273,A01,3,7,0,1,3,1,1,
2.024E+11,155 731 271,A01,1,7,0,2,1,15,2,
2.024E+11,155 731 272,B01,2,32,0,2,1,1,1,
2.024E+11,155 731 269,B01,2,7,0,2,1,15,1,
2.024E+11,155 731 270,A01,1,32,0,2,1,1,1,
2.024E+11,155 731 267,B01,2,10,0,2,5,14,1,
2.024E+11,155 731 268,A01,2,50,0,2,3,14,3,
2.024E+11,155 731 265,A01,1,10,12,0,1,0,0,
2.024E+11,155 731 264,A01,1,7,0,2,2,15,1,
2.024E+11,155 731 266,B01,2,7,0,2,1,1,1,
2.024E+11,155 731 263,A01,1,7,0,1,1,1,1,
2.024E+11,155 731 261,B01,1,30,0,2,5,2,1,
2.024E+11,155 731 262,A01,1,13,0,2,1,17,1,
2.024E+11,155 731 260,A01,2,7,11,0,1,1,1,
2.024E+11,155 731 259,A01,1,7,15,0,3,1,1,
2.024E+11,155 731 257,A01,1,7,3,0,9,9,1,
2.024E+11,155 731 256,B01,0,31,0,2,1,1,1,
2.024E+11,155 731 258,A01,0,7,0,2,2,15,1,
2.024E+11,155 731 254,B01,1,50,0,2,8,19,3,
2.024E+11,155 731 255,A01,1,10,0,2,1,1,1,
2.024E+11,155 731 251,B01,0,1,0,2,1,1,5,
2.024E+11,155 731 253,A01,0,7,0,2,8,16,1,
2.024E+11,155 731 250,A01,1,7,0,2,7,16,1,
2.024E+11,155 731 252,B01,1,15,0,2,3,1,1,
2.024E+11,155 731 249,A01,1,31,0,0,2,10,3,
2.024E+11,155 731 246,A01,2,7,0,2,1,2,1,
2.024E+11,155 731 248,B01,2,7,0,2,4,2,1,
2.024E+11,155 731 245,A01,1,1,0,2,8,1,5,
2.024E+11,155 731 247,B01,1,7,0,2,1,1,1,
2.024E+11,155 731 243,A01,3,1,0,0,0,0,5,
2.024E+11,155 731 242,B01,1,1,0,2,8,15,5,
2.024E+11,155 731 244,A01,1,1,0,2,1,1,5,
2.024E+11,155 731 239,A01,1,7,0,2,3,13,1,
2.024E+11,155 731 241,B01,2,31,0,2,3,0,1,
2.024E+11,155 731 238,A01,1,7,0,2,2,1,1,
2.024E+11,155 731 240,B01,2,7,0,2,5,15,1,
2.024E+11,155 731 236,A01,2,7,0,2,2,15,1,
2.024E+11,155 731 237,B01,2,33,0,2,1,1,1,
2.024E+11,155 731 235,A01,1,7,0,1,2,1,1,
2.024E+11,155 731 234,A01,3,7,0,1,1,1,1,
2.024E+11,155 731 232,A01,1,34,8,0,1,1,1,
2.024E+11,155 731 233,A01,1,1,0,0,0,20,5,
2.024E+11,155 731 231,A01,3,7,14,5,1,1,1,
2.024E+11,155 731 228,A01,2,7,0,2,6,1,1,
2.024E+11,155 731 230,B01,1,7,0,2,3,1,1,
2.024E+11,155 731 226,B01,2,7,0,2,4,2,1,
2.024E+11,155 731 227,C01,2,7,0,2,4,23,2,
2.024E+11,155 731 229,A01,2,7,0,2,1,2,1,
2.024E+11,155 731 225,A01,2,7,8,0,1,1,1,
2.024E+11,155 731 224,A01,3,7,0,1,3,15,1,
2.024E+11,155 731 222,A01,2,10,0,2,2,1,1,
2.024E+11,155 731 223,B01,3,2,0,2,1,1,1,
2.024E+11,155 731 221,A01,1,33,13,0,7,0,1,
2.024E+11,155 731 219,A01,2,33,0,2,1,1,1,
2.024E+11,155 731 220,B01,1,7,0,2,3,15,1,
2.024E+11,155 731 217,B01,2,7,0,2,4,2,1,
2.024E+11,155 731 218,A01,2,10,0,2,1,2,1,
2.024E+11,155 731 215,B01,3,38,0,2,3,1,1,1
2.024E+11,155 731 216,A01,3,2,0,2,8,13,1,
2.024E+11,155 731 214,A01,2,7,0,1,1,2,1,
2.024E+11,155 731 212,A01,2,7,0,1,1,2,0,
2.024E+11,155 731 211,B01,3,30,0,2,1,9,1,
2.024E+11,155 731 213,A01,2,33,0,0,8,14,1,
2.024E+11,155 731 208,B01,1,7,3,0,4,1,1,
2.024E+11,155 731 210,A01,1,7,4,2,1,2,1,
2.024E+11,155 731 205,A01,1,1,0,2,1,1,5,
2.024E+11,155 731 206,B01,2,15,0,2,1,15,1,
2.024E+11,155 731 203,A01,1,7,0,2,1,2,1,
2.024E+11,155 731 204,B01,1,7,0,2,4,1,2,
2.024E+11,155 731 202,A01,1,1,0,0,0,1,5,
2.024E+11,155 731 198,A01,2,7,0,2,1,2,1,
2.024E+11,155 731 200,B01,2,50,0,2,4,1,3,
2.024E+11,155 731 199,B01,3,7,0,2,6,1,0,
2.024E+11,155 731 201,A01,3,50,0,2,1,11,3,
2.024E+11,155 731 195,A01,3,43,0,2,2,3,1,
2.024E+11,155 731 196,B01,3,7,0,2,3,1,1,
2.024E+11,155 731 194,B01,1,7,0,2,8,15,1,
2.024E+11,155 731 197,A01,1,7,0,2,1,17,1,
2.024E+11,155 731 191,A01,3,2,0,0,0,1,1,
2.024E+11,155 731 190,B01,1,7,0,2,4,1,1,
2.024E+11,155 731 192,C01,1,7,0,2,4,1,1,
2.024E+11,155 731 193,A01,1,7,0,2,1,1,1,
2.024E+11,155 731 187,A01,3,13,0,2,1,19,1,
2.024E+11,155 731 189,B01,1,10,13,2,7,1,1,
2.024E+11,155 731 186,A01,1,30,0,2,1,1,1,
2.024E+11,155 731 188,B01,2,7,0,2,3,1,2,
2.024E+11,155 731 183,A01,1,30,0,2,1,17,1,
2.024E+11,155 731 185,B01,2,7,0,2,3,1,2,
2.024E+11,155 731 182,A01,2,7,0,2,1,13,1,
2.024E+11,155 731 184,B01,1,7,0,2,3,1,1,
2.024E+11,155 731 178,A01,1,32,0,2,0,17,1,
2.024E+11,155 731 180,B01,1,7,0,2,0,15,1,
2.024E+11,155 731 179,A01,3,2,0,2,3,15,1,
2.024E+11,155 731 181,B01,3,2,0,2,1,1,1,
2.024E+11,155 731 175,B01,3,33,0,2,8,1,1,
2.024E+11,155 731 177,A01,3,7,0,2,3,15,1,
2.024E+11,155 731 173,A01,1,7,0,2,3,13,1,
2.024E+11,155 731 174,B01,2,7,0,2,3,1,1,
2.024E+11,155 731 176,C01,2,13,0,2,6,1,1,
2.024E+11,155 731 172,A01,1,33,0,1,1,0,1,
2.024E+11,155 731 171,A01,1,33,4,0,1,2,0,
2.024E+11,155 731 169,B01,2,7,0,2,1,1,1,
2.024E+11,155 731 170,Z01,1,7,0,2,1,10,1,
2.024E+11,155 731 167,A01,1,7,0,2,7,9,1,
2.024E+11,155 731 168,B01,1,33,0,2,1,1,1,
2.024E+11,155 731 164,A01,1,7,13,0,1,13,1,
2.024E+11,155 731 162,D01,2,7,0,2,4,1,1,
2.024E+11,155 731 163,C01,2,7,0,2,4,1,1,
2.024E+11,155 731 165,B01,2,7,0,2,1,2,1,
2.024E+11,155 731 166,A01,2,7,0,2,1,2,2,
2.024E+11,155 731 160,A01,2,7,0,2,3,1,1,
2.024E+11,155 731 161,B01,1,7,0,2,3,13,1,
2.024E+11,155 731 159,A01,2,50,0,0,0,15,3,
2.024E+11,155 731 158,A01,2,7,0,1,1,1,1,
2.024E+11,155 731 157,A01,1,33,0,0,0,1,1,
2.024E+11,155 731 154,B01,1,33,0,2,1,1,1,
2.024E+11,155 731 156,A01,2,7,0,2,2,15,1,
2.024E+11,155 731 153,B01,1,50,0,2,8,19,3,
2.024E+11,155 731 155,A01,2,7,0,2,3,1,1,
2.024E+11,155 731 150,B01,1,33,0,2,1,0,1,
2.024E+11,155 731 151,A01,1,7,0,2,7,15,1,
2.024E+11,155 731 149,B01,2,7,0,2,4,1,2,
2.024E+11,155 731 152,A01,2,32,0,2,1,1,1,
2.024E+11,155 731 147,A01,1,33,0,6,1,1,1,
2.024E+11,155 731 146,A01,3,32,0,2,7,19,1,
2.024E+11,155 731 148,B01,2,50,0,2,2,1,3,
2.024E+11,155 731 144,A01,2,30,0,0,0,15,3,
2.024E+11,155 731 143,A01,1,7,6,2,5,10,1,
2.024E+11,155 731 145,B01,1,7,0,2,1,1,1,
2.024E+11,155 731 141,A01,2,80,0,0,0,0,3,
2.024E+11,155 731 140,A01,3,2,0,2,8,18,1,
2.024E+11,155 731 142,B01,3,7,0,2,7,14,1,
2.024E+11,155 731 137,B01,1,1,8,0,4,1,5,
2.024E+11,155 731 139,A01,1,7,0,2,2,2,0,
2.024E+11,155 731 138,A01,1,10,0,1,2,1,1,
2.024E+11,155 731 136,A01,1,7,6,0,1,0,1,
2.024E+11,155 731 134,B01,1,7,0,2,5,23,1,
2.024E+11,155 731 135,A01,1,7,0,2,3,1,1,
2.024E+11,155 731 133,A01,2,7,0,1,3,1,1,
2.024E+11,155 731 132,Z01,1,33,0,1,8,1,0,
2.024E+11,155 731 130,B01,2,1,0,2,4,2,5,
2.024E+11,155 731 131,A01,2,10,0,2,2,2,1,
2.024E+11,155 731 127,B01,1,34,0,2,1,1,3,
2.024E+11,155 731 129,A01,1,7,0,2,1,15,2,
2.024E+11,155 731 126,A01,2,2,0,2,1,13,1,
2.024E+11,155 731 128,B01,1,7,0,2,1,1,1,
2.024E+11,155 731 124,A01,3,34,12,0,0,15,3,
2.024E+11,155 731 123,A01,1,7,0,2,1,17,1,
2.024E+11,155 731 125,B01,2,7,0,2,1,1,1,
2.024E+11,155 731 120,A01,1,7,0,2,1,13,1,
2.024E+11,155 731 122,B01,1,7,0,2,1,1,1,
2.024E+11,155 731 119,A01,1,10,0,2,5,16,1,
2.024E+11,155 731 121,B01,1,7,0,2,3,7,2,
2.024E+11,155 731 117,A01,3,7,6,0,3,1,0,
2.024E+11,155 731 116,B01,1,33,0,2,8,1,1,
2.024E+11,155 731 118,A01,2,7,0,2,3,13,1,
2.024E+11,155 731 113,B01,3,7,0,2,2,2,1,
2.024E+11,155 731 115,A01,3,50,0,2,1,1,3,
2.024E+11,155 731 112,B01,2,33,0,2,1,1,1,
2.024E+11,155 731 114,A01,1,7,0,2,3,19,1,
2.024E+11,155 731 111,Z01,2,10,0,1,1,17,1,
2.024E+11,155 731 107,A01,3,10,0,2,2,1,1,
2.024E+11,155 731 108,B01,3,1,0,2,4,19,5,
2.024E+11,155 731 104,A01,2,60,0,1,0,1,5,
2.024E+11,155 731 103,A01,2,7,3,2,3,13,1,
2.024E+11,155 731 105,B01,1,33,3,2,8,1,1,
2.024E+11,155 731 106,C01,1,7,0,2,2,1,3,
2.024E+11,155 731 109,D01,2,7,0,2,2,2,1,
2.024E+11,155 731 101,B01,3,33,0,2,1,1,0,
2.024E+11,155 731 102,A01,3,7,0,2,5,15,0,
2.024E+11,155 731 099,B01,1,7,0,2,4,1,1,
2.024E+11,155 731 100,A01,1,7,0,2,1,2,1,
2.024E+11,155 731 097,A01,2,7,3,0,3,1,1,
2.024E+11,155 731 096,B01,3,33,0,2,3,1,1,
2.024E+11,155 731 098,A01,3,7,0,2,3,15,2,
2.024E+11,155 731 095,A01,2,7,3,0,0,1,1,
2.024E+11,155 731 092,A01,1,7,0,2,5,15,1,
2.024E+11,155 731 094,B01,2,99,0,2,3,1,0,
2.024E+11,155 731 090,A01,1,7,0,0,0,1,1,
2.024E+11,155 731 091,C01,1,33,0,2,1,1,1,
2.024E+11,155 731 093,B01,1,7,0,2,6,12,1,
2.024E+11,155 731 088,A01,3,33,2,0,1,1,1,
2.024E+11,155 731 086,B01,1,7,0,2,4,2,1,
2.024E+11,155 731 087,A01,3,7,0,2,4,23,1,