Num_Acc,id_vehicule,num_veh,senc,catv,obs,obsm,choc,manv,motor,occutc
2.024E+11,155 730 153,A01,3,10,0,1,3,16,1,
2.024E+11,155 730 151,A01,1,7,16,0,0,0,1,
2.024E+11,155 730 150,B01,2,7,0,2,1,11,1,
2.024E+11,155 730 152,A01,1,14,0,2,3,1,1,
2.024E+11,155 730 147,A01,3,7,0,9,2,0,1,
2.024E+11,155 730 149,B01,0,99,0,2,1,5,3,
2.024E+11,155 730 146,A01,3,7,0,2,1,15,1,
2.024E+11,155 730 148,B01,3,7,0,2,8,0,1,
2.024E+11,155 730 143,A01,2,7,0,2,1,13,1,
2.024E+11,155 730 145,B01,1,15,0,2,1,1,1,
2.024E+11,155 730 142,B01,0,37,0,2,2,0,1,1
2.024E+11,155 730 144,A01,0,7,0,0,0,0,1,
2.024E+11,155 730 138,B01,2,13,0,2,3,1,1,
2.024E+11,155 730 141,A01,1,7,0,2,1,1,1,
2.024E+11,155 730 137,A01,2,10,0,2,3,2,1,
2.024E+11,155 730 140,B01,2,7,0,2,4,2,1,
2.024E+11,155 730 136,B01,1,7,0,2,3,9,1,
2.024E+11,155 730 139,A01,1,2,0,2,2,1,1,
2.024E+11,155 730 133,A01,2,7,0,2,8,13,1,
2.024E+11,155 730 135,B01,1,7,0,2,1,1,1,
2.024E+11,155 730 132,A01,2,30,0,0,0,0,1,
2.024E+11,155 730 129,A01,2,7,0,2,1,17,1,
2.024E+11,155 730 130,B01,1,1,0,2,1,1,5,
2.024E+11,155 730 126,A01,1,10,0,2,1,16,1,
2.024E+11,155 730 128,B01,1,50,0,2,8,19,3,
2.024E+11,155 730 125,A01,1,7,13,0,2,1,1,
2.024E+11,155 730 124,A01,3,7,0,2,4,23,2,
2.024E+11,155 730 127,B01,3,7,0,2,1,1,1,
2.024E+11,155 730 121,A01,1,7,0,2,2,13,1,
2.024E+11,155 730 122,B01,2,7,0,2,1,1,2,
2.024E+11,155 730 120,A01,1,31,0,2,1,2,1,
2.024E+11,155 730 123,B01,1,7,0,2,4,2,2,
2.024E+11,155 730 119,A01,2,7,0,1,2,2,1,
2.024E+11,155 730 118,A01,2,7,0,0,9,1,1,
2.024E+11,155 730 116,A01,2,7,0,0,2,13,1,
2.024E+11,155 730 115,B01,1,50,0,2,1,1,3,
2.024E+11,155 730 117,A01,3,7,0,2,1,1,1,
2.024E+11,155 730 113,A01,1,13,0,4,1,9,1,
2.024E+11,155 730 114,B01,1,40,0,2,3,1,0,
2.024E+11,155 730 112,A01,3,7,0,1,1,1,2,
2.024E+11,155 730 109,A01,1,2,0,0,0,2,1,
2.024E+11,155 730 108,B01,2,31,0,2,3,15,1,
2.024E+11,155 730 111,A01,2,7,0,2,2,19,1,
2.024E+11,155 730 107,A01,0,7,0,0,0,0,1,
2.024E+11,155 730 110,B01,0,7,0,0,0,0,1,
2.024E+11,155 730 105,A01,3,7,0,1,3,1,1,
2.024E+11,155 730 104,B01,1,33,0,2,1,1,1,
2.024E+11,155 730 106,A01,1,7,0,2,2,19,1,
2.024E+11,155 730 102,A01,3,7,0,1,2,1,2,
2.024E+11,155 730 100,A01,1,7,0,2,2,1,1,
2.024E+11,155 730 101,B01,3,7,0,2,5,1,1,
2.024E+11,155 730 103,C01,1,37,0,2,3,23,1,1
2.024E+11,155 730 097,A01,0,33,0,2,2,17,1,
2.024E+11,155 730 099,B01,0,7,0,2,3,15,1,
2.024E+11,155 730 096,B01,1,31,0,2,7,1,1,
2.024E+11,155 730 098,A01,1,7,0,2,3,11,1,
2.024E+11,155 730 094,A01,2,7,4,0,2,1,1,
2.024E+11,155 730 093,A01,2,7,0,2,3,2,1,
2.024E+11,155 730 095,B01,2,7,0,2,4,2,1,
2.024E+11,155 730 088,C01,2,10,0,2,1,2,1,
2.024E+11,155 730 090,A01,2,10,0,2,1,2,1,
2.024E+11,155 730 092,B01,2,7,0,2,4,2,2,
2.024E+11,155 730 089,A01,3,7,0,2,1,26,1,
2.024E+11,155 730 091,B01,3,7,0,2,1,1,1,
2.024E+11,155 730 086,A01,2,7,1,0,6,24,2,
2.024E+11,155 730 087,B01,2,80,1,0,1,2,3,
2.024E+11,155 730 084,B01,2,33,0,2,1,1,1,
2.024E+11,155 730 085,A01,1,7,0,2,1,15,1,
2.024E+11,155 730 083,Z01,0,7,0,1,1,0,0,
2.024E+11,155 730 080,A01,2,1,0,2,7,0,5,
2.024E+11,155 730 082,B01,1,7,0,2,3,0,1,
2.024E+11,155 730 081,A01,1,7,0,1,1,1,2,
2.024E+11,155 730 077,B01,2,1,0,2,4,1,5,
2.024E+11,155 730 078,Z01,2,1,0,2,1,2,5,
2.024E+11,155 730 076,A01,1,10,0,2,1,1,1,
2.024E+11,155 730 079,B01,2,37,0,2,7,1,6,1
2.024E+11,155 730 074,B01,1,31,0,2,3,1,1,
2.024E+11,155 730 075,A01,3,7,0,2,1,15,1,
2.024E+11,155 730 073,A01,1,7,0,1,7,15,1,
2.024E+11,155 730 071,A01,1,33,0,2,1,1,1,
2.024E+11,155 730 072,B01,1,7,0,2,4,23,1,
2.024E+11,155 730 068,A01,1,2,14,2,3,1,1,
2.024E+11,155 730 070,B01,1,7,0,2,2,19,1,
2.024E+11,155 730 067,A01,1,30,0,0,0,0,1,
2.024E+11,155 730 069,B01,0,10,0,2,5,1,1,
2.024E+11,155 730 064,B01,2,7,0,2,3,1,1,
2.024E+11,155 730 066,A01,1,7,0,2,2,15,3,
2.024E+11,155 730 063,B01,1,7,0,2,3,1,1,
2.024E+11,155 730 065,A01,2,10,0,2,3,13,1,
2.024E+11,155 730 061,A01,2,50,0,2,8,18,3,
2.024E+11,155 730 062,B01,2,13,0,2,5,1,1,
2.024E+11,155 730 058,A01,1,34,0,2,1,1,1,
2.024E+11,155 730 059,C01,2,7,0,2,0,0,1,
2.024E+11,155 730 060,B01,1,1,0,2,0,11,5,
2.024E+11,155 730 057,A01,2,10,0,1,3,15,1,
2.024E+11,155 730 053,B01,0,7,0,2,4,1,1,
2.024E+11,155 730 055,A01,0,7,0,2,1,1,0,
2.024E+11,155 730 054,B01,0,7,0,2,3,15,1,
2.024E+11,155 730 056,A01,0,1,0,2,0,0,5,
2.024E+11,155 730 050,A01,1,7,0,2,1,1,1,
2.024E+11,155 730 051,B01,2,7,0,2,3,16,1,
2.024E+11,155 730 049,A01,2,7,0,2,1,9,1,
2.024E+11,155 730 052,B01,2,1,0,2,3,5,5,
2.024E+11,155 730 047,A01,0,7,0,2,2,0,1,
2.024E+11,155 730 048,B01,0,1,0,2,3,0,5,
2.024E+11,155 730 043,A01,3,7,0,2,1,1,1,
2.024E+11,155 730 044,B01,3,33,0,2,8,1,1,
2.024E+11,155 730 042,A01,2,10,0,1,1,1,1,
2.024E+11,155 730 038,A01,2,10,0,2,3,13,1,
2.024E+11,155 730 039,B01,2,7,0,2,8,21,1,
2.024E+11,155 730 041,C01,2,7,0,2,2,1,2,
2.024E+11,155 730 037,A01,1,33,0,1,1,1,1,
2.024E+11,155 730 040,B01,1,7,0,2,7,9,2,
2.024E+11,155 730 036,A01,3,10,0,1,2,20,1,
2.024E+11,155 730 035,A01,2,33,0,0,0,1,1,
2.024E+11,155 730 033,A01,3,7,0,2,2,15,1,
2.024E+11,155 730 034,B01,3,33,0,2,4,15,1,
2.024E+11,155 730 032,A01,3,7,0,1,3,15,1,
2.024E+11,155 730 031,A01,3,7,0,1,2,17,1,
2.024E+11,155 730 029,A01,1,1,0,2,1,1,5,
2.024E+11,155 730 030,B01,2,7,0,2,3,1,1,
2.024E+11,155 730 028,A01,3,7,0,1,1,11,2,
2.024E+11,155 730 026,B01,1,34,4,0,7,13,1,
2.024E+11,155 730 027,A01,1,7,4,0,8,13,1,
2.024E+11,155 730 025,A01,2,7,0,0,1,26,1,
2.024E+11,155 730 023,B01,1,33,0,2,8,0,1,
2.024E+11,155 730 024,A01,0,7,0,2,5,0,1,
2.024E+11,155 730 022,A01,0,7,8,0,2,1,1,
2.024E+11,155 730 021,A01,0,33,3,0,0,0,1,
2.024E+11,155 730 017,A01,3,10,1,2,7,16,1,
2.024E+11,155 730 019,B01,1,7,1,2,3,24,1,
2.024E+11,155 730 018,A01,3,33,0,2,1,7,1,
2.024E+11,155 730 020,B01,3,7,0,2,7,17,1,
2.024E+11,155 730 014,B01,3,7,0,2,8,1,1,
2.024E+11,155 730 016,A01,0,7,0,2,1,20,1,
2.024E+11,155 730 013,A01,1,1,0,9,7,1,5,
2.024E+11,155 730 015,B01,1,7,0,2,1,1,1,
2.024E+11,155 730 010,B01,2,7,0,2,8,11,1,
2.024E+11,155 730 011,A01,2,33,0,2,2,3,1,
2.024E+11,155 730 012,A01,3,7,0,2,0,0,0,
2.024E+11,155 730 008,B01,2,33,0,2,4,1,1,
2.024E+11,155 730 009,A01,2,7,0,2,1,9,3,
2.024E+11,155 730 007,A01,3,7,0,1,2,16,2,
2.024E+11,155 730 006,A01,2,7,0,1,1,1,1,
2.024E+11,155 730 002,A01,2,2,0,2,1,1,1,
2.024E+11,155 730 005,B01,1,7,0,2,7,1,1,
2.024E+11,155 730 003,B01,2,1,0,2,1,9,5,
2.024E+11,155 730 004,A01,2,7,0,2,6,12,2,
2.024E+11,155 729 998,A01,3,7,14,0,1,16,1,
2.024E+11,155 730 001,B01,3,7,0,0,1,23,1,
2.024E+11,155 729 999,A01,1,7,0,2,1,15,1,
2.024E+11,155 730 000,B01,2,50,0,2,2,1,3,
2.024E+11,155 729 996,A01,2,33,0,2,1,1,1,
2.024E+11,155 729 997,B01,2,32,0,2,4,23,1,
2.024E+11,155 729 995,A01,1,37,1,1,5,14,1,1
2.024E+11,155 729 994,A01,2,1,0,1,1,21,5,
2.024E+11,155 729 991,B01,3,50,0,2,3,2,3,
2.024E+11,155 729 993,A01,1,7,0,2,7,16,1,
2.024E+11,155 729 990,A01,1,50,0,2,1,9,3,
2.024E+11,155 729 992,B01,2,7,0,9,1,9,3,
2.024E+11,155 729 986,A01,3,7,0,2,3,1,3,
2.024E+11,155 729 987,B01,3,7,0,2,2,1,1,
2.024E+11,155 729 988,A01,2,33,0,2,1,17,1,
2.024E+11,155 729 989,B01,2,10,0,2,6,15,3,
2.024E+11,155 729 983,A01,3,7,9,0,1,26,1,
2.024E+11,155 729 985,B01,3,7,9,0,1,15,1,
2.024E+11,155 729 982,A01,2,30,0,2,1,17,1,
2.024E+11,155 729 984,B01,2,10,0,2,0,15,1,
2.024E+11,155 729 979,A01,1,2,0,2,1,1,1,
2.024E+11,155 729 981,B01,1,21,0,2,4,15,1,
2.024E+11,155 729 978,A01,1,33,0,2,1,2,1,
2.024E+11,155 729 980,B01,1,7,0,0,4,2,1,
2.024E+11,155 729 977,A01,0,7,13,0,1,1,1,
2.024E+11,155 729 974,B01,2,33,0,0,1,1,1,
2.024E+11,155 729 976,A01,1,7,0,0,3,13,1,
2.024E+11,155 729 973,A01,2,7,0,2,8,20,1,
2.024E+11,155 729 975,B01,2,33,1,2,7,1,1,
2.024E+11,155 729 970,A01,1,7,0,2,1,0,1,
2.024E+11,155 729 972,B01,2,7,0,2,1,1,1,
2.024E+11,155 729 967,A01,2,10,0,2,1,2,1,
2.024E+11,155 729 969,C01,2,2,0,2,4,15,1,
2.024E+11,155 729 971,B01,2,7,0,2,3,15,1,
2.024E+11,155 729 966,A01,2,10,0,2,2,11,1,
2.024E+11,155 729 968,B01,2,15,0,0,0,1,1,
2.024E+11,155 729 965,A01,2,30,0,9,0,1,1,
2.024E+11,155 729 961,B01,1,10,0,2,1,0,1,
2.024E+11,155 729 962,C01,1,7,0,2,0,0,1,
2.024E+11,155 729 964,A01,1,7,0,2,1,13,1,
2.024E+11,155 729 959,A01,1,7,0,2,8,17,1,
2.024E+11,155 729 960,B01,1,7,0,2,7,13,1,
2.024E+11,155 729 963,C01,2,7,0,2,1,1,1,
2.024E+11,155 729 956,A01,1,50,0,2,1,9,3,
2.024E+11,155 729 958,B01,2,7,0,9,1,1,1,
2.024E+11,155 729 954,A01,2,10,0,1,2,0,1,
2.024E+11,155 729 955,A01,2,7,11,0,3,6,1,
2.024E+11,155 729 957,B01,2,7,11,0,0,1,1,
2.024E+11,155 729 952,A01,2,15,0,2,6,15,1,
2.024E+11,155 729 953,B01,1,33,0,2,1,1,1,
2.024E+11,155 729 949,B01,1,17,0,2,6,1,0,
2.024E+11,155 729 950,A01,1,7,0,2,1,3,1,
2.024E+11,155 729 947,A01,1,7,0,2,5,1,1,
2.024E+11,155 729 951,B01,2,7,0,2,2,1,1,
2.024E+11,155 729 946,A01,2,7,0,2,1,13,1,
2.024E+11,155 729 948,B01,1,15,0,2,3,1,1,
2.024E+11,155 729 945,A01,2,7,13,0,2,1,1,
2.024E+11,155 729 943,A01,2,2,14,0,1,11,1,
2.024E+11,155 729 942,A01,0,7,0,2,1,2,1,
2.024E+11,155 729 944,B01,3,1,0,2,7,2,5,
2.024E+11,155 729 941,A01,1,7,6,0,2,14,1,
2.024E+11,155 729 940,A01,2,7,6,0,1,1,1,
2.024E+11,155 729 937,A01,1,7,0,0,4,1,1,
2.024E+11,155 729 938,B01,1,33,0,2,1,1,1,
2.024E+11,155 729 936,A01,1,7,0,2,5,12,1,
2.024E+11,155 729 939,B01,1,38,0,2,3,1,1,1
2.024E+11,155 729 934,B01,3,1,0,2,1,19,5,
2.024E+11,155 729 935,A01,1,7,0,2,8,1,1,
2.024E+11,155 729 932,B01,1,80,0,2,6,18,3,
2.024E+11,155 729 933,A01,1,17,0,9,2,16,1,
2.024E+11,155 729 930,A01,1,7,0,2,1,1,1,
2.024E+11,155 729 931,B01,1,7,0,2,4,1,1,
2.024E+11,155 729 929,A01,2,50,0,0,0,5,3,
2.024E+11,155 729 927,A01,2,7,0,2,2,15,1,
2.024E+11,155 729 928,B01,1,50,0,2,1,26,3,
2.024E+11,155 729 925,A01,2,1,0,2,1,1,5,
2.024E+11,155 729 926,Z01,2,1,0,2,5,17,5,
2.024E+11,155 729 923,A01,1,7,0,1,1,1,1,
2.024E+11,155 729 924,A01,1,1,0,0,0,2,5,
2.024E+11,155 729 922,A01,0,7,0,1,7,14,1,
2.024E+11,155 729 919,A01,2,7,0,2,1,1,1,
2.024E+11,155 729 920,B01,2,10,0,2,4,23,1,
2.024E+11,155 729 921,C01,2,7,0,2,4,23,1,
2.024E+11,155 729 917,A01,1,7,0,2,2,1,1,
2.024E+11,155 729 918,B01,2,50,0,2,4,1,3,
2.024E+11,155 729 916,A01,3,33,0,0,0,1,1,
2.024E+11,155 729 914,A01,3,7,0,1,2,26,1,
2.024E+11,155 729 913,A01,2,7,0,2,3,15,1,
2.024E+11,155 729 915,B01,3,1,0,2,7,19,5,
2.024E+11,155 729 910,A01,2,7,8,1,1,25,1,
2.024E+11,155 729 911,A01,1,7,0,2,3,15,1,
2.024E+11,155 729 912,B01,1,2,0,2,2,17,1,
2.024E+11,155 729 909,A01,3,7,13,0,1,15,1,
2.024E+11,155 729 908,A01,0,7,0,1,3,1,1,
2.024E+11,155 729 905,A01,1,7,0,2,3,1,1,
2.024E+11,155 729 907,B01,1,7,0,2,1,15,0,
2.024E+11,155 729 904,A01,3,31,0,2,1,2,1,
2.024E+11,155 729 906,B01,0,7,0,0,5,1,1,
2.024E+11,155 729 903,A01,3,7,0,1,0,2,1,
2.024E+11,155 729 901,B01,3,7,0,2,4,1,1,
2.024E+11,155 729 902,A01,3,10,0,2,1,1,1,
2.024E+11,155 729 900,A01,1,7,0,1,2,2,0,
2.024E+11,155 729 899,A01,1,37,0,1,2,1,1,1
2.024E+11,155 729 897,B01,2,7,0,2,1,16,1,
2.024E+11,155 729 898,A01,1,7,0,2,2,1,1,
2.024E+11,155 729 893,A01,1,7,0,2,3,20,1,
2.024E+11,155 729 895,B01,1,32,0,2,1,1,1,
2.024E+11,155 729 894,B01,2,2,0,2,1,1,3,
2.024E+11,155 729 896,A01,3,10,0,2,3,19,1,
2.024E+11,155 729 892,A01,1,7,8,0,1,14,1,
2.024E+11,155 729 891,A01,3,32,2,0,1,1,1,
2.024E+11,155 729 889,B01,2,30,0,2,3,1,1,
2.024E+11,155 729 890,A01,1,7,0,2,3,15,1,
2.024E+11,155 729 887,A01,1,7,1,0,7,1,1,
2.024E+11,155 729 888,B01,3,10,0,2,7,24,1,
2.024E+11,155 729 885,A01,2,7,0,2,2,15,1,
2.024E+11,155 729 886,B01,1,7,0,2,1,1,1,
2.024E+11,155 729 882,B01,1,7,0,2,4,23,1,
2.024E+11,155 729 883,A01,1,10,0,2,1,21,1,
2.024E+11,155 729 884,C01,1,7,0,2,4,23,2,
2.024E+11,155 729 880,A01,2,10,0,2,1,15,1,
2.024E+11,155 729 881,B01,2,7,0,2,4,23,1,
2.024E+11,155 729 878,B01,2,7,0,2,4,23,1,
2.024E+11,155 729 879,A01,2,7,0,2,1,1,1,
2.024E+11,155 729 875,A01,2,30,0,2,2,18,3,
2.024E+11,155 729 877,B01,1,10,0,2,1,1,1,
2.024E+11,155 729 873,A01,3,7,0,1,6,4,1,
2.024E+11,155 729 870,B01,0,1,0,0,0,0,5,
2.024E+11,155 729 872,A01,1,7,0,9,1,1,1,
2.024E+11,155 729 869,A01,1,7,0,0,2,15,2,
2.024E+11,155 729 871,B01,1,32,0,2,3,1,1,
2.024E+11,155 729 866,A01,1,7,0,2,3,9,1,
2.024E+11,155 729 867,Y01,2,1,0,2,2,1,5,
2.024E+11,155 729 864,B01,1,7,9,0,1,1,1,
2.024E+11,155 729 865,A01,1,7,14,0,0,1,1,
2.024E+11,155 729 868,C01,1,7,9,0,1,1,1,
2.024E+11,155 729 861,B01,1,33,0,2,1,21,1,
2.024E+11,155 729 863,A01,1,10,0,2,7,10,1,
2.024E+11,155 729 862,A01,1,37,0,1,3,15,2,1
2.024E+11,155 729 858,A01,0,33,0,2,1,26,1,
2.024E+11,155 729 860,B01,3,7,0,2,1,1,1,
2.024E+11,155 729 855,C01,3,7,0,2,6,23,1,
2.024E+11,155 729 856,D01,3,7,0,2,3,2,1,
2.024E+11,155 729 857,A01,3,7,0,2,0,1,1,
2.024E+11,155 729 859,B01,3,7,0,2,5,23,2,
2.024E+11,155 729 853,A01,1,7,8,0,1,1,1,
2.024E+11,155 729 852,A01,1,7,0,9,3,22,1,
2.024E+11,155 729 854,B01,1,1,1,0,1,22,5,
2.024E+11,155 729 850,A01,2,7,0,1,2,15,1,
2.024E+11,155 729 848,B01,1,2,0,2,1,2,1,
2.024E+11,155 729 849,C01,1,2,0,2,1,2,1,
2.024E+11,155 729 851,A01,3,7,0,2,5,15,1,
2.024E+11,155 729 847,A01,1,2,0,0,0,1,1,
2.024E+11,155 729 844,A01,1,7,1,0,2,14,1,
2.024E+11,155 729 846,B01,0,7,0,2,6,23,1,
2.024E+11,155 729 841,A01,3,7,0,1,1,1,1,
2.024E+11,155 729 839,A01,2,7,0,2,1,1,1,
2.024E+11,155 729 840,B01,2,7,3,2,4,1,1,
2.024E+11,155 729 842,C01,2,7,0,2,1,1,1,
2.024E+11,155 729 843,D01,2,7,0,2,4,1,1,
2.024E+11,155 729 845,E01,2,7,0,2,4,1,1,
2.024E+11,155 729 836,A01,1,10,0,2,1,26,1,
2.024E+11,155 729 837,B01,2,7,0,2,1,1,1,
2.024E+11,155 729 835,B01,3,7,0,2,3,1,0,
2.024E+11,155 729 838,A01,3,10,0,2,3,1,0,
2.024E+11,155 729 834,A01,3,1,0,0,0,1,5,
2.024E+11,155 729 831,B01,1,34,0,2,1,17,1,
2.024E+11,155 729 833,A01,1,7,0,2,6,15,1,
2.024E+11,155 729 830,A01,1,7,0,2,1,1,1,
2.024E+11,155 729 832,B01,2,15,0,0,0,1,1,
2.024E+11,155 729 825,A01,1,15,0,2,1,1,0,
2.024E+11,155 729 827,B01,1,7,0,2,4,1,1,
2.024E+11,155 729 828,C01,1,15,0,0,5,1,1,
2.024E+11,155 729 826,A01,1,7,0,2,3,1,1,
2.024E+11,155 729 829,B01,1,1,0,2,0,1,5,
2.024E+11,155 729 823,A01,0,7,6,0,1,24,1,
2.024E+11,155 729 822,B01,3,7,0,2,5,0,0,
2.024E+11,155 729 824,A01,3,7,0,2,5,0,1,
2.024E+11,155 729 820,A01,2,7,0,2,1,2,1,
2.024E+11,155 729 821,B01,2,7,0,2,4,2,1,
2.024E+11,155 729 817,A01,1,7,0,2,7,15,2,
2.024E+11,155 729 819,B01,2,33,0,2,2,1,1,
2.024E+11,155 729 816,A01,1,7,0,2,2,2,1,
2.024E+11,155 729 818,B01,1,1,0,0,4,2,5,
2.024E+11,155 729 813,B01,1,7,0,2,4,1,1,
2.024E+11,155 729 815,A01,1,43,0,2,1,3,1,
2.024E+11,155 729 812,A01,1,7,0,2,3,11,1,
2.024E+11,155 729 814,B01,1,7,0,2,2,1,1,
2.024E+11,155 729 810,A01,2,10,12,0,3,1,1,
2.024E+11,155 729 807,A01,1,7,0,2,1,2,1,
2.024E+11,155 729 808,B01,1,7,0,2,4,2,2,
2.024E+11,155 729 809,C01,1,7,0,2,4,2,2,
2.024E+11,155 729 811,D01,1,7,0,2,4,2,1,
2.024E+11,155 729 806,A01,1,2,0,5,8,1,1,
2.024E+11,155 729 803,Z01,2,7,0,2,2,1,2,
2.024E+11,155 729 805,A01,0,1,0,2,8,1,5,
2.024E+11,155 729 802,A01,3,38,0,2,2,15,1,2
2.024E+11,155 729 804,B01,3,10,0,2,3,19,1,
2.024E+11,155 729 798,B01,1,7,0,2,3,1,1,
2.024E+11,155 729 800,A01,2,10,0,2,1,1,1,
2.024E+11,155 729 797,A01,2,33,0,2,1,1,1,
2.024E+11,155 729 799,B01,3,80,0,2,8,19,3,
2.024E+11,155 729 801,C01,2,7,0,2,3,1,1,
2.024E+11,155 729 795,A01,1,10,0,1,4,20,1,
2.024E+11,155 729 793,B01,2,17,0,2,6,1,1,
2.024E+11,155 729 794,C01,2,14,0,2,1,1,1,
2.024E+11,155 729 796,A01,1,7,0,2,8,13,1,
2.024E+11,155 729 791,A01,1,7,0,1,2,26,1,
2.024E+11,155 729 790,A01,2,7,0,2,1,1,1,
2.024E+11,155 729 792,B01,2,7,0,2,1,1,1,
2.024E+11,155 729 788,A01,0,10,0,2,2,20,1,
2.024E+11,155 729 789,B01,3,7,0,2,3,1,1,
2.024E+11,155 729 787,A01,1,7,0,1,2,1,0,
2.024E+11,155 729 785,A01,3,32,0,2,7,1,1,
2.024E+11,155 729 786,B01,3,7,0,2,8,1,2,
2.024E+11,155 729 784,A01,2,7,0,1,3,15,3,
2.024E+11,155 729 783,A01,3,10,0,1,4,4,3,
2.024E+11,155 729 781,A01,1,10,0,2,1,1,1,
2.024E+11,155 729 782,B01,2,7,0,2,3,1,1,
2.024E+11,155 729 778,Z01,2,7,0,2,6,14,0,
2.024E+11,155 729 780,A01,1,1,0,2,1,1,5,
2.024E+11,155 729 777,A01,2,7,6,0,3,1,1,
2.024E+11,155 729 776,A01,1,50,12,0,1,26,3,
2.024E+11,155 729 773,B01,1,1,0,2,5,16,5,
2.024E+11,155 729 775,A01,2,3,0,9,1,9,1,
2.024E+11,155 729 772,A01,1,7,0,2,1,15,1,
2.024E+11,155 729 774,B01,2,1,0,2,1,1,5,
2.024E+11,155 729 771,A01,1,7,3,0,2,14,1,
2.024E+11,155 729 769,B01,1,33,0,2,1,11,1,
2.024E+11,155 729 770,A01,1,1,1,2,4,3,5,
2.024E+11,155 729 768,A01,1,7,1,1,3,1,1,
2.024E+11,155 729 766,A01,2,7,0,1,2,16,1,
2.024E+11,155 729 767,A01,2,10,0,1,1,1,1,
2.024E+11,155 729 765,A01,0,7,0,1,7,1,3,
2.024E+11,155 729 764,A01,2,10,0,1,2,1,1,
2.024E+11,155 729 761,A01,3,7,0,1,1,1,1,
2.024E+11,155 729 762,A01,0,1,0,2,7,15,5,
2.024E+11,155 729 763,B01,0,7,0,0,3,1,2,
2.024E+11,155 729 759,A01,2,7,0,2,2,15,3,
2.024E+11,155 729 760,B01,1,31,0,2,1,1,1,
2.024E+11,155 729 756,B01,1,10,0,2,1,2,1,
2.024E+11,155 729 758,A01,1,7,0,2,4,1,1,
2.024E+11,155 729 757,A01,1,7,9,0,1,1,1,
2.024E+11,155 729 755,A01,2,7,0,1,3,1,1,
2.024E+11,155 729 753,A01,2,7,0,2,2,2,1,
2.024E+11,155 729 754,B01,2,2,0,2,6,1,1,
2.024E+11,155 729 751,A01,1,2,0,0,0,0,1,
2.024E+11,155 729 750,A01,3,1,0,2,8,15,5,
2.024E+11,155 729 752,B01,1,43,0,2,2,1,1,
2.024E+11,155 729 748,A01,1,7,3,0,1,1,1,
2.024E+11,155 729 749,B01,1,7,0,2,1,1,1,
2.024E+11,155 729 746,B01,1,33,0,2,2,1,1,
2.024E+11,155 729 747,A01,1,2,0,2,3,11,1,
2.024E+11,155 729 741,A01,3,7,0,2,2,1,1,
2.024E+11,155 729 745,B01,3,50,0,2,3,11,3,
2.024E+11,155 729 740,A01,1,7,15,0,3,17,1,
2.024E+11,155 729 743,B01,2,7,0,2,6,1,1,
2.024E+11,155 729 744,C01,2,7,0,2,2,1,1,
2.024E+11,155 729 737,B01,1,31,0,2,1,17,1,
2.024E+11,155 729 738,A01,1,7,0,2,8,15,0,
2.024E+11,155 729 735,A01,3,7,0,0,1,0,1,
2.024E+11,155 729 736,B01,3,7,0,0,1,0,1,
2.024E+11,155 729 733,A01,2,7,0,2,3,1,1,
2.024E+11,155 729 734,B01,1,1,0,2,2,1,5,
2.024E+11,155 729 730,V01,1,80,0,2,1,1,3,
2.024E+11,155 729 732,A01,2,7,0,2,3,1,1,
2.024E+11,155 729 729,A01,2,7,0,2,8,11,1,
2.024E+11,155 729 731,B01,2,32,0,2,7,1,1,
2.024E+11,155 729 727,A01,2,7,0,2,1,12,1,
2.024E+11,155 729 728,B01,2,7,0,2,6,1,1,
2.024E+11,155 729 725,A01,3,7,4,0,1,1,1,
2.024E+11,155 729 724,A01,2,7,3,0,2,13,1,
2.024E+11,155 729 723,A01,3,50,0,2,8,21,3,
2.024E+11,155 729 726,B01,3,7,0,2,1,1,1,
2.024E+11,155 729 719,A01,1,7,0,2,4,23,1,
2.024E+11,155 729 721,B01,1,7,0,2,1,2,1,
2.024E+11,155 729 716,A01,2,10,0,2,1,2,1,
2.024E+11,155 729 718,B01,2,10,0,2,4,2,1,
2.024E+11,155 729 720,C01,2,7,0,2,4,2,1,
2.024E+11,155 729 722,D01,2,7,0,2,4,2,2,
2.024E+11,155 729 715,B01,2,7,1,1,8,23,1,
2.024E+11,155 729 717,A01,1,10,0,2,1,15,1,
2.024E+11,155 729 710,A01,1,7,0,2,9,1,1,
2.024E+11,155 729 713,B01,1,7,0,2,4,2,1,
2.024E+11,155 729 714,C01,1,7,0,2,1,2,1,
2.024E+11,155 729 707,A01,2,7,0,2,1,2,1,
2.024E+11,155 729 709,B01,2,7,0,2,4,2,1,
2.024E+11,155 729 712,C01,2,7,0,2,4,2,1,
2.024E+11,155 729 708,A01,2,33,0,2,6,20,1,
2.024E+11,155 729 711,B01,2,1,0,2,1,1,5,
2.024E+11,155 729 703,A01,2,7,3,0,7,14,1,
2.024E+11,155 729 701,A01,2,10,0,2,3,26,1,
2.024E+11,155 729 704,B01,2,7,0,2,7,23,3,
2.024E+11,155 729 705,C01,2,7,0,2,7,23,1,
2.024E+11,155 729 706,D01,2,7,0,2,5,23,3,
2.024E+11,155 729 700,A01,1,7,0,2,5,1,1,
2.024E+11,155 729 702,B01,1,33,0,2,1,2,1,
2.024E+11,155 729 697,B01,1,7,0,2,4,2,1,
2.024E+11,155 729 699,A01,1,7,0,2,1,26,1,
2.024E+11,155 729 694,A01,3,7,9,0,1,16,1,
2.024E+11,155 729 693,E01,2,7,14,0,1,1,1,
2.024E+11,155 729 695,A01,2,7,14,0,1,1,1,