Num_Acc,id_vehicule,num_veh,senc,catv,obs,obsm,choc,manv,motor,occutc
2.024E+11,155 729 228,A01,2,7,0,1,2,1,1,
2.024E+11,155 729 227,A01,2,7,0,1,1,1,1,
2.024E+11,155 729 223,A01,3,7,14,0,1,1,1,
2.024E+11,155 729 225,B01,3,7,14,0,4,1,1,
2.024E+11,155 729 219,B01,1,7,0,2,2,17,1,
2.024E+11,155 729 224,A01,1,7,0,0,4,17,1,
2.024E+11,155 729 217,A01,1,7,0,2,2,15,1,
2.024E+11,155 729 220,B01,2,33,0,2,1,1,1,
2.024E+11,155 729 218,A01,3,10,0,2,1,26,0,
2.024E+11,155 729 221,B01,3,7,6,2,4,1,1,
2.024E+11,155 729 216,A01,2,7,0,2,4,1,1,
2.024E+11,155 729 222,B01,2,7,0,2,4,1,1,
2.024E+11,155 729 226,C01,2,7,0,2,1,1,1,
2.024E+11,155 729 214,A01,2,7,13,0,3,0,1,
2.024E+11,155 729 213,A01,1,7,1,0,1,0,1,
2.024E+11,155 729 212,A01,3,10,0,2,2,16,1,
2.024E+11,155 729 215,B01,3,50,0,2,1,1,3,
2.024E+11,155 729 211,A01,2,34,2,1,1,1,1,
2.024E+11,155 729 210,A01,1,10,13,0,1,1,1,
2.024E+11,155 729 208,A01,1,7,13,0,9,1,1,
2.024E+11,155 729 209,A01,1,7,0,1,3,15,1,
2.024E+11,155 729 202,A01,2,7,0,2,1,2,1,
2.024E+11,155 729 205,B01,2,31,0,0,4,1,1,
2.024E+11,155 729 204,B01,1,7,0,2,3,1,1,
2.024E+11,155 729 207,A01,3,50,0,2,1,5,3,
2.024E+11,155 729 201,A01,1,7,0,2,2,13,1,
2.024E+11,155 729 206,B01,2,7,0,2,1,1,1,
2.024E+11,155 729 200,A01,1,7,0,2,3,1,1,
2.024E+11,155 729 203,B01,2,7,0,2,1,13,1,
2.024E+11,155 729 199,A01,1,7,13,0,0,0,1,
2.024E+11,155 729 196,A01,1,7,0,2,3,17,1,
2.024E+11,155 729 198,B01,2,31,0,2,1,21,1,
2.024E+11,155 729 191,A01,2,7,0,2,1,13,1,
2.024E+11,155 729 194,B01,1,17,0,2,1,1,1,
2.024E+11,155 729 195,B01,3,15,1,0,4,24,1,
2.024E+11,155 729 197,A01,3,37,1,0,0,2,2,1
2.024E+11,155 729 189,B01,0,10,0,0,3,0,0,
2.024E+11,155 729 193,A01,3,7,8,0,0,0,1,
2.024E+11,155 729 188,B01,3,7,0,2,3,15,2,
2.024E+11,155 729 190,A01,3,33,0,2,2,17,1,
2.024E+11,155 729 187,A01,1,33,0,2,8,0,1,
2.024E+11,155 729 192,B01,2,10,0,2,8,13,1,
2.024E+11,155 729 184,A01,3,3,0,1,2,16,1,
2.024E+11,155 729 182,B01,1,7,0,2,3,21,2,
2.024E+11,155 729 185,A01,1,30,0,2,1,15,1,
2.024E+11,155 729 180,A01,0,7,0,2,1,0,1,
2.024E+11,155 729 186,B01,3,7,0,0,8,1,1,
2.024E+11,155 729 179,A01,1,7,0,0,4,1,1,
2.024E+11,155 729 181,B01,1,7,0,2,1,1,2,
2.024E+11,155 729 183,C01,1,7,0,2,1,1,1,
2.024E+11,155 729 176,A01,1,36,0,0,0,0,1,
2.024E+11,155 729 172,A01,1,7,1,2,3,5,1,
2.024E+11,155 729 177,B01,2,7,0,2,3,21,1,
2.024E+11,155 729 173,A01,2,2,1,0,2,14,1,
2.024E+11,155 729 175,A01,1,7,0,2,3,9,1,
2.024E+11,155 729 178,B01,1,7,0,2,1,26,1,
2.024E+11,155 729 171,B01,2,10,0,2,6,15,1,
2.024E+11,155 729 174,A01,2,33,0,2,1,1,1,
2.024E+11,155 729 168,A01,3,7,8,0,1,26,1,
2.024E+11,155 729 166,A01,1,7,0,2,2,13,1,
2.024E+11,155 729 169,B01,2,7,0,2,2,21,1,
2.024E+11,155 729 167,A01,1,32,0,0,8,1,1,
2.024E+11,155 729 165,A01,3,33,2,0,1,13,1,
2.024E+11,155 729 162,B01,2,10,1,2,8,1,1,
2.024E+11,155 729 164,A01,2,10,0,2,2,20,1,
2.024E+11,155 729 161,A01,1,10,6,0,0,13,1,
2.024E+11,155 729 159,A01,2,7,2,0,7,15,1,
2.024E+11,155 729 157,A01,1,33,12,0,1,1,1,
2.024E+11,155 729 158,A01,2,7,0,0,5,1,1,
2.024E+11,155 729 163,B01,2,33,0,2,1,1,1,
2.024E+11,155 729 156,B01,1,7,0,2,1,13,1,
2.024E+11,155 729 160,A01,2,7,0,2,1,1,1,
2.024E+11,155 729 153,A01,3,2,7,0,1,1,1,
2.024E+11,155 729 154,A01,2,10,0,1,1,2,1,
2.024E+11,155 729 152,A01,1,7,0,2,1,2,1,
2.024E+11,155 729 155,B01,1,31,0,2,4,2,1,
2.024E+11,155 729 151,A01,2,7,2,2,3,26,1,
2.024E+11,155 729 145,B01,2,7,0,2,1,2,1,
2.024E+11,155 729 148,A01,2,7,0,2,4,2,1,
2.024E+11,155 729 147,A01,1,7,4,2,8,9,1,
2.024E+11,155 729 149,B01,1,7,3,2,7,2,2,
2.024E+11,155 729 143,A01,3,7,0,2,5,2,1,
2.024E+11,155 729 144,M01,3,33,0,2,3,1,1,
2.024E+11,155 729 141,B01,2,1,0,2,7,1,5,
2.024E+11,155 729 150,A01,2,7,0,9,6,9,1,
2.024E+11,155 729 142,A01,1,32,0,2,1,1,1,
2.024E+11,155 729 146,B01,1,7,0,2,5,1,2,
2.024E+11,155 729 138,A01,2,7,0,2,3,1,1,
2.024E+11,155 729 139,B01,1,7,0,2,3,1,1,
2.024E+11,155 729 136,A01,2,7,2,0,2,1,1,
2.024E+11,155 729 131,A01,2,7,0,0,9,26,1,
2.024E+11,155 729 133,B01,1,7,0,2,1,0,1,
2.024E+11,155 729 137,A01,2,50,0,2,1,19,3,
2.024E+11,155 729 128,A01,1,7,0,2,9,1,1,
2.024E+11,155 729 134,B01,1,7,0,2,4,23,1,
2.024E+11,155 729 127,A01,3,33,13,0,8,1,1,
2.024E+11,155 729 125,A01,3,1,0,2,1,1,5,
2.024E+11,155 729 129,B01,3,10,0,2,1,15,1,
2.024E+11,155 729 123,A01,1,7,0,9,2,16,1,
2.024E+11,155 729 126,B01,3,1,0,2,2,0,5,
2.024E+11,155 729 121,A01,2,33,0,0,1,1,1,
2.024E+11,155 729 119,A01,2,7,0,2,2,2,1,
2.024E+11,155 729 122,B01,2,7,0,2,4,1,2,
2.024E+11,155 729 120,A01,1,7,0,2,1,1,1,
2.024E+11,155 729 124,B01,1,7,0,2,4,1,1,
2.024E+11,155 729 118,A01,2,33,0,0,0,0,1,
2.024E+11,155 729 112,B01,1,7,0,2,4,1,2,
2.024E+11,155 729 115,A01,1,7,0,2,1,1,1,
2.024E+11,155 729 110,B01,3,31,0,2,7,2,1,
2.024E+11,155 729 114,A01,3,7,0,2,3,1,1,
2.024E+11,155 729 109,A01,2,15,0,2,7,12,1,
2.024E+11,155 729 113,B01,2,7,0,0,8,1,1,
2.024E+11,155 729 106,B01,2,7,0,2,8,1,1,
2.024E+11,155 729 108,C01,1,7,0,2,8,2,1,
2.024E+11,155 729 111,A01,1,33,0,2,7,17,1,
2.024E+11,155 729 105,A01,2,7,3,0,1,0,1,
2.024E+11,155 729 103,A01,2,7,8,0,1,26,1,
2.024E+11,155 729 102,A01,1,7,13,0,1,2,1,
2.024E+11,155 729 101,B01,0,7,0,2,4,1,1,
2.024E+11,155 729 104,A01,0,7,0,2,1,1,1,
2.024E+11,155 729 107,C01,0,7,0,2,4,1,3,
2.024E+11,155 729 099,A01,2,7,0,0,9,14,1,
2.024E+11,155 729 096,A01,1,7,0,2,8,11,1,
2.024E+11,155 729 100,B01,1,7,0,0,7,1,1,
2.024E+11,155 729 097,A01,2,1,4,0,2,1,5,
2.024E+11,155 729 095,A01,0,50,0,0,0,1,3,
2.024E+11,155 729 094,B01,1,10,0,2,2,1,1,
2.024E+11,155 729 098,A01,1,7,0,2,8,9,1,
2.024E+11,155 729 090,A01,2,7,0,2,8,1,1,
2.024E+11,155 729 092,Z01,2,7,0,2,7,12,1,
2.024E+11,155 729 089,A01,3,7,0,2,2,1,1,
2.024E+11,155 729 091,B01,3,7,12,2,3,1,1,
2.024E+11,155 729 088,A01,1,7,0,1,1,26,1,
2.024E+11,155 729 087,A01,2,7,3,0,1,1,1,
2.024E+11,155 729 086,A01,1,7,0,1,3,1,1,
2.024E+11,155 729 085,A01,1,7,0,1,1,15,1,
2.024E+11,155 729 082,A01,1,7,0,2,1,1,1,
2.024E+11,155 729 084,B01,1,7,0,2,4,1,1,
2.024E+11,155 729 081,A01,1,10,0,0,2,1,1,
2.024E+11,155 729 083,A01,1,7,3,0,0,17,1,
2.024E+11,155 729 093,B01,1,7,0,9,0,1,1,
2.024E+11,155 729 078,A01,1,7,0,2,1,9,1,
2.024E+11,155 729 079,B01,1,7,0,2,2,1,1,
2.024E+11,155 729 077,B01,1,7,0,2,4,2,3,
2.024E+11,155 729 080,A01,1,32,0,2,1,2,1,
2.024E+11,155 729 075,A01,3,3,2,0,1,14,3,
2.024E+11,155 729 073,A01,1,7,4,0,1,12,1,
2.024E+11,155 729 072,A01,2,7,0,2,3,2,1,
2.024E+11,155 729 074,B01,2,7,0,2,5,2,1,
2.024E+11,155 729 076,C01,1,7,0,2,1,1,1,
2.024E+11,155 729 071,A01,2,7,0,0,9,0,1,
2.024E+11,155 729 069,A01,1,10,0,2,8,11,1,
2.024E+11,155 729 070,B01,1,33,0,2,7,1,1,
2.024E+11,155 729 067,A01,1,7,0,2,2,9,1,
2.024E+11,155 729 068,B01,1,7,0,2,3,1,1,
2.024E+11,155 729 066,A01,1,7,0,2,7,0,1,
2.024E+11,155 729 061,B01,2,10,0,2,2,1,3,
2.024E+11,155 729 064,A01,2,33,0,2,6,3,1,
2.024E+11,155 729 060,A01,1,7,0,2,1,13,1,
2.024E+11,155 729 063,B01,2,7,0,2,3,1,1,
2.024E+11,155 729 057,B01,1,7,0,2,1,1,1,
2.024E+11,155 729 065,A01,2,33,0,2,1,13,1,
2.024E+11,155 729 054,A01,3,31,0,0,0,1,1,
2.024E+11,155 729 053,A01,2,10,0,2,1,2,1,
2.024E+11,155 729 055,E01,2,7,0,2,4,2,1,
2.024E+11,155 729 058,C01,2,7,0,2,4,2,1,
2.024E+11,155 729 059,D01,2,7,0,2,4,2,1,
2.024E+11,155 729 062,B01,2,7,0,2,4,2,2,
2.024E+11,155 729 052,A01,1,7,0,2,2,14,1,
2.024E+11,155 729 056,B01,1,7,0,2,6,1,2,
2.024E+11,155 729 051,A01,1,10,2,0,3,1,1,
2.024E+11,155 729 047,A01,1,7,16,0,3,1,1,
2.024E+11,155 729 043,D01,1,10,0,2,4,1,1,
2.024E+11,155 729 045,A01,1,7,0,2,6,11,1,
2.024E+11,155 729 049,B01,1,14,0,2,2,1,1,
2.024E+11,155 729 050,C01,1,7,0,2,4,1,1,
2.024E+11,155 729 041,A01,2,33,0,0,0,16,1,
2.024E+11,155 729 042,C01,2,15,0,2,6,1,1,
2.024E+11,155 729 046,B01,2,10,0,2,7,1,0,
2.024E+11,155 729 048,A01,2,33,0,2,8,11,1,
2.024E+11,155 729 039,B01,2,7,3,2,1,1,1,
2.024E+11,155 729 044,A01,1,7,0,2,1,1,1,
2.024E+11,155 729 035,C01,2,7,0,2,8,1,1,
2.024E+11,155 729 038,B01,2,7,0,2,1,1,1,
2.024E+11,155 729 040,A01,2,7,0,2,1,13,1,
2.024E+11,155 729 034,A01,2,7,0,2,1,13,1,
2.024E+11,155 729 036,B01,1,7,0,2,3,1,1,
2.024E+11,155 729 033,Y01,3,1,0,2,5,25,5,
2.024E+11,155 729 037,A01,3,7,0,2,7,26,1,
2.024E+11,155 729 030,B01,1,7,0,2,4,2,1,
2.024E+11,155 729 032,A01,1,7,0,2,1,2,3,
2.024E+11,155 729 031,A01,2,33,0,0,8,1,1,
2.024E+11,155 729 029,A01,2,7,15,0,1,1,1,
2.024E+11,155 729 027,B01,2,1,0,2,4,14,5,
2.024E+11,155 729 028,A01,2,1,0,2,1,1,5,
2.024E+11,155 729 024,B01,2,7,0,9,1,2,0,
2.024E+11,155 729 026,A01,2,2,5,2,3,9,6,
2.024E+11,155 729 021,A01,2,33,0,2,1,1,1,
2.024E+11,155 729 023,B01,1,7,0,2,1,15,1,
2.024E+11,155 729 018,A01,3,7,0,2,3,13,1,
2.024E+11,155 729 022,B01,3,7,0,2,8,0,1,
2.024E+11,155 729 020,A01,2,7,0,1,2,1,2,
2.024E+11,155 729 019,A01,1,31,0,2,1,13,1,
2.024E+11,155 729 025,B01,2,10,0,2,3,1,1,
2.024E+11,155 729 016,A01,3,7,13,0,2,14,1,
2.024E+11,155 729 013,A01,2,7,0,2,3,2,1,
2.024E+11,155 729 015,B01,2,33,0,2,5,2,1,
2.024E+11,155 729 017,C01,2,33,0,2,4,2,1,
2.024E+11,155 729 012,A01,2,1,0,0,1,1,5,
2.024E+11,155 729 014,Z01,2,1,0,0,1,1,5,
2.024E+11,155 729 011,A01,1,7,2,0,3,14,1,
2.024E+11,155 729 010,A01,2,38,0,1,1,1,1,1
2.024E+11,155 729 009,A01,1,7,6,0,3,16,1,
2.024E+11,155 729 005,B01,1,1,0,2,4,13,5,
2.024E+11,155 729 007,A01,1,7,0,2,3,2,1,
2.024E+11,155 729 004,A01,1,7,0,2,1,13,1,
2.024E+11,155 729 008,B01,2,7,0,2,0,0,2,
2.024E+11,155 729 003,A01,1,50,0,2,8,15,3,
2.024E+11,155 729 006,B01,1,7,0,2,2,17,1,
2.024E+11,155 729 002,A01,1,33,0,6,1,0,1,
2.024E+11,155 729 001,A01,1,2,0,0,0,1,1,
2.024E+11,155 728 998,B01,3,7,0,2,0,0,0,
2.024E+11,155 729 000,A01,3,1,0,2,0,0,5,
2.024E+11,155 728 995,A01,2,7,0,2,1,1,1,
2.024E+11,155 728 997,B01,1,21,0,2,3,1,1,
2.024E+11,155 728 996,A01,2,7,0,0,3,1,1,
2.024E+11,155 728 999,B01,2,33,0,2,1,1,1,
2.024E+11,155 728 992,E01,3,60,0,1,1,2,5,
2.024E+11,155 728 990,A01,2,10,0,2,3,13,1,
2.024E+11,155 728 993,B01,1,7,0,2,3,1,1,
2.024E+11,155 728 989,A01,3,33,0,0,0,1,1,
2.024E+11,155 728 991,B01,1,15,0,2,6,1,1,
2.024E+11,155 728 994,A01,1,7,0,2,2,1,1,
2.024E+11,155 728 988,A01,1,33,0,0,8,1,1,
2.024E+11,155 728 985,A01,2,7,3,0,2,2,1,
2.024E+11,155 728 986,B01,0,7,0,2,3,11,1,
2.024E+11,155 728 987,A01,3,34,9,2,2,1,1,
2.024E+11,155 728 984,A01,2,7,13,0,9,1,1,
2.024E+11,155 728 980,A01,1,7,0,2,2,1,1,
2.024E+11,155 728 983,B01,1,7,13,2,3,1,1,
2.024E+11,155 728 981,A01,1,1,12,2,1,26,5,
2.024E+11,155 728 982,B01,2,7,12,2,3,5,1,
2.024E+11,155 728 978,B01,2,7,0,2,4,23,1,
2.024E+11,155 728 979,A01,2,7,0,2,1,2,1,
2.024E+11,155 728 975,A01,1,7,0,2,1,19,1,
2.024E+11,155 728 977,B01,2,10,0,2,1,1,1,
2.024E+11,155 728 974,A01,3,7,0,1,5,4,0,
2.024E+11,155 728 976,A01,0,1,0,0,0,0,5,
2.024E+11,155 728 973,A01,1,7,0,1,1,16,1,
2.024E+11,155 728 972,A01,1,2,0,0,0,1,1,
2.024E+11,155 728 970,A01,1,7,9,0,1,1,1,
2.024E+11,155 728 969,A01,1,7,0,2,1,2,1,
2.024E+11,155 728 971,B01,1,7,0,2,4,0,1,
2.024E+11,155 728 967,A01,2,21,0,0,7,15,1,
2.024E+11,155 728 966,A01,2,2,0,0,7,1,1,
2.024E+11,155 728 965,A01,2,1,0,2,4,2,5,
2.024E+11,155 728 968,B01,2,7,0,2,2,17,1,
2.024E+11,155 728 962,A01,1,7,0,1,1,1,0,
2.024E+11,155 728 961,A01,1,7,0,2,3,1,1,
2.024E+11,155 728 964,B01,1,7,0,2,2,1,0,
2.024E+11,155 728 955,B01,2,13,0,2,3,1,0,
2.024E+11,155 728 960,A01,1,7,0,2,3,13,1,
2.024E+11,155 728 956,B01,1,7,0,2,2,19,1,
2.024E+11,155 728 958,A01,1,2,0,2,1,1,1,
2.024E+11,155 728 954,A01,1,7,12,2,3,15,1,
2.024E+11,155 728 957,B01,1,32,0,0,0,0,1,
2.024E+11,155 728 959,A01,2,7,2,0,9,1,1,
2.024E+11,155 728 951,A01,3,50,0,0,0,1,3,
2.024E+11,155 728 948,A01,1,17,2,0,8,1,1,
2.024E+11,155 728 946,A01,3,7,1,2,8,26,1,
2.024E+11,155 728 949,B01,3,7,0,2,1,1,1,
2.024E+11,155 728 953,C01,3,7,0,2,6,1,1,
2.024E+11,155 728 943,B01,2,1,0,2,7,25,5,
2.024E+11,155 728 947,A01,1,34,0,2,3,25,1,
2.024E+11,155 728 945,A01,1,21,9,0,1,13,1,
2.024E+11,155 728 941,A01,1,7,8,2,1,1,1,
2.024E+11,155 728 938,A01,2,7,0,2,3,26,0,
2.024E+11,155 728 940,B01,2,2,0,2,4,0,0,
2.024E+11,155 728 937,A01,1,7,6,0,1,1,1,
2.024E+11,155 728 936,B01,1,7,8,2,8,1,1,
2.024E+11,155 728 939,A01,2,1,0,2,1,5,5,
2.024E+11,155 728 935,A01,2,7,0,1,2,20,1,
2.024E+11,155 728 932,A01,2,7,0,2,3,1,2,
2.024E+11,155 728 934,B01,1,10,0,2,6,1,1,
2.024E+11,155 728 930,A01,2,33,0,0,0,2,1,
2.024E+11,155 728 929,B01,1,7,0,2,3,1,1,
2.024E+11,155 728 931,A01,1,33,0,2,3,17,1,
2.024E+11,155 728 928,A01,2,7,0,2,1,1,1,
2.024E+11,155 728 933,B01,2,15,0,2,4,1,1,
2.024E+11,155 728 925,A01,1,7,8,0,2,14,0,
2.024E+11,155 728 923,A01,1,33,0,2,1,17,1,
2.024E+11,155 728 927,B01,2,7,0,2,5,15,1,
2.024E+11,155 728 926,A01,1,33,13,0,2,1,1,
2.024E+11,155 728 922,A01,2,34,0,2,3,13,1,
2.024E+11,155 728 924,B01,1,30,0,2,3,1,3,
2.024E+11,155 728 921,A01,3,7,9,0,1,1,1,
2.024E+11,155 728 916,A01,1,7,0,2,1,1,1,
2.024E+11,155 728 919,B01,2,7,0,2,1,13,1,
2.024E+11,155 728 915,A01,1,2,0,2,7,2,1,
2.024E+11,155 728 920,B01,1,7,0,2,1,1,1,
2.024E+11,155 728 914,B01,3,7,2,0,1,5,1,
2.024E+11,155 728 917,A01,3,7,5,0,1,1,1,
2.024E+11,155 728 913,B01,2,7,0,2,1,1,1,
2.024E+11,155 728 918,A01,0,10,0,2,8,19,1,
2.024E+11,155 728 912,A01,1,33,0,0,0,11,1,
2.024E+11,155 728 909,A01,1,7,0,1,1,1,1,
2.024E+11,155 728 910,A01,1,32,0,2,1,1,1,
2.024E+11,155 728 911,B01,2,33,0,2,7,15,1,
2.024E+11,155 728 907,A01,2,7,0,2,1,13,1,
2.024E+11,155 728 908,B01,1,10,0,2,1,21,1,
2.024E+11,155 728 903,A01,2,7,0,2,2,1,1,
2.024E+11,155 728 905,B01,1,7,0,2,3,1,1,
2.024E+11,155 728 901,B01,1,7,0,2,8,15,1,
2.024E+11,155 728 904,A01,1,7,0,2,8,15,1,
2.024E+11,155 728 900,B01,1,7,0,2,8,26,1,
2.024E+11,155 728 902,C01,1,7,0,2,1,17,1,
2.024E+11,155 728 906,A01,2,10,0,2,8,1,1,
2.024E+11,155 728 896,A01,1,7,0,2,3,13,1,
2.024E+11,155 728 898,B01,2,7,0,2,3,1,1,
2.024E+11,155 728 894,A01,1,7,0,2,0,15,1,
2.024E+11,155 728 897,B01,1,1,0,0,8,0,5,
2.024E+11,155 728 899,A01,2,7,2,0,2,0,1,
2.024E+11,155 728 893,A01,1,33,0,2,1,1,1,
2.024E+11,155 728 895,B01,2,10,0,2,1,15,1,
2.024E+11,155 728 891,A01,1,7,0,1,2,1,1,
2.024E+11,155 728 889,A01,1,7,2,0,1,13,1,
2.024E+11,155 728 892,A01,0,31,8,0,1,1,1,
2.024E+11,155 728 888,A01,2,7,0,0,7,15,3,
2.024E+11,155 728 890,B01,2,33,0,2,1,1,1,
2.024E+11,155 728 886,A01,3,7,0,2,5,11,1,
2.024E+11,155 728 887,B01,3,33,0,2,1,1,1,
2.024E+11,155 728 882,B01,2,10,0,2,8,1,1,
2.024E+11,155 728 885,A01,1,33,0,2,1,13,1,
2.024E+11,155 728 883,A01,2,10,0,2,3,13,1,
2.024E+11,155 728 884,B01,1,7,0,2,3,1,1,
2.024E+11,155 728 880,A01,2,33,0,2,1,1,1,
2.024E+11,155 728 881,B01,1,7,0,2,1,21,1,
2.024E+11,155 728 879,A01,3,1,0,0,1,21,5,
2.024E+11,155 728 875,A01,3,7,2,0,1,13,1,
2.024E+11,155 728 876,A01,3,2,0,2,1,0,1,
2.024E+11,155 728 878,B01,3,21,0,2,3,0,1,
2.024E+11,155 728 874,A01,1,7,0,2,8,2,1,
2.024E+11,155 728 877,B01,1,7,9,2,1,5,1,
2.024E+11,155 728 872,A01,1,1,0,0,8,1,5,
2.024E+11,155 728 868,A01,1,7,0,2,1,17,1,
2.024E+11,155 728 870,B01,2,7,0,2,1,1,1,
2.024E+11,155 728 869,B01,3,1,0,2,1,1,5,
2.024E+11,155 728 871,A01,3,10,0,2,3,1,1,
2.024E+11,155 728 866,A01,1,7,0,2,3,13,1,
2.024E+11,155 728 867,B01,2,7,0,2,3,2,1,
2.024E+11,155 728 864,A01,2,7,15,0,1,6,1,
2.024E+11,155 728 862,C01,1,7,0,2,2,17,1,
2.024E+11,155 728 865,A01,1,10,0,0,0,1,1,
2.024E+11,155 728 860,A01,1,33,0,2,1,1,1,
2.024E+11,155 728 863,B01,1,7,0,0,6,26,1,
2.024E+11,155 728 861,A01,2,7,0,1,1,1,1,
2.024E+11,155 728 858,B01,2,33,0,2,1,1,1,
2.024E+11,155 728 859,A01,1,33,0,2,7,15,1,
2.024E+11,155 728 855,A01,2,7,0,0,8,15,1,
2.024E+11,155 728 857,B01,1,33,0,2,1,1,1,
2.024E+11,155 728 856,A01,1,7,8,0,1,1,1,
2.024E+11,155 728 849,A01,2,7,0,2,1,0,2,
2.024E+11,155 728 852,B01,1,7,0,2,1,17,1,
2.024E+11,155 728 848,A01,3,7,0,2,2,16,1,
2.024E+11,155 728 850,B01,3,1,0,2,1,5,5,
2.024E+11,155 728 847,A01,1,7,0,2,0,0,1,
2.024E+11,155 728 851,B01,1,15,0,2,2,1,4,
2.024E+11,155 728 845,A01,3,2,14,0,1,1,1,
2.024E+11,155 728 844,B01,2,7,0,2,3,1,1,
2.024E+11,155 728 846,A01,1,7,0,2,2,1,1,
2.024E+11,155 728 842,A01,2,7,0,2,2,2,1,
2.024E+11,155 728 843,B01,2,7,0,2,8,2,1,
2.024E+11,155 728 839,B01,2,1,0,0,8,6,5,
2.024E+11,155 728 840,A01,2,7,0,2,3,1,1,
2.024E+11,155 728 838,B01,1,31,0,2,8,1,1,
2.024E+11,155 728 841,A01,3,10,0,0,8,19,1,
2.024E+11,155 728 836,A01,1,2,2,0,0,21,1,
2.024E+11,155 728 834,B01,2,10,0,2,1,1,1,
2.024E+11,155 728 837,A01,1,7,0,2,8,15,1,
2.024E+11,155 728 832,A01,1,17,16,0,9,1,1,
2.024E+11,155 728 831,C01,0,7,0,2,3,1,1,
2.024E+11,155 728 833,A01,0,2,0,2,1,17,1,
2.024E+11,155 728 835,B01,0,7,0,2,1,26,1,
2.024E+11,155 728 827,A01,1,7,13,2,1,5,1,
2.024E+11,155 728 829,B01,2,7,13,2,1,1,1,
2.024E+11,155 728 826,A01,2,7,4,0,2,9,1,
2.024E+11,155 728 824,A01,1,2,0,0,7,15,1,
2.024E+11,155 728 825,A01,2,7,0,0,1,1,1,
2.024E+11,155 728 823,A01,1,31,0,5,1,1,1,
2.024E+11,155 728 822,A01,2,50,13,0,3,1,3,
2.024E+11,155 728 820,A01,1,7,0,0,9,1,1,
2.024E+11,155 728 821,A01,1,7,3,0,1,14,1,
2.024E+11,155 728 817,A01,2,7,0,2,1,2,1,
2.024E+11,155 728 819,B01,2,1,0,2,4,2,5,
2.024E+11,155 728 815,A01,1,7,0,2,4,1,1,
2.024E+11,155 728 818,B01,1,7,0,2,2,21,1,
2.024E+11,155 728 814,A01,1,7,6,0,3,5,1,
2.024E+11,155 728 813,B01,2,7,0,2,2,1,1,
2.024E+11,155 728 816,A01,1,7,0,2,1,1,1,
2.024E+11,155 728 811,A01,1,34,0,2,1,2,1,
2.024E+11,155 728 812,B01,1,10,0,2,4,2,1,
2.024E+11,155 728 810,A01,1,10,8,0,1,13,1,
2.024E+11,155 728 807,A01,3,7,2,0,1,1,1,
2.024E+11,155 728 804,C01,2,7,0,2,7,17,1,
2.024E+11,155 728 805,A01,1,1,14,2,7,21,5,
2.024E+11,155 728 806,B01,2,7,0,2,1,1,1,
2.024E+11,155 728 803,A01,3,99,8,0,1,16,5,
2.024E+11,155 728 800,A01,1,7,13,0,1,1,1,
2.024E+11,155 728 801,A01,2,10,0,2,1,13,1,
2.024E+11,155 728 802,B01,1,33,0,2,1,1,1,
2.024E+11,155 728 798,B01,3,7,0,2,4,2,1,
2.024E+11,155 728 799,A01,3,7,0,2,1,2,1,
2.024E+11,155 728 796,A01,3,7,0,1,1,1,1,
2.024E+11,155 728 795,B01,0,7,0,2,7,19,1,
2.024E+11,155 728 797,A01,2,17,0,2,1,1,1,
2.024E+11,155 728 792,A01,2,30,0,2,7,1,1,
2.024E+11,155 728 794,Z01,3,7,0,2,7,0,0,
2.024E+11,155 728 790,A01,1,33,6,0,9,0,1,
2.024E+11,155 728 791,A01,3,33,0,0,7,1,1,
2.024E+11,155 728 793,B01,0,1,0,0,0,19,5,
2.024E+11,155 728 789,A01,1,33,0,0,0,13,1,
2.024E+11,155 728 788,A01,2,2,0,0,1,1,1,
2.024E+11,155 728 784,A01,2,60,0,2,1,9,5,
2.024E+11,155 728 786,B01,2,7,0,2,3,23,2,
2.024E+11,155 728 782,A01,2,15,0,2,4,4,1,
2.024E+11,155 728 785,B01,2,2,0,2,1,1,1,
2.024E+11,155 728 783,A01,2,7,0,2,3,1,1,
2.024E+11,155 728 787,B01,1,2,0,2,1,1,1,
2.024E+11,155 728 777,A01,2,7,0,2,1,5,1,
2.024E+11,155 728 780,B01,2,7,0,2,2,1,1,
2.024E+11,155 728 778,A01,2,7,0,0,5,2,2,
2.024E+11,155 728 781,B01,2,32,0,2,3,2,1,
2.024E+11,155 728 776,B01,1,1,0,0,4,2,5,
2.024E+11,155 728 779,A01,1,7,0,9,2,2,1,
2.024E+11,155 728 775,A01,1,10,13,0,3,1,1,
2.024E+11,155 728 774,A01,2,7,0,1,3,12,1,
2.024E+11,155 728 769,A01,2,7,0,2,1,13,1,
2.024E+11,155 728 771,B01,1,7,0,2,1,1,1,
2.024E+11,155 728 770,B01,1,7,0,2,3,1,1,
2.024E+11,155 728 773,A01,2,7,0,2,3,5,1,
2.024E+11,155 728 767,A01,1,7,0,2,0,0,0,
2.024E+11,155 728 768,B01,1,3,0,2,0,0,0,
2.024E+11,155 728 772,C01,1,3,16,2,7,2,0,
2.024E+11,155 728 763,C01,1,7,0,2,3,1,1,
2.024E+11,155 728 764,A01,2,7,0,2,1,13,1,
2.024E+11,155 728 766,B01,1,7,0,2,8,1,2,
2.024E+11,155 728 762,A01,0,7,5,1,2,2,0,
2.024E+11,155 728 761,A01,2,7,0,2,3,15,1,
2.024E+11,155 728 765,B01,2,34,0,2,1,1,1,
2.024E+11,155 728 760,A01,1,7,2,0,2,0,1,