Num_Acc,id_vehicule,num_veh,senc,catv,obs,obsm,choc,manv,motor,occutc
2.024E+11,155 728 298,A01,1,7,0,1,1,1,1,
2.024E+11,155 728 297,A01,1,7,7,0,2,1,1,
2.024E+11,155 728 296,A01,1,33,7,0,1,1,1,
2.024E+11,155 728 291,A01,2,7,0,2,8,10,2,
2.024E+11,155 728 292,C01,2,43,0,2,1,1,1,
2.024E+11,155 728 293,B01,2,33,0,2,1,1,1,
2.024E+11,155 728 290,A01,1,7,8,0,9,13,1,
2.024E+11,155 728 287,C01,1,7,0,2,7,1,1,
2.024E+11,155 728 288,B01,2,33,0,2,8,1,1,
2.024E+11,155 728 289,A01,1,7,6,2,3,5,1,
2.024E+11,155 728 285,A01,1,7,0,2,8,1,1,
2.024E+11,155 728 286,B01,1,10,0,2,1,1,1,
2.024E+11,155 728 284,A01,1,7,0,1,3,1,1,
2.024E+11,155 728 282,A01,1,7,0,2,1,9,1,
2.024E+11,155 728 283,B01,1,2,0,2,7,1,1,
2.024E+11,155 728 280,A01,2,7,0,2,3,13,1,
2.024E+11,155 728 281,B01,1,15,0,2,3,1,1,
2.024E+11,155 728 279,A01,1,7,2,0,1,1,1,
2.024E+11,155 728 277,B01,1,7,0,2,1,1,1,
2.024E+11,155 728 278,A01,3,7,0,2,7,1,1,
2.024E+11,155 728 275,B01,2,7,0,0,2,1,1,
2.024E+11,155 728 276,A01,2,7,0,2,1,19,1,
2.024E+11,155 728 274,A01,0,1,12,0,0,1,5,
2.024E+11,155 728 273,A01,1,7,8,0,2,1,1,
2.024E+11,155 728 271,B01,2,33,0,0,2,17,1,
2.024E+11,155 728 272,A01,2,7,0,2,6,15,1,
2.024E+11,155 728 269,A01,1,7,0,2,2,1,1,
2.024E+11,155 728 270,B01,1,7,0,2,1,26,1,
2.024E+11,155 728 268,A01,1,7,3,0,1,0,1,
2.024E+11,155 728 267,A01,1,7,0,1,3,1,1,
2.024E+11,155 728 264,A01,1,7,0,2,4,1,1,
2.024E+11,155 728 265,B01,1,7,0,2,1,2,1,
2.024E+11,155 728 266,C01,1,7,0,2,2,2,1,
2.024E+11,155 728 262,A01,1,7,6,2,2,12,1,
2.024E+11,155 728 263,B01,1,7,6,2,6,1,3,
2.024E+11,155 728 261,A01,1,7,4,0,1,26,1,
2.024E+11,155 728 260,A01,2,7,4,0,1,1,1,
2.024E+11,155 728 258,A01,2,7,0,2,1,2,1,
2.024E+11,155 728 259,B01,2,7,0,2,4,1,1,
2.024E+11,155 728 255,A01,2,7,4,2,1,1,3,
2.024E+11,155 728 256,B01,2,7,0,2,4,1,0,
2.024E+11,155 728 257,C01,2,7,0,2,1,1,1,
2.024E+11,155 728 254,A01,1,31,14,0,1,26,1,
2.024E+11,155 728 252,A01,2,7,0,0,1,1,1,
2.024E+11,155 728 253,B01,2,10,0,0,4,1,1,
2.024E+11,155 728 249,C01,2,7,0,2,2,1,1,
2.024E+11,155 728 250,A01,2,7,0,2,3,11,2,
2.024E+11,155 728 251,B01,2,10,0,2,5,1,1,
2.024E+11,155 728 248,A01,2,7,4,0,1,17,1,
2.024E+11,155 728 246,A01,2,33,0,2,1,5,1,
2.024E+11,155 728 247,B01,1,33,0,2,1,1,1,
2.024E+11,155 728 245,A01,1,33,8,0,8,15,1,
2.024E+11,155 728 244,A01,2,21,0,0,0,1,1,
2.024E+11,155 728 241,A01,1,33,0,2,8,1,1,
2.024E+11,155 728 242,B01,2,7,0,2,3,1,1,
2.024E+11,155 728 243,C01,1,33,0,2,1,13,1,
2.024E+11,155 728 239,B01,1,33,0,0,3,1,1,
2.024E+11,155 728 240,A01,2,7,0,2,1,15,1,
2.024E+11,155 728 235,A01,3,7,0,2,1,2,1,
2.024E+11,155 728 236,B01,3,7,0,2,4,1,1,
2.024E+11,155 728 237,C01,3,7,0,2,4,2,1,
2.024E+11,155 728 238,D01,3,7,0,2,4,2,1,
2.024E+11,155 728 234,A01,3,10,0,1,4,4,1,
2.024E+11,155 728 232,A01,1,2,0,2,1,5,1,
2.024E+11,155 728 233,B01,2,10,0,2,3,1,3,
2.024E+11,155 728 230,A01,3,7,0,9,1,16,1,
2.024E+11,155 728 231,B01,3,80,0,2,4,1,3,
2.024E+11,155 728 228,A01,3,7,0,2,3,11,1,
2.024E+11,155 728 229,B01,3,33,0,2,2,17,1,
2.024E+11,155 728 226,A01,1,7,0,2,3,13,1,
2.024E+11,155 728 227,B01,2,7,0,2,3,1,1,
2.024E+11,155 728 224,A01,2,10,15,0,8,19,1,
2.024E+11,155 728 225,B01,1,7,0,0,0,0,1,
2.024E+11,155 728 223,A01,3,80,0,0,0,0,3,
2.024E+11,155 728 221,A01,2,7,0,2,7,16,1,
2.024E+11,155 728 222,B01,2,33,6,2,8,18,1,
2.024E+11,155 728 219,A01,2,7,0,9,1,3,1,
2.024E+11,155 728 220,B01,3,1,0,2,7,3,5,
2.024E+11,155 728 218,A01,1,7,13,0,3,13,1,
2.024E+11,155 728 217,A01,2,30,0,1,1,17,1,
2.024E+11,155 728 216,A01,1,7,0,1,2,1,1,
2.024E+11,155 728 214,A01,0,33,0,2,1,19,1,
2.024E+11,155 728 215,B01,0,7,0,2,1,26,1,
2.024E+11,155 728 210,B01,1,7,0,2,3,1,1,
2.024E+11,155 728 211,C01,1,7,0,2,3,1,2,
2.024E+11,155 728 212,D01,1,7,0,2,3,1,1,
2.024E+11,155 728 213,A01,2,33,0,2,8,1,1,
2.024E+11,155 728 208,A01,2,7,0,9,5,15,1,
2.024E+11,155 728 209,B01,2,1,0,2,1,1,5,
2.024E+11,155 728 206,A01,1,7,0,2,2,14,2,
2.024E+11,155 728 207,B01,1,7,3,0,6,2,1,
2.024E+11,155 728 204,A01,2,7,0,2,1,1,2,
2.024E+11,155 728 205,B01,1,7,0,2,1,5,1,
2.024E+11,155 728 203,A01,3,7,16,0,9,1,1,
2.024E+11,155 728 201,A01,1,33,0,2,8,1,1,
2.024E+11,155 728 202,B01,2,14,0,2,6,1,1,
2.024E+11,155 728 199,A01,3,7,0,2,6,0,1,
2.024E+11,155 728 200,B01,0,50,0,2,1,0,3,
2.024E+11,155 728 198,A01,1,7,2,0,8,1,3,
2.024E+11,155 728 196,A01,1,7,0,0,3,14,1,
2.024E+11,155 728 197,B01,2,2,0,2,1,13,1,
2.024E+11,155 728 195,A01,3,21,0,0,9,0,1,
2.024E+11,155 728 193,A01,1,7,0,2,1,16,1,
2.024E+11,155 728 194,B01,1,50,0,2,4,16,3,
2.024E+11,155 728 191,B01,2,10,0,2,4,0,1,
2.024E+11,155 728 192,A01,2,10,0,2,1,0,1,
2.024E+11,155 728 190,A01,2,7,0,1,3,1,1,
2.024E+11,155 728 188,A01,2,7,0,9,2,0,1,
2.024E+11,155 728 189,B01,1,50,0,2,7,0,3,
2.024E+11,155 728 186,A01,1,7,0,2,7,15,1,
2.024E+11,155 728 187,B01,2,2,0,2,1,1,1,
2.024E+11,155 728 184,A01,1,7,0,2,1,15,0,
2.024E+11,155 728 185,B01,1,50,0,2,0,0,3,
2.024E+11,155 728 183,A01,1,7,0,1,4,4,1,
2.024E+11,155 728 182,A01,1,7,0,0,0,1,1,
2.024E+11,155 728 180,A01,2,10,0,2,1,15,1,
2.024E+11,155 728 181,B01,1,2,0,2,1,1,1,
2.024E+11,155 728 179,A01,3,7,0,1,1,16,1,
2.024E+11,155 728 177,B01,3,2,0,2,8,1,1,
2.024E+11,155 728 178,A01,3,7,0,2,2,12,0,
2.024E+11,155 728 175,A01,1,7,0,2,1,2,1,
2.024E+11,155 728 176,B01,1,31,0,2,4,1,1,
2.024E+11,155 728 173,A01,1,7,0,2,2,15,1,
2.024E+11,155 728 174,B01,2,31,0,2,1,1,1,
2.024E+11,155 728 171,A01,3,7,0,2,4,23,1,
2.024E+11,155 728 172,B01,3,1,0,2,1,15,5,
2.024E+11,155 728 167,B01,1,7,0,2,2,2,0,
2.024E+11,155 728 168,A01,3,7,0,2,1,2,0,
2.024E+11,155 728 166,A01,2,43,8,0,2,1,1,
2.024E+11,155 728 165,A01,1,7,0,1,2,1,1,
2.024E+11,155 728 163,A01,1,50,0,2,1,5,3,
2.024E+11,155 728 164,B01,2,10,0,9,2,23,1,
2.024E+11,155 728 162,A01,2,7,14,0,1,26,1,
2.024E+11,155 728 160,A01,1,7,0,2,3,15,1,
2.024E+11,155 728 161,B01,2,30,0,2,1,1,1,
2.024E+11,155 728 158,A01,1,7,0,2,1,2,1,
2.024E+11,155 728 159,B01,1,7,0,2,4,2,1,
2.024E+11,155 728 156,A01,2,80,0,2,1,2,3,
2.024E+11,155 728 157,B01,2,7,0,2,4,23,1,
2.024E+11,155 728 153,B01,1,7,0,2,4,2,1,
2.024E+11,155 728 154,C01,1,7,0,2,4,2,1,
2.024E+11,155 728 155,A01,1,7,0,2,1,2,1,
2.024E+11,155 728 152,A01,2,3,8,0,1,1,1,
2.024E+11,155 728 151,A01,1,7,0,1,2,1,2,
2.024E+11,155 728 149,A01,1,7,1,0,1,14,1,
2.024E+11,155 728 147,B01,1,1,0,2,1,1,5,
2.024E+11,155 728 148,A01,2,30,0,2,1,14,1,
2.024E+11,155 728 145,A01,1,1,0,2,1,19,5,
2.024E+11,155 728 146,B01,2,7,0,2,1,26,1,
2.024E+11,155 728 143,A01,1,1,0,2,1,2,5,
2.024E+11,155 728 144,B01,1,1,0,2,4,1,5,
2.024E+11,155 728 141,B01,3,7,0,2,4,1,1,
2.024E+11,155 728 142,A01,3,7,0,2,1,1,1,
2.024E+11,155 728 139,B01,2,7,0,2,1,1,6,
2.024E+11,155 728 140,A01,1,7,14,0,1,13,1,
2.024E+11,155 728 138,A01,3,7,0,1,3,16,2,
2.024E+11,155 728 136,B01,2,7,0,2,8,1,1,
2.024E+11,155 728 137,A01,1,7,0,2,0,1,1,
2.024E+11,155 728 134,A01,0,1,0,2,0,19,5,
2.024E+11,155 728 135,B01,2,50,0,2,0,1,3,
2.024E+11,155 728 132,B01,2,7,0,2,1,1,1,
2.024E+11,155 728 133,A01,1,30,0,2,1,15,1,
2.024E+11,155 728 129,C01,1,7,0,2,3,1,1,
2.024E+11,155 728 130,A01,2,32,0,2,1,17,1,
2.024E+11,155 728 131,B01,2,30,0,2,4,15,1,
2.024E+11,155 728 128,A01,3,33,0,1,1,1,1,
2.024E+11,155 728 126,B01,1,7,0,2,4,1,1,
2.024E+11,155 728 127,A01,1,10,0,2,1,2,1,
2.024E+11,155 728 125,A01,1,3,0,2,0,9,0,
2.024E+11,155 728 123,A01,2,7,0,2,4,1,1,
2.024E+11,155 728 124,B01,2,7,0,2,1,1,1,
2.024E+11,155 728 121,A01,3,10,0,2,1,1,1,
2.024E+11,155 728 122,B01,3,2,0,2,7,1,1,
2.024E+11,155 728 119,B01,3,10,0,2,3,9,1,
2.024E+11,155 728 120,A01,3,50,0,2,1,1,3,
2.024E+11,155 728 117,A01,1,2,0,2,2,9,1,
2.024E+11,155 728 118,B01,2,7,0,2,3,16,1,
2.024E+11,155 728 115,A01,2,10,0,2,2,16,1,
2.024E+11,155 728 116,B01,2,7,12,2,8,1,1,
2.024E+11,155 728 113,A01,1,7,0,2,1,13,1,
2.024E+11,155 728 114,B01,2,7,0,2,3,1,1,
2.024E+11,155 728 111,A01,1,7,0,2,5,15,1,
2.024E+11,155 728 112,B01,2,7,0,2,1,1,1,
2.024E+11,155 728 109,A01,1,7,0,2,1,2,1,
2.024E+11,155 728 110,B01,1,7,0,2,4,2,1,
2.024E+11,155 728 107,B01,1,15,0,2,2,2,1,
2.024E+11,155 728 108,A01,1,7,0,2,6,11,2,
2.024E+11,155 728 106,A01,1,7,1,0,1,1,2,
2.024E+11,155 728 104,AB01,0,1,0,2,4,1,5,
2.024E+11,155 728 105,Z01,1,7,0,2,2,16,1,
2.024E+11,155 728 103,A01,2,7,0,1,1,1,1,
2.024E+11,155 728 101,B01,1,7,0,2,4,1,1,
2.024E+11,155 728 102,A01,1,30,0,2,1,2,3,
2.024E+11,155 728 100,A01,2,80,0,0,1,1,3,
2.024E+11,155 728 098,A01,1,80,0,2,1,5,3,
2.024E+11,155 728 099,B01,0,7,0,2,1,1,2,
2.024E+11,155 728 097,A01,2,7,0,1,0,0,1,
2.024E+11,155 728 096,A01,1,7,0,1,1,15,1,
2.024E+11,155 728 094,A01,3,10,0,2,1,15,1,
2.024E+11,155 728 095,B01,3,1,0,2,1,1,5,
2.024E+11,155 728 092,B01,2,37,0,2,1,0,1,3
2.024E+11,155 728 093,A01,2,1,0,2,4,2,5,
2.024E+11,155 728 091,A01,1,7,0,1,3,15,1,
2.024E+11,155 728 090,A01,3,33,4,0,2,14,1,
2.024E+11,155 728 088,A01,3,7,0,2,4,2,1,
2.024E+11,155 728 089,B01,3,7,0,2,1,2,1,
2.024E+11,155 728 086,A01,1,7,0,2,1,1,1,
2.024E+11,155 728 087,B01,1,7,0,2,1,1,1,
2.024E+11,155 728 084,B01,2,7,0,2,8,0,2,
2.024E+11,155 728 085,A01,1,34,0,2,1,0,1,
2.024E+11,155 728 082,B01,1,7,0,2,1,0,1,
2.024E+11,155 728 083,A01,1,34,0,2,1,1,1,
2.024E+11,155 728 079,A01,1,33,0,2,2,1,1,
2.024E+11,155 728 080,B01,1,10,0,2,2,20,1,
2.024E+11,155 728 077,A01,1,7,0,2,1,15,0,
2.024E+11,155 728 078,B01,1,31,0,2,3,0,6,
2.024E+11,155 728 075,A01,1,7,0,2,0,0,1,
2.024E+11,155 728 076,B01,1,33,0,2,0,0,1,
2.024E+11,155 728 074,A01,1,7,0,2,2,2,2,
2.024E+11,155 728 073,A01,2,7,15,0,1,14,1,
2.024E+11,155 728 071,B01,0,30,0,2,1,1,1,
2.024E+11,155 728 072,A01,0,30,0,0,8,1,1,
2.024E+11,155 728 069,B01,1,7,0,2,3,1,1,
2.024E+11,155 728 070,A01,2,7,0,2,3,1,1,
2.024E+11,155 728 066,B01,1,7,0,2,4,2,1,
2.024E+11,155 728 067,C01,2,7,0,2,1,1,1,
2.024E+11,155 728 068,A01,1,10,0,2,1,2,1,
2.024E+11,155 728 064,B01,1,7,0,2,0,5,0,
2.024E+11,155 728 065,A01,2,2,0,0,1,1,1,
2.024E+11,155 728 063,A01,2,7,0,1,1,19,1,
2.024E+11,155 728 062,A01,0,33,0,0,0,1,1,
2.024E+11,155 728 061,A01,1,33,0,0,0,1,1,
2.024E+11,155 728 059,A01,1,7,13,0,3,1,1,
2.024E+11,155 728 057,A01,1,33,0,0,1,2,1,
2.024E+11,155 728 058,B01,1,7,0,2,6,9,1,
2.024E+11,155 728 055,A01,1,33,0,2,1,17,1,
2.024E+11,155 728 056,B01,1,10,0,2,3,15,1,
2.024E+11,155 728 054,A01,2,33,0,0,0,14,1,
2.024E+11,155 728 053,A01,3,50,0,0,0,1,3,
2.024E+11,155 728 051,A01,2,34,0,2,7,17,1,
2.024E+11,155 728 052,B01,2,7,0,2,8,15,1,
2.024E+11,155 728 050,A01,1,7,13,0,9,1,1,
2.024E+11,155 728 049,A01,1,2,0,0,9,1,1,
2.024E+11,155 728 047,B01,1,7,0,2,3,1,1,
2.024E+11,155 728 048,A01,2,2,0,2,1,1,1,
2.024E+11,155 728 045,B01,1,7,0,2,3,1,1,
2.024E+11,155 728 046,A01,2,7,0,2,3,13,1,
2.024E+11,155 728 041,B01,1,33,0,2,1,1,0,
2.024E+11,155 728 042,A01,1,7,0,2,8,9,0,
2.024E+11,155 728 039,A01,0,2,0,2,3,11,0,
2.024E+11,155 728 040,B01,0,10,0,2,3,11,1,
2.024E+11,155 728 038,A01,2,33,13,0,3,1,1,
2.024E+11,155 728 037,A01,1,7,16,0,9,14,1,
2.024E+11,155 728 036,A01,1,7,13,0,1,1,1,
2.024E+11,155 728 034,B01,2,21,0,2,8,1,1,
2.024E+11,155 728 035,A01,1,7,0,2,3,1,1,
2.024E+11,155 728 032,B01,1,1,0,2,5,1,5,
2.024E+11,155 728 033,A01,0,7,0,2,3,16,1,
2.024E+11,155 728 030,A01,1,7,0,2,2,1,1,
2.024E+11,155 728 031,B01,2,7,0,2,3,19,1,
2.024E+11,155 728 029,A01,1,7,0,1,2,1,1,
2.024E+11,155 728 028,A01,1,7,6,0,1,1,1,
2.024E+11,155 728 027,A01,2,7,2,0,3,0,1,
2.024E+11,155 728 026,A01,2,7,15,0,2,1,1,
2.024E+11,155 728 025,A01,2,7,0,0,0,14,1,
2.024E+11,155 728 023,A01,3,2,0,2,1,13,1,
2.024E+11,155 728 024,B01,3,7,0,2,2,1,1,
2.024E+11,155 728 021,B01,1,7,0,2,3,1,1,
2.024E+11,155 728 022,A01,2,7,0,2,2,15,1,
2.024E+11,155 728 019,B01,2,7,0,2,3,1,1,
2.024E+11,155 728 020,A01,2,7,0,2,3,1,1,
2.024E+11,155 728 017,B01,2,7,0,0,6,13,1,
2.024E+11,155 728 018,A01,2,33,0,2,1,1,1,
2.024E+11,155 728 016,A01,1,7,2,0,3,1,1,
2.024E+11,155 728 014,B01,2,2,0,2,1,17,1,
2.024E+11,155 728 015,A01,2,7,8,0,3,15,1,
2.024E+11,155 728 012,A01,1,7,0,2,3,13,1,
2.024E+11,155 728 013,B01,2,10,0,2,3,1,1,
2.024E+11,155 728 010,B01,1,1,0,2,1,1,5,
2.024E+11,155 728 011,A01,2,33,4,2,8,13,1,
2.024E+11,155 728 008,B01,0,1,0,2,4,2,5,
2.024E+11,155 728 009,A01,0,7,0,0,1,2,1,
2.024E+11,155 728 007,A01,3,7,2,0,3,2,1,
2.024E+11,155 728 006,A01,1,7,0,0,0,13,1,
2.024E+11,155 728 005,A01,1,7,2,0,1,1,1,
2.024E+11,155 728 004,A01,1,1,12,0,0,1,5,
2.024E+11,155 728 003,A01,1,7,7,0,1,1,1,
2.024E+11,155 728 001,B01,1,33,0,2,1,1,1,
2.024E+11,155 728 002,A01,1,7,0,2,8,17,1,
2.024E+11,155 727 999,A01,2,7,0,2,1,13,1,
2.024E+11,155 728 000,B01,1,7,0,2,1,1,1,
2.024E+11,155 727 998,A01,0,7,0,1,3,9,2,
2.024E+11,155 727 997,A01,3,7,0,1,0,15,1,
2.024E+11,155 727 996,A01,1,10,7,0,9,14,1,
2.024E+11,155 727 995,A01,1,10,3,0,1,1,1,
2.024E+11,155 727 994,A01,1,32,6,0,1,0,1,
2.024E+11,155 727 993,A01,2,33,0,0,7,1,1,
2.024E+11,155 727 992,A01,2,7,3,0,3,1,1,
2.024E+11,155 727 988,A01,3,7,13,0,2,14,1,
2.024E+11,155 727 986,A01,2,33,0,2,7,17,1,
2.024E+11,155 727 987,B01,2,7,0,2,8,15,1,
2.024E+11,155 727 985,A01,0,36,12,0,2,1,1,
2.024E+11,155 727 984,A01,2,33,13,0,1,1,1,
2.024E+11,155 727 981,B01,1,7,0,2,8,13,1,
2.024E+11,155 727 982,C01,2,7,0,2,1,1,1,
2.024E+11,155 727 983,A01,1,31,4,2,7,17,1,
2.024E+11,155 727 978,A01,1,7,0,2,1,2,1,
2.024E+11,155 727 979,C01,1,7,0,2,4,1,1,
2.024E+11,155 727 980,B01,1,15,0,0,4,2,1,
2.024E+11,155 727 976,B01,1,7,0,2,1,1,1,
2.024E+11,155 727 977,A01,2,7,0,2,1,13,1,
2.024E+11,155 727 974,A01,3,7,0,2,2,16,3,
2.024E+11,155 727 975,B01,3,50,0,2,8,1,3,
2.024E+11,155 727 972,A01,1,7,0,2,3,9,1,
2.024E+11,155 727 973,B01,2,2,0,2,1,1,1,
2.024E+11,155 727 971,A01,1,34,0,2,7,17,1,
2.024E+11,155 727 970,A01,1,7,15,0,1,2,1,
2.024E+11,155 727 969,A01,2,7,8,0,3,13,1,
2.024E+11,155 727 967,B01,1,7,0,2,2,16,1,
2.024E+11,155 727 968,A01,1,50,0,2,1,18,3,
2.024E+11,155 727 965,A01,1,7,0,2,7,1,1,
2.024E+11,155 727 966,B01,1,32,0,2,1,1,1,
2.024E+11,155 727 963,A01,1,42,14,0,2,17,1,
2.024E+11,155 727 964,B01,1,7,0,2,3,1,1,
2.024E+11,155 727 961,A01,2,33,0,2,1,2,1,
2.024E+11,155 727 962,B01,2,7,0,2,5,2,2,
2.024E+11,155 727 960,A01,1,7,0,1,3,1,1,
2.024E+11,155 727 959,A01,1,1,0,1,2,1,5,
2.024E+11,155 727 956,A01,1,30,0,1,1,3,3,
2.024E+11,155 727 957,B01,1,7,0,2,2,2,2,
2.024E+11,155 727 958,C01,1,7,0,2,3,2,2,
2.024E+11,155 727 954,B01,0,33,0,2,2,1,1,
2.024E+11,155 727 955,A01,0,7,0,2,3,10,2,
2.024E+11,155 727 952,A01,1,7,12,2,2,2,1,
2.024E+11,155 727 953,B01,1,30,12,2,4,2,1,
2.024E+11,155 727 950,B01,2,7,0,2,0,0,1,
2.024E+11,155 727 951,A01,3,50,0,2,1,1,3,
2.024E+11,155 727 948,A01,2,7,0,2,1,2,1,
2.024E+11,155 727 949,B01,2,7,0,2,4,23,1,
2.024E+11,155 727 946,B01,1,7,0,2,3,6,1,
2.024E+11,155 727 947,A01,0,33,0,2,1,17,1,
2.024E+11,155 727 945,A01,3,7,0,1,2,20,1,
2.024E+11,155 727 943,A01,2,2,0,2,7,1,1,
2.024E+11,155 727 944,B01,3,7,0,2,2,1,1,
2.024E+11,155 727 942,A01,1,34,12,0,9,1,1,
2.024E+11,155 727 940,A01,1,7,0,2,8,9,2,
2.024E+11,155 727 941,B01,1,31,0,2,1,1,1,
2.024E+11,155 727 939,A01,1,7,12,0,1,20,1,
2.024E+11,155 727 938,A01,1,33,0,0,7,1,1,
2.024E+11,155 727 937,A01,2,33,13,0,1,17,1,
2.024E+11,155 727 935,B01,1,7,0,2,1,1,1,
2.024E+11,155 727 936,A01,3,7,15,0,7,19,1,
2.024E+11,155 727 933,B01,1,33,0,2,1,1,1,
2.024E+11,155 727 934,A01,2,7,0,2,7,19,1,
2.024E+11,155 727 932,A01,1,7,8,0,9,13,1,
2.024E+11,155 727 930,A01,1,7,0,2,1,5,1,
2.024E+11,155 727 931,B01,2,7,0,2,1,1,1,
2.024E+11,155 727 929,A01,0,7,0,0,0,0,1,
2.024E+11,155 727 928,A01,1,33,0,0,1,1,1,
2.024E+11,155 727 924,A01,2,7,0,2,1,1,1,
2.024E+11,155 727 925,B01,2,7,3,2,4,1,0,
2.024E+11,155 727 926,D01,2,7,0,2,6,1,1,
2.024E+11,155 727 927,C01,2,7,0,2,1,1,2,
2.024E+11,155 727 922,A01,1,33,2,2,1,13,1,
2.024E+11,155 727 923,B01,2,10,0,2,1,1,1,
2.024E+11,155 727 920,A01,2,7,0,2,3,13,1,
2.024E+11,155 727 921,B01,1,7,0,2,2,1,1,
2.024E+11,155 727 919,A01,2,33,13,0,1,17,1,
2.024E+11,155 727 918,A01,1,7,8,0,3,13,1,
2.024E+11,155 727 917,A01,3,33,0,0,0,1,1,
2.024E+11,155 727 915,A01,3,7,0,2,3,15,2,
2.024E+11,155 727 916,B01,1,7,0,2,1,1,1,
2.024E+11,155 727 914,A01,2,33,0,0,0,1,1,
2.024E+11,155 727 913,A01,1,10,15,0,2,14,1,
2.024E+11,155 727 912,A01,1,7,0,0,2,14,1,
2.024E+11,155 727 910,A01,1,33,0,2,1,2,1,
2.024E+11,155 727 911,B01,1,7,0,2,3,15,1,
2.024E+11,155 727 909,A01,1,33,0,0,9,1,1,
2.024E+11,155 727 908,A01,1,7,13,0,7,14,1,
2.024E+11,155 727 907,A01,3,7,0,0,2,1,1,
2.024E+11,155 727 906,A01,2,7,6,0,1,1,1,
2.024E+11,155 727 904,B01,2,15,0,2,1,1,1,
2.024E+11,155 727 905,A01,1,7,0,2,1,1,1,
2.024E+11,155 727 903,A01,1,33,0,0,7,26,1,
2.024E+11,155 727 902,A01,2,33,9,0,2,1,1,
2.024E+11,155 727 901,A01,2,33,0,0,8,1,1,
2.024E+11,155 727 899,B01,1,33,0,2,1,1,1,
2.024E+11,155 727 900,A01,2,7,0,2,3,17,1,
2.024E+11,155 727 897,A01,2,33,0,0,1,2,1,
2.024E+11,155 727 898,B01,2,33,0,0,4,2,1,
2.024E+11,155 727 896,A01,3,10,0,1,7,16,1,
2.024E+11,155 727 894,A01,1,7,0,2,2,19,1,
2.024E+11,155 727 895,B01,1,7,0,2,1,1,1,
2.024E+11,155 727 892,A01,2,7,0,2,1,19,1,
2.024E+11,155 727 893,B01,1,7,0,2,6,1,1,
2.024E+11,155 727 891,A01,2,7,14,0,1,1,1,
2.024E+11,155 727 890,A01,1,7,10,0,3,1,1,
2.024E+11,155 727 888,A01,2,15,0,2,2,9,1,
2.024E+11,155 727 889,B01,1,7,4,0,8,1,1,
2.024E+11,155 727 887,A01,2,33,0,0,4,1,1,
2.024E+11,155 727 885,A01,1,17,1,0,2,14,1,
2.024E+11,155 727 886,B01,1,10,0,0,6,23,1,
2.024E+11,155 727 884,A01,2,7,16,0,1,1,1,
2.024E+11,155 727 882,A01,3,2,0,2,1,1,1,
2.024E+11,155 727 883,B01,3,7,0,0,2,20,2,
2.024E+11,155 727 880,A01,1,7,2,0,7,1,1,
2.024E+11,155 727 878,A01,2,7,0,2,1,2,1,
2.024E+11,155 727 879,B01,2,7,3,0,4,2,1,
2.024E+11,155 727 881,C01,2,7,14,0,0,2,1,
2.024E+11,155 727 877,A01,1,1,0,5,7,1,5,
2.024E+11,155 727 876,A01,1,10,3,0,1,1,1,
2.024E+11,155 727 874,A01,3,1,0,2,7,1,5,
2.024E+11,155 727 875,B01,1,7,0,2,3,9,1,
2.024E+11,155 727 873,A01,1,2,0,0,7,1,6,
2.024E+11,155 727 872,A01,1,1,6,0,1,1,5,
2.024E+11,155 727 870,A01,2,7,0,2,1,11,1,
2.024E+11,155 727 871,B01,1,7,0,2,1,1,1,
2.024E+11,155 727 868,A01,2,33,16,2,4,11,1,
2.024E+11,155 727 869,B01,2,7,2,2,1,17,1,
2.024E+11,155 727 866,A01,1,7,0,2,1,1,1,
2.024E+11,155 727 867,B01,3,7,0,2,8,19,1,
2.024E+11,155 727 865,A01,0,7,6,0,1,1,1,
2.024E+11,155 727 863,A01,1,7,0,2,6,1,1,
2.024E+11,155 727 864,B01,1,33,0,2,8,26,1,
2.024E+11,155 727 861,A01,2,7,0,2,1,5,1,
2.024E+11,155 727 862,B01,1,10,0,2,1,1,1,
2.024E+11,155 727 859,A01,2,33,0,2,1,2,1,
2.024E+11,155 727 860,B01,2,33,0,2,1,1,1,
2.024E+11,155 727 858,A01,1,33,8,0,2,1,1,
2.024E+11,155 727 855,A01,0,33,13,0,1,0,0,
2.024E+11,155 727 852,B01,2,2,0,2,1,1,1,
2.024E+11,155 727 854,A01,1,10,0,2,1,15,1,
2.024E+11,155 727 851,A01,3,7,0,2,3,16,1,
2.024E+11,155 727 853,B01,2,33,0,0,7,1,1,
2.024E+11,155 727 849,A01,1,33,14,0,2,17,1,
2.024E+11,155 727 850,B01,1,7,0,2,3,23,1,
2.024E+11,155 727 848,A01,2,33,16,0,1,1,1,
2.024E+11,155 727 847,A01,1,33,0,0,9,10,1,
2.024E+11,155 727 846,A01,3,7,2,0,9,1,1,
2.024E+11,155 727 844,A01,1,1,0,0,6,16,5,
2.024E+11,155 727 845,B01,2,7,0,9,0,1,0,
2.024E+11,155 727 843,A01,1,10,4,0,1,1,1,
2.024E+11,155 727 841,B01,1,7,0,2,6,16,1,
2.024E+11,155 727 842,A01,1,33,0,2,2,1,1,
2.024E+11,155 727 840,A01,1,14,13,0,9,1,1,
2.024E+11,155 727 837,A01,2,13,3,0,4,1,1,
2.024E+11,155 727 839,B01,2,15,13,0,1,1,1,
2.024E+11,155 727 836,A01,1,17,0,2,3,13,1,
2.024E+11,155 727 838,B01,2,10,0,2,3,1,1,
2.024E+11,155 727 835,A01,1,10,2,0,2,1,1,