Num_Acc,id_vehicule,num_veh,senc,catv,obs,obsm,choc,manv,motor,occutc
2.024E+11,155 727 831,A01,1,7,0,0,4,1,1,
2.024E+11,155 727 832,B01,1,10,0,2,1,1,1,
2.024E+11,155 727 830,A01,1,13,3,0,2,26,1,
2.024E+11,155 727 828,A01,1,7,0,9,1,9,1,
2.024E+11,155 727 829,B01,1,1,0,0,4,2,5,
2.024E+11,155 727 826,A01,2,7,0,0,4,1,1,
2.024E+11,155 727 827,B01,1,7,0,2,1,0,1,
2.024E+11,155 727 824,A01,2,30,0,2,1,2,1,
2.024E+11,155 727 825,B01,2,21,0,0,4,15,1,
2.024E+11,155 727 822,A01,1,10,0,2,5,15,4,
2.024E+11,155 727 823,B01,2,1,0,2,1,25,5,
2.024E+11,155 727 819,C01,2,10,0,2,1,1,1,
2.024E+11,155 727 820,A01,2,7,0,2,4,1,1,
2.024E+11,155 727 821,B01,2,7,0,2,4,1,1,
2.024E+11,155 727 815,A01,1,7,1,0,8,23,1,
2.024E+11,155 727 817,B01,1,33,1,0,9,3,1,
2.024E+11,155 727 812,D01,1,7,0,0,4,21,1,
2.024E+11,155 727 813,C01,1,7,4,2,3,21,2,
2.024E+11,155 727 814,A01,1,7,0,2,1,21,2,
2.024E+11,155 727 816,B01,1,7,4,2,6,23,2,
2.024E+11,155 727 818,E01,1,7,0,2,2,21,2,
2.024E+11,155 727 811,A01,2,7,4,0,1,16,1,
2.024E+11,155 727 810,A01,1,10,0,1,7,14,1,
2.024E+11,155 727 808,A01,2,7,0,2,1,1,1,
2.024E+11,155 727 809,B01,2,7,0,2,4,1,1,
2.024E+11,155 727 806,A01,2,7,0,2,2,0,1,
2.024E+11,155 727 807,B01,1,7,0,2,1,0,1,
2.024E+11,155 727 805,A01,1,7,4,0,3,26,1,
2.024E+11,155 727 804,A01,1,7,6,0,1,13,1,
2.024E+11,155 727 802,B01,1,7,0,2,4,2,1,
2.024E+11,155 727 803,A01,1,33,0,2,1,2,1,
2.024E+11,155 727 800,A01,1,7,4,0,2,1,1,
2.024E+11,155 727 801,A01,2,1,9,0,1,0,5,
2.024E+11,155 727 798,B01,2,7,0,2,1,1,1,
2.024E+11,155 727 799,A01,2,0,0,2,4,2,0,
2.024E+11,155 727 797,A01,2,7,0,1,1,16,1,
2.024E+11,155 727 793,B01,2,7,0,2,4,23,1,
2.024E+11,155 727 795,A01,2,10,1,0,1,2,1,
2.024E+11,155 727 792,A01,1,7,0,2,3,11,1,
2.024E+11,155 727 794,B01,1,7,4,2,5,1,1,
2.024E+11,155 727 796,C01,1,7,0,2,6,0,1,
2.024E+11,155 727 791,A01,2,7,13,0,3,1,1,
2.024E+11,155 727 786,A01,1,7,0,2,1,2,1,
2.024E+11,155 727 787,B01,1,7,0,2,4,2,1,
2.024E+11,155 727 789,C01,1,7,0,2,4,2,1,
2.024E+11,155 727 790,D01,1,7,0,2,4,2,1,
2.024E+11,155 727 785,A01,1,7,0,2,1,1,1,
2.024E+11,155 727 788,B01,2,33,0,0,0,16,1,
2.024E+11,155 727 783,A01,1,7,0,2,1,1,1,
2.024E+11,155 727 784,B01,1,7,0,2,4,2,1,
2.024E+11,155 727 781,A01,1,7,4,0,1,1,1,
2.024E+11,155 727 779,A01,2,33,0,0,3,1,1,
2.024E+11,155 727 780,A01,2,7,0,2,1,13,3,
2.024E+11,155 727 782,B01,1,7,0,2,1,1,1,
2.024E+11,155 727 776,A01,2,7,0,2,2,1,1,
2.024E+11,155 727 778,B01,2,7,0,2,8,1,1,
2.024E+11,155 727 775,A01,2,7,0,2,7,17,3,
2.024E+11,155 727 777,B01,2,10,0,2,8,1,1,
2.024E+11,155 727 774,A01,2,33,4,0,8,13,1,
2.024E+11,155 727 773,A01,2,10,2,0,3,1,1,
2.024E+11,155 727 771,B01,2,7,0,0,5,2,1,
2.024E+11,155 727 772,A01,2,31,0,2,1,3,1,
2.024E+11,155 727 770,A01,1,7,2,0,8,1,1,
2.024E+11,155 727 768,A01,2,7,4,0,2,11,1,
2.024E+11,155 727 767,A01,2,7,13,2,2,21,2,
2.024E+11,155 727 769,B01,1,7,13,2,0,0,1,
2.024E+11,155 727 764,A01,2,10,0,2,1,1,1,
2.024E+11,155 727 766,B01,2,7,0,2,4,1,1,
2.024E+11,155 727 762,C01,1,7,3,2,4,2,1,
2.024E+11,155 727 763,A01,1,10,0,2,1,2,1,
2.024E+11,155 727 765,B01,1,7,3,2,4,2,1,
2.024E+11,155 727 761,BA01,0,32,0,5,9,21,1,
2.024E+11,155 727 759,A01,1,33,0,2,4,23,1,
2.024E+11,155 727 760,B01,1,7,0,2,1,1,1,
2.024E+11,155 727 758,A01,1,30,0,0,7,1,1,
2.024E+11,155 727 757,A01,1,7,1,1,2,2,1,
2.024E+11,155 727 756,A01,1,50,0,0,0,1,3,
2.024E+11,155 727 754,B01,1,33,0,2,7,1,1,
2.024E+11,155 727 755,A01,1,7,0,2,8,11,1,
2.024E+11,155 727 752,A01,1,7,0,2,1,2,1,
2.024E+11,155 727 753,B01,1,7,0,2,4,2,1,
2.024E+11,155 727 749,A01,1,0,0,1,1,26,1,
2.024E+11,155 727 748,A01,2,7,0,2,1,1,1,
2.024E+11,155 727 750,B01,2,7,0,2,4,23,2,
2.024E+11,155 727 751,C01,2,7,0,2,4,23,1,
2.024E+11,155 727 746,A01,1,7,0,2,7,15,1,
2.024E+11,155 727 747,B01,2,33,0,2,1,1,1,
2.024E+11,155 727 744,Z01,3,7,0,1,4,24,1,
2.024E+11,155 727 745,A01,2,7,4,0,3,1,1,
2.024E+11,155 727 742,B01,1,33,0,2,1,0,1,
2.024E+11,155 727 743,A01,2,7,0,2,1,15,2,
2.024E+11,155 727 741,A01,1,7,13,0,9,13,1,
2.024E+11,155 727 740,A01,1,7,0,1,6,26,1,
2.024E+11,155 727 738,A01,1,7,0,1,3,1,1,
2.024E+11,155 727 737,A01,2,7,0,0,2,2,1,
2.024E+11,155 727 739,B01,2,7,13,0,0,0,1,
2.024E+11,155 727 735,A01,2,1,0,0,0,0,5,
2.024E+11,155 727 734,B01,3,7,0,2,3,1,1,
2.024E+11,155 727 736,A01,3,7,6,2,1,1,1,
2.024E+11,155 727 733,A01,1,2,0,0,0,0,1,
2.024E+11,155 727 727,A01,2,7,0,2,2,2,1,
2.024E+11,155 727 729,B01,2,7,0,0,6,1,1,
2.024E+11,155 727 728,A01,2,7,0,2,7,15,1,
2.024E+11,155 727 730,B01,1,7,0,2,1,1,1,
2.024E+11,155 727 723,A01,1,1,0,2,1,1,5,
2.024E+11,155 727 725,B01,2,2,0,2,1,5,1,
2.024E+11,155 727 722,A01,3,2,9,0,0,1,1,
2.024E+11,155 727 724,A01,2,7,12,2,3,5,1,
2.024E+11,155 727 726,B01,1,14,0,2,2,1,1,
2.024E+11,155 727 721,A01,1,33,15,0,1,14,1,
2.024E+11,155 727 719,B01,2,7,0,2,1,1,1,
2.024E+11,155 727 720,A01,1,10,8,2,1,13,1,
2.024E+11,155 727 716,A01,2,7,13,2,1,1,1,
2.024E+11,155 727 718,B01,1,7,0,0,7,1,1,
2.024E+11,155 727 715,B01,2,33,0,2,8,1,1,
2.024E+11,155 727 717,Z01,1,7,0,2,1,26,1,
2.024E+11,155 727 712,B01,3,7,0,2,1,0,-1,
2.024E+11,155 727 714,A01,1,7,1,0,3,21,1,
2.024E+11,155 727 713,A01,2,15,9,0,1,16,1,
2.024E+11,155 727 711,A01,0,7,1,0,7,14,1,
2.024E+11,155 727 710,A01,3,7,1,0,3,26,1,
2.024E+11,155 727 709,A01,3,7,1,0,1,1,1,
2.024E+11,155 727 706,A01,3,31,15,0,0,0,0,
2.024E+11,155 727 705,C01,1,7,0,2,1,1,1,
2.024E+11,155 727 707,B01,1,7,0,2,6,1,2,
2.024E+11,155 727 708,A01,2,7,0,2,1,14,1,
2.024E+11,155 727 704,A01,3,7,15,0,1,1,1,
2.024E+11,155 727 700,A01,2,7,0,9,7,15,1,
2.024E+11,155 727 703,B01,1,1,0,2,1,1,5,
2.024E+11,155 727 699,B01,1,7,0,2,5,0,1,
2.024E+11,155 727 701,A01,1,7,0,2,3,1,1,
2.024E+11,155 727 702,C01,1,30,0,2,0,0,0,
2.024E+11,155 727 697,A01,0,31,1,0,1,1,1,
2.024E+11,155 727 696,B01,1,7,0,2,5,1,1,
2.024E+11,155 727 698,A01,1,7,0,2,3,2,1,
2.024E+11,155 727 695,A01,2,7,13,0,1,0,2,
2.024E+11,155 727 694,A01,3,7,0,1,4,4,2,
2.024E+11,155 727 692,A01,2,10,15,0,1,14,1,
2.024E+11,155 727 691,B01,0,1,0,2,0,0,5,
2.024E+11,155 727 693,A01,0,7,0,2,0,1,2,
2.024E+11,155 727 687,A01,1,7,0,2,5,23,2,
2.024E+11,155 727 688,B01,1,7,0,2,3,1,1,
2.024E+11,155 727 685,A01,2,34,0,2,1,16,1,
2.024E+11,155 727 686,B01,2,7,0,2,1,1,1,
2.024E+11,155 727 682,A01,1,31,0,0,1,2,1,
2.024E+11,155 727 683,B01,1,7,0,2,4,1,1,
2.024E+11,155 727 679,A01,2,7,6,2,1,13,1,
2.024E+11,155 727 680,B01,1,10,0,2,1,1,1,
2.024E+11,155 727 681,C01,1,7,0,2,1,1,1,
2.024E+11,155 727 684,D01,1,7,0,2,1,1,1,
2.024E+11,155 727 677,B01,3,7,0,2,1,1,1,
2.024E+11,155 727 678,A01,3,2,0,2,5,19,1,
2.024E+11,155 727 675,A01,1,7,0,1,3,15,1,
2.024E+11,155 727 674,B01,1,7,0,2,6,11,1,
2.024E+11,155 727 676,A01,1,34,0,2,2,11,1,
2.024E+11,155 727 672,A01,1,50,0,2,1,13,3,
2.024E+11,155 727 673,B01,2,7,0,2,1,1,1,
2.024E+11,155 727 670,A01,3,7,0,2,2,14,1,
2.024E+11,155 727 671,B01,3,7,0,2,6,2,1,
2.024E+11,155 727 668,A01,3,7,0,2,8,1,1,
2.024E+11,155 727 669,B01,3,7,0,2,1,1,1,
2.024E+11,155 727 667,A01,3,33,0,0,0,1,1,
2.024E+11,155 727 663,A01,1,7,0,2,4,20,2,
2.024E+11,155 727 665,B01,1,7,0,2,2,2,3,
2.024E+11,155 727 664,B01,1,7,0,2,8,15,1,
2.024E+11,155 727 666,A01,1,7,0,2,1,1,1,
2.024E+11,155 727 658,B01,0,50,0,2,0,26,3,
2.024E+11,155 727 660,A01,3,7,0,2,3,15,1,
2.024E+11,155 727 656,B01,2,7,0,2,4,23,1,
2.024E+11,155 727 657,C01,2,7,0,2,4,23,1,
2.024E+11,155 727 659,D01,1,7,0,2,4,23,1,
2.024E+11,155 727 661,E01,2,7,0,2,4,23,1,
2.024E+11,155 727 662,A01,2,7,1,0,1,2,1,
2.024E+11,155 727 654,A01,3,7,0,0,0,1,1,
2.024E+11,155 727 653,A01,2,7,0,2,8,10,2,
2.024E+11,155 727 655,B01,2,33,0,2,1,1,1,
2.024E+11,155 727 649,A01,2,7,6,0,1,1,1,
2.024E+11,155 727 648,B01,2,1,0,2,1,1,5,
2.024E+11,155 727 650,A01,1,10,0,2,1,15,1,
2.024E+11,155 727 647,A01,3,7,13,0,0,0,1,
2.024E+11,155 727 646,A01,3,7,1,0,2,1,1,
2.024E+11,155 727 643,B01,2,7,0,2,0,15,1,
2.024E+11,155 727 645,A01,1,33,0,2,7,1,1,
2.024E+11,155 727 642,A01,3,7,0,1,3,1,0,
2.024E+11,155 727 641,A01,1,7,8,2,3,26,1,
2.024E+11,155 727 644,B01,1,7,0,2,1,19,1,
2.024E+11,155 727 640,A01,3,7,0,0,3,1,1,
2.024E+11,155 727 639,A01,1,7,0,1,1,1,1,
2.024E+11,155 727 636,A01,1,7,0,2,1,2,1,
2.024E+11,155 727 638,B01,1,7,0,2,4,2,1,
2.024E+11,155 727 632,B01,2,10,0,2,1,1,0,
2.024E+11,155 727 634,A01,1,7,0,2,1,1,1,
2.024E+11,155 727 633,B01,3,10,0,2,1,2,2,
2.024E+11,155 727 635,C01,3,10,0,2,4,2,1,
2.024E+11,155 727 637,A01,3,10,0,2,1,2,1,
2.024E+11,155 727 630,B01,2,50,0,2,8,1,3,
2.024E+11,155 727 631,A01,1,7,0,2,1,15,1,
2.024E+11,155 727 628,A01,1,7,5,0,1,3,1,
2.024E+11,155 727 627,A01,3,10,0,2,7,15,1,
2.024E+11,155 727 629,B01,3,2,0,2,1,1,1,
2.024E+11,155 727 625,B01,3,7,0,2,8,1,1,
2.024E+11,155 727 626,A01,3,35,0,2,2,1,1,
2.024E+11,155 727 623,A01,3,7,6,0,1,5,1,
2.024E+11,155 727 622,A01,1,7,6,2,2,17,1,
2.024E+11,155 727 624,B01,1,7,9,2,8,15,1,
2.024E+11,155 727 620,B01,1,7,0,2,1,1,1,
2.024E+11,155 727 621,A01,2,7,0,2,7,15,1,
2.024E+11,155 727 618,A01,1,7,1,0,2,14,1,
2.024E+11,155 727 614,A01,3,7,0,2,6,1,1,
2.024E+11,155 727 615,B01,3,1,0,2,1,1,5,
2.024E+11,155 727 616,A01,1,7,0,2,1,1,1,
2.024E+11,155 727 617,B01,3,7,0,2,4,23,1,
2.024E+11,155 727 619,C01,3,7,0,0,4,23,1,
2.024E+11,155 727 613,A01,2,7,0,1,1,15,1,
2.024E+11,155 727 610,B01,3,7,0,2,6,2,0,
2.024E+11,155 727 612,A01,3,41,0,2,1,2,0,
2.024E+11,155 727 607,A01,1,7,0,2,1,1,1,
2.024E+11,155 727 608,B01,1,7,9,2,8,15,1,
2.024E+11,155 727 604,A01,1,7,0,2,3,10,1,
2.024E+11,155 727 605,B01,1,30,0,0,1,0,1,
2.024E+11,155 727 603,A01,3,7,0,2,3,1,1,
2.024E+11,155 727 606,B01,3,32,0,2,9,5,1,
2.024E+11,155 727 600,B01,2,7,0,2,3,1,1,
2.024E+11,155 727 601,C01,2,7,0,2,3,1,1,
2.024E+11,155 727 602,A01,1,7,0,2,3,13,1,
2.024E+11,155 727 597,B01,3,7,0,2,1,2,1,
2.024E+11,155 727 599,A01,3,7,0,2,1,5,1,
2.024E+11,155 727 598,A01,1,7,2,0,3,1,1,
2.024E+11,155 727 594,C01,2,10,0,2,7,23,1,
2.024E+11,155 727 595,A01,2,7,0,2,3,23,1,
2.024E+11,155 727 596,B01,2,34,0,2,2,3,1,
2.024E+11,155 727 593,A01,3,7,8,0,1,14,1,
2.024E+11,155 727 592,A01,3,50,0,0,0,26,3,
2.024E+11,155 727 591,A01,3,30,12,0,3,0,1,
2.024E+11,155 727 588,A01,3,7,0,2,3,1,1,
2.024E+11,155 727 589,B01,3,50,0,2,8,0,3,
2.024E+11,155 727 587,A01,2,7,0,2,1,1,1,
2.024E+11,155 727 590,B01,2,10,8,2,2,1,1,
2.024E+11,155 727 585,A01,2,7,0,2,1,12,1,
2.024E+11,155 727 586,B01,2,7,0,2,4,1,1,
2.024E+11,155 727 583,A01,3,10,0,1,2,15,1,
2.024E+11,155 727 584,A01,2,7,0,1,2,17,1,
2.024E+11,155 727 581,A01,3,2,0,2,1,1,3,
2.024E+11,155 727 582,Z01,3,32,0,2,4,23,0,
2.024E+11,155 727 579,B01,2,1,0,2,2,1,5,
2.024E+11,155 727 580,A01,1,7,0,9,3,19,2,
2.024E+11,155 727 575,B01,2,1,0,0,0,0,5,
2.024E+11,155 727 577,A01,2,7,0,2,5,1,1,
2.024E+11,155 727 576,A01,1,10,0,2,3,9,1,
2.024E+11,155 727 578,B01,1,1,0,0,0,0,5,
2.024E+11,155 727 574,Z01,1,1,0,1,0,0,5,
2.024E+11,155 727 572,B01,2,7,0,2,3,23,1,
2.024E+11,155 727 573,A01,1,30,0,2,3,11,1,
2.024E+11,155 727 570,A01,1,7,1,0,6,1,1,
2.024E+11,155 727 569,A01,2,1,0,0,0,0,5,
2.024E+11,155 727 571,Z01,2,32,0,0,0,0,1,
2.024E+11,155 727 568,A01,3,7,0,1,3,15,0,
2.024E+11,155 727 566,A01,1,80,0,2,1,1,3,
2.024E+11,155 727 567,B01,1,80,0,2,6,1,3,
2.024E+11,155 727 563,A01,2,7,0,2,8,15,1,
2.024E+11,155 727 564,B01,2,33,0,2,2,17,1,
2.024E+11,155 727 562,A01,3,7,2,0,1,1,1,
2.024E+11,155 727 560,A01,2,31,0,2,0,1,3,
2.024E+11,155 727 561,B01,2,1,5,0,0,11,5,
2.024E+11,155 727 557,A01,2,31,0,2,1,2,1,
2.024E+11,155 727 559,B01,1,7,0,2,8,1,1,
2.024E+11,155 727 558,A01,3,7,2,0,1,15,1,
2.024E+11,155 727 555,B01,1,1,0,9,1,2,5,
2.024E+11,155 727 556,A01,1,30,1,0,4,2,1,
2.024E+11,155 727 552,Z01,3,7,0,2,0,0,0,
2.024E+11,155 727 553,A01,3,30,0,2,1,1,1,
2.024E+11,155 727 549,A01,3,7,0,2,1,0,0,
2.024E+11,155 727 551,B01,3,10,0,2,4,0,0,
2.024E+11,155 727 550,A01,1,30,0,2,8,26,1,
2.024E+11,155 727 554,Z01,1,7,0,2,8,26,1,
2.024E+11,155 727 548,A01,0,10,8,1,0,20,0,
2.024E+11,155 727 545,B01,3,7,0,2,3,1,2,
2.024E+11,155 727 546,A01,3,7,0,2,3,1,1,
2.024E+11,155 727 547,A01,1,7,6,0,1,1,1,
2.024E+11,155 727 544,A01,3,32,1,0,2,15,1,
2.024E+11,155 727 543,A01,1,7,4,0,9,1,1,
2.024E+11,155 727 540,A01,2,31,0,2,3,1,1,
2.024E+11,155 727 541,B01,1,7,0,2,3,1,1,
2.024E+11,155 727 537,A01,0,7,0,2,6,15,1,
2.024E+11,155 727 538,B01,0,33,0,2,2,0,1,
2.024E+11,155 727 539,A01,3,33,0,2,2,2,1,
2.024E+11,155 727 542,B01,0,7,0,2,3,2,1,
2.024E+11,155 727 536,A01,3,7,0,1,1,13,0,
2.024E+11,155 727 534,A01,1,30,0,2,7,1,0,
2.024E+11,155 727 535,B01,2,7,0,2,1,1,2,
2.024E+11,155 727 532,A01,3,7,14,0,9,26,2,
2.024E+11,155 727 528,A01,1,30,0,2,3,9,1,
2.024E+11,155 727 529,B01,1,30,0,2,2,1,1,
2.024E+11,155 727 526,A01,1,31,1,0,0,0,1,
2.024E+11,155 727 525,A01,0,7,0,1,1,16,1,
2.024E+11,155 727 521,A01,1,32,0,2,1,26,1,
2.024E+11,155 727 524,B01,1,7,0,2,2,1,1,
2.024E+11,155 727 522,A01,1,33,0,2,1,9,1,
2.024E+11,155 727 523,B01,1,10,0,2,4,1,1,
2.024E+11,155 727 520,A01,1,31,0,1,1,1,1,
2.024E+11,155 727 517,A01,1,7,6,0,8,1,1,
2.024E+11,155 727 518,Z01,2,7,0,2,2,16,0,
2.024E+11,155 727 519,A01,2,50,0,2,8,1,3,
2.024E+11,155 727 516,A01,1,7,13,0,3,1,1,
2.024E+11,155 727 515,A01,1,7,11,0,1,1,1,
2.024E+11,155 727 513,A01,1,7,0,2,3,1,1,
2.024E+11,155 727 514,B01,2,7,8,2,3,13,2,
2.024E+11,155 727 510,A01,0,0,1,0,1,0,0,
2.024E+11,155 727 511,B01,2,1,0,2,1,1,5,
2.024E+11,155 727 512,A01,2,7,0,2,3,22,1,
2.024E+11,155 727 508,B01,1,7,0,2,1,26,1,
2.024E+11,155 727 509,A01,2,7,0,2,1,13,1,
2.024E+11,155 727 506,A01,2,7,13,0,2,1,1,
2.024E+11,155 727 505,A01,2,7,0,2,7,16,1,
2.024E+11,155 727 507,B01,2,1,0,2,3,1,5,
2.024E+11,155 727 503,A01,2,7,0,2,6,1,1,
2.024E+11,155 727 504,B01,2,2,0,2,3,1,1,
2.024E+11,155 727 502,A01,3,7,2,0,1,14,1,
2.024E+11,155 727 501,A01,2,50,0,1,0,1,3,
2.024E+11,155 727 498,A01,2,10,0,2,1,0,1,
2.024E+11,155 727 499,B01,2,10,0,2,4,0,1,
2.024E+11,155 727 500,C01,2,10,0,0,4,0,1,
2.024E+11,155 727 497,A01,1,32,14,0,8,13,1,
2.024E+11,155 727 493,Z01,2,7,0,2,1,1,0,
2.024E+11,155 727 494,A01,2,7,0,2,4,23,1,
2.024E+11,155 727 495,A01,2,2,0,0,4,1,3,
2.024E+11,155 727 496,B01,2,80,0,2,1,2,3,
2.024E+11,155 727 491,A01,1,7,13,0,1,0,1,
2.024E+11,155 727 490,A01,1,1,0,2,8,1,5,
2.024E+11,155 727 492,B01,1,7,0,2,8,22,0,
2.024E+11,155 727 488,A01,2,33,4,2,1,2,1,
2.024E+11,155 727 489,B01,2,7,0,0,6,1,1,
2.024E+11,155 727 486,A01,2,7,0,2,3,15,1,
2.024E+11,155 727 487,B01,2,2,0,2,2,15,1,
2.024E+11,155 727 485,A01,1,7,0,1,1,14,1,
2.024E+11,155 727 482,B01,2,1,0,2,4,1,5,
2.024E+11,155 727 484,A01,2,1,0,2,1,2,5,
2.024E+11,155 727 481,A01,1,34,0,2,1,17,1,
2.024E+11,155 727 483,B01,1,7,0,2,6,15,1,
2.024E+11,155 727 478,A01,2,7,0,2,1,1,1,
2.024E+11,155 727 480,B01,1,7,0,2,3,1,1,
2.024E+11,155 727 477,B01,3,33,0,2,1,1,1,
2.024E+11,155 727 479,A01,3,7,0,2,2,15,2,
2.024E+11,155 727 476,A01,1,33,13,0,1,1,1,
2.024E+11,155 727 475,A01,2,7,0,2,2,1,1,
2.024E+11,155 727 474,A01,2,7,0,0,9,1,1,
2.024E+11,155 727 471,B01,3,33,0,2,6,1,1,
2.024E+11,155 727 472,A01,3,33,0,2,9,17,1,
2.024E+11,155 727 473,C01,3,10,0,2,1,1,1,
2.024E+11,155 727 468,A01,2,33,0,2,7,1,1,
2.024E+11,155 727 469,B01,2,14,0,2,8,11,1,
2.024E+11,155 727 467,A01,2,7,0,2,7,0,1,
2.024E+11,155 727 470,B01,2,37,0,2,1,0,1,1
2.024E+11,155 727 465,A01,3,7,0,2,1,13,1,
2.024E+11,155 727 466,B01,3,7,0,2,3,1,2,
2.024E+11,155 727 463,B01,1,1,0,2,1,1,5,
2.024E+11,155 727 464,A01,1,32,0,2,7,16,1,
2.024E+11,155 727 461,A01,2,7,0,2,3,1,2,
2.024E+11,155 727 462,B01,2,7,0,2,2,14,1,
2.024E+11,155 727 460,Z01,2,7,0,1,2,1,0,
2.024E+11,155 727 458,B01,1,7,0,2,3,1,1,
2.024E+11,155 727 459,A01,1,7,4,2,2,17,1,
2.024E+11,155 727 456,A01,2,7,0,1,2,1,1,
2.024E+11,155 727 455,A01,1,7,0,2,2,15,2,
2.024E+11,155 727 457,B01,2,31,0,2,1,1,1,
2.024E+11,155 727 452,A01,3,2,0,2,7,26,1,
2.024E+11,155 727 454,B01,3,7,0,2,1,9,1,
2.024E+11,155 727 451,A01,1,30,0,2,1,17,3,
2.024E+11,155 727 453,B01,1,50,0,2,4,2,3,
2.024E+11,155 727 449,A01,1,7,8,0,1,2,1,
2.024E+11,155 727 448,B01,0,7,0,0,4,16,1,
2.024E+11,155 727 450,A01,1,43,0,2,1,26,1,
2.024E+11,155 727 447,A01,1,7,0,1,1,1,1,
2.024E+11,155 727 444,A01,2,2,0,2,8,17,1,
2.024E+11,155 727 446,B01,2,7,0,2,5,1,1,
2.024E+11,155 727 441,A01,1,7,0,0,4,1,1,
2.024E+11,155 727 443,B01,1,7,0,2,4,1,1,
2.024E+11,155 727 445,C01,1,10,0,2,1,1,1,
2.024E+11,155 727 440,A01,2,7,0,2,1,5,1,
2.024E+11,155 727 442,B01,1,7,0,2,1,1,2,
2.024E+11,155 727 439,A01,1,7,3,0,1,0,1,
2.024E+11,155 727 438,A01,2,10,0,1,1,1,1,
2.024E+11,155 727 436,C01,3,2,0,2,1,26,1,
2.024E+11,155 727 437,A01,3,7,0,2,3,0,1,
2.024E+11,155 727 435,A01,1,7,13,0,2,14,1,
2.024E+11,155 727 434,A01,2,7,6,0,1,1,1,
2.024E+11,155 727 433,A01,1,7,0,1,3,19,2,
2.024E+11,155 727 431,A01,2,7,0,2,1,1,1,
2.024E+11,155 727 432,B01,1,7,0,2,1,1,2,
2.024E+11,155 727 430,A01,1,7,0,1,2,1,1,
2.024E+11,155 727 429,A01,1,7,13,0,9,6,1,
2.024E+11,155 727 428,A01,1,7,2,0,1,1,1,
2.024E+11,155 727 427,A01,2,7,0,1,3,1,1,
2.024E+11,155 727 425,A01,1,7,0,2,1,5,1,
2.024E+11,155 727 426,B01,2,7,0,2,1,1,1,
2.024E+11,155 727 423,A01,2,32,0,0,0,1,1,
2.024E+11,155 727 421,A01,1,13,15,0,7,1,1,
2.024E+11,155 727 419,A01,2,7,3,2,1,1,1,
2.024E+11,155 727 420,B01,2,10,0,2,6,11,1,
2.024E+11,155 727 422,A01,1,7,0,2,3,15,1,
2.024E+11,155 727 424,B01,1,7,0,2,6,15,1,
2.024E+11,155 727 417,A01,3,33,12,0,2,1,6,
2.024E+11,155 727 413,D01,1,10,0,2,1,1,1,
2.024E+11,155 727 415,C01,1,10,0,2,7,1,1,
2.024E+11,155 727 416,A01,1,7,0,2,5,12,1,
2.024E+11,155 727 418,B01,1,14,0,2,3,1,1,
2.024E+11,155 727 412,A01,1,38,0,2,1,2,1,4
2.024E+11,155 727 414,B01,1,15,0,2,4,2,1,
2.024E+11,155 727 410,B01,2,7,0,2,4,2,1,
2.024E+11,155 727 411,A01,2,10,0,2,1,2,1,
2.024E+11,155 727 409,A01,3,36,0,0,8,0,1,
2.024E+11,155 727 405,A01,0,50,12,0,1,16,3,
2.024E+11,155 727 404,A01,2,10,0,2,1,2,1,
2.024E+11,155 727 406,B01,2,10,0,2,4,1,1,
2.024E+11,155 727 407,C01,2,7,0,2,4,2,1,
2.024E+11,155 727 408,D01,2,7,0,2,4,2,1,
2.024E+11,155 727 402,A01,1,7,0,1,1,1,1,
2.024E+11,155 727 403,A01,1,7,2,0,7,14,1,
2.024E+11,155 727 400,B01,2,33,0,2,8,3,1,
2.024E+11,155 727 401,A01,2,10,0,2,7,12,1,
2.024E+11,155 727 399,A01,1,10,0,1,4,4,1,
2.024E+11,155 727 397,A01,1,7,0,0,2,26,1,
2.024E+11,155 727 394,C01,2,7,0,2,2,1,1,
2.024E+11,155 727 395,D01,2,33,0,2,6,3,1,
2.024E+11,155 727 396,B01,2,37,0,2,2,1,1,2
2.024E+11,155 727 398,A01,2,7,0,2,8,21,1,
2.024E+11,155 727 391,A01,2,7,0,2,4,1,1,
2.024E+11,155 727 393,B01,2,7,0,2,1,2,1,
2.024E+11,155 727 390,B01,1,15,0,2,4,1,1,
2.024E+11,155 727 392,A01,1,7,0,2,1,21,1,
2.024E+11,155 727 387,A01,2,7,0,2,2,2,3,
2.024E+11,155 727 389,B01,1,7,14,0,0,0,1,
2.024E+11,155 727 386,B01,2,7,0,2,4,2,1,
2.024E+11,155 727 388,A01,2,10,0,2,1,2,1,
2.024E+11,155 727 384,A01,2,7,4,2,9,26,1,
2.024E+11,155 727 385,B01,2,7,0,2,7,1,1,
2.024E+11,155 727 382,A01,2,7,0,2,5,12,1,
2.024E+11,155 727 383,B01,2,33,0,2,1,1,1,
2.024E+11,155 727 381,A01,2,7,3,0,2,1,1,
2.024E+11,155 727 379,B01,2,7,0,2,0,0,1,
2.024E+11,155 727 380,A01,2,7,0,2,1,2,1,
2.024E+11,155 727 377,A01,1,31,0,2,9,3,1,
2.024E+11,155 727 378,B01,1,7,0,2,5,1,3,
2.024E+11,155 727 374,A01,1,7,0,2,7,2,1,
2.024E+11,155 727 375,B01,1,31,0,2,8,0,1,
2.024E+11,155 727 373,A01,2,7,0,2,1,2,1,
2.024E+11,155 727 376,B01,2,7,0,2,4,2,2,
2.024E+11,155 727 370,A01,1,15,0,1,5,20,1,
2.024E+11,155 727 372,B01,1,15,0,0,0,0,1,
2.024E+11,155 727 369,A01,1,33,0,2,1,2,1,