Num_Acc,id_vehicule,num_veh,senc,catv,obs,obsm,choc,manv,motor,occutc
2.024E+11,155 727 371,B01,1,7,0,2,5,2,1,
2.024E+11,155 727 367,A01,1,7,0,2,1,2,1,
2.024E+11,155 727 368,B01,1,7,0,2,4,2,1,
2.024E+11,155 727 363,A01,2,7,0,2,2,21,1,
2.024E+11,155 727 365,B01,2,7,0,2,8,1,1,
2.024E+11,155 727 366,C01,2,7,0,2,5,1,1,
2.024E+11,155 727 362,A01,2,7,0,2,7,12,1,
2.024E+11,155 727 364,B01,2,33,0,2,1,1,1,
2.024E+11,155 727 360,A01,2,7,4,0,1,21,1,
2.024E+11,155 727 359,Z01,1,7,0,2,8,11,0,
2.024E+11,155 727 361,A01,1,33,0,2,7,1,1,
2.024E+11,155 727 356,B01,1,10,0,2,4,1,1,
2.024E+11,155 727 357,A01,1,10,0,2,1,1,1,
2.024E+11,155 727 354,T01,2,7,0,2,0,2,1,
2.024E+11,155 727 355,A01,2,7,0,2,1,2,1,
2.024E+11,155 727 358,B01,2,7,0,2,1,2,1,
2.024E+11,155 727 350,B01,1,7,0,2,4,12,1,
2.024E+11,155 727 352,C01,1,13,0,2,6,1,1,
2.024E+11,155 727 353,A01,1,7,0,2,2,1,1,
2.024E+11,155 727 349,B01,1,7,0,2,4,2,3,
2.024E+11,155 727 351,A01,1,7,0,2,1,2,1,
2.024E+11,155 727 348,A01,1,30,6,0,2,20,1,
2.024E+11,155 727 346,A01,1,7,0,2,1,1,1,
2.024E+11,155 727 347,B01,1,7,0,2,4,2,2,
2.024E+11,155 727 345,A01,1,80,1,0,4,1,3,
2.024E+11,155 727 344,A01,1,7,4,2,1,9,1,
2.024E+11,155 727 341,B01,3,7,0,2,1,2,1,
2.024E+11,155 727 343,A01,3,7,0,2,4,1,2,
2.024E+11,155 727 342,A01,2,10,4,0,0,0,1,
2.024E+11,155 727 338,A01,2,10,0,2,1,15,1,
2.024E+11,155 727 340,B01,1,10,0,2,1,1,1,
2.024E+11,155 727 336,B01,1,7,0,2,1,1,-1,
2.024E+11,155 727 337,A01,2,7,0,2,3,15,1,
2.024E+11,155 727 339,B01,2,7,0,2,1,1,1,
2.024E+11,155 727 335,A01,3,30,0,0,0,19,1,
2.024E+11,155 727 334,A01,2,33,0,5,1,1,1,
2.024E+11,155 727 331,A01,2,7,0,2,4,26,1,
2.024E+11,155 727 332,B01,2,7,0,2,1,26,1,
2.024E+11,155 727 330,A01,1,33,0,2,5,19,1,
2.024E+11,155 727 333,B01,1,7,0,2,1,1,1,
2.024E+11,155 727 327,A01,1,7,0,2,3,15,1,
2.024E+11,155 727 329,B01,1,33,0,2,1,26,1,
2.024E+11,155 727 326,A01,1,7,12,2,1,19,1,
2.024E+11,155 727 328,B01,1,30,0,2,3,1,1,
2.024E+11,155 727 323,B01,2,1,1,0,1,1,5,
2.024E+11,155 727 324,A01,2,7,0,2,8,22,2,
2.024E+11,155 727 322,B01,1,50,0,2,1,21,3,
2.024E+11,155 727 325,A01,1,7,0,9,3,21,1,
2.024E+11,155 727 320,A01,2,32,0,1,8,21,1,
2.024E+11,155 727 319,B01,1,10,0,2,3,1,0,
2.024E+11,155 727 321,A01,1,7,0,2,1,19,2,
2.024E+11,155 727 317,B01,1,10,0,0,5,23,1,
2.024E+11,155 727 318,A01,1,7,0,2,3,1,1,
2.024E+11,155 727 315,B01,1,7,0,2,1,1,1,
2.024E+11,155 727 316,A01,1,50,0,2,1,1,3,
2.024E+11,155 727 313,A01,1,50,0,2,1,5,3,
2.024E+11,155 727 314,B01,2,80,0,2,2,9,3,
2.024E+11,155 727 310,B01,1,7,0,2,5,2,2,
2.024E+11,155 727 311,A01,1,30,0,2,3,14,3,
2.024E+11,155 727 309,A01,1,7,0,2,0,0,2,
2.024E+11,155 727 312,B01,1,7,0,2,0,0,0,
2.024E+11,155 727 305,Z01,0,7,0,0,0,16,1,
2.024E+11,155 727 308,A01,0,43,0,2,8,1,1,
2.024E+11,155 727 304,A01,1,7,0,2,1,1,1,
2.024E+11,155 727 306,B01,1,7,0,2,4,1,1,
2.024E+11,155 727 307,C01,1,7,0,2,4,1,1,
2.024E+11,155 727 301,A01,3,7,0,2,4,2,1,
2.024E+11,155 727 303,B01,3,2,0,2,1,2,1,
2.024E+11,155 727 300,A01,3,10,0,2,6,9,1,
2.024E+11,155 727 302,B01,3,7,0,2,3,1,1,
2.024E+11,155 727 298,B01,1,7,0,2,1,1,1,
2.024E+11,155 727 299,A01,2,7,0,2,1,13,3,
2.024E+11,155 727 296,A01,2,10,6,2,1,17,1,
2.024E+11,155 727 297,B01,2,2,0,2,1,1,1,
2.024E+11,155 727 294,B01,2,50,0,2,1,1,3,
2.024E+11,155 727 295,A01,2,7,0,2,1,15,1,
2.024E+11,155 727 293,A01,3,7,4,0,1,14,1,
2.024E+11,155 727 291,B01,2,7,0,2,1,15,-1,
2.024E+11,155 727 292,A01,2,2,0,2,0,19,6,
2.024E+11,155 727 288,A01,1,7,0,2,5,16,1,
2.024E+11,155 727 290,B01,1,1,0,2,1,1,5,
2.024E+11,155 727 287,B01,2,33,0,2,1,1,1,
2.024E+11,155 727 289,A01,1,7,0,2,7,1,1,
2.024E+11,155 727 285,A01,0,7,9,0,2,14,1,
2.024E+11,155 727 284,A01,3,7,0,2,3,16,2,
2.024E+11,155 727 286,B01,1,99,0,2,3,11,6,
2.024E+11,155 727 282,A01,0,7,0,2,1,2,1,
2.024E+11,155 727 283,B01,0,7,0,2,4,2,1,
2.024E+11,155 727 281,A01,1,7,3,0,0,0,1,
2.024E+11,155 727 279,A01,3,7,16,0,3,19,1,
2.024E+11,155 727 276,A01,1,7,0,2,1,9,1,
2.024E+11,155 727 277,C01,2,50,0,2,0,5,3,
2.024E+11,155 727 278,B01,2,50,0,2,1,5,3,
2.024E+11,155 727 280,D01,2,50,0,2,0,5,3,
2.024E+11,155 727 275,A01,3,7,14,0,1,11,1,
2.024E+11,155 727 272,A01,1,37,0,2,0,1,2,1
2.024E+11,155 727 273,B01,1,1,0,2,0,1,5,
2.024E+11,155 727 271,B01,3,7,0,2,7,1,0,
2.024E+11,155 727 274,A01,3,7,0,2,1,9,0,
2.024E+11,155 727 269,B01,2,32,1,2,1,1,0,
2.024E+11,155 727 270,A01,2,7,0,2,2,26,0,
2.024E+11,155 727 268,A01,1,7,0,1,2,15,1,
2.024E+11,155 727 266,A01,2,34,14,0,1,0,1,
2.024E+11,155 727 265,B01,1,7,0,2,8,1,2,
2.024E+11,155 727 267,A01,1,33,0,2,1,1,1,
2.024E+11,155 727 264,A01,1,7,0,1,2,1,1,
2.024E+11,155 727 263,A01,2,7,8,0,1,0,1,
2.024E+11,155 727 262,A01,3,7,0,1,3,15,1,
2.024E+11,155 727 261,A01,2,7,0,1,2,14,1,
2.024E+11,155 727 259,A01,1,7,0,9,1,9,1,
2.024E+11,155 727 260,B01,2,30,0,2,7,1,3,
2.024E+11,155 727 257,A01,1,7,0,2,2,9,1,
2.024E+11,155 727 258,B01,1,7,4,2,8,1,1,
2.024E+11,155 727 256,A01,2,7,0,1,6,1,6,
2.024E+11,155 727 255,A01,3,7,11,0,0,0,1,
2.024E+11,155 727 254,A01,2,7,3,0,3,14,1,
2.024E+11,155 727 251,A01,2,7,0,2,1,2,1,
2.024E+11,155 727 252,B01,2,7,0,2,9,2,3,
2.024E+11,155 727 253,C01,2,7,0,2,4,2,1,
2.024E+11,155 727 249,B01,1,10,0,2,1,2,1,
2.024E+11,155 727 250,A01,1,7,0,0,4,15,1,
2.024E+11,155 727 247,A01,2,7,0,2,3,15,1,
2.024E+11,155 727 248,B01,1,32,0,2,1,1,1,
2.024E+11,155 727 246,A01,1,7,2,0,2,1,1,
2.024E+11,155 727 245,B01,1,7,0,2,2,15,1,
2.024E+11,155 727 241,A01,3,7,0,9,3,1,1,
2.024E+11,155 727 243,B01,2,1,0,2,8,2,5,
2.024E+11,155 727 242,B01,2,31,0,2,1,1,1,
2.024E+11,155 727 244,A01,1,7,0,2,2,15,2,
2.024E+11,155 727 240,A01,3,7,0,1,2,16,1,
2.024E+11,155 727 238,A01,2,7,0,2,1,5,1,
2.024E+11,155 727 239,B01,1,7,0,2,1,1,1,
2.024E+11,155 727 236,B01,1,7,8,0,6,1,1,
2.024E+11,155 727 237,A01,1,7,0,2,2,14,1,
2.024E+11,155 727 234,A01,3,7,1,0,3,13,1,
2.024E+11,155 727 233,A01,1,33,0,2,1,17,1,
2.024E+11,155 727 235,B01,2,10,0,2,3,1,1,
2.024E+11,155 727 232,A01,2,10,0,1,1,1,1,
2.024E+11,155 727 231,A01,1,7,2,0,3,2,1,
2.024E+11,155 727 228,A01,2,7,0,2,5,16,1,
2.024E+11,155 727 230,B01,2,1,0,2,1,1,5,
2.024E+11,155 727 226,C01,2,15,0,2,1,2,1,
2.024E+11,155 727 227,A01,2,7,0,2,3,17,2,
2.024E+11,155 727 229,B01,1,10,0,2,1,13,1,
2.024E+11,155 727 224,A01,2,30,0,2,1,1,1,
2.024E+11,155 727 225,B01,1,10,0,2,7,15,1,
2.024E+11,155 727 222,B01,1,7,0,2,1,1,0,
2.024E+11,155 727 223,A01,1,7,3,2,1,5,1,
2.024E+11,155 727 221,A01,2,7,6,0,2,21,1,
2.024E+11,155 727 218,A01,2,7,0,2,1,17,1,
2.024E+11,155 727 219,B01,2,7,0,2,8,0,1,
2.024E+11,155 727 220,C01,1,7,0,2,1,14,1,
2.024E+11,155 727 216,A01,2,7,0,2,2,15,1,
2.024E+11,155 727 217,B01,1,33,0,2,1,1,1,
2.024E+11,155 727 215,A01,2,7,2,0,1,1,1,
2.024E+11,155 727 212,A01,3,7,0,2,3,26,1,
2.024E+11,155 727 213,B01,3,34,0,2,1,1,1,
2.024E+11,155 727 214,C01,3,7,0,2,1,23,1,
2.024E+11,155 727 210,A01,1,7,0,0,1,13,1,
2.024E+11,155 727 211,B01,2,10,0,0,1,1,1,
2.024E+11,155 727 209,A01,3,7,0,1,2,1,1,
2.024E+11,155 727 208,A01,0,2,8,0,0,1,1,
2.024E+11,155 727 205,A01,3,7,0,9,3,11,1,
2.024E+11,155 727 207,B01,2,50,0,2,3,21,3,
2.024E+11,155 727 203,B01,2,7,0,2,4,1,1,
2.024E+11,155 727 204,A01,2,10,0,2,1,2,1,
2.024E+11,155 727 206,C01,2,7,0,2,6,2,1,
2.024E+11,155 727 198,A01,1,7,0,2,1,13,1,
2.024E+11,155 727 200,B01,2,38,0,2,1,21,1,5
2.024E+11,155 727 199,A01,1,7,8,0,1,14,1,
2.024E+11,155 727 193,A01,3,7,4,0,3,1,1,
2.024E+11,155 727 190,A01,2,33,0,2,1,26,1,
2.024E+11,155 727 192,B01,2,7,1,0,6,2,1,
2.024E+11,155 727 189,A01,2,7,0,2,2,14,1,
2.024E+11,155 727 191,B01,2,15,0,0,6,1,1,
2.024E+11,155 727 183,A01,1,15,0,2,6,23,1,
2.024E+11,155 727 184,B01,1,17,1,0,2,14,1,
2.024E+11,155 727 186,D01,1,10,9,0,1,1,1,
2.024E+11,155 727 187,C01,1,7,9,0,1,1,1,
2.024E+11,155 727 181,A01,3,7,0,2,1,2,1,
2.024E+11,155 727 182,B01,3,7,0,2,0,0,1,
2.024E+11,155 727 177,B01,1,2,0,2,7,10,1,
2.024E+11,155 727 179,A01,2,7,0,2,3,1,1,
2.024E+11,155 727 173,A01,2,7,2,0,1,1,1,
2.024E+11,155 727 171,A01,2,7,0,2,1,13,1,
2.024E+11,155 727 172,C01,2,7,0,2,0,1,1,
2.024E+11,155 727 174,E01,2,7,0,2,0,1,1,
2.024E+11,155 727 175,F01,1,32,0,2,0,1,1,
2.024E+11,155 727 176,G01,2,7,0,2,4,23,1,
2.024E+11,155 727 178,D01,2,10,0,2,0,1,1,
2.024E+11,155 727 168,A01,1,3,13,0,2,1,1,
2.024E+11,155 727 166,A01,1,7,0,1,3,1,0,
2.024E+11,155 727 165,B01,1,33,0,2,1,2,1,
2.024E+11,155 727 167,A01,1,7,0,2,3,10,2,
2.024E+11,155 727 162,B01,3,2,0,2,1,1,1,
2.024E+11,155 727 164,A01,3,7,0,2,7,15,1,
2.024E+11,155 727 161,B01,1,15,0,2,3,21,1,
2.024E+11,155 727 163,A01,1,7,0,2,1,19,1,
2.024E+11,155 727 159,A01,1,7,0,2,2,16,3,
2.024E+11,155 727 160,B01,1,50,0,2,1,9,3,
2.024E+11,155 727 156,A01,3,7,0,2,3,1,1,
2.024E+11,155 727 158,B01,3,38,0,2,3,1,1,8
2.024E+11,155 727 155,B01,1,7,0,1,1,1,1,
2.024E+11,155 727 157,A01,2,7,0,2,1,15,1,
2.024E+11,155 727 152,C01,2,1,0,2,1,2,5,
2.024E+11,155 727 153,A01,2,7,0,0,4,23,1,
2.024E+11,155 727 154,B01,2,1,0,2,1,2,5,
2.024E+11,155 727 149,A01,2,7,0,2,1,0,1,
2.024E+11,155 727 150,B01,1,7,0,2,1,1,1,
2.024E+11,155 727 147,A01,1,2,0,2,1,1,1,
2.024E+11,155 727 148,B01,2,7,0,2,1,17,1,
2.024E+11,155 727 146,A01,1,7,0,1,2,2,1,
2.024E+11,155 727 151,A01,2,1,0,1,1,1,5,
2.024E+11,155 727 144,A01,1,7,0,2,7,15,1,
2.024E+11,155 727 145,B01,2,2,0,2,1,1,1,
2.024E+11,155 727 142,B01,2,50,0,2,3,1,3,
2.024E+11,155 727 143,A01,2,7,0,2,5,17,2,
2.024E+11,155 727 141,A01,3,7,0,1,1,26,1,
2.024E+11,155 727 138,A01,2,10,6,1,1,21,1,
2.024E+11,155 727 139,A01,1,7,0,2,2,1,1,
2.024E+11,155 727 140,B01,1,7,0,2,6,24,1,
2.024E+11,155 727 136,A01,3,7,5,0,1,1,1,
2.024E+11,155 727 135,A01,2,7,0,2,8,10,1,
2.024E+11,155 727 137,B01,2,43,0,2,1,1,1,
2.024E+11,155 727 134,A01,1,7,13,0,1,1,1,
2.024E+11,155 727 132,B01,2,1,0,2,1,1,5,
2.024E+11,155 727 133,A01,2,37,0,2,6,1,1,1
2.024E+11,155 727 131,A01,1,7,13,0,8,1,1,
2.024E+11,155 727 127,A01,2,7,0,2,2,15,1,
2.024E+11,155 727 129,B01,2,2,0,2,3,1,1,
2.024E+11,155 727 126,A01,2,33,0,2,0,3,1,
2.024E+11,155 727 128,B01,2,10,0,2,8,11,1,
2.024E+11,155 727 130,C01,1,10,0,2,1,1,1,
2.024E+11,155 727 125,A01,1,40,0,1,1,1,3,
2.024E+11,155 727 123,A01,1,7,0,9,6,26,1,
2.024E+11,155 727 124,B01,1,33,0,2,1,26,1,
2.024E+11,155 727 121,B01,2,1,0,2,6,1,5,
2.024E+11,155 727 122,Z01,2,7,0,2,6,22,2,
2.024E+11,155 727 119,B01,2,7,0,0,5,1,1,
2.024E+11,155 727 120,A01,2,7,0,2,3,1,1,
2.024E+11,155 727 116,B01,1,50,0,2,1,1,3,
2.024E+11,155 727 118,A01,1,7,0,2,3,1,1,
2.024E+11,155 727 113,B01,3,2,0,2,1,1,1,
2.024E+11,155 727 114,A01,3,10,0,2,3,15,0,
2.024E+11,155 727 112,A01,1,2,8,1,1,25,1,
2.024E+11,155 727 110,A01,2,7,0,2,1,5,1,
2.024E+11,155 727 111,B01,2,7,0,2,8,15,1,
2.024E+11,155 727 109,A01,3,7,0,1,1,26,1,
2.024E+11,155 727 115,B01,2,7,0,2,4,1,1,
2.024E+11,155 727 117,A01,2,7,0,2,1,2,1,
2.024E+11,155 727 107,A01,1,13,0,9,8,2,1,
2.024E+11,155 727 108,B01,1,33,0,2,7,0,1,
2.024E+11,155 727 105,A01,1,7,0,2,1,1,0,
2.024E+11,155 727 106,B01,1,7,0,2,4,1,1,
2.024E+11,155 727 103,A01,1,10,0,2,1,2,1,
2.024E+11,155 727 104,B01,1,7,0,2,4,2,2,
2.024E+11,155 727 101,A01,2,7,0,2,1,2,1,
2.024E+11,155 727 102,B01,2,7,0,2,0,1,3,
2.024E+11,155 727 100,A01,2,7,4,0,3,1,1,
2.024E+11,155 727 098,A01,1,7,0,2,1,2,1,
2.024E+11,155 727 099,B01,1,7,0,2,4,2,1,
2.024E+11,155 727 097,A01,1,33,0,2,2,1,1,
2.024E+11,155 727 094,A01,2,7,0,2,1,1,1,
2.024E+11,155 727 095,B01,2,7,0,2,4,1,1,
2.024E+11,155 727 096,C01,2,7,0,2,4,1,1,
2.024E+11,155 727 091,C01,1,10,0,2,4,2,1,
2.024E+11,155 727 092,A01,1,14,0,2,1,2,1,
2.024E+11,155 727 093,B01,1,7,0,2,4,2,2,
2.024E+11,155 727 090,A01,1,7,4,0,3,13,1,
2.024E+11,155 727 088,A01,0,7,0,2,5,19,1,
2.024E+11,155 727 089,B01,0,2,0,2,1,1,1,
2.024E+11,155 727 087,A01,1,7,0,1,1,0,0,
2.024E+11,155 727 085,B01,1,30,1,2,1,1,1,
2.024E+11,155 727 086,A01,1,7,1,0,6,15,1,
2.024E+11,155 727 084,A01,1,10,0,1,2,1,1,
2.024E+11,155 727 082,A01,3,7,0,2,3,15,1,
2.024E+11,155 727 083,B01,3,32,0,2,1,1,1,
2.024E+11,155 727 081,A01,3,7,0,1,2,16,1,
2.024E+11,155 727 079,B01,3,60,0,2,1,1,5,
2.024E+11,155 727 080,A01,3,7,0,9,3,15,1,
2.024E+11,155 727 076,B01,2,7,0,2,3,1,1,
2.024E+11,155 727 077,A01,1,7,0,2,2,15,1,
2.024E+11,155 727 078,C01,2,7,0,2,3,23,1,
2.024E+11,155 727 075,A01,3,7,0,1,4,4,1,
2.024E+11,155 727 073,B01,1,7,0,2,7,1,1,
2.024E+11,155 727 074,A01,1,30,0,2,8,26,1,
2.024E+11,155 727 071,A01,2,50,0,2,1,17,3,
2.024E+11,155 727 072,B01,2,7,0,2,3,15,1,
2.024E+11,155 727 069,A01,2,7,0,2,1,16,1,
2.024E+11,155 727 070,B01,2,33,0,2,7,26,1,
2.024E+11,155 727 067,A01,2,7,0,2,1,13,1,
2.024E+11,155 727 068,B01,1,7,0,2,1,1,1,
2.024E+11,155 727 065,A01,2,33,0,2,3,13,1,
2.024E+11,155 727 066,B01,2,7,0,2,2,1,1,
2.024E+11,155 727 063,A01,1,7,0,2,6,9,1,
2.024E+11,155 727 064,B01,1,7,0,2,2,21,1,
2.024E+11,155 727 061,A01,2,2,0,2,1,2,1,
2.024E+11,155 727 062,B01,2,7,0,2,4,1,1,
2.024E+11,155 727 058,B01,2,7,0,2,4,23,1,
2.024E+11,155 727 059,C01,2,7,0,2,1,2,1,
2.024E+11,155 727 060,A01,2,7,0,2,4,23,1,
2.024E+11,155 727 057,A01,2,7,0,1,2,1,1,
2.024E+11,155 727 055,B01,3,1,0,2,8,15,5,
2.024E+11,155 727 056,A01,3,7,0,2,7,17,1,
2.024E+11,155 727 053,A01,3,7,0,2,3,15,1,
2.024E+11,155 727 054,B01,3,7,0,2,2,1,1,
2.024E+11,155 727 052,A01,3,7,15,0,2,1,1,
2.024E+11,155 727 050,A01,2,7,0,2,8,15,1,
2.024E+11,155 727 051,B01,2,2,0,2,1,3,1,
2.024E+11,155 727 049,A01,3,2,0,2,1,15,1,
2.024E+11,155 727 048,A01,3,7,9,0,1,14,1,
2.024E+11,155 727 047,A01,1,7,0,1,3,1,1,
2.024E+11,155 727 045,Y01,0,99,0,2,0,26,0,
2.024E+11,155 727 046,A01,1,10,0,2,7,1,1,
2.024E+11,155 727 044,A01,1,40,0,1,1,1,3,
2.024E+11,155 727 042,A01,2,7,0,2,3,1,1,
2.024E+11,155 727 043,B01,1,10,0,2,2,1,1,
2.024E+11,155 727 041,A01,1,7,0,1,2,1,1,
2.024E+11,155 727 039,B01,3,1,0,2,8,1,5,
2.024E+11,155 727 040,A01,3,7,0,2,1,9,1,
2.024E+11,155 727 037,A01,1,50,0,2,1,0,3,
2.024E+11,155 727 038,B01,1,50,0,2,8,26,3,
2.024E+11,155 727 035,A01,3,7,0,2,2,1,0,
2.024E+11,155 727 036,B01,3,7,0,2,7,15,1,
2.024E+11,155 727 033,A01,3,33,0,0,0,0,1,
2.024E+11,155 727 034,B01,1,10,0,2,6,15,0,
2.024E+11,155 727 031,B01,3,7,0,2,1,1,2,
2.024E+11,155 727 032,A01,3,7,9,2,8,15,1,
2.024E+11,155 727 029,A01,1,10,0,2,3,16,1,
2.024E+11,155 727 030,B01,1,32,0,2,1,1,1,
2.024E+11,155 727 028,A01,1,7,15,0,1,15,1,
2.024E+11,155 727 027,A01,1,7,0,1,1,1,1,
2.024E+11,155 727 026,A01,1,10,0,0,1,1,1,
2.024E+11,155 727 024,A01,2,7,0,2,1,17,1,
2.024E+11,155 727 025,B01,2,7,0,2,8,15,1,
2.024E+11,155 727 022,B01,3,2,0,2,7,1,1,
2.024E+11,155 727 023,A01,3,7,0,2,3,15,1,
2.024E+11,155 727 020,B01,1,7,6,2,2,1,1,
2.024E+11,155 727 021,A01,2,7,0,2,1,1,2,
2.024E+11,155 727 019,A01,2,7,8,0,1,2,1,
2.024E+11,155 727 018,A01,2,7,0,0,1,14,1,
2.024E+11,155 727 016,B01,1,7,0,2,1,1,1,
2.024E+11,155 727 017,A01,1,7,0,2,1,1,1,
2.024E+11,155 727 015,A01,2,7,0,1,1,1,1,
2.024E+11,155 727 014,A01,2,7,0,1,1,21,1,
2.024E+11,155 727 012,B01,3,2,0,2,2,17,1,
2.024E+11,155 727 013,A01,3,7,0,2,3,10,1,
2.024E+11,155 727 011,A01,0,7,0,0,1,1,1,
2.024E+11,155 727 009,A01,1,7,0,2,8,15,1,
2.024E+11,155 727 010,B01,2,2,0,2,8,2,1,
2.024E+11,155 727 007,B01,2,50,0,2,8,19,3,
2.024E+11,155 727 008,A01,3,7,0,2,1,9,1,
2.024E+11,155 727 005,A01,1,31,0,2,1,17,1,
2.024E+11,155 727 006,B01,1,7,0,2,3,15,1,
2.024E+11,155 727 003,A01,2,7,0,2,2,3,1,
2.024E+11,155 727 004,B01,2,7,0,2,6,1,1,
2.024E+11,155 727 001,B01,1,7,0,2,4,2,2,
2.024E+11,155 727 002,A01,1,7,0,2,1,2,2,
2.024E+11,155 726 999,Z01,1,7,0,2,7,12,0,
2.024E+11,155 727 000,A01,1,33,0,2,8,3,1,
2.024E+11,155 726 997,B01,2,7,0,2,4,2,1,
2.024E+11,155 726 998,A01,2,7,0,2,1,2,1,
2.024E+11,155 726 994,A01,1,31,0,2,1,3,1,
2.024E+11,155 726 995,B01,1,7,0,2,4,2,1,
2.024E+11,155 726 996,C01,1,7,0,2,2,1,1,
2.024E+11,155 726 992,B01,1,7,0,2,3,1,1,
2.024E+11,155 726 993,A01,2,10,0,2,2,9,1,
2.024E+11,155 726 990,A01,2,31,0,0,0,7,1,
2.024E+11,155 726 991,B01,2,7,0,0,0,7,2,
2.024E+11,155 726 987,A01,1,7,12,0,2,16,2,
2.024E+11,155 726 989,B01,1,1,12,0,8,1,5,
2.024E+11,155 726 985,A01,3,7,0,0,1,16,1,
2.024E+11,155 726 986,B01,2,7,0,0,1,1,1,
2.024E+11,155 726 988,C01,3,7,0,0,1,23,1,
2.024E+11,155 726 984,A01,1,30,0,0,0,0,1,
2.024E+11,155 726 983,A01,1,7,14,0,8,1,1,
2.024E+11,155 726 982,A01,1,7,2,0,3,14,1,
2.024E+11,155 726 979,A01,2,7,0,2,1,2,1,
2.024E+11,155 726 981,B01,2,2,0,0,4,0,1,
2.024E+11,155 726 978,B01,1,7,0,0,1,1,1,
2.024E+11,155 726 980,A01,1,14,0,2,2,1,1,
2.024E+11,155 726 976,B01,2,32,0,2,1,1,1,
2.024E+11,155 726 977,A01,0,31,0,2,3,24,1,
2.024E+11,155 726 974,A01,2,7,0,2,3,15,2,
2.024E+11,155 726 975,B01,2,7,0,2,2,1,1,
2.024E+11,155 726 973,A01,1,31,0,1,1,9,1,
2.024E+11,155 726 971,B01,2,2,0,2,1,1,1,
2.024E+11,155 726 972,A01,1,7,0,2,1,1,1,
2.024E+11,155 726 970,A01,1,7,0,1,4,4,1,
2.024E+11,155 726 968,A01,2,30,0,1,7,1,1,
2.024E+11,155 726 967,A01,1,30,0,2,1,15,1,
2.024E+11,155 726 969,B01,1,7,0,2,2,1,1,
2.024E+11,155 726 964,B01,3,7,0,2,4,2,2,
2.024E+11,155 726 966,A01,3,30,0,2,1,0,1,
2.024E+11,155 726 963,A01,2,13,0,2,7,12,1,
2.024E+11,155 726 965,B01,2,7,0,0,8,1,1,
2.024E+11,155 726 959,A01,1,7,1,0,1,14,1,
2.024E+11,155 726 961,B01,2,7,0,2,1,24,1,
2.024E+11,155 726 958,C01,2,7,0,2,1,0,1,
2.024E+11,155 726 960,A01,1,7,0,2,1,26,1,
2.024E+11,155 726 962,B01,1,7,0,2,4,0,1,
2.024E+11,155 726 954,A01,3,7,0,2,2,26,1,
2.024E+11,155 726 956,B01,1,50,0,2,1,1,3,
2.024E+11,155 726 953,A01,2,10,0,2,1,2,1,
2.024E+11,155 726 955,B01,2,7,0,2,1,2,1,
2.024E+11,155 726 957,C01,2,7,0,0,4,2,1,
2.024E+11,155 726 951,A01,1,7,17,0,1,14,1,
2.024E+11,155 726 950,A01,1,7,1,0,1,1,1,
2.024E+11,155 726 952,C01,3,7,1,2,4,24,1,
2.024E+11,155 726 948,A01,0,7,0,1,4,20,1,
2.024E+11,155 726 947,A01,2,7,0,2,2,17,0,
2.024E+11,155 726 949,B01,2,7,0,2,4,1,1,
2.024E+11,155 726 946,A01,0,7,0,0,2,1,1,
2.024E+11,155 726 944,A01,1,7,0,9,3,15,1,
2.024E+11,155 726 945,B01,1,1,0,2,3,17,5,
2.024E+11,155 726 942,A01,2,50,0,9,1,13,3,
2.024E+11,155 726 943,B01,1,1,0,9,1,11,5,
2.024E+11,155 726 939,B01,1,1,0,2,4,0,5,
2.024E+11,155 726 941,A01,3,2,0,2,1,0,0,
2.024E+11,155 726 940,A01,2,7,14,0,1,1,1,
2.024E+11,155 726 938,A01,3,7,0,1,1,1,1,
2.024E+11,155 726 934,A01,1,7,0,2,1,19,1,
2.024E+11,155 726 936,B01,2,7,0,2,1,1,1,
2.024E+11,155 726 935,A01,1,7,0,2,0,11,1,
2.024E+11,155 726 937,B01,1,7,0,2,2,12,1,
2.024E+11,155 726 932,A01,0,7,6,0,1,0,1,
2.024E+11,155 726 931,A01,2,7,0,2,3,1,1,
2.024E+11,155 726 933,B01,2,7,0,2,4,1,1,
2.024E+11,155 726 930,A01,1,7,13,0,1,0,1,
2.024E+11,155 726 927,B01,1,7,0,2,6,2,1,
2.024E+11,155 726 928,A01,1,7,0,2,1,2,1,
2.024E+11,155 726 925,C01,2,7,0,2,1,1,3,
2.024E+11,155 726 926,A01,2,7,0,2,4,12,1,
2.024E+11,155 726 929,B01,2,10,0,2,1,1,1,
2.024E+11,155 726 923,B01,1,7,0,2,1,1,1,
2.024E+11,155 726 924,A01,2,7,0,2,4,13,1,
2.024E+11,155 726 921,A01,2,32,4,0,1,1,1,
2.024E+11,155 726 917,B01,3,7,0,2,3,15,1,
2.024E+11,155 726 918,A01,2,50,0,2,1,17,3,
2.024E+11,155 726 916,D01,2,7,0,2,8,1,1,
2.024E+11,155 726 919,A01,2,13,0,2,1,1,1,
2.024E+11,155 726 920,B01,2,7,0,2,4,1,1,
2.024E+11,155 726 922,C01,2,33,0,2,4,3,1,
2.024E+11,155 726 915,A01,1,7,0,1,3,19,1,
2.024E+11,155 726 913,A01,1,7,1,0,1,2,1,
2.024E+11,155 726 914,B01,1,7,1,2,4,23,1,
2.024E+11,155 726 911,A01,1,7,0,2,2,5,1,
2.024E+11,155 726 912,B01,2,7,0,2,6,5,1,
2.024E+11,155 726 909,A01,1,7,0,2,6,23,1,
2.024E+11,155 726 910,B01,2,7,1,0,2,9,1,