Num_Acc,id_vehicule,num_veh,senc,catv,obs,obsm,choc,manv,motor,occutc
2.024E+11,155 726 445,Z01,2,1,0,2,1,17,5,
2.024E+11,155 726 441,A01,1,33,0,2,3,5,1,
2.024E+11,155 726 444,B01,2,33,0,2,3,1,1,
2.024E+11,155 726 439,A01,2,7,0,2,1,2,1,
2.024E+11,155 726 440,B01,2,7,0,2,4,2,1,
2.024E+11,155 726 433,B01,1,7,0,2,5,12,1,
2.024E+11,155 726 435,C01,1,15,0,2,3,1,1,
2.024E+11,155 726 438,A01,1,33,0,2,3,3,1,
2.024E+11,155 726 434,A01,1,7,12,2,3,13,2,
2.024E+11,155 726 436,B01,2,7,0,2,0,0,0,
2.024E+11,155 726 437,A01,1,7,2,0,3,13,2,
2.024E+11,155 726 430,A01,2,7,0,2,1,1,1,
2.024E+11,155 726 432,B01,2,7,0,2,4,1,2,
2.024E+11,155 726 428,A01,1,7,0,1,4,4,2,
2.024E+11,155 726 427,A01,1,7,16,0,9,17,1,
2.024E+11,155 726 426,A01,1,33,0,2,1,12,1,
2.024E+11,155 726 429,B01,1,7,0,2,6,1,1,
2.024E+11,155 726 431,C01,1,7,0,2,2,1,3,
2.024E+11,155 726 425,A01,2,7,0,1,1,1,1,
2.024E+11,155 726 422,A01,1,3,0,0,9,0,1,
2.024E+11,155 726 420,B01,3,7,0,2,4,2,1,
2.024E+11,155 726 424,A01,1,7,0,2,1,2,1,
2.024E+11,155 726 416,A01,1,7,0,1,2,1,1,
2.024E+11,155 726 417,D01,1,10,0,2,4,23,1,
2.024E+11,155 726 418,B01,1,7,0,2,4,23,1,
2.024E+11,155 726 421,C01,1,7,0,2,4,23,1,
2.024E+11,155 726 423,A01,1,10,0,2,1,2,1,
2.024E+11,155 726 414,A01,0,7,1,0,0,0,1,
2.024E+11,155 726 413,A01,2,33,0,2,1,2,1,
2.024E+11,155 726 415,B01,2,7,0,2,5,2,1,
2.024E+11,155 726 410,A01,2,1,0,2,4,1,5,
2.024E+11,155 726 412,Z01,2,7,0,2,1,1,0,
2.024E+11,155 726 409,A01,1,33,0,2,8,17,1,
2.024E+11,155 726 411,B01,2,7,0,2,8,1,2,
2.024E+11,155 726 407,A01,2,37,0,1,2,1,1,1
2.024E+11,155 726 404,A01,2,7,0,1,4,4,1,
2.024E+11,155 726 405,A01,1,2,0,2,3,24,3,
2.024E+11,155 726 408,Z01,1,7,1,0,2,1,1,
2.024E+11,155 726 403,A01,1,7,0,2,3,1,1,
2.024E+11,155 726 406,B01,2,7,0,2,3,1,2,
2.024E+11,155 726 401,A01,1,15,4,0,2,1,1,
2.024E+11,155 726 397,A01,0,7,0,1,1,15,1,
2.024E+11,155 726 398,B01,1,32,0,2,8,1,1,
2.024E+11,155 726 400,A01,1,7,0,2,1,9,1,
2.024E+11,155 726 399,A01,1,7,0,2,3,1,1,
2.024E+11,155 726 402,B01,2,80,0,2,0,1,3,
2.024E+11,155 726 395,A01,2,7,0,2,1,5,1,
2.024E+11,155 726 396,B01,1,7,0,2,1,1,1,
2.024E+11,155 726 393,A01,0,7,0,1,1,1,0,
2.024E+11,155 726 391,A01,1,7,0,1,1,1,1,
2.024E+11,155 726 390,A01,1,7,0,2,1,19,2,
2.024E+11,155 726 394,B01,1,7,0,2,7,1,1,
2.024E+11,155 726 392,A01,2,40,0,1,2,1,3,
2.024E+11,155 726 388,A01,0,1,7,0,1,17,5,
2.024E+11,155 726 386,A01,1,31,0,2,1,21,1,
2.024E+11,155 726 387,B01,2,7,0,2,1,23,1,
2.024E+11,155 726 385,B01,0,7,0,2,1,15,1,
2.024E+11,155 726 389,A01,3,43,0,2,3,1,1,
2.024E+11,155 726 384,A01,2,7,0,1,2,1,1,
2.024E+11,155 726 381,A01,2,1,0,2,4,2,5,
2.024E+11,155 726 383,B01,2,7,0,2,4,2,2,
2.024E+11,155 726 379,A01,1,50,0,2,8,18,3,
2.024E+11,155 726 382,B01,1,7,0,9,7,16,1,
2.024E+11,155 726 377,B01,2,10,0,2,8,21,1,
2.024E+11,155 726 380,A01,1,7,0,2,8,13,1,
2.024E+11,155 726 376,B01,3,1,0,2,1,16,5,
2.024E+11,155 726 378,A01,3,7,0,2,5,16,1,
2.024E+11,155 726 374,A01,1,7,0,1,2,15,1,
2.024E+11,155 726 372,A01,0,1,0,2,4,26,5,
2.024E+11,155 726 375,B01,0,2,0,2,1,1,1,
2.024E+11,155 726 370,A01,1,7,0,2,1,15,1,
2.024E+11,155 726 373,B01,2,7,0,2,1,1,1,
2.024E+11,155 726 369,A01,1,31,0,0,0,1,1,
2.024E+11,155 726 368,A01,1,7,14,0,4,23,1,
2.024E+11,155 726 371,Z01,1,7,0,2,1,1,1,
2.024E+11,155 726 366,A01,0,7,0,1,1,1,2,
2.024E+11,155 726 362,B01,2,2,0,2,8,1,1,
2.024E+11,155 726 367,A01,1,7,0,2,6,17,1,
2.024E+11,155 726 361,A01,1,30,0,2,1,17,1,
2.024E+11,155 726 364,B01,0,7,0,2,1,1,2,
2.024E+11,155 726 360,C01,1,7,0,2,4,2,3,
2.024E+11,155 726 363,A01,2,7,0,2,1,2,1,
2.024E+11,155 726 365,B01,1,7,0,2,9,2,1,
2.024E+11,155 726 357,A01,2,7,0,0,9,13,1,
2.024E+11,155 726 355,A01,2,7,0,0,3,22,2,
2.024E+11,155 726 358,B01,2,1,0,2,1,2,5,
2.024E+11,155 726 356,A01,2,33,0,2,1,2,1,
2.024E+11,155 726 359,B01,2,33,0,2,4,23,1,
2.024E+11,155 726 352,A01,2,7,17,0,1,1,1,
2.024E+11,155 726 353,A01,2,1,0,2,1,1,5,
2.024E+11,155 726 354,B01,2,7,0,2,4,1,2,
2.024E+11,155 726 349,B01,1,1,1,0,1,1,5,
2.024E+11,155 726 351,Z01,1,7,0,9,5,23,1,
2.024E+11,155 726 348,A01,1,7,0,2,8,15,2,
2.024E+11,155 726 350,B01,2,7,0,2,1,1,1,
2.024E+11,155 726 347,A01,1,31,7,0,8,1,1,
2.024E+11,155 726 343,A01,3,7,8,0,1,1,1,
2.024E+11,155 726 344,A01,1,1,0,2,1,1,5,
2.024E+11,155 726 346,B01,1,7,0,2,2,1,1,
2.024E+11,155 726 341,B01,2,7,0,2,8,1,2,
2.024E+11,155 726 345,A01,1,7,0,2,1,1,1,
2.024E+11,155 726 338,C01,1,10,0,9,4,1,1,
2.024E+11,155 726 340,A01,1,7,0,2,5,12,1,
2.024E+11,155 726 342,B01,1,33,0,2,1,3,1,
2.024E+11,155 726 334,A01,1,7,0,2,2,1,1,
2.024E+11,155 726 337,B01,1,7,3,2,6,1,1,
2.024E+11,155 726 336,A01,3,1,14,1,1,1,5,
2.024E+11,155 726 333,C01,1,1,0,2,2,1,5,
2.024E+11,155 726 335,B01,1,7,0,2,5,1,2,
2.024E+11,155 726 339,A01,2,7,8,0,1,1,1,
2.024E+11,155 726 331,A01,2,7,3,0,5,1,1,
2.024E+11,155 726 332,B01,2,7,0,2,1,0,2,
2.024E+11,155 726 330,A01,1,33,0,1,3,2,1,
2.024E+11,155 726 329,A01,1,7,15,0,2,1,1,
2.024E+11,155 726 325,A01,2,50,0,0,0,1,3,
2.024E+11,155 726 323,B01,1,7,0,2,1,1,0,
2.024E+11,155 726 326,C01,2,7,0,2,3,1,0,
2.024E+11,155 726 328,A01,2,7,0,2,3,13,0,
2.024E+11,155 726 321,A01,1,10,0,2,1,1,1,
2.024E+11,155 726 324,B01,1,3,0,2,3,1,1,
2.024E+11,155 726 322,A01,0,7,0,2,1,15,1,
2.024E+11,155 726 327,B01,0,7,0,2,1,1,1,
2.024E+11,155 726 319,A01,2,32,15,0,1,0,1,
2.024E+11,155 726 316,A01,2,7,13,0,1,1,1,
2.024E+11,155 726 315,A01,1,10,0,2,1,5,1,
2.024E+11,155 726 318,B01,2,7,0,2,8,1,1,
2.024E+11,155 726 320,C01,2,7,0,2,1,1,1,
2.024E+11,155 726 314,A01,2,20,0,2,3,17,0,
2.024E+11,155 726 317,B01,2,7,0,2,2,1,1,
2.024E+11,155 726 312,A01,2,34,0,2,0,15,1,
2.024E+11,155 726 313,B01,1,7,0,0,1,2,1,
2.024E+11,155 726 308,A01,1,7,13,0,1,16,1,
2.024E+11,155 726 310,A01,3,7,0,1,3,1,1,
2.024E+11,155 726 309,A01,2,7,0,2,1,13,1,
2.024E+11,155 726 311,B01,1,7,0,2,2,1,1,
2.024E+11,155 726 307,A01,1,33,11,0,0,6,1,
2.024E+11,155 726 303,A01,2,7,0,2,3,1,1,
2.024E+11,155 726 305,B01,1,33,0,2,3,13,1,
2.024E+11,155 726 302,A01,2,7,0,2,1,10,1,
2.024E+11,155 726 304,B01,1,2,0,2,1,1,1,
2.024E+11,155 726 301,A01,1,33,0,2,1,1,1,
2.024E+11,155 726 306,B01,2,7,0,2,3,23,1,
2.024E+11,155 726 300,A01,2,33,0,0,3,1,1,
2.024E+11,155 726 298,A01,1,7,15,0,7,1,1,
2.024E+11,155 726 297,A01,3,7,1,0,2,2,1,
2.024E+11,155 726 295,B01,1,7,0,2,4,16,1,
2.024E+11,155 726 299,Z01,1,7,0,2,1,1,1,
2.024E+11,155 726 292,A01,2,1,0,2,4,2,5,
2.024E+11,155 726 294,B01,3,7,0,2,2,26,1,
2.024E+11,155 726 293,A01,1,7,8,0,3,1,1,
2.024E+11,155 726 288,A01,3,7,14,0,1,1,0,
2.024E+11,155 726 289,A01,2,7,0,2,4,23,1,
2.024E+11,155 726 291,B01,2,7,0,2,1,2,1,
2.024E+11,155 726 287,A01,1,33,13,0,1,1,1,
2.024E+11,155 726 286,A01,2,7,0,2,1,2,1,
2.024E+11,155 726 290,B01,2,7,0,0,5,2,1,
2.024E+11,155 726 282,A01,2,7,0,2,3,26,1,
2.024E+11,155 726 285,Y01,3,50,0,2,3,19,3,
2.024E+11,155 726 280,B01,1,21,0,2,1,21,0,
2.024E+11,155 726 284,A01,1,7,0,2,1,13,0,
2.024E+11,155 726 279,A01,2,7,0,2,3,5,3,
2.024E+11,155 726 283,B01,1,10,0,2,3,0,1,
2.024E+11,155 726 278,B01,2,80,0,0,4,13,3,
2.024E+11,155 726 281,A01,2,31,0,2,7,2,1,
2.024E+11,155 726 277,A01,2,7,2,0,3,1,1,
2.024E+11,155 726 273,B01,2,7,0,2,3,15,1,
2.024E+11,155 726 275,A01,2,30,0,2,2,1,3,
2.024E+11,155 726 271,A01,2,7,0,2,1,1,1,
2.024E+11,155 726 276,B01,2,7,0,0,5,1,1,
2.024E+11,155 726 269,A01,1,7,6,0,1,1,2,
2.024E+11,155 726 263,B01,0,7,0,2,8,1,0,
2.024E+11,155 726 267,A01,0,7,0,2,1,1,0,
2.024E+11,155 726 258,A01,2,33,0,0,8,1,1,
2.024E+11,155 726 259,B01,1,7,0,0,1,1,1,
2.024E+11,155 726 262,A01,2,7,0,2,2,15,2,
2.024E+11,155 726 266,C01,2,10,0,2,6,1,1,
2.024E+11,155 726 255,E01,2,7,0,9,1,1,1,
2.024E+11,155 726 256,F01,2,10,14,0,1,1,1,
2.024E+11,155 726 260,A01,2,17,4,0,0,1,1,
2.024E+11,155 726 261,B01,2,7,14,0,1,1,1,
2.024E+11,155 726 265,C01,2,7,14,0,1,1,1,
2.024E+11,155 726 268,D01,2,7,14,0,1,1,1,
2.024E+11,155 726 270,G01,2,7,14,0,1,1,1,
2.024E+11,155 726 254,A01,0,7,0,2,1,1,1,
2.024E+11,155 726 257,B01,0,7,0,2,4,1,2,
2.024E+11,155 726 252,A01,2,7,2,0,1,2,1,
2.024E+11,155 726 248,A01,1,7,0,2,3,13,1,
2.024E+11,155 726 251,B01,2,7,0,2,3,1,1,
2.024E+11,155 726 247,Y01,3,60,0,2,3,19,5,
2.024E+11,155 726 250,A01,3,32,0,2,8,1,1,
2.024E+11,155 726 245,B01,1,33,0,2,1,1,1,
2.024E+11,155 726 249,A01,2,7,0,2,2,15,1,
2.024E+11,155 726 243,A01,2,2,0,5,0,1,1,
2.024E+11,155 726 241,A01,1,33,0,2,1,2,1,
2.024E+11,155 726 244,B01,1,7,0,0,4,2,1,
2.024E+11,155 726 240,A01,2,33,0,0,0,0,0,
2.024E+11,155 726 237,A01,1,7,17,0,1,1,1,
2.024E+11,155 726 239,A01,3,7,0,2,2,19,1,
2.024E+11,155 726 242,B01,3,7,0,2,3,1,1,
2.024E+11,155 726 236,B01,3,1,0,2,1,26,5,
2.024E+11,155 726 238,A01,3,7,0,9,8,15,1,
2.024E+11,155 726 233,B01,2,7,3,0,4,2,1,
2.024E+11,155 726 235,A01,2,7,0,2,1,2,1,
2.024E+11,155 726 232,B01,1,7,0,2,4,2,3,
2.024E+11,155 726 234,A01,1,7,3,2,1,2,3,
2.024E+11,155 726 227,B01,1,10,0,0,5,1,1,
2.024E+11,155 726 230,A01,1,33,0,2,3,13,1,
2.024E+11,155 726 226,B01,2,7,1,2,3,1,1,
2.024E+11,155 726 228,A01,1,7,0,2,3,17,1,
2.024E+11,155 726 225,A01,2,7,0,2,8,26,1,
2.024E+11,155 726 229,B01,1,7,0,2,3,1,1,
2.024E+11,155 726 224,A01,2,7,0,2,2,19,1,
2.024E+11,155 726 231,B01,1,7,0,2,1,1,1,
2.024E+11,155 726 221,A01,1,7,0,2,7,15,1,
2.024E+11,155 726 223,B01,2,2,0,2,1,1,1,
2.024E+11,155 726 220,A01,2,7,13,0,2,14,1,
2.024E+11,155 726 219,B01,2,99,0,9,2,17,1,
2.024E+11,155 726 222,A01,2,21,2,0,6,1,0,
2.024E+11,155 726 217,A01,1,7,1,0,1,14,1,
2.024E+11,155 726 215,B01,2,7,0,2,3,1,1,
2.024E+11,155 726 218,A01,1,7,0,2,1,13,1,
2.024E+11,155 726 213,A01,1,7,0,2,4,1,1,
2.024E+11,155 726 216,B01,1,7,0,2,1,12,1,
2.024E+11,155 726 211,A01,0,7,1,0,1,1,1,
2.024E+11,155 726 212,A01,2,7,0,9,0,16,1,
2.024E+11,155 726 214,B01,2,1,0,2,0,16,5,
2.024E+11,155 726 210,A01,3,2,15,0,0,1,1,
2.024E+11,155 726 208,A01,2,7,15,0,2,1,1,
2.024E+11,155 726 207,B01,1,2,0,2,1,17,1,
2.024E+11,155 726 209,A01,1,7,0,2,3,15,1,
2.024E+11,155 726 205,A01,1,2,0,0,0,1,1,
2.024E+11,155 726 204,A01,3,10,0,2,1,15,1,
2.024E+11,155 726 206,B01,3,2,0,2,1,1,1,
2.024E+11,155 726 201,A01,1,7,0,2,3,13,1,
2.024E+11,155 726 202,B01,2,31,0,2,1,1,1,
2.024E+11,155 726 200,A01,2,7,0,2,2,17,1,
2.024E+11,155 726 203,B01,2,38,0,2,6,1,1,1
2.024E+11,155 726 199,A01,2,7,3,1,2,1,1,
2.024E+11,155 726 196,A01,2,10,0,2,3,15,1,
2.024E+11,155 726 198,B01,1,7,0,2,1,1,1,
2.024E+11,155 726 194,A01,1,7,3,0,1,9,1,
2.024E+11,155 726 197,B01,1,7,4,2,1,1,1,
2.024E+11,155 726 193,A01,2,7,0,2,8,13,1,
2.024E+11,155 726 195,B01,1,15,0,2,3,1,1,
2.024E+11,155 726 191,A01,2,7,0,2,6,15,1,
2.024E+11,155 726 192,B01,2,33,0,2,1,17,1,
2.024E+11,155 726 186,B01,2,7,0,2,4,1,1,
2.024E+11,155 726 188,C01,2,7,0,2,1,1,1,
2.024E+11,155 726 190,A01,2,7,0,2,5,1,1,
2.024E+11,155 726 185,A01,1,7,0,2,1,20,1,
2.024E+11,155 726 187,B01,3,2,0,2,1,1,1,
2.024E+11,155 726 184,A01,2,7,0,2,4,2,1,
2.024E+11,155 726 189,B01,2,7,0,2,2,2,1,
2.024E+11,155 726 182,A01,2,33,0,0,3,14,1,
2.024E+11,155 726 181,A01,1,7,0,2,1,14,1,
2.024E+11,155 726 183,B01,1,7,4,2,2,1,1,
2.024E+11,155 726 178,A01,2,7,0,2,8,1,1,
2.024E+11,155 726 180,B01,2,15,0,2,2,12,1,
2.024E+11,155 726 176,A01,2,15,0,2,6,1,1,
2.024E+11,155 726 177,B01,2,7,4,2,8,2,1,
2.024E+11,155 726 175,A01,1,7,6,0,1,13,1,
2.024E+11,155 726 174,A01,3,7,0,1,7,1,1,
2.024E+11,155 726 173,A01,1,15,13,0,8,2,1,
2.024E+11,155 726 172,A01,3,21,0,0,0,15,1,
2.024E+11,155 726 168,B01,3,2,0,2,1,1,3,
2.024E+11,155 726 170,A01,3,31,0,2,6,15,1,
2.024E+11,155 726 167,A01,2,7,0,2,1,2,1,
2.024E+11,155 726 169,B01,2,7,0,2,4,2,2,
2.024E+11,155 726 171,C01,2,7,0,0,4,2,2,
2.024E+11,155 726 165,A01,1,33,0,2,1,1,1,
2.024E+11,155 726 166,B01,2,7,0,2,2,15,1,
2.024E+11,155 726 163,A01,1,1,0,2,1,13,5,
2.024E+11,155 726 164,B01,2,50,0,2,1,23,3,
2.024E+11,155 726 160,A01,2,33,0,2,1,16,1,
2.024E+11,155 726 162,B01,1,7,0,2,1,15,1,
2.024E+11,155 726 159,A01,2,7,0,2,5,13,1,
2.024E+11,155 726 161,B01,1,2,0,2,8,16,1,
2.024E+11,155 726 158,A01,1,7,16,0,0,14,1,
2.024E+11,155 726 157,A01,1,7,13,0,2,0,1,
2.024E+11,155 726 154,A01,2,3,0,2,8,15,3,
2.024E+11,155 726 155,B01,2,33,0,2,1,17,1,
2.024E+11,155 726 152,A01,1,7,0,2,8,19,1,
2.024E+11,155 726 156,B01,1,7,0,2,1,1,1,
2.024E+11,155 726 151,A01,2,15,0,0,5,26,1,
2.024E+11,155 726 153,B01,2,7,0,2,1,1,1,
2.024E+11,155 726 150,A01,1,7,15,0,0,1,1,
2.024E+11,155 726 149,A01,2,32,0,0,1,26,1,
2.024E+11,155 726 147,A01,1,7,0,1,2,1,1,
2.024E+11,155 726 146,A01,2,7,0,2,3,15,1,
2.024E+11,155 726 148,B01,1,33,0,2,1,1,1,
2.024E+11,155 726 144,B01,1,7,0,2,3,15,1,
2.024E+11,155 726 145,A01,1,32,0,2,2,17,1,
2.024E+11,155 726 142,A01,0,2,0,2,1,13,1,
2.024E+11,155 726 143,B01,0,10,0,2,1,0,1,
2.024E+11,155 726 141,A01,3,10,0,1,1,26,1,
2.024E+11,155 726 140,A01,1,7,6,0,2,14,1,
2.024E+11,155 726 137,A01,2,7,15,0,1,1,1,
2.024E+11,155 726 135,A01,1,7,0,2,3,1,1,
2.024E+11,155 726 138,B01,2,7,0,2,1,1,1,
2.024E+11,155 726 136,A01,3,1,0,2,1,15,5,
2.024E+11,155 726 139,B01,3,2,0,2,1,1,3,
2.024E+11,155 726 131,A01,2,7,0,2,1,13,1,
2.024E+11,155 726 134,B01,1,7,0,2,3,1,1,
2.024E+11,155 726 133,A01,1,33,3,0,0,1,1,
2.024E+11,155 726 130,B01,1,7,0,2,2,0,2,
2.024E+11,155 726 132,A01,1,10,0,2,1,0,1,
2.024E+11,155 726 128,A01,3,7,0,1,2,9,0,
2.024E+11,155 726 125,A01,3,7,0,0,0,1,1,
2.024E+11,155 726 126,C01,3,7,0,9,8,15,1,
2.024E+11,155 726 129,B01,1,2,0,0,1,1,1,
2.024E+11,155 726 124,A01,2,10,0,2,2,19,1,
2.024E+11,155 726 127,B01,2,34,0,2,5,1,1,
2.024E+11,155 726 123,A01,0,7,0,1,1,1,1,
2.024E+11,155 726 122,A01,1,33,0,0,0,1,1,
2.024E+11,155 726 120,A01,2,7,0,1,3,1,1,
2.024E+11,155 726 119,A01,2,7,0,2,3,9,1,
2.024E+11,155 726 121,B01,1,33,13,2,1,0,1,
2.024E+11,155 726 116,A01,2,7,3,0,1,14,1,
2.024E+11,155 726 114,A01,1,7,0,2,3,13,1,
2.024E+11,155 726 115,B01,2,10,0,2,3,1,1,
2.024E+11,155 726 111,A01,3,7,1,0,3,1,1,
2.024E+11,155 726 110,A01,1,7,0,1,3,16,1,
2.024E+11,155 726 109,B01,2,33,0,2,1,1,1,
2.024E+11,155 726 112,A01,2,7,0,2,4,15,1,
2.024E+11,155 726 108,A01,1,7,15,0,1,13,1,
2.024E+11,155 726 107,A01,0,7,0,1,2,1,1,
2.024E+11,155 726 102,A01,2,7,0,2,1,15,1,
2.024E+11,155 726 104,B01,1,7,0,2,1,1,1,
2.024E+11,155 726 103,B01,2,7,0,2,5,1,1,
2.024E+11,155 726 106,A01,2,33,0,2,1,3,1,
2.024E+11,155 726 101,A01,2,7,0,2,1,15,1,
2.024E+11,155 726 105,B01,1,33,0,2,8,18,1,
2.024E+11,155 726 098,A01,1,7,0,2,2,2,1,
2.024E+11,155 726 100,B01,1,1,0,2,4,1,5,
2.024E+11,155 726 097,A01,2,10,0,2,1,1,1,
2.024E+11,155 726 099,B01,2,15,0,2,4,23,1,
2.024E+11,155 726 096,A01,1,7,4,0,3,11,1,
2.024E+11,155 726 095,A01,2,7,0,1,2,1,1,
2.024E+11,155 726 090,A01,2,7,0,0,9,1,1,
2.024E+11,155 726 091,A01,1,7,0,2,1,1,1,
2.024E+11,155 726 093,B01,1,2,0,0,4,1,1,
2.024E+11,155 726 089,A01,2,7,0,2,1,2,1,
2.024E+11,155 726 092,B01,2,7,0,2,4,2,1,
2.024E+11,155 726 094,C01,2,7,0,2,4,2,1,
2.024E+11,155 726 085,B01,1,7,0,2,6,1,1,
2.024E+11,155 726 088,A01,1,7,0,2,2,14,1,
2.024E+11,155 726 084,A01,2,33,0,2,1,3,1,
2.024E+11,155 726 087,B01,2,7,0,2,4,11,1,
2.024E+11,155 726 083,B01,1,7,0,0,8,5,1,
2.024E+11,155 726 086,A01,2,10,0,0,0,5,1,
2.024E+11,155 726 080,A01,2,7,0,2,8,10,1,
2.024E+11,155 726 082,B01,2,37,0,2,2,1,0,3
2.024E+11,155 726 079,B01,2,7,0,2,2,12,1,
2.024E+11,155 726 081,A01,2,33,0,2,8,3,1,
2.024E+11,155 726 077,A01,2,7,0,0,1,1,1,
2.024E+11,155 726 078,B01,1,7,0,0,1,0,1,
2.024E+11,155 726 075,A01,2,33,0,0,7,1,1,
2.024E+11,155 726 074,A01,2,7,0,2,3,16,1,
2.024E+11,155 726 076,B01,0,1,0,2,8,1,0,
2.024E+11,155 726 072,A01,3,7,0,0,6,9,0,
2.024E+11,155 726 073,B01,3,33,0,2,1,1,1,
2.024E+11,155 726 069,A01,1,7,0,2,7,12,1,
2.024E+11,155 726 070,B01,1,7,0,2,3,1,1,
2.024E+11,155 726 068,B01,2,7,0,2,4,2,1,
2.024E+11,155 726 071,A01,2,7,0,2,1,2,1,
2.024E+11,155 726 065,A01,1,7,0,2,1,5,1,
2.024E+11,155 726 067,B01,2,7,0,2,1,1,1,
2.024E+11,155 726 064,B01,1,15,0,2,4,2,1,
2.024E+11,155 726 066,A01,1,33,0,2,1,2,1,
2.024E+11,155 726 063,A01,2,7,0,1,0,1,0,
2.024E+11,155 726 062,A01,2,7,8,0,3,1,1,
2.024E+11,155 726 061,A01,2,33,0,2,0,3,1,
2.024E+11,155 726 060,A01,3,7,0,1,1,16,1,
2.024E+11,155 726 056,A01,1,7,2,0,2,1,1,
2.024E+11,155 726 057,A01,2,7,0,2,1,1,1,
2.024E+11,155 726 059,B01,1,7,0,2,5,15,1,
2.024E+11,155 726 055,B01,1,13,0,2,2,12,1,
2.024E+11,155 726 058,A01,1,7,0,2,6,1,1,
2.024E+11,155 726 053,A01,2,7,0,1,1,1,1,
2.024E+11,155 726 049,A01,1,7,3,0,2,14,1,
2.024E+11,155 726 051,B01,3,80,0,2,7,15,3,
2.024E+11,155 726 054,A01,2,7,0,2,3,9,1,
2.024E+11,155 726 047,A01,1,33,0,0,0,9,1,
2.024E+11,155 726 045,B01,1,2,0,2,7,17,3,
2.024E+11,155 726 048,A01,3,7,0,2,5,15,1,
2.024E+11,155 726 044,A01,2,7,2,0,8,0,1,
2.024E+11,155 726 043,A01,1,7,0,2,2,1,1,
2.024E+11,155 726 046,B01,1,7,0,2,3,15,1,
2.024E+11,155 726 040,A01,1,7,0,1,3,1,1,
2.024E+11,155 726 036,C01,3,7,0,2,0,0,0,
2.024E+11,155 726 039,A01,3,7,0,2,1,1,1,
2.024E+11,155 726 042,B01,1,7,0,2,1,1,1,
2.024E+11,155 726 035,A01,2,33,11,0,1,1,1,
2.024E+11,155 726 034,C01,3,7,0,2,4,2,1,
2.024E+11,155 726 037,D01,3,7,0,2,4,2,1,
2.024E+11,155 726 038,A01,3,7,0,2,1,2,1,
2.024E+11,155 726 041,B01,3,7,0,2,4,2,1,
2.024E+11,155 726 033,A01,1,7,1,0,3,1,1,
2.024E+11,155 726 030,A01,1,7,0,2,2,12,1,
2.024E+11,155 726 032,B01,1,32,0,2,6,1,1,
2.024E+11,155 726 029,A01,1,10,0,2,1,26,1,
2.024E+11,155 726 031,B01,2,50,0,2,1,1,3,
2.024E+11,155 726 027,B01,2,31,0,2,1,1,1,
2.024E+11,155 726 028,A01,1,7,0,2,2,15,2,
2.024E+11,155 726 025,B01,1,7,0,2,1,1,1,
2.024E+11,155 726 026,A01,1,7,0,2,5,1,1,
2.024E+11,155 726 023,A01,0,7,0,2,1,2,0,
2.024E+11,155 726 024,B01,3,7,0,2,0,0,0,
2.024E+11,155 726 022,A01,3,10,0,1,2,2,1,
2.024E+11,155 726 021,A01,1,30,0,0,7,1,1,
2.024E+11,155 726 018,A01,2,31,0,1,1,1,1,
2.024E+11,155 726 019,A01,1,7,7,0,1,0,1,
2.024E+11,155 726 017,B01,2,33,0,2,1,1,1,
2.024E+11,155 726 020,A01,1,7,0,2,6,15,1,
2.024E+11,155 726 015,A01,1,7,0,2,2,1,1,
2.024E+11,155 726 016,B01,2,7,0,2,3,16,1,
2.024E+11,155 726 014,A01,2,10,0,1,1,15,1,
2.024E+11,155 726 012,A01,1,1,0,2,7,15,5,
2.024E+11,155 726 013,B01,2,7,0,2,1,1,1,
2.024E+11,155 726 011,A01,1,43,0,0,0,1,1,
2.024E+11,155 726 009,A01,1,7,0,2,5,1,1,
2.024E+11,155 726 010,B01,1,1,0,2,8,1,5,
2.024E+11,155 726 006,A01,2,7,0,2,1,2,1,
2.024E+11,155 726 008,B01,2,7,0,2,4,2,1,
2.024E+11,155 726 005,A01,1,7,0,2,4,23,1,
2.024E+11,155 726 007,B01,1,7,0,2,1,2,1,
2.024E+11,155 726 004,A01,2,7,0,1,1,16,1,
2.024E+11,155 725 999,A01,1,7,0,2,3,1,1,
2.024E+11,155 726 002,B01,1,7,0,2,2,15,1,
2.024E+11,155 725 997,A01,1,7,0,2,1,1,1,
2.024E+11,155 725 998,C01,1,7,0,2,4,1,1,
2.024E+11,155 726 000,B01,1,7,0,2,9,1,1,
2.024E+11,155 726 001,A01,1,10,0,2,8,11,1,
2.024E+11,155 726 003,B01,1,34,0,2,1,1,1,
2.024E+11,155 725 995,B01,1,7,0,2,1,1,1,
2.024E+11,155 725 996,A01,2,10,12,2,1,13,1,
2.024E+11,155 725 994,A01,2,7,0,1,1,16,3,
2.024E+11,155 725 990,A01,1,7,0,2,8,11,1,
2.024E+11,155 725 992,B01,1,33,0,2,2,1,1,
2.024E+11,155 725 991,B01,2,7,0,2,4,12,1,
2.024E+11,155 725 993,A01,2,30,0,2,1,3,1,
2.024E+11,155 725 988,A01,3,7,0,2,1,2,1,
2.024E+11,155 725 989,B01,3,7,0,2,4,2,1,
2.024E+11,155 725 987,A01,1,7,4,0,4,13,1,
2.024E+11,155 725 980,B01,3,10,0,2,4,1,0,
2.024E+11,155 725 983,A01,3,7,0,2,2,26,1,
2.024E+11,155 725 985,C01,3,7,0,2,3,24,1,
2.024E+11,155 725 986,D01,3,7,1,2,1,5,1,
2.024E+11,155 725 981,A01,2,7,0,2,3,15,1,
2.024E+11,155 725 984,B01,1,31,0,2,3,1,1,
2.024E+11,155 725 978,A01,1,7,0,1,1,0,0,