Num_Acc,id_vehicule,num_veh,senc,catv,obs,obsm,choc,manv,motor,occutc
2.024E+11,155 725 507,A01,2,1,0,0,1,1,5,
2.024E+11,155 725 504,B01,2,7,0,0,4,24,1,
2.024E+11,155 725 512,A01,2,10,1,0,1,1,1,
2.024E+11,155 725 503,A01,0,7,0,9,8,26,1,
2.024E+11,155 725 505,B01,0,1,0,2,1,1,5,
2.024E+11,155 725 500,A01,1,7,2,2,2,21,1,
2.024E+11,155 725 499,A01,1,7,0,1,1,26,1,
2.024E+11,155 725 497,A01,1,7,0,0,9,1,1,
2.024E+11,155 725 496,A01,3,7,0,2,1,1,1,
2.024E+11,155 725 498,B01,3,7,0,0,7,15,1,
2.024E+11,155 725 501,C01,3,7,0,0,3,0,1,
2.024E+11,155 725 502,D01,3,7,0,0,3,1,1,
2.024E+11,155 725 494,A01,2,33,0,2,1,2,1,
2.024E+11,155 725 495,B01,2,7,0,2,4,2,1,
2.024E+11,155 725 488,B01,2,10,3,2,6,1,1,
2.024E+11,155 725 491,A01,2,10,0,2,2,1,1,
2.024E+11,155 725 486,A01,1,33,0,2,1,17,1,
2.024E+11,155 725 490,B01,2,7,0,2,1,1,1,
2.024E+11,155 725 493,C01,1,7,0,2,3,1,1,
2.024E+11,155 725 487,B01,2,15,0,2,1,1,1,
2.024E+11,155 725 492,A01,2,7,0,2,8,19,1,
2.024E+11,155 725 485,A01,2,10,0,2,3,11,1,
2.024E+11,155 725 489,B01,2,33,0,2,7,3,1,
2.024E+11,155 725 484,A01,1,33,0,6,1,1,1,
2.024E+11,155 725 482,A01,1,33,3,0,2,2,1,
2.024E+11,155 725 479,A01,2,7,0,2,1,2,1,
2.024E+11,155 725 481,B01,2,7,0,0,4,2,2,
2.024E+11,155 725 478,C01,1,10,4,2,1,1,1,
2.024E+11,155 725 480,A01,1,7,4,2,4,11,1,
2.024E+11,155 725 483,B01,1,10,0,2,1,1,1,
2.024E+11,155 725 475,B01,2,15,0,2,8,1,1,
2.024E+11,155 725 477,A01,1,7,0,2,1,1,1,
2.024E+11,155 725 474,A01,1,17,4,0,3,26,1,
2.024E+11,155 725 471,B01,2,7,0,2,3,13,1,
2.024E+11,155 725 472,A01,1,33,14,2,1,26,1,
2.024E+11,155 725 469,A01,2,32,0,2,1,3,1,
2.024E+11,155 725 470,B01,2,7,0,2,5,1,2,
2.024E+11,155 725 468,A01,1,7,0,2,1,2,1,
2.024E+11,155 725 473,B01,1,7,0,0,4,1,1,
2.024E+11,155 725 476,C01,1,7,0,9,8,2,1,
2.024E+11,155 725 467,A01,2,7,0,1,3,1,1,
2.024E+11,155 725 463,A01,2,33,0,2,1,3,1,
2.024E+11,155 725 464,C01,2,10,0,2,7,1,1,
2.024E+11,155 725 466,B01,2,43,0,2,5,2,1,
2.024E+11,155 725 462,A01,1,7,0,2,1,2,1,
2.024E+11,155 725 465,B01,1,7,0,0,4,2,1,
2.024E+11,155 725 460,B01,0,7,0,2,8,0,0,
2.024E+11,155 725 461,A01,0,7,0,2,0,0,1,
2.024E+11,155 725 458,A01,2,33,0,2,3,3,1,
2.024E+11,155 725 459,B01,2,7,0,2,2,12,1,
2.024E+11,155 725 454,A01,1,33,0,0,7,0,1,
2.024E+11,155 725 453,A01,1,7,0,2,3,15,1,
2.024E+11,155 725 456,B01,1,33,0,2,1,0,1,
2.024E+11,155 725 455,A01,2,7,0,2,2,15,1,
2.024E+11,155 725 457,B01,1,33,0,2,1,1,1,
2.024E+11,155 725 451,B01,3,32,0,2,1,1,1,
2.024E+11,155 725 452,A01,0,7,0,2,0,5,0,
2.024E+11,155 725 450,A01,2,7,0,1,2,0,1,
2.024E+11,155 725 447,A01,0,7,0,2,2,15,1,
2.024E+11,155 725 449,B01,0,2,0,2,1,1,3,
2.024E+11,155 725 445,A01,3,32,0,2,0,0,1,
2.024E+11,155 725 448,B01,3,7,0,2,0,0,1,
2.024E+11,155 725 444,A01,3,7,0,2,1,1,2,
2.024E+11,155 725 446,B01,3,7,0,2,8,15,1,
2.024E+11,155 725 442,A01,2,7,8,0,2,13,1,
2.024E+11,155 725 441,A01,2,30,0,2,1,2,1,
2.024E+11,155 725 443,B01,2,10,0,2,4,23,1,
2.024E+11,155 725 437,A01,2,7,0,2,1,2,1,
2.024E+11,155 725 439,B01,2,7,0,2,4,20,1,
2.024E+11,155 725 438,A01,1,7,2,0,3,1,1,
2.024E+11,155 725 436,A01,2,7,0,2,3,9,3,
2.024E+11,155 725 440,B01,1,80,0,2,2,1,3,
2.024E+11,155 725 431,A01,1,7,0,2,3,1,1,
2.024E+11,155 725 434,B01,1,7,6,2,1,10,1,
2.024E+11,155 725 432,B01,3,1,0,2,4,2,5,
2.024E+11,155 725 435,A01,3,7,0,2,2,2,3,
2.024E+11,155 725 433,A01,2,2,0,0,0,0,1,
2.024E+11,155 725 430,A01,0,30,0,0,0,1,-1,
2.024E+11,155 725 429,A01,1,2,0,0,7,1,1,
2.024E+11,155 725 428,A01,0,7,0,1,3,21,1,
2.024E+11,155 725 425,A01,2,7,0,1,3,1,1,
2.024E+11,155 725 423,B01,1,7,0,2,4,2,1,
2.024E+11,155 725 424,C01,1,7,0,2,4,2,1,
2.024E+11,155 725 427,A01,1,10,0,2,1,2,1,
2.024E+11,155 725 421,B01,2,7,3,2,4,1,1,
2.024E+11,155 725 422,A01,2,7,0,2,1,1,1,
2.024E+11,155 725 420,A01,1,33,0,0,0,0,1,
2.024E+11,155 725 419,A01,1,7,0,1,2,1,1,
2.024E+11,155 725 415,A01,2,31,0,2,8,13,1,
2.024E+11,155 725 418,B01,2,7,0,2,2,1,2,
2.024E+11,155 725 413,B01,1,31,0,2,1,1,1,
2.024E+11,155 725 414,C01,1,7,0,2,6,1,1,
2.024E+11,155 725 417,A01,1,7,0,2,7,20,0,
2.024E+11,155 725 412,B01,0,1,0,2,1,1,5,
2.024E+11,155 725 416,A01,0,7,0,9,5,20,1,
2.024E+11,155 725 410,A01,3,2,0,2,4,15,0,
2.024E+11,155 725 411,B01,3,2,0,2,1,0,0,
2.024E+11,155 725 404,B01,1,7,0,2,1,1,1,
2.024E+11,155 725 407,C01,1,7,0,2,3,2,1,
2.024E+11,155 725 408,D01,1,7,4,2,2,14,1,
2.024E+11,155 725 409,A01,1,7,0,2,4,1,2,
2.024E+11,155 725 403,B01,2,7,0,2,3,1,1,
2.024E+11,155 725 406,A01,1,2,0,2,1,15,1,
2.024E+11,155 725 400,A01,1,7,0,2,4,2,1,
2.024E+11,155 725 402,B01,1,7,0,2,1,2,1,
2.024E+11,155 725 405,C01,1,7,0,2,1,2,1,
2.024E+11,155 725 398,A01,1,7,0,2,2,2,1,
2.024E+11,155 725 399,B01,1,7,0,2,4,2,2,
2.024E+11,155 725 401,C01,1,7,0,2,4,2,1,
2.024E+11,155 725 392,A01,3,33,0,0,0,1,1,
2.024E+11,155 725 390,A01,3,30,0,2,1,1,1,
2.024E+11,155 725 393,Z01,1,7,0,2,0,0,0,
2.024E+11,155 725 389,E01,1,10,0,2,4,1,1,
2.024E+11,155 725 391,A01,1,7,0,2,1,26,1,
2.024E+11,155 725 394,B01,1,10,0,2,4,1,1,
2.024E+11,155 725 395,D01,1,7,0,2,4,1,1,
2.024E+11,155 725 396,C01,1,7,0,2,4,1,3,
2.024E+11,155 725 387,A01,3,7,0,1,1,1,1,
2.024E+11,155 725 388,A01,3,0,0,0,0,1,0,
2.024E+11,155 725 386,A01,1,7,4,0,1,11,1,
2.024E+11,155 725 384,A01,1,33,0,2,2,2,1,
2.024E+11,155 725 385,B01,1,33,0,2,6,1,1,
2.024E+11,155 725 382,A01,1,7,0,2,2,11,1,
2.024E+11,155 725 383,B01,2,2,0,2,8,9,3,
2.024E+11,155 725 381,A01,2,7,0,9,1,0,1,
2.024E+11,155 725 379,B01,1,7,0,2,4,2,1,
2.024E+11,155 725 380,A01,1,10,0,2,1,2,1,
2.024E+11,155 725 376,B01,2,7,0,2,3,15,3,
2.024E+11,155 725 378,A01,1,33,0,2,1,10,1,
2.024E+11,155 725 374,A01,2,7,0,2,8,2,1,
2.024E+11,155 725 377,B01,2,33,0,2,7,14,1,
2.024E+11,155 725 373,A01,2,2,0,2,1,14,1,
2.024E+11,155 725 375,Z01,1,7,0,2,1,20,1,
2.024E+11,155 725 371,A01,1,7,0,0,0,20,1,
2.024E+11,155 725 372,B01,1,33,11,0,1,21,1,
2.024E+11,155 725 368,B01,1,10,0,2,7,1,1,
2.024E+11,155 725 370,A01,2,43,0,2,1,10,1,
2.024E+11,155 725 365,A01,1,33,0,2,2,3,1,
2.024E+11,155 725 367,B01,1,7,0,2,3,11,1,
2.024E+11,155 725 369,C01,1,7,0,2,5,2,1,
2.024E+11,155 725 364,B01,3,7,0,2,3,1,1,
2.024E+11,155 725 366,A01,3,30,0,2,1,19,1,
2.024E+11,155 725 363,Z01,2,50,0,1,0,0,3,
2.024E+11,155 725 357,B01,1,33,0,1,8,1,1,
2.024E+11,155 725 361,A01,2,7,0,2,3,15,1,
2.024E+11,155 725 356,B01,2,7,0,2,5,16,1,
2.024E+11,155 725 359,A01,2,1,0,2,1,12,5,
2.024E+11,155 725 354,A01,1,7,0,2,4,0,1,
2.024E+11,155 725 355,B01,1,7,0,2,1,2,1,
2.024E+11,155 725 358,C01,1,7,0,2,1,2,2,
2.024E+11,155 725 360,D01,2,7,0,2,1,2,2,
2.024E+11,155 725 362,E01,1,7,0,2,1,2,1,
2.024E+11,155 725 353,A01,2,7,0,1,2,1,1,
2.024E+11,155 725 351,B01,2,1,1,0,7,1,5,
2.024E+11,155 725 352,A01,2,7,0,2,3,24,2,
2.024E+11,155 725 348,A01,3,7,14,0,1,13,1,
2.024E+11,155 725 349,A01,2,7,0,2,0,2,1,
2.024E+11,155 725 350,B01,1,7,0,2,0,2,1,
2.024E+11,155 725 347,A01,1,1,0,1,4,1,5,
2.024E+11,155 725 344,A01,1,7,0,2,2,19,1,
2.024E+11,155 725 346,B01,2,43,0,2,8,1,1,
2.024E+11,155 725 343,A01,2,33,0,1,1,1,1,
2.024E+11,155 725 342,B01,2,7,0,2,4,1,1,
2.024E+11,155 725 345,A01,2,10,0,2,4,26,1,
2.024E+11,155 725 340,B01,2,7,0,2,8,15,1,
2.024E+11,155 725 341,A01,2,30,0,2,7,17,3,
2.024E+11,155 725 339,A01,1,1,12,2,2,12,5,
2.024E+11,155 725 334,A01,0,7,0,0,1,19,1,
2.024E+11,155 725 333,A01,1,43,0,2,1,5,1,
2.024E+11,155 725 336,B01,2,7,0,0,1,23,2,
2.024E+11,155 725 332,B01,1,7,0,2,4,2,1,
2.024E+11,155 725 335,A01,1,7,0,2,4,26,1,
2.024E+11,155 725 337,C01,1,7,0,2,4,2,1,
2.024E+11,155 725 338,D01,1,7,0,2,1,2,1,
2.024E+11,155 725 329,A01,1,7,0,2,1,13,1,
2.024E+11,155 725 331,B01,1,37,0,2,3,1,1,1
2.024E+11,155 725 328,A01,2,7,0,2,1,1,1,
2.024E+11,155 725 330,B01,2,7,0,2,4,1,1,
2.024E+11,155 725 326,A01,2,7,4,0,1,1,1,
2.024E+11,155 725 327,B01,1,7,4,0,1,1,1,
2.024E+11,155 725 323,B01,0,7,0,2,6,1,1,
2.024E+11,155 725 325,A01,0,7,0,2,1,1,1,
2.024E+11,155 725 322,A01,1,7,0,2,1,2,1,
2.024E+11,155 725 324,B01,1,7,0,2,4,0,1,
2.024E+11,155 725 319,A01,3,1,0,2,1,1,5,
2.024E+11,155 725 321,B01,3,7,0,2,1,16,1,
2.024E+11,155 725 320,A01,2,33,5,0,1,1,1,
2.024E+11,155 725 318,A01,3,50,0,1,1,1,3,
2.024E+11,155 725 316,A01,2,7,0,2,8,2,1,
2.024E+11,155 725 317,B01,2,7,0,2,0,0,0,
2.024E+11,155 725 315,A01,3,7,0,1,1,1,1,
2.024E+11,155 725 314,A01,1,7,4,0,1,2,1,
2.024E+11,155 725 313,A01,3,1,0,0,1,1,5,
2.024E+11,155 725 311,A01,2,7,0,2,6,2,1,
2.024E+11,155 725 312,B01,2,32,0,2,7,3,1,
2.024E+11,155 725 308,A01,2,7,0,2,1,1,1,
2.024E+11,155 725 310,B01,3,7,0,2,3,1,1,
2.024E+11,155 725 307,A01,1,7,0,2,1,2,1,
2.024E+11,155 725 309,B01,1,7,0,2,4,2,1,
2.024E+11,155 725 304,A01,2,14,0,2,7,1,1,
2.024E+11,155 725 306,B01,1,1,0,2,9,16,5,
2.024E+11,155 725 303,B01,1,15,1,0,2,1,1,
2.024E+11,155 725 305,A01,1,7,1,0,1,13,1,
2.024E+11,155 725 301,A01,1,7,4,0,7,1,3,
2.024E+11,155 725 300,A01,1,10,0,2,1,9,1,
2.024E+11,155 725 302,B01,2,7,0,2,1,5,1,
2.024E+11,155 725 298,B01,2,43,4,2,6,1,1,
2.024E+11,155 725 299,A01,2,7,4,2,1,26,1,
2.024E+11,155 725 296,A01,1,7,0,2,3,1,1,
2.024E+11,155 725 297,B01,2,1,0,2,5,19,5,
2.024E+11,155 725 295,A01,1,7,4,0,1,1,1,
2.024E+11,155 725 293,A01,2,7,0,2,3,15,1,
2.024E+11,155 725 294,B01,1,43,0,2,1,1,1,
2.024E+11,155 725 290,C01,1,10,0,2,4,2,1,
2.024E+11,155 725 291,B01,1,7,0,2,4,2,1,
2.024E+11,155 725 292,A01,1,7,0,2,1,2,2,
2.024E+11,155 725 289,A01,1,7,0,1,3,1,1,
2.024E+11,155 725 286,A01,1,7,0,2,8,1,1,
2.024E+11,155 725 288,B01,1,7,0,2,2,14,1,
2.024E+11,155 725 285,B01,2,7,0,2,2,1,1,
2.024E+11,155 725 287,A01,1,7,0,2,2,15,2,
2.024E+11,155 725 280,A01,2,33,0,2,8,15,1,
2.024E+11,155 725 282,B01,2,7,0,2,7,1,1,
2.024E+11,155 725 281,A01,1,10,0,2,1,2,1,
2.024E+11,155 725 283,B01,1,7,0,2,4,2,1,
2.024E+11,155 725 284,C01,1,7,0,2,4,2,1,
2.024E+11,155 725 276,A01,1,10,0,2,6,11,1,
2.024E+11,155 725 278,B01,1,32,0,2,7,1,1,
2.024E+11,155 725 277,A01,2,2,0,2,1,2,1,
2.024E+11,155 725 279,B01,2,7,0,2,4,23,2,
2.024E+11,155 725 273,A01,2,31,0,2,1,17,1,
2.024E+11,155 725 274,B01,2,32,0,2,8,15,1,
2.024E+11,155 725 272,Z01,1,7,0,2,2,15,0,
2.024E+11,155 725 275,A01,1,1,0,2,8,1,5,
2.024E+11,155 725 269,A01,1,7,0,2,3,9,1,
2.024E+11,155 725 271,B01,1,2,0,2,7,16,1,
2.024E+11,155 725 268,B01,1,7,0,2,6,2,1,
2.024E+11,155 725 270,A01,1,32,0,2,1,2,1,
2.024E+11,155 725 266,A01,3,7,0,0,1,13,1,
2.024E+11,155 725 265,B01,3,33,0,0,1,2,0,
2.024E+11,155 725 267,A01,3,7,0,0,3,15,0,
2.024E+11,155 725 262,A01,1,2,0,2,9,1,1,
2.024E+11,155 725 264,B01,1,7,0,2,8,16,1,
2.024E+11,155 725 261,B01,3,1,0,2,3,1,5,
2.024E+11,155 725 263,A01,3,7,0,2,2,19,1,
2.024E+11,155 725 259,A01,1,14,0,2,2,16,1,
2.024E+11,155 725 260,B01,1,1,0,2,1,1,5,
2.024E+11,155 725 257,A01,3,7,0,2,3,10,1,
2.024E+11,155 725 258,B01,3,2,0,2,1,1,1,
2.024E+11,155 725 256,A01,1,31,0,0,0,13,1,
2.024E+11,155 725 253,A01,3,10,0,2,1,2,1,
2.024E+11,155 725 255,B01,2,33,0,2,4,2,1,
2.024E+11,155 725 252,A01,2,7,0,2,1,2,1,
2.024E+11,155 725 254,B01,2,7,0,2,4,2,1,
2.024E+11,155 725 251,A01,3,31,0,0,7,16,1,
2.024E+11,155 725 246,B01,1,2,0,2,1,2,1,
2.024E+11,155 725 247,A01,1,7,0,2,6,15,2,
2.024E+11,155 725 244,A01,3,7,0,2,0,0,1,
2.024E+11,155 725 245,B01,0,7,0,2,0,0,2,
2.024E+11,155 725 242,B01,1,3,0,2,2,2,1,
2.024E+11,155 725 243,A01,2,7,0,2,3,9,1,
2.024E+11,155 725 241,A01,1,33,0,0,0,0,1,
2.024E+11,155 725 238,B01,1,38,1,0,6,1,1,1
2.024E+11,155 725 239,A01,1,2,0,2,1,2,1,
2.024E+11,155 725 237,A01,1,7,0,2,1,19,1,
2.024E+11,155 725 240,B01,1,7,0,2,7,1,1,
2.024E+11,155 725 236,A01,0,7,0,1,4,4,1,
2.024E+11,155 725 234,A01,3,7,4,0,1,19,1,
2.024E+11,155 725 233,B01,1,30,0,2,1,0,1,
2.024E+11,155 725 235,A01,1,7,0,0,0,0,1,
2.024E+11,155 725 231,A01,1,7,8,0,1,15,1,
2.024E+11,155 725 229,B01,1,37,0,2,3,1,1,3
2.024E+11,155 725 230,A01,1,7,0,2,2,16,1,
2.024E+11,155 725 227,A01,2,2,0,2,1,3,1,
2.024E+11,155 725 228,B01,2,10,0,2,3,15,1,
2.024E+11,155 725 226,A01,1,33,12,0,1,17,1,
2.024E+11,155 725 225,A01,0,7,6,0,1,0,1,
2.024E+11,155 725 224,A01,1,33,0,1,1,1,1,
2.024E+11,155 725 220,B01,1,33,0,2,0,0,1,
2.024E+11,155 725 222,A01,3,7,0,2,3,15,2,
2.024E+11,155 725 219,A01,0,30,0,2,8,1,3,
2.024E+11,155 725 221,B01,0,37,0,2,1,1,2,1
2.024E+11,155 725 216,A01,1,7,0,2,1,1,1,
2.024E+11,155 725 218,B01,1,7,0,2,4,1,1,
2.024E+11,155 725 215,A01,1,7,0,2,6,11,1,
2.024E+11,155 725 217,B01,1,33,0,2,2,1,1,
2.024E+11,155 725 214,A01,2,1,12,0,0,0,5,
2.024E+11,155 725 212,A01,3,50,0,1,1,1,3,
2.024E+11,155 725 211,A01,2,7,0,2,1,13,1,
2.024E+11,155 725 213,B01,1,7,0,2,1,1,1,
2.024E+11,155 725 208,A01,2,7,9,2,6,1,1,
2.024E+11,155 725 209,B01,1,7,0,2,1,1,0,
2.024E+11,155 725 207,A01,2,10,0,2,5,19,1,
2.024E+11,155 725 210,B01,1,7,0,2,1,0,1,
2.024E+11,155 725 206,A01,1,7,0,1,1,1,1,
2.024E+11,155 725 204,A01,2,7,0,2,1,9,1,
2.024E+11,155 725 205,B01,2,32,0,2,2,3,1,
2.024E+11,155 725 202,B01,2,15,0,2,1,1,1,
2.024E+11,155 725 203,A01,1,7,0,2,1,1,1,
2.024E+11,155 725 199,B01,1,10,0,2,3,15,1,
2.024E+11,155 725 201,A01,1,10,9,2,1,2,1,
2.024E+11,155 725 198,B01,1,7,0,2,4,2,2,
2.024E+11,155 725 200,A01,1,7,0,2,1,2,1,
2.024E+11,155 725 195,A01,2,7,0,9,2,16,1,
2.024E+11,155 725 197,B01,2,1,0,2,8,1,5,
2.024E+11,155 725 194,A01,0,30,0,2,1,15,1,
2.024E+11,155 725 196,B01,1,7,0,2,2,1,1,
2.024E+11,155 725 192,A01,0,7,0,1,1,1,1,
2.024E+11,155 725 191,B01,3,2,0,2,1,2,1,
2.024E+11,155 725 193,A01,3,7,0,2,2,15,1,
2.024E+11,155 725 190,A01,1,7,0,1,1,1,0,
2.024E+11,155 725 187,B01,2,14,0,0,3,23,1,
2.024E+11,155 725 189,A01,2,7,0,0,3,1,1,
2.024E+11,155 725 186,A01,1,7,0,2,7,1,1,
2.024E+11,155 725 188,B01,1,30,0,2,3,1,1,
2.024E+11,155 725 183,A01,2,7,0,9,1,9,2,
2.024E+11,155 725 185,B01,3,1,0,2,7,1,5,
2.024E+11,155 725 182,A01,1,7,0,2,3,1,1,
2.024E+11,155 725 184,B01,2,1,0,2,1,19,5,
2.024E+11,155 725 179,A01,2,10,0,2,3,26,1,
2.024E+11,155 725 181,B01,3,10,0,2,3,26,1,
2.024E+11,155 725 178,B01,1,31,0,2,1,1,1,
2.024E+11,155 725 180,Z01,2,7,0,2,2,15,1,
2.024E+11,155 725 176,A01,1,7,0,1,2,1,1,
2.024E+11,155 725 175,A01,1,2,0,2,5,19,1,
2.024E+11,155 725 177,B01,1,7,0,2,1,1,1,
2.024E+11,155 725 174,A01,3,7,0,1,2,20,0,
2.024E+11,155 725 173,A01,1,7,0,0,3,13,1,
2.024E+11,155 725 170,A01,1,7,0,1,3,14,1,
2.024E+11,155 725 168,A01,1,7,0,2,2,12,1,
2.024E+11,155 725 169,B01,1,7,0,2,6,26,1,
2.024E+11,155 725 171,C01,1,7,0,2,4,0,1,
2.024E+11,155 725 172,D01,1,7,0,2,3,0,1,
2.024E+11,155 725 167,A01,2,32,0,1,1,17,1,
2.024E+11,155 725 166,A01,1,7,0,1,8,15,0,
2.024E+11,155 725 165,Z01,3,30,0,1,1,0,0,
2.024E+11,155 725 163,A01,0,7,0,1,2,26,1,
2.024E+11,155 725 162,A01,2,30,0,4,2,9,1,
2.024E+11,155 725 164,B01,2,40,0,2,7,26,3,
2.024E+11,155 725 160,A01,1,7,0,1,-1,4,-1,
2.024E+11,155 725 159,B01,3,7,0,2,3,8,1,
2.024E+11,155 725 161,A01,3,37,0,2,3,1,1,1
2.024E+11,155 725 157,A01,2,7,0,1,6,4,1,
2.024E+11,155 725 156,B01,3,50,0,2,7,1,3,
2.024E+11,155 725 158,A01,1,7,0,2,1,1,1,
2.024E+11,155 725 152,C01,2,7,0,2,1,15,1,
2.024E+11,155 725 154,B01,1,43,0,2,1,2,1,
2.024E+11,155 725 151,C01,2,7,0,2,4,2,1,
2.024E+11,155 725 153,B01,2,7,0,2,4,0,1,
2.024E+11,155 725 155,A01,2,7,0,2,1,2,1,
2.024E+11,155 725 150,A01,2,32,12,0,8,1,1,
2.024E+11,155 725 147,C01,2,7,0,2,6,2,1,
2.024E+11,155 725 148,A01,2,7,0,2,1,10,1,
2.024E+11,155 725 149,B01,1,7,0,2,1,1,1,
2.024E+11,155 725 146,A01,0,2,0,1,1,1,1,
2.024E+11,155 725 142,B01,1,7,0,2,1,1,1,
2.024E+11,155 725 144,A01,2,7,0,2,1,13,1,
2.024E+11,155 725 141,B01,1,33,0,2,4,2,1,
2.024E+11,155 725 143,A01,1,31,0,2,1,3,1,
2.024E+11,155 725 145,C01,1,7,0,2,8,2,1,
2.024E+11,155 725 139,A01,2,7,0,2,1,2,1,
2.024E+11,155 725 140,B01,2,37,0,2,4,2,1,2
2.024E+11,155 725 137,B01,1,7,0,2,4,2,1,
2.024E+11,155 725 138,A01,1,7,0,2,1,2,2,
2.024E+11,155 725 134,B01,2,31,0,2,5,14,1,
2.024E+11,155 725 135,A01,2,7,0,2,3,1,1,
2.024E+11,155 725 133,A01,1,7,0,2,1,26,1,
2.024E+11,155 725 136,B01,2,7,0,2,8,26,1,
2.024E+11,155 725 130,A01,1,31,0,2,1,3,1,
2.024E+11,155 725 132,B01,1,7,0,2,1,1,1,
2.024E+11,155 725 129,B01,1,10,0,2,4,2,1,
2.024E+11,155 725 131,A01,1,50,0,2,1,2,3,
2.024E+11,155 725 125,C01,2,7,0,2,4,1,1,
2.024E+11,155 725 126,A01,2,7,0,2,1,1,2,
2.024E+11,155 725 128,B01,2,7,0,2,4,1,1,
2.024E+11,155 725 127,A01,1,7,0,1,3,15,1,
2.024E+11,155 725 123,B01,1,10,0,2,4,1,1,
2.024E+11,155 725 124,A01,1,43,0,2,1,3,1,
2.024E+11,155 725 120,A01,3,7,0,2,1,1,1,
2.024E+11,155 725 122,B01,3,1,0,0,1,1,5,
2.024E+11,155 725 118,A01,1,33,0,2,1,3,1,
2.024E+11,155 725 119,B01,1,7,0,2,5,1,1,
2.024E+11,155 725 121,C01,1,38,0,2,8,1,1,1
2.024E+11,155 725 117,A01,1,7,0,1,1,1,1,
2.024E+11,155 725 115,A01,2,33,0,2,1,2,1,
2.024E+11,155 725 116,B01,2,7,0,2,4,2,1,
2.024E+11,155 725 114,A01,3,34,0,0,0,1,1,
2.024E+11,155 725 112,Z01,1,7,15,2,1,0,1,
2.024E+11,155 725 113,B01,1,1,15,0,4,1,5,
2.024E+11,155 725 110,B01,1,7,0,2,1,1,1,
2.024E+11,155 725 111,A01,1,33,0,2,1,17,1,
2.024E+11,155 725 108,A01,1,7,0,1,2,1,1,
2.024E+11,155 725 107,B01,1,1,0,2,1,2,5,
2.024E+11,155 725 109,A01,1,7,0,9,2,16,1,
2.024E+11,155 725 105,B01,2,30,0,2,1,1,1,
2.024E+11,155 725 106,A01,2,7,0,2,8,10,1,
2.024E+11,155 725 103,A01,1,7,0,9,2,2,2,
2.024E+11,155 725 104,B01,1,1,0,2,3,11,5,
2.024E+11,155 725 101,A01,3,7,0,2,1,1,1,
2.024E+11,155 725 102,B01,3,2,0,2,4,1,1,
2.024E+11,155 725 099,A01,3,7,0,2,3,13,1,
2.024E+11,155 725 100,B01,3,31,0,2,9,2,1,
2.024E+11,155 725 097,B01,2,7,0,2,3,15,1,
2.024E+11,155 725 098,A01,2,7,0,2,2,1,1,
2.024E+11,155 725 095,A01,1,7,0,2,1,1,1,
2.024E+11,155 725 096,B01,1,2,0,2,4,1,3,
2.024E+11,155 725 093,A01,2,10,0,1,4,4,1,
2.024E+11,155 725 092,A01,1,7,15,2,1,6,1,
2.024E+11,155 725 094,B01,2,7,0,2,6,9,1,
2.024E+11,155 725 089,A01,2,31,0,2,4,23,3,
2.024E+11,155 725 091,Z01,2,7,0,2,1,1,1,
2.024E+11,155 725 087,A01,1,7,0,2,4,1,1,
2.024E+11,155 725 088,C01,1,7,0,2,1,2,1,
2.024E+11,155 725 090,B01,1,30,0,2,1,1,1,
2.024E+11,155 725 086,A01,2,31,0,0,2,1,3,
2.024E+11,155 725 085,A01,1,33,0,1,1,11,1,
2.024E+11,155 725 083,A01,2,33,0,1,1,1,1,
2.024E+11,155 725 082,A01,2,7,0,2,3,1,1,
2.024E+11,155 725 084,B01,2,31,0,2,1,9,1,
2.024E+11,155 725 081,A01,0,7,16,0,1,13,1,
2.024E+11,155 725 077,C01,1,10,0,2,1,1,1,
2.024E+11,155 725 079,B01,1,7,0,2,4,1,1,
2.024E+11,155 725 080,A01,1,7,0,2,1,1,1,
2.024E+11,155 725 076,A01,0,10,0,2,0,0,1,
2.024E+11,155 725 078,B01,0,50,0,2,1,1,3,
2.024E+11,155 725 073,B01,2,7,0,2,4,2,1,
2.024E+11,155 725 075,A01,2,10,0,2,1,2,1,
2.024E+11,155 725 072,A01,1,7,0,2,4,23,1,
2.024E+11,155 725 074,B01,1,15,0,2,1,1,1,
2.024E+11,155 725 070,A01,3,7,0,2,3,0,1,
2.024E+11,155 725 071,B01,3,33,0,2,7,0,1,
2.024E+11,155 725 068,A01,3,7,1,0,2,1,1,
2.024E+11,155 725 069,B01,3,7,0,2,1,23,1,
2.024E+11,155 725 066,B01,0,50,0,2,8,1,3,
2.024E+11,155 725 067,A01,2,34,0,2,1,1,3,
2.024E+11,155 725 060,A01,1,7,0,2,7,22,3,
2.024E+11,155 725 063,B01,1,1,1,0,6,1,5,
2.024E+11,155 725 059,A01,3,13,0,2,1,1,1,
2.024E+11,155 725 061,E01,3,7,0,2,4,23,1,
2.024E+11,155 725 062,D01,3,7,0,2,4,23,1,
2.024E+11,155 725 064,C01,3,7,0,2,4,23,1,
2.024E+11,155 725 065,B01,3,10,0,2,4,23,1,
2.024E+11,155 725 056,B01,3,37,0,2,7,1,1,1
2.024E+11,155 725 057,A01,3,37,0,2,3,9,1,1
2.024E+11,155 725 055,B01,1,7,0,2,4,2,1,
2.024E+11,155 725 058,A01,1,1,0,2,1,2,5,
2.024E+11,155 725 053,A01,1,7,0,1,1,24,1,
2.024E+11,155 725 052,A01,1,7,0,2,2,3,1,
2.024E+11,155 725 054,B01,1,7,0,2,6,16,2,
2.024E+11,155 725 050,A01,1,7,0,2,3,15,1,