Num_Acc,id_vehicule,num_veh,senc,catv,obs,obsm,choc,manv,motor,occutc
2.024E+11,155 724 129,A01,2,7,0,2,1,17,1,
2.024E+11,155 724 130,B01,1,7,0,2,1,1,1,
2.024E+11,155 724 127,B01,2,7,0,2,3,9,1,
2.024E+11,155 724 128,A01,2,30,0,2,2,13,1,
2.024E+11,155 724 123,A01,1,99,0,9,1,26,0,
2.024E+11,155 724 124,B01,2,99,0,9,1,0,0,
2.024E+11,155 724 125,A01,0,7,0,2,2,15,3,
2.024E+11,155 724 126,B01,0,33,0,2,1,2,1,
2.024E+11,155 724 119,B01,1,7,0,2,2,1,1,
2.024E+11,155 724 121,A01,1,7,0,2,3,13,1,
2.024E+11,155 724 118,A01,0,7,0,2,3,17,1,
2.024E+11,155 724 120,B01,1,31,0,2,7,3,1,
2.024E+11,155 724 117,B01,1,7,8,2,8,1,1,
2.024E+11,155 724 122,A01,1,7,8,2,1,9,1,
2.024E+11,155 724 115,A01,1,7,10,0,2,14,1,
2.024E+11,155 724 113,A01,3,7,0,2,8,9,1,
2.024E+11,155 724 116,B01,1,7,0,2,1,1,1,
2.024E+11,155 724 112,A01,1,10,0,2,3,15,1,
2.024E+11,155 724 114,B01,1,32,0,1,1,1,1,
2.024E+11,155 724 111,A01,0,7,0,1,3,15,1,
2.024E+11,155 724 108,Z01,2,7,0,2,0,0,0,
2.024E+11,155 724 109,A01,2,50,0,2,0,0,3,
2.024E+11,155 724 107,B01,3,10,0,2,1,0,1,
2.024E+11,155 724 110,A01,3,7,0,2,7,1,1,
2.024E+11,155 724 105,A01,2,7,0,2,1,13,1,
2.024E+11,155 724 106,B01,1,7,0,2,1,1,1,
2.024E+11,155 724 103,A01,1,7,1,0,0,22,1,
2.024E+11,155 724 104,B01,1,2,0,2,8,22,1,
2.024E+11,155 724 101,A01,1,7,0,0,0,0,1,
2.024E+11,155 724 100,A01,1,2,0,0,0,1,1,
2.024E+11,155 724 099,A01,1,32,0,2,1,1,1,
2.024E+11,155 724 102,B01,2,10,16,2,0,15,1,
2.024E+11,155 724 098,A01,2,7,13,0,1,5,1,
2.024E+11,155 724 097,A01,1,30,0,0,7,26,1,
2.024E+11,155 724 094,A01,2,33,13,0,9,1,1,
2.024E+11,155 724 093,B01,3,7,0,2,0,13,2,
2.024E+11,155 724 096,A01,2,33,0,2,3,17,1,
2.024E+11,155 724 095,A01,3,31,0,0,8,1,1,
2.024E+11,155 724 092,A01,2,33,0,0,0,0,1,
2.024E+11,155 724 090,B01,3,34,0,2,7,1,1,
2.024E+11,155 724 091,A01,3,7,0,2,1,1,2,
2.024E+11,155 724 089,A01,1,7,6,0,1,26,1,
2.024E+11,155 724 088,A01,1,7,2,0,1,6,1,
2.024E+11,155 724 086,A01,1,7,6,0,1,1,1,
2.024E+11,155 724 083,C01,1,7,0,2,4,2,1,
2.024E+11,155 724 084,A01,2,7,0,2,1,1,1,
2.024E+11,155 724 087,B01,1,7,0,2,4,2,2,
2.024E+11,155 724 082,B01,2,2,0,2,8,1,1,
2.024E+11,155 724 085,A01,1,7,0,2,2,1,1,
2.024E+11,155 724 081,A01,1,7,13,0,2,1,1,
2.024E+11,155 724 079,B01,0,50,0,2,1,1,3,
2.024E+11,155 724 080,A01,0,7,0,9,2,9,1,
2.024E+11,155 724 076,B01,1,33,0,2,1,1,1,
2.024E+11,155 724 078,A01,2,7,0,2,2,15,1,
2.024E+11,155 724 075,B01,1,7,0,0,1,26,0,
2.024E+11,155 724 077,A01,1,7,0,2,4,0,0,
2.024E+11,155 724 074,A01,1,7,0,1,1,1,2,
2.024E+11,155 724 073,A01,0,31,0,0,1,0,1,
2.024E+11,155 724 068,A01,2,7,13,0,1,1,1,
2.024E+11,155 724 069,B01,3,7,0,2,8,15,1,
2.024E+11,155 724 072,A01,2,30,0,2,1,17,1,
2.024E+11,155 724 070,A01,3,7,0,2,1,9,2,
2.024E+11,155 724 071,B01,0,7,0,2,3,1,1,
2.024E+11,155 724 066,A01,1,10,0,1,4,4,3,
2.024E+11,155 724 064,A01,2,7,0,2,3,17,1,
2.024E+11,155 724 067,B01,1,7,0,2,3,1,1,
2.024E+11,155 724 063,A01,1,7,0,2,2,15,1,
2.024E+11,155 724 065,B01,2,2,0,2,1,1,1,
2.024E+11,155 724 061,A01,1,33,2,0,0,2,1,
2.024E+11,155 724 060,A01,1,50,0,2,8,1,3,
2.024E+11,155 724 062,B01,2,10,0,2,2,1,1,
2.024E+11,155 724 058,B01,3,7,0,1,0,0,0,
2.024E+11,155 724 057,B01,2,38,0,0,5,15,1,1
2.024E+11,155 724 059,A01,1,2,0,2,1,1,1,
2.024E+11,155 724 054,B01,-1,0,0,2,-1,0,-1,
2.024E+11,155 724 056,A01,1,31,0,2,7,16,1,
2.024E+11,155 724 053,A01,1,1,0,2,3,1,5,
2.024E+11,155 724 055,B01,1,7,0,2,3,15,1,
2.024E+11,155 724 052,A01,1,10,0,1,2,1,1,
2.024E+11,155 724 048,B01,0,10,0,2,3,9,1,
2.024E+11,155 724 050,A01,2,10,0,2,1,26,1,
2.024E+11,155 724 049,A01,2,7,0,2,2,15,1,
2.024E+11,155 724 051,B01,1,7,0,2,1,1,1,
2.024E+11,155 724 046,A01,1,7,0,2,4,2,1,
2.024E+11,155 724 047,B01,1,13,0,2,1,2,1,
2.024E+11,155 724 044,A01,3,7,0,2,1,2,1,
2.024E+11,155 724 045,B01,3,30,0,2,4,0,3,
2.024E+11,155 724 043,A01,1,7,13,0,1,13,1,
2.024E+11,155 724 042,A01,2,7,0,1,3,1,1,
2.024E+11,155 724 041,A01,1,10,1,0,2,1,0,
2.024E+11,155 724 040,A01,2,7,2,0,1,1,1,
2.024E+11,155 724 035,A01,1,7,0,2,1,2,2,
2.024E+11,155 724 038,B01,1,7,0,2,4,1,1,
2.024E+11,155 724 036,A01,1,7,0,2,3,9,1,
2.024E+11,155 724 039,B01,1,1,0,2,1,1,5,
2.024E+11,155 724 037,A01,3,7,2,0,3,1,1,
2.024E+11,155 724 031,B01,1,7,0,2,7,1,1,
2.024E+11,155 724 034,A01,3,50,0,2,1,1,3,
2.024E+11,155 724 030,A01,0,34,0,2,3,13,1,
2.024E+11,155 724 032,B01,3,7,0,2,3,1,1,
2.024E+11,155 724 029,A01,3,7,0,2,7,15,1,
2.024E+11,155 724 033,B01,3,7,8,2,1,1,1,
2.024E+11,155 724 028,A01,1,7,1,0,3,13,2,
2.024E+11,155 724 026,A01,3,7,1,0,1,14,1,
2.024E+11,155 724 025,B01,2,7,3,0,4,2,1,
2.024E+11,155 724 027,A01,2,10,0,2,1,2,1,
2.024E+11,155 724 024,A01,2,31,0,0,1,0,1,
2.024E+11,155 724 020,A01,1,1,0,0,0,26,5,
2.024E+11,155 724 019,A01,3,7,0,2,1,2,1,
2.024E+11,155 724 023,B01,3,7,0,2,4,23,1,
2.024E+11,155 724 018,A01,1,10,0,2,1,2,1,
2.024E+11,155 724 021,B01,1,7,0,2,4,2,1,
2.024E+11,155 724 022,C01,1,15,0,0,4,11,1,
2.024E+11,155 724 015,A01,2,7,0,2,2,13,1,
2.024E+11,155 724 017,B01,1,7,0,2,1,1,1,
2.024E+11,155 724 014,A01,1,10,0,1,2,1,1,
2.024E+11,155 724 013,A01,3,7,0,2,7,19,1,
2.024E+11,155 724 016,B01,1,33,0,2,1,1,1,
2.024E+11,155 724 009,A01,1,7,0,2,2,26,1,
2.024E+11,155 724 010,B01,1,7,0,2,6,1,1,
2.024E+11,155 724 012,C01,1,7,0,2,4,1,1,
2.024E+11,155 724 007,A01,1,10,3,0,8,1,1,
2.024E+11,155 724 008,A01,2,7,0,2,6,15,1,
2.024E+11,155 724 011,B01,2,2,0,2,1,0,1,
2.024E+11,155 724 005,B01,1,7,0,2,7,0,1,
2.024E+11,155 724 006,A01,1,31,0,2,8,9,3,
2.024E+11,155 724 002,A01,1,7,0,2,1,0,1,
2.024E+11,155 724 004,B01,2,7,0,2,3,0,1,
2.024E+11,155 724 001,B01,2,31,0,2,1,3,1,
2.024E+11,155 724 003,A01,2,7,0,2,3,15,1,
2.024E+11,155 724 000,A01,1,33,0,0,0,0,0,
2.024E+11,155 723 998,A01,1,33,0,0,0,0,1,
2.024E+11,155 723 997,A01,0,33,1,0,1,14,1,
2.024E+11,155 723 999,B01,0,7,0,2,2,23,1,
2.024E+11,155 723 995,B01,0,50,0,2,1,1,3,
2.024E+11,155 723 996,A01,0,7,0,2,3,26,1,
2.024E+11,155 723 993,A01,3,36,0,0,1,14,1,
2.024E+11,155 723 992,A01,1,2,0,2,2,17,1,
2.024E+11,155 723 994,B01,1,7,4,2,0,13,1,
2.024E+11,155 723 988,A01,3,10,0,2,1,1,1,
2.024E+11,155 723 990,B01,2,7,0,2,3,1,1,
2.024E+11,155 723 986,A01,1,10,0,2,6,15,1,
2.024E+11,155 723 987,B01,1,33,0,2,1,17,1,
2.024E+11,155 723 984,A01,0,2,6,0,1,0,1,
2.024E+11,155 723 983,A01,1,7,0,1,3,19,1,
2.024E+11,155 723 980,A01,1,7,0,2,2,21,1,
2.024E+11,155 723 982,B01,2,10,0,2,3,21,1,
2.024E+11,155 723 979,A01,3,17,0,2,0,1,1,
2.024E+11,155 723 981,B01,3,1,0,2,0,1,5,
2.024E+11,155 723 976,A01,1,10,6,0,1,1,1,
2.024E+11,155 723 973,A01,1,36,0,2,1,26,1,
2.024E+11,155 723 975,B01,1,7,0,2,2,1,1,
2.024E+11,155 723 971,A01,2,7,0,2,1,17,1,
2.024E+11,155 723 972,B01,1,7,0,2,1,1,1,
2.024E+11,155 723 974,C01,1,7,0,2,6,1,1,
2.024E+11,155 723 977,D01,1,7,0,2,4,1,1,
2.024E+11,155 723 969,A01,2,7,2,0,1,1,0,
2.024E+11,155 723 968,A01,0,7,0,2,8,1,1,
2.024E+11,155 723 970,B01,0,2,0,2,1,1,1,
2.024E+11,155 723 966,A01,2,7,0,2,1,13,1,
2.024E+11,155 723 967,B01,1,7,0,2,3,1,1,
2.024E+11,155 723 965,A01,1,2,6,0,1,1,1,
2.024E+11,155 723 964,A01,1,7,2,0,3,0,2,
2.024E+11,155 723 963,A01,2,7,8,0,8,1,1,
2.024E+11,155 723 962,A01,2,7,0,0,1,1,1,
2.024E+11,155 723 961,A01,3,7,0,1,1,1,1,
2.024E+11,155 723 960,A01,1,7,8,0,1,1,1,
2.024E+11,155 723 956,A01,1,33,0,2,7,17,1,
2.024E+11,155 723 959,B01,1,7,0,2,3,15,1,
2.024E+11,155 723 955,A01,1,7,0,2,1,2,1,
2.024E+11,155 723 958,B01,1,7,0,2,4,2,1,
2.024E+11,155 723 954,A01,1,7,0,2,2,13,1,
2.024E+11,155 723 957,B01,2,7,0,2,1,1,2,
2.024E+11,155 723 953,A01,1,7,0,0,0,1,1,
2.024E+11,155 723 951,B01,1,10,4,2,3,1,0,
2.024E+11,155 723 952,A01,1,37,0,2,3,1,1,1
2.024E+11,155 723 950,A01,2,7,0,1,1,0,1,
2.024E+11,155 723 949,A01,3,10,0,1,1,26,1,
2.024E+11,155 723 945,A01,2,7,2,0,5,13,1,
2.024E+11,155 723 944,A01,2,7,0,2,1,1,1,
2.024E+11,155 723 947,B01,1,1,0,2,8,19,5,
2.024E+11,155 723 946,A01,1,7,0,2,3,16,1,
2.024E+11,155 723 948,B01,2,7,0,2,3,1,1,
2.024E+11,155 723 940,B01,1,7,0,0,8,1,1,
2.024E+11,155 723 943,A01,2,7,0,2,3,13,1,
2.024E+11,155 723 941,A01,1,30,0,0,8,1,1,
2.024E+11,155 723 939,B01,2,2,0,2,2,1,1,
2.024E+11,155 723 942,A01,1,7,0,2,8,15,1,
2.024E+11,155 723 935,B01,1,7,0,2,1,1,1,
2.024E+11,155 723 938,A01,1,7,0,2,1,13,1,
2.024E+11,155 723 933,A01,3,2,0,2,8,19,1,
2.024E+11,155 723 937,B01,2,7,0,2,3,1,1,
2.024E+11,155 723 934,B01,1,1,0,2,1,0,5,
2.024E+11,155 723 936,A01,2,7,0,2,1,1,2,
2.024E+11,155 723 932,A01,0,7,0,1,2,1,1,
2.024E+11,155 723 930,A01,1,7,13,0,9,1,1,
2.024E+11,155 723 931,B01,2,7,0,0,0,5,0,
2.024E+11,155 723 929,A01,2,7,0,1,1,1,1,
2.024E+11,155 723 926,A01,1,7,0,2,8,1,1,
2.024E+11,155 723 928,B01,1,7,0,2,1,1,1,
2.024E+11,155 723 923,B01,1,7,0,2,1,1,1,
2.024E+11,155 723 925,A01,2,7,0,2,1,15,1,
2.024E+11,155 723 927,C01,1,38,0,2,8,1,1,1
2.024E+11,155 723 922,B01,3,7,0,2,1,1,1,
2.024E+11,155 723 924,A01,3,50,0,2,1,1,3,
2.024E+11,155 723 920,A01,2,99,0,2,8,1,3,
2.024E+11,155 723 921,B01,1,7,0,2,3,15,1,
2.024E+11,155 723 919,A01,1,7,16,0,0,13,1,
2.024E+11,155 723 915,A01,2,3,15,0,3,0,1,
2.024E+11,155 723 917,A01,2,7,0,2,1,15,1,
2.024E+11,155 723 918,B01,1,1,0,2,8,1,5,
2.024E+11,155 723 914,A01,2,7,3,0,1,0,1,
2.024E+11,155 723 912,A01,1,7,4,0,1,1,1,
2.024E+11,155 723 911,A01,3,7,0,2,1,19,1,
2.024E+11,155 723 913,B01,3,50,0,2,1,19,3,
2.024E+11,155 723 908,A01,1,7,0,2,3,13,1,
2.024E+11,155 723 910,B01,2,33,0,2,1,1,1,
2.024E+11,155 723 907,B01,2,7,0,2,3,1,1,
2.024E+11,155 723 909,A01,2,7,0,2,4,14,1,
2.024E+11,155 723 905,A01,3,7,0,2,2,15,1,
2.024E+11,155 723 906,B01,3,30,0,2,6,1,1,
2.024E+11,155 723 901,B01,2,7,0,2,4,1,1,
2.024E+11,155 723 902,A01,2,33,0,2,1,2,1,
2.024E+11,155 723 900,A01,1,7,0,2,2,15,1,
2.024E+11,155 723 903,B01,2,7,0,2,1,1,1,
2.024E+11,155 723 898,B01,1,7,0,2,0,0,1,
2.024E+11,155 723 899,A01,1,7,0,2,4,26,1,
2.024E+11,155 723 904,A01,1,7,2,0,3,1,1,
2.024E+11,155 723 895,A01,1,7,0,2,1,13,1,
2.024E+11,155 723 896,B01,2,7,0,2,6,21,1,
2.024E+11,155 723 897,C01,2,7,0,2,1,1,1,
2.024E+11,155 723 894,A01,2,7,3,0,9,1,1,
2.024E+11,155 723 892,A01,2,7,0,2,1,2,1,
2.024E+11,155 723 893,B01,2,7,0,2,4,2,1,
2.024E+11,155 723 887,A01,1,7,0,2,3,15,1,
2.024E+11,155 723 891,B01,1,33,0,0,5,1,1,
2.024E+11,155 723 888,B01,2,50,0,2,2,9,3,
2.024E+11,155 723 890,A01,2,7,0,2,2,1,1,
2.024E+11,155 723 886,A01,1,7,0,2,1,2,1,
2.024E+11,155 723 889,B01,1,10,0,2,4,1,1,
2.024E+11,155 723 885,A01,1,7,4,0,3,1,1,
2.024E+11,155 723 883,A01,1,31,16,0,7,26,1,
2.024E+11,155 723 882,B01,1,31,0,2,1,1,1,
2.024E+11,155 723 884,A01,1,10,0,2,8,9,1,
2.024E+11,155 723 878,B01,2,2,0,2,3,15,1,
2.024E+11,155 723 881,A01,2,10,0,2,2,17,1,
2.024E+11,155 723 877,A01,2,30,0,2,8,1,1,
2.024E+11,155 723 879,B01,2,7,0,9,5,1,1,
2.024E+11,155 723 875,A01,1,7,0,2,1,2,1,
2.024E+11,155 723 876,B01,1,7,1,2,4,2,1,
2.024E+11,155 723 880,C01,1,7,0,2,4,2,1,
2.024E+11,155 723 873,A01,2,7,0,0,0,15,1,
2.024E+11,155 723 874,B01,1,31,13,0,7,0,1,
2.024E+11,155 723 872,A01,2,7,3,0,2,12,1,
2.024E+11,155 723 870,A01,2,7,0,2,1,2,1,
2.024E+11,155 723 871,B01,2,7,0,2,4,0,1,
2.024E+11,155 723 866,A01,1,7,0,2,4,1,1,
2.024E+11,155 723 868,B01,1,7,0,2,4,2,1,
2.024E+11,155 723 869,C01,1,7,0,2,1,2,1,
2.024E+11,155 723 865,A01,2,7,0,2,5,15,1,
2.024E+11,155 723 867,B01,1,34,0,2,1,1,1,
2.024E+11,155 723 861,A01,1,31,0,2,2,17,1,
2.024E+11,155 723 863,B01,1,7,0,2,3,15,1,
2.024E+11,155 723 860,A01,1,7,0,2,3,13,1,
2.024E+11,155 723 862,C01,1,10,0,2,6,0,1,
2.024E+11,155 723 864,B01,1,7,0,2,2,1,2,
2.024E+11,155 723 857,A01,1,7,0,2,3,15,1,
2.024E+11,155 723 859,B01,1,33,0,2,1,17,1,
2.024E+11,155 723 856,B01,2,7,0,2,0,12,1,
2.024E+11,155 723 858,A01,2,33,0,2,7,3,1,
2.024E+11,155 723 853,A01,1,7,0,2,1,0,1,
2.024E+11,155 723 855,B01,1,80,0,2,4,1,3,
2.024E+11,155 723 852,B01,1,7,4,2,4,1,1,
2.024E+11,155 723 854,A01,1,7,0,2,1,1,1,
2.024E+11,155 723 849,B01,1,1,0,2,1,1,5,
2.024E+11,155 723 851,A01,1,7,0,2,3,0,1,
2.024E+11,155 723 848,A01,1,33,0,2,1,2,1,
2.024E+11,155 723 850,B01,1,7,0,2,4,0,1,
2.024E+11,155 723 847,A01,3,37,0,1,2,15,1,1
2.024E+11,155 723 845,B01,3,50,0,2,6,0,3,
2.024E+11,155 723 846,A01,3,32,0,2,2,21,1,
2.024E+11,155 723 842,A01,2,33,4,0,9,26,1,
2.024E+11,155 723 843,A01,3,7,0,2,5,2,1,
2.024E+11,155 723 844,B01,3,7,0,2,5,2,1,
2.024E+11,155 723 839,A01,2,7,0,2,1,5,1,
2.024E+11,155 723 841,B01,1,7,0,2,1,1,1,
2.024E+11,155 723 838,A01,3,7,0,2,7,15,1,
2.024E+11,155 723 840,B01,3,7,0,2,2,1,1,
2.024E+11,155 723 835,A01,2,7,0,2,3,10,1,
2.024E+11,155 723 836,B01,1,31,0,2,8,1,1,
2.024E+11,155 723 834,B01,1,33,12,0,0,1,1,
2.024E+11,155 723 837,A01,3,3,0,2,0,15,0,
2.024E+11,155 723 833,A01,3,7,0,1,2,1,1,
2.024E+11,155 723 831,A01,1,32,0,2,7,15,1,
2.024E+11,155 723 832,B01,2,10,0,2,7,1,1,
2.024E+11,155 723 830,A01,2,7,0,1,7,1,1,
2.024E+11,155 723 829,A01,3,33,0,0,7,1,1,
2.024E+11,155 723 827,A01,1,7,6,0,1,0,1,
2.024E+11,155 723 826,A01,3,50,0,2,8,19,3,
2.024E+11,155 723 828,B01,3,7,0,9,3,2,1,
2.024E+11,155 723 824,A01,1,33,0,2,1,0,1,
2.024E+11,155 723 825,B01,1,7,0,0,0,0,0,
2.024E+11,155 723 821,A01,1,7,0,2,3,1,1,
2.024E+11,155 723 823,B01,2,2,0,2,1,1,1,
2.024E+11,155 723 820,A01,2,7,0,2,7,14,1,
2.024E+11,155 723 822,B01,3,37,0,2,8,7,0,3
2.024E+11,155 723 817,A01,2,7,0,2,2,2,1,
2.024E+11,155 723 819,B01,2,7,0,2,4,2,1,
2.024E+11,155 723 816,B01,0,7,0,2,0,26,-1,
2.024E+11,155 723 818,A01,2,1,0,2,1,25,5,
2.024E+11,155 723 813,A01,2,7,0,2,2,16,1,
2.024E+11,155 723 815,B01,2,43,0,2,3,16,1,
2.024E+11,155 723 812,A01,2,7,0,2,3,26,1,
2.024E+11,155 723 814,B01,1,10,0,2,3,26,1,
2.024E+11,155 723 811,A01,0,3,0,1,1,1,0,
2.024E+11,155 723 808,A01,1,7,0,2,1,1,0,
2.024E+11,155 723 809,B01,1,7,0,2,1,1,1,
2.024E+11,155 723 810,C01,1,7,0,2,1,1,1,
2.024E+11,155 723 806,A01,0,10,0,2,7,16,1,
2.024E+11,155 723 807,B01,0,13,0,2,1,1,0,
2.024E+11,155 723 805,A01,2,30,0,1,1,1,3,
2.024E+11,155 723 802,B01,1,1,0,2,1,1,5,
2.024E+11,155 723 804,A01,2,7,0,2,2,15,1,
2.024E+11,155 723 801,A01,1,7,0,2,1,1,1,
2.024E+11,155 723 803,B01,2,7,0,2,3,15,1,
2.024E+11,155 723 799,B01,1,7,0,2,4,1,1,
2.024E+11,155 723 800,A01,1,10,0,2,1,2,1,
2.024E+11,155 723 797,A01,3,30,0,1,7,16,1,
2.024E+11,155 723 796,B01,2,7,0,2,1,15,1,
2.024E+11,155 723 798,A01,1,33,0,2,1,3,1,
2.024E+11,155 723 794,B01,3,50,0,2,7,19,3,
2.024E+11,155 723 795,A01,3,7,0,0,7,16,0,
2.024E+11,155 723 793,A01,3,32,0,0,0,0,1,
2.024E+11,155 723 791,A01,2,2,0,2,3,1,1,
2.024E+11,155 723 792,B01,1,7,0,2,2,15,3,
2.024E+11,155 723 790,A01,1,7,0,1,3,1,1,
2.024E+11,155 723 789,A01,1,7,0,1,3,0,3,
2.024E+11,155 723 787,A01,2,7,0,2,3,13,1,
2.024E+11,155 723 788,B01,1,7,0,2,3,1,1,
2.024E+11,155 723 786,A01,1,7,0,1,1,15,2,
2.024E+11,155 723 783,A01,3,7,1,0,4,1,1,
2.024E+11,155 723 785,B01,3,7,0,2,1,1,1,
2.024E+11,155 723 782,A01,1,7,0,2,7,15,1,
2.024E+11,155 723 784,B01,2,33,0,2,1,1,1,
2.024E+11,155 723 781,Z01,1,10,0,1,1,26,1,
2.024E+11,155 723 778,C01,2,7,0,2,4,1,1,
2.024E+11,155 723 779,A01,2,7,0,2,1,1,1,
2.024E+11,155 723 780,B01,2,10,0,2,4,1,1,
2.024E+11,155 723 777,A01,2,7,1,0,2,14,1,
2.024E+11,155 723 775,A01,2,7,0,9,3,20,1,
2.024E+11,155 723 776,B01,2,50,0,2,2,0,3,
2.024E+11,155 723 773,A01,1,7,0,9,2,1,1,
2.024E+11,155 723 774,B01,2,50,0,2,3,26,3,
2.024E+11,155 723 771,A01,2,33,0,2,1,1,1,
2.024E+11,155 723 772,B01,1,7,0,9,1,15,1,
2.024E+11,155 723 769,A01,3,7,0,2,3,13,1,
2.024E+11,155 723 770,B01,3,10,0,2,3,1,1,
2.024E+11,155 723 768,A01,3,7,0,1,1,1,1,
2.024E+11,155 723 767,A01,3,50,0,0,0,1,3,
2.024E+11,155 723 765,A01,1,7,0,2,1,15,1,
2.024E+11,155 723 766,B01,1,33,0,2,2,1,1,
2.024E+11,155 723 764,A01,2,7,0,1,2,2,1,
2.024E+11,155 723 762,A01,0,7,1,2,1,1,1,
2.024E+11,155 723 763,B01,0,7,0,2,4,20,1,
2.024E+11,155 723 760,A01,3,30,0,2,8,9,1,
2.024E+11,155 723 761,B01,3,7,0,2,2,1,1,
2.024E+11,155 723 759,A01,2,7,0,1,5,26,2,
2.024E+11,155 723 756,B01,2,32,0,2,1,1,1,
2.024E+11,155 723 758,A01,1,10,0,2,0,15,0,
2.024E+11,155 723 754,C01,1,7,0,2,3,0,1,
2.024E+11,155 723 755,A01,1,7,0,2,3,1,1,
2.024E+11,155 723 757,B01,1,7,0,2,5,0,1,
2.024E+11,155 723 752,A01,3,50,0,1,1,2,3,
2.024E+11,155 723 751,A01,3,7,0,2,2,15,1,
2.024E+11,155 723 753,B01,3,50,0,2,1,1,3,
2.024E+11,155 723 748,A01,1,50,0,2,1,3,3,
2.024E+11,155 723 750,B01,2,7,0,2,3,0,1,
2.024E+11,155 723 744,E01,1,7,0,2,1,2,1,
2.024E+11,155 723 745,D01,1,7,0,2,1,2,1,
2.024E+11,155 723 746,A01,1,7,0,2,4,2,1,
2.024E+11,155 723 747,B01,1,7,0,2,1,2,1,
2.024E+11,155 723 749,C01,1,7,0,2,1,2,1,
2.024E+11,155 723 742,A01,1,7,0,2,8,15,1,
2.024E+11,155 723 743,B01,1,32,0,2,7,17,1,
2.024E+11,155 723 740,B01,3,7,1,2,3,1,1,
2.024E+11,155 723 741,A01,3,7,0,2,3,13,1,
2.024E+11,155 723 738,A01,3,7,0,2,1,2,1,
2.024E+11,155 723 739,B01,3,10,0,2,4,2,1,
2.024E+11,155 723 736,A01,0,7,0,2,2,17,0,
2.024E+11,155 723 737,B01,0,7,0,2,6,1,1,
2.024E+11,155 723 735,A01,1,7,0,1,2,1,1,
2.024E+11,155 723 733,B01,3,50,0,2,1,1,3,
2.024E+11,155 723 734,A01,3,7,0,2,2,15,1,
2.024E+11,155 723 730,A01,0,10,0,2,1,1,1,
2.024E+11,155 723 731,B01,3,7,0,2,4,1,1,
2.024E+11,155 723 729,A01,0,7,0,9,2,9,1,
2.024E+11,155 723 732,B01,0,1,0,2,8,1,5,
2.024E+11,155 723 728,A01,1,10,0,1,5,4,1,
2.024E+11,155 723 726,A01,2,7,0,2,3,18,1,
2.024E+11,155 723 727,B01,2,7,0,2,7,1,1,
2.024E+11,155 723 724,A01,2,7,0,2,2,15,1,
2.024E+11,155 723 725,B01,2,2,0,2,1,1,1,
2.024E+11,155 723 723,A01,3,7,0,0,3,26,1,
2.024E+11,155 723 721,A01,2,7,0,2,1,15,1,
2.024E+11,155 723 722,B01,1,33,0,2,8,1,1,
2.024E+11,155 723 719,A01,1,7,0,2,2,16,1,
2.024E+11,155 723 720,B01,1,50,0,2,1,25,3,
2.024E+11,155 723 716,A01,3,7,0,2,3,15,1,
2.024E+11,155 723 717,B01,3,33,0,2,1,17,1,
2.024E+11,155 723 715,B01,2,34,0,2,1,1,1,
2.024E+11,155 723 718,A01,1,7,0,2,5,19,2,
2.024E+11,155 723 713,A01,2,32,14,0,1,17,1,
2.024E+11,155 723 712,A01,0,7,0,2,1,1,1,
2.024E+11,155 723 714,B01,0,7,0,0,4,1,1,
2.024E+11,155 723 709,A01,3,10,0,1,4,20,1,
2.024E+11,155 723 710,A01,3,7,0,9,3,19,1,
2.024E+11,155 723 711,B01,3,50,0,2,2,19,3,
2.024E+11,155 723 708,A01,1,80,0,0,1,1,3,
2.024E+11,155 723 703,A01,1,7,0,2,3,15,1,
2.024E+11,155 723 705,B01,2,30,0,2,1,1,1,
2.024E+11,155 723 702,A01,1,7,0,2,6,3,1,
2.024E+11,155 723 704,B01,1,7,0,2,6,1,1,
2.024E+11,155 723 698,A01,3,7,0,1,8,1,3,
2.024E+11,155 723 697,A01,1,7,0,2,1,0,2,
2.024E+11,155 723 699,C01,2,7,0,2,9,1,1,
2.024E+11,155 723 700,D01,2,10,0,2,4,2,1,
2.024E+11,155 723 701,B01,2,7,0,2,1,1,1,
2.024E+11,155 723 696,A01,3,7,13,0,1,9,1,
2.024E+11,155 723 694,A01,1,7,0,9,1,13,1,
2.024E+11,155 723 695,B01,2,50,0,2,1,1,3,
2.024E+11,155 723 692,B01,2,50,0,2,1,1,3,
2.024E+11,155 723 693,A01,2,7,0,2,3,1,1,
2.024E+11,155 723 689,A01,3,7,2,0,8,0,1,
2.024E+11,155 723 690,A01,2,32,0,2,2,21,1,
2.024E+11,155 723 691,B01,2,33,0,2,6,1,1,
2.024E+11,155 723 688,A01,1,10,0,1,1,1,1,
2.024E+11,155 723 686,A01,1,33,0,2,1,2,1,
2.024E+11,155 723 687,B01,1,7,0,2,5,2,1,
2.024E+11,155 723 685,A01,3,34,0,0,0,0,1,
2.024E+11,155 723 684,A01,1,1,0,1,1,1,5,
2.024E+11,155 723 683,A01,3,7,1,1,4,4,2,
2.024E+11,155 723 682,A01,2,1,0,1,1,1,5,
2.024E+11,155 723 680,A01,0,7,0,2,1,2,1,
2.024E+11,155 723 681,B01,0,7,0,2,4,1,1,
2.024E+11,155 723 676,C01,1,1,0,2,7,3,5,
2.024E+11,155 723 678,A01,1,14,0,2,5,15,1,
2.024E+11,155 723 679,B01,1,7,0,2,8,16,1,
2.024E+11,155 723 675,B01,1,50,0,2,1,19,3,
2.024E+11,155 723 677,A01,1,7,0,9,1,2,1,
2.024E+11,155 723 673,B01,1,80,0,2,8,1,3,