Num_Acc,id_vehicule,num_veh,senc,catv,obs,obsm,choc,manv,motor,occutc
2.024E+11,155 722 749,B01,2,7,0,2,5,2,1,
2.024E+11,155 722 751,B01,1,7,0,2,4,1,1,
2.024E+11,155 722 757,A01,2,7,0,2,1,2,1,
2.024E+11,155 722 745,A01,1,7,0,1,4,1,1,
2.024E+11,155 722 744,A01,2,7,0,2,1,1,1,
2.024E+11,155 722 746,B01,2,10,0,2,4,1,1,
2.024E+11,155 722 742,A01,1,33,0,2,1,2,1,
2.024E+11,155 722 743,B01,1,7,0,2,4,2,1,
2.024E+11,155 722 737,A01,2,33,0,2,4,17,1,
2.024E+11,155 722 738,B01,2,33,0,2,1,17,1,
2.024E+11,155 722 735,A01,1,7,0,1,2,1,1,
2.024E+11,155 722 733,A01,1,33,0,0,8,3,1,
2.024E+11,155 722 732,A01,1,7,7,2,1,13,1,
2.024E+11,155 722 736,B01,1,7,0,2,1,1,1,
2.024E+11,155 722 731,A01,1,38,0,1,2,21,1,1
2.024E+11,155 722 726,C01,2,7,0,2,4,1,2,
2.024E+11,155 722 728,A01,2,43,0,2,0,3,1,
2.024E+11,155 722 730,B01,2,7,0,2,2,14,1,
2.024E+11,155 722 724,A01,1,1,0,2,6,26,5,
2.024E+11,155 722 729,B01,1,13,0,0,6,1,1,
2.024E+11,155 722 723,B01,1,7,0,2,1,1,1,
2.024E+11,155 722 725,A01,1,7,0,0,8,19,1,
2.024E+11,155 722 727,B01,3,7,0,2,6,23,1,
2.024E+11,155 722 734,C01,3,7,0,2,4,23,0,
2.024E+11,155 722 740,A01,3,7,1,0,1,2,1,
2.024E+11,155 722 720,B01,1,32,0,2,4,3,1,
2.024E+11,155 722 722,A01,1,7,0,2,3,11,1,
2.024E+11,155 722 721,A01,1,7,1,0,2,1,1,
2.024E+11,155 722 718,A01,1,7,0,2,1,9,1,
2.024E+11,155 722 719,B01,2,33,0,2,7,1,1,
2.024E+11,155 722 715,A01,1,7,4,2,3,17,1,
2.024E+11,155 722 717,B01,1,7,4,2,5,1,1,
2.024E+11,155 722 714,A01,2,7,0,1,1,1,1,
2.024E+11,155 722 716,A01,2,7,0,1,3,15,1,
2.024E+11,155 722 709,A01,1,14,0,2,2,21,1,
2.024E+11,155 722 712,B01,1,10,0,2,8,2,1,
2.024E+11,155 722 713,A01,1,7,0,0,0,26,1,
2.024E+11,155 722 708,A01,2,7,0,2,2,2,1,
2.024E+11,155 722 711,B01,2,7,0,2,6,2,1,
2.024E+11,155 722 707,B01,2,30,0,2,1,1,3,
2.024E+11,155 722 710,A01,1,7,0,2,3,15,1,
2.024E+11,155 722 705,A01,3,7,0,1,4,20,1,
2.024E+11,155 722 700,B01,1,7,16,2,3,1,1,
2.024E+11,155 722 702,C01,2,7,0,2,1,1,1,
2.024E+11,155 722 704,D01,2,7,0,2,4,1,1,
2.024E+11,155 722 706,A01,2,7,7,2,8,6,1,
2.024E+11,155 722 699,A01,1,7,0,1,2,16,1,
2.024E+11,155 722 697,A01,1,7,0,2,1,1,1,
2.024E+11,155 722 701,C01,1,7,0,2,0,1,1,
2.024E+11,155 722 703,D01,1,7,14,0,0,1,1,
2.024E+11,155 722 693,A01,1,21,0,9,0,1,1,
2.024E+11,155 722 695,C01,2,1,0,9,0,1,5,
2.024E+11,155 722 696,B01,2,1,0,9,0,1,5,
2.024E+11,155 722 694,A01,2,7,13,0,1,14,1,
2.024E+11,155 722 691,A01,1,7,0,2,3,2,1,
2.024E+11,155 722 692,B01,1,7,1,2,6,0,1,
2.024E+11,155 722 698,A01,1,7,12,0,3,13,1,
2.024E+11,155 722 689,A01,1,7,2,0,1,14,1,
2.024E+11,155 722 690,A01,3,7,0,0,0,1,1,
2.024E+11,155 722 688,A01,1,7,0,1,7,16,1,
2.024E+11,155 722 686,A01,2,7,0,1,1,15,1,
2.024E+11,155 722 684,A01,2,30,0,2,1,1,1,
2.024E+11,155 722 687,B01,1,7,0,2,3,19,1,
2.024E+11,155 722 683,A01,1,10,0,2,1,1,1,
2.024E+11,155 722 685,B01,1,17,0,2,4,1,6,
2.024E+11,155 722 677,A01,0,21,0,0,9,1,1,
2.024E+11,155 722 678,A01,1,50,0,2,1,5,3,
2.024E+11,155 722 681,B01,2,7,0,2,2,23,1,
2.024E+11,155 722 679,B01,3,37,0,2,8,1,1,4
2.024E+11,155 722 682,A01,3,15,0,2,1,9,1,
2.024E+11,155 722 676,A01,1,7,0,2,1,26,2,
2.024E+11,155 722 680,B01,1,7,0,2,2,0,1,
2.024E+11,155 722 672,A01,2,7,0,2,1,17,0,
2.024E+11,155 722 675,B01,2,1,0,2,1,1,0,
2.024E+11,155 722 671,A01,2,7,0,1,3,2,1,
2.024E+11,155 722 673,A01,2,7,0,1,1,16,1,
2.024E+11,155 722 670,Z01,3,7,0,2,3,15,0,
2.024E+11,155 722 674,A01,3,50,0,2,1,1,3,
2.024E+11,155 722 665,B01,0,7,0,2,1,0,1,
2.024E+11,155 722 668,A01,0,7,0,2,4,1,0,
2.024E+11,155 722 663,A01,-1,33,12,2,0,1,1,
2.024E+11,155 722 666,B01,3,34,0,0,0,0,1,
2.024E+11,155 722 664,B01,1,7,0,2,5,1,1,
2.024E+11,155 722 669,A01,1,7,0,2,1,1,1,
2.024E+11,155 722 662,A01,3,7,0,2,1,2,1,
2.024E+11,155 722 667,B01,3,36,0,2,1,1,1,
2.024E+11,155 722 658,A01,2,7,0,1,3,1,1,
2.024E+11,155 722 660,A01,1,1,0,1,1,19,5,
2.024E+11,155 722 657,A01,2,7,0,2,3,1,0,
2.024E+11,155 722 661,B01,2,7,0,2,1,13,1,
2.024E+11,155 722 656,Z01,2,7,0,2,1,15,1,
2.024E+11,155 722 659,B01,1,50,0,2,1,15,3,
2.024E+11,155 722 654,A01,3,7,0,1,3,1,1,
2.024E+11,155 722 649,A01,1,7,0,2,3,13,1,
2.024E+11,155 722 652,B01,2,7,0,2,3,1,1,
2.024E+11,155 722 651,A01,0,7,0,2,1,1,1,
2.024E+11,155 722 655,B01,0,7,0,2,4,26,1,
2.024E+11,155 722 650,A01,3,10,0,2,2,9,1,
2.024E+11,155 722 653,B01,2,10,0,2,0,0,1,
2.024E+11,155 722 648,A01,1,7,0,6,1,1,1,
2.024E+11,155 722 646,A01,1,7,3,0,2,0,1,
2.024E+11,155 722 645,A01,3,30,0,1,1,1,1,
2.024E+11,155 722 643,C01,1,7,0,2,4,2,1,
2.024E+11,155 722 644,A01,1,7,0,2,1,2,1,
2.024E+11,155 722 647,B01,1,7,0,2,4,2,1,
2.024E+11,155 722 641,A01,1,32,3,0,7,1,1,
2.024E+11,155 722 640,B01,2,7,0,2,1,19,1,
2.024E+11,155 722 642,A01,2,7,0,2,8,19,1,
2.024E+11,155 722 639,A01,3,7,0,1,1,16,1,
2.024E+11,155 722 637,A01,2,7,0,2,5,1,1,
2.024E+11,155 722 638,Z01,2,7,0,2,3,26,0,
2.024E+11,155 722 633,A01,2,32,0,2,1,17,1,
2.024E+11,155 722 635,B01,2,7,0,2,3,15,1,
2.024E+11,155 722 629,B01,1,7,0,0,4,1,1,
2.024E+11,155 722 630,A01,1,7,0,2,1,1,1,
2.024E+11,155 722 625,A01,2,7,0,2,1,2,1,
2.024E+11,155 722 627,B01,2,33,0,2,4,11,1,
2.024E+11,155 722 626,A01,1,7,0,2,3,1,1,
2.024E+11,155 722 628,B01,1,30,0,2,1,1,1,
2.024E+11,155 722 624,A01,3,7,0,1,1,15,1,
2.024E+11,155 722 632,A01,3,7,0,1,3,1,1,
2.024E+11,155 722 622,C01,2,7,0,2,1,1,1,
2.024E+11,155 722 631,D01,2,7,0,2,1,2,1,
2.024E+11,155 722 634,A01,2,7,3,2,2,17,1,
2.024E+11,155 722 636,B01,2,15,0,2,3,1,1,
2.024E+11,155 722 620,A01,1,50,0,0,0,1,3,
2.024E+11,155 722 619,A01,2,7,0,2,1,15,1,
2.024E+11,155 722 623,B01,1,30,0,2,1,1,1,
2.024E+11,155 722 618,A01,0,7,0,9,1,16,1,
2.024E+11,155 722 621,B01,0,1,0,2,1,1,5,
2.024E+11,155 722 617,A01,2,7,0,1,2,1,0,
2.024E+11,155 722 612,B01,1,99,0,2,2,1,1,
2.024E+11,155 722 616,A01,1,10,0,2,2,13,1,
2.024E+11,155 722 611,B01,1,50,9,0,1,1,3,
2.024E+11,155 722 615,A01,0,1,9,0,1,15,5,
2.024E+11,155 722 610,A01,2,7,0,2,1,5,1,
2.024E+11,155 722 613,B01,1,33,0,2,1,1,1,
2.024E+11,155 722 614,C01,1,7,0,2,3,1,1,
2.024E+11,155 722 609,A01,1,7,0,1,3,13,1,
2.024E+11,155 722 608,A01,2,7,0,0,9,1,0,
2.024E+11,155 722 607,A01,1,10,0,1,3,1,1,
2.024E+11,155 722 606,A01,1,10,11,0,3,1,1,
2.024E+11,155 722 604,A01,3,7,0,1,2,2,1,
2.024E+11,155 722 602,A01,2,7,0,0,2,15,1,
2.024E+11,155 722 605,B01,1,32,0,2,1,1,1,
2.024E+11,155 722 600,B01,2,34,0,2,7,1,1,
2.024E+11,155 722 603,A01,1,7,0,2,3,1,1,
2.024E+11,155 722 599,A01,3,7,0,2,8,15,1,
2.024E+11,155 722 601,B01,3,34,0,2,3,2,1,
2.024E+11,155 722 597,A01,1,50,0,0,0,26,3,
2.024E+11,155 722 596,B01,2,7,14,2,1,19,0,
2.024E+11,155 722 598,A01,2,7,14,0,0,9,1,
2.024E+11,155 722 594,A01,1,7,0,2,8,22,0,
2.024E+11,155 722 595,B01,1,1,14,2,3,18,5,
2.024E+11,155 722 593,A01,1,33,0,0,1,15,1,
2.024E+11,155 722 592,A01,3,7,0,1,2,16,1,
2.024E+11,155 722 590,A01,3,7,2,0,1,1,1,
2.024E+11,155 722 589,A01,1,7,15,1,3,13,1,
2.024E+11,155 722 587,A01,1,7,0,1,2,1,1,
2.024E+11,155 722 585,B01,1,38,0,2,2,1,1,3
2.024E+11,155 722 588,A01,1,7,0,2,3,16,1,
2.024E+11,155 722 584,A01,1,33,4,0,8,1,1,
2.024E+11,155 722 582,A01,1,7,2,0,1,0,1,
2.024E+11,155 722 583,A01,2,50,0,2,1,1,3,
2.024E+11,155 722 586,B01,0,7,0,2,3,15,1,
2.024E+11,155 722 581,A01,1,7,0,1,2,1,1,
2.024E+11,155 722 580,A01,3,50,12,0,1,1,3,
2.024E+11,155 722 578,A01,0,7,0,1,3,1,1,
2.024E+11,155 722 576,A01,1,7,6,0,3,13,1,
2.024E+11,155 722 577,A01,2,31,0,0,8,1,1,
2.024E+11,155 722 579,B01,1,7,0,0,1,15,1,
2.024E+11,155 722 575,A01,1,7,0,1,2,1,1,
2.024E+11,155 722 574,A01,1,7,0,1,1,15,1,
2.024E+11,155 722 573,A01,1,7,12,0,2,14,1,
2.024E+11,155 722 572,A01,3,31,4,0,3,0,1,
2.024E+11,155 722 571,A01,3,7,13,0,0,0,5,
2.024E+11,155 722 568,A01,2,2,0,0,9,1,1,
2.024E+11,155 722 567,A01,1,7,0,1,3,1,1,
2.024E+11,155 722 565,A01,0,7,0,2,2,1,1,
2.024E+11,155 722 570,B01,0,1,0,2,4,19,5,
2.024E+11,155 722 566,A01,2,10,0,2,2,15,1,
2.024E+11,155 722 569,B01,1,33,0,2,2,15,1,
2.024E+11,155 722 562,A01,3,7,0,2,3,1,1,
2.024E+11,155 722 564,B01,3,7,9,2,2,19,1,
2.024E+11,155 722 561,A01,1,7,0,1,1,17,1,
2.024E+11,155 722 560,A01,1,50,0,1,1,1,3,
2.024E+11,155 722 559,A01,2,7,0,2,1,2,1,
2.024E+11,155 722 563,B01,2,13,0,0,4,2,1,
2.024E+11,155 722 557,A01,1,7,0,1,4,4,1,
2.024E+11,155 722 555,A01,1,7,0,2,3,9,1,
2.024E+11,155 722 558,B01,2,1,0,2,7,1,5,
2.024E+11,155 722 552,A01,0,10,0,2,8,15,1,
2.024E+11,155 722 556,B01,0,7,0,2,3,1,1,
2.024E+11,155 722 553,A01,1,7,8,2,8,1,1,
2.024E+11,155 722 554,B01,2,7,0,2,1,1,1,
2.024E+11,155 722 548,Z01,1,14,0,0,0,0,0,
2.024E+11,155 722 550,A01,1,7,0,2,8,1,1,
2.024E+11,155 722 549,A01,1,1,0,2,1,19,5,
2.024E+11,155 722 551,B01,2,7,0,2,6,1,1,
2.024E+11,155 722 546,A01,3,7,4,0,1,1,1,
2.024E+11,155 722 545,A01,2,7,0,2,3,1,1,
2.024E+11,155 722 547,B01,1,7,0,2,1,1,1,
2.024E+11,155 722 543,A01,2,33,0,2,1,1,1,
2.024E+11,155 722 542,A01,1,7,0,2,1,13,1,
2.024E+11,155 722 544,B01,2,7,0,2,1,21,1,
2.024E+11,155 722 538,A01,2,7,0,2,1,16,1,
2.024E+11,155 722 541,B01,2,1,0,2,8,19,5,
2.024E+11,155 722 535,A01,1,7,3,2,1,1,1,
2.024E+11,155 722 539,B01,1,7,0,2,1,2,1,
2.024E+11,155 722 536,A01,2,7,0,2,1,13,1,
2.024E+11,155 722 537,B01,1,7,0,2,1,1,1,
2.024E+11,155 722 534,A01,3,7,8,2,2,1,1,
2.024E+11,155 722 540,B01,3,7,8,2,3,1,1,
2.024E+11,155 722 530,A01,2,10,0,2,2,16,1,
2.024E+11,155 722 533,B01,2,80,0,2,3,1,3,
2.024E+11,155 722 529,B01,1,33,0,2,3,13,1,
2.024E+11,155 722 531,A01,2,10,0,2,8,21,1,
2.024E+11,155 722 528,A01,1,2,14,0,1,1,1,
2.024E+11,155 722 527,A01,1,7,13,0,0,1,0,
2.024E+11,155 722 524,A01,2,7,2,2,1,13,1,
2.024E+11,155 722 525,A01,2,33,11,0,1,13,1,
2.024E+11,155 722 522,A01,1,32,0,0,0,14,2,
2.024E+11,155 722 523,A01,1,7,0,2,1,1,1,
2.024E+11,155 722 526,B01,1,2,0,2,1,11,1,
2.024E+11,155 722 520,A01,1,7,4,0,0,1,1,
2.024E+11,155 722 519,A01,1,10,16,0,9,13,1,
2.024E+11,155 722 515,Z01,1,7,0,2,1,0,0,
2.024E+11,155 722 517,A01,1,7,0,2,4,1,1,
2.024E+11,155 722 516,C01,1,7,0,2,4,1,1,
2.024E+11,155 722 518,A01,1,7,0,2,1,2,1,
2.024E+11,155 722 521,B01,1,7,0,2,4,1,2,
2.024E+11,155 722 513,B01,2,34,0,2,1,1,1,
2.024E+11,155 722 514,A01,1,7,0,2,6,1,1,
2.024E+11,155 722 510,A01,3,1,0,0,0,1,5,
2.024E+11,155 722 509,B01,2,7,0,2,6,2,1,
2.024E+11,155 722 511,A01,2,7,0,2,1,2,1,
2.024E+11,155 722 507,A01,2,7,0,2,1,2,1,
2.024E+11,155 722 512,B01,2,7,0,2,4,2,1,
2.024E+11,155 722 506,A01,3,7,2,2,7,20,1,
2.024E+11,155 722 508,B01,3,1,0,2,1,1,5,
2.024E+11,155 722 504,A01,1,7,0,2,5,15,1,
2.024E+11,155 722 505,B01,2,50,0,2,1,17,3,
2.024E+11,155 722 503,A01,2,7,6,0,8,1,1,
2.024E+11,155 722 500,A01,1,2,0,0,0,0,1,
2.024E+11,155 722 499,A01,2,7,0,2,3,1,2,
2.024E+11,155 722 502,B01,1,7,0,2,3,13,1,
2.024E+11,155 722 498,A01,2,7,0,2,2,1,1,
2.024E+11,155 722 501,B01,2,7,0,2,6,15,1,
2.024E+11,155 722 494,A01,2,7,0,1,6,4,1,
2.024E+11,155 722 493,B01,2,1,0,2,3,1,5,
2.024E+11,155 722 496,A01,1,7,0,0,3,15,1,
2.024E+11,155 722 489,A01,2,7,0,2,3,23,1,
2.024E+11,155 722 491,B01,1,1,0,2,7,2,5,
2.024E+11,155 722 488,B01,1,1,0,2,2,1,5,
2.024E+11,155 722 490,A01,0,7,0,2,1,15,1,
2.024E+11,155 722 492,B01,3,7,0,2,7,1,1,
2.024E+11,155 722 497,A01,3,7,0,2,1,15,1,
2.024E+11,155 722 487,A01,1,7,8,0,1,14,1,
2.024E+11,155 722 486,A01,1,7,0,2,7,10,1,
2.024E+11,155 722 495,B01,1,31,0,2,1,1,1,
2.024E+11,155 722 482,B01,1,1,0,2,2,1,5,
2.024E+11,155 722 485,A01,1,7,0,2,2,9,1,
2.024E+11,155 722 480,A01,1,33,13,0,8,2,1,
2.024E+11,155 722 481,A01,1,7,0,0,6,21,0,
2.024E+11,155 722 484,B01,1,31,0,2,1,17,0,
2.024E+11,155 722 479,A01,1,33,0,1,1,1,1,
2.024E+11,155 722 476,A01,2,7,0,2,1,1,1,
2.024E+11,155 722 478,C01,2,7,0,0,0,0,1,
2.024E+11,155 722 483,B01,2,7,0,0,4,1,2,
2.024E+11,155 722 474,A01,2,7,0,1,2,2,1,
2.024E+11,155 722 472,A01,1,7,0,2,4,15,1,
2.024E+11,155 722 477,B01,1,7,0,2,1,1,1,
2.024E+11,155 722 473,B01,1,7,0,2,3,2,1,
2.024E+11,155 722 475,A01,2,7,0,2,3,1,1,
2.024E+11,155 722 469,A01,0,7,8,0,1,14,1,
2.024E+11,155 722 468,A01,3,7,0,2,3,17,1,
2.024E+11,155 722 471,B01,3,7,0,2,3,1,1,
2.024E+11,155 722 466,B01,2,33,14,2,2,3,1,
2.024E+11,155 722 470,A01,2,7,14,2,3,13,1,
2.024E+11,155 722 463,A01,3,10,0,2,3,2,1,
2.024E+11,155 722 464,B01,3,7,0,2,4,2,1,
2.024E+11,155 722 467,C01,3,7,0,2,4,2,1,
2.024E+11,155 722 461,A01,1,30,0,0,0,0,1,
2.024E+11,155 722 460,A01,1,7,0,0,4,23,1,
2.024E+11,155 722 465,B01,1,7,0,2,1,1,1,
2.024E+11,155 722 459,A01,3,7,0,1,1,1,2,
2.024E+11,155 722 458,A01,1,7,11,0,3,13,1,
2.024E+11,155 722 456,A01,2,7,13,0,8,13,1,
2.024E+11,155 722 457,B01,2,7,0,2,8,15,1,
2.024E+11,155 722 462,A01,2,43,0,2,1,17,1,
2.024E+11,155 722 454,A01,1,7,0,1,3,15,1,
2.024E+11,155 722 451,A01,2,7,8,0,1,0,1,
2.024E+11,155 722 452,A01,1,7,2,0,7,1,1,
2.024E+11,155 722 450,A01,1,7,0,2,5,15,1,
2.024E+11,155 722 455,B01,1,32,0,2,3,2,1,
2.024E+11,155 722 448,B01,2,7,0,2,3,1,1,
2.024E+11,155 722 453,A01,1,7,0,2,1,26,1,
2.024E+11,155 722 444,A01,2,30,0,2,2,17,1,
2.024E+11,155 722 449,B01,2,7,0,2,8,0,3,
2.024E+11,155 722 441,A01,3,1,0,2,0,1,5,
2.024E+11,155 722 445,B01,3,7,0,9,8,15,1,
2.024E+11,155 722 443,A01,3,7,0,2,7,1,1,
2.024E+11,155 722 447,B01,0,2,0,2,1,1,1,
2.024E+11,155 722 442,B01,2,20,0,0,6,15,1,
2.024E+11,155 722 446,A01,2,7,0,2,2,17,1,
2.024E+11,155 722 436,A01,2,7,13,0,9,1,1,
2.024E+11,155 722 438,B01,1,7,0,2,5,1,1,
2.024E+11,155 722 440,A01,1,2,0,2,1,9,1,
2.024E+11,155 722 432,A01,1,10,0,1,7,2,1,
2.024E+11,155 722 434,A01,1,7,0,2,1,15,2,
2.024E+11,155 722 437,B01,2,1,0,2,3,1,5,
2.024E+11,155 722 428,A01,0,1,0,0,1,1,5,
2.024E+11,155 722 429,B01,2,15,0,2,4,2,1,
2.024E+11,155 722 430,A01,2,10,3,2,1,2,1,
2.024E+11,155 722 422,C01,2,7,0,2,8,23,1,
2.024E+11,155 722 425,A01,2,32,0,2,1,17,1,
2.024E+11,155 722 427,B01,1,7,0,2,1,1,1,
2.024E+11,155 722 421,B01,1,33,0,2,7,3,1,
2.024E+11,155 722 424,A01,1,7,0,2,2,1,1,
2.024E+11,155 722 426,C01,1,7,0,2,1,1,1,
2.024E+11,155 722 419,A01,0,2,0,2,1,1,1,
2.024E+11,155 722 423,B01,0,7,0,0,4,15,1,
2.024E+11,155 722 417,A01,1,33,0,2,1,2,1,
2.024E+11,155 722 420,B01,1,7,0,2,4,1,1,
2.024E+11,155 722 416,A01,3,7,0,1,1,0,1,
2.024E+11,155 722 418,A01,1,7,0,1,1,1,1,
2.024E+11,155 722 415,A01,1,7,0,0,1,1,1,
2.024E+11,155 722 414,A01,0,7,16,0,0,17,1,
2.024E+11,155 722 412,A01,2,7,0,2,2,19,1,
2.024E+11,155 722 413,B01,1,32,0,2,5,17,1,
2.024E+11,155 722 409,A01,2,10,0,1,2,0,1,
2.024E+11,155 722 407,A01,1,7,2,0,7,1,1,
2.024E+11,155 722 406,A01,3,7,0,2,2,1,1,
2.024E+11,155 722 410,B01,3,7,0,2,1,1,1,
2.024E+11,155 722 405,A01,1,7,8,0,0,14,1,
2.024E+11,155 722 404,A01,3,7,0,1,1,15,1,
2.024E+11,155 722 401,A01,1,7,0,2,0,0,0,
2.024E+11,155 722 402,B01,1,7,0,2,4,0,1,
2.024E+11,155 722 399,A01,2,7,0,2,2,15,1,
2.024E+11,155 722 403,B01,1,33,0,2,1,1,1,
2.024E+11,155 722 396,Z01,2,7,0,1,1,0,1,
2.024E+11,155 722 397,A01,2,7,0,2,3,2,1,
2.024E+11,155 722 400,B01,2,33,0,2,4,2,1,
2.024E+11,155 722 395,A01,0,7,0,2,8,0,1,
2.024E+11,155 722 398,B01,1,7,0,2,1,1,1,
2.024E+11,155 722 394,A01,2,7,0,1,3,1,1,
2.024E+11,155 722 393,A01,2,7,3,0,1,2,1,
2.024E+11,155 722 392,A01,2,7,0,0,3,13,1,
2.024E+11,155 722 391,A01,0,7,0,1,2,1,1,
2.024E+11,155 722 390,A01,0,7,0,1,1,1,1,
2.024E+11,155 722 387,B01,1,7,0,2,5,2,1,
2.024E+11,155 722 389,A01,1,7,0,2,1,2,1,
2.024E+11,155 722 386,A01,1,10,0,1,3,2,1,
2.024E+11,155 722 384,A01,2,2,0,2,3,9,1,
2.024E+11,155 722 388,B01,1,10,0,2,1,1,1,
2.024E+11,155 722 383,A01,1,7,2,0,5,14,1,
2.024E+11,155 722 382,A01,2,7,0,2,8,22,1,
2.024E+11,155 722 385,B01,2,1,0,2,7,1,5,
2.024E+11,155 722 375,Z01,2,7,0,2,1,9,0,
2.024E+11,155 722 381,A01,2,1,0,2,7,1,5,
2.024E+11,155 722 374,A01,2,7,0,2,3,0,1,
2.024E+11,155 722 380,B01,1,7,0,2,3,0,1,
2.024E+11,155 722 373,B01,1,34,0,2,2,1,1,
2.024E+11,155 722 378,A01,1,7,0,2,6,16,1,
2.024E+11,155 722 377,B01,3,33,0,2,1,1,1,
2.024E+11,155 722 379,A01,3,10,0,2,1,15,1,
2.024E+11,155 722 372,A01,2,10,0,2,8,10,1,
2.024E+11,155 722 376,B01,2,30,0,2,2,17,1,
2.024E+11,155 722 368,B01,2,7,0,2,2,1,1,
2.024E+11,155 722 371,C01,2,0,0,2,5,12,-1,
2.024E+11,155 722 366,A01,3,7,0,1,1,16,1,
2.024E+11,155 722 364,C01,2,17,0,0,5,1,1,
2.024E+11,155 722 367,A01,2,17,0,2,2,1,0,
2.024E+11,155 722 369,B01,2,15,0,0,4,1,0,
2.024E+11,155 722 361,A01,2,7,14,0,1,6,1,
2.024E+11,155 722 363,A01,1,7,0,2,9,13,1,
2.024E+11,155 722 365,B01,2,7,13,2,3,1,1,
2.024E+11,155 722 370,C01,2,7,0,2,1,1,1,
2.024E+11,155 722 360,A01,1,7,0,1,2,15,2,
2.024E+11,155 722 358,B01,1,7,0,0,0,9,0,
2.024E+11,155 722 359,A01,2,32,0,0,0,1,1,
2.024E+11,155 722 355,A01,1,7,0,1,1,1,1,
2.024E+11,155 722 354,B01,-1,40,0,9,2,1,3,
2.024E+11,155 722 357,A01,-1,1,0,4,3,15,5,
2.024E+11,155 722 353,A01,3,7,6,2,5,4,1,
2.024E+11,155 722 356,B01,2,7,0,2,2,1,1,
2.024E+11,155 722 350,A01,1,10,0,9,2,2,0,
2.024E+11,155 722 351,B01,1,1,0,0,8,2,5,
2.024E+11,155 722 349,B01,1,33,0,2,1,18,1,
2.024E+11,155 722 352,A01,2,7,0,2,7,15,1,
2.024E+11,155 722 345,B01,2,30,0,2,4,0,3,
2.024E+11,155 722 348,A01,2,7,0,2,1,1,1,
2.024E+11,155 722 343,A01,1,33,3,9,4,2,1,
2.024E+11,155 722 346,B01,1,7,0,0,1,11,1,
2.024E+11,155 722 344,A01,2,7,14,0,1,21,1,
2.024E+11,155 722 347,B01,2,7,0,0,6,2,1,
2.024E+11,155 722 340,A01,2,7,0,2,1,13,1,
2.024E+11,155 722 341,B01,1,7,0,2,1,1,1,
2.024E+11,155 722 339,A01,1,10,0,2,8,15,1,
2.024E+11,155 722 342,B01,1,33,0,2,1,3,0,
2.024E+11,155 722 338,A01,1,33,2,0,9,1,1,
2.024E+11,155 722 337,A01,1,7,0,1,7,1,1,
2.024E+11,155 722 334,A01,3,7,0,1,4,4,1,
2.024E+11,155 722 336,A01,2,7,0,1,1,1,0,
2.024E+11,155 722 333,A01,1,7,0,2,7,15,1,
2.024E+11,155 722 335,B01,2,33,0,2,1,0,1,
2.024E+11,155 722 331,A01,0,7,15,0,3,13,1,
2.024E+11,155 722 328,B01,1,1,0,2,8,1,5,
2.024E+11,155 722 330,A01,1,14,0,2,7,1,1,
2.024E+11,155 722 327,A01,0,50,0,0,8,25,3,
2.024E+11,155 722 323,A01,2,7,0,2,3,15,1,
2.024E+11,155 722 325,B01,1,7,0,2,8,1,1,
2.024E+11,155 722 319,A01,0,21,0,2,4,1,1,
2.024E+11,155 722 321,B01,0,7,0,2,4,23,1,
2.024E+11,155 722 320,B01,2,7,0,2,2,1,1,
2.024E+11,155 722 324,A01,2,7,0,2,3,16,3,
2.024E+11,155 722 318,A01,3,3,0,2,1,9,1,
2.024E+11,155 722 322,B01,3,7,0,2,3,1,1,
2.024E+11,155 722 317,A01,3,7,0,1,6,4,1,
2.024E+11,155 722 315,A01,2,30,0,2,1,11,1,
2.024E+11,155 722 316,B01,1,7,0,2,1,1,3,
2.024E+11,155 722 314,A01,1,7,2,0,1,0,1,
2.024E+11,155 722 313,B01,2,38,0,1,1,1,1,1
2.024E+11,155 722 312,A01,1,10,2,0,2,0,1,
2.024E+11,155 722 309,A01,1,7,16,2,8,15,1,
2.024E+11,155 722 311,B01,1,10,0,2,1,11,1,
2.024E+11,155 722 305,A01,3,7,0,2,3,16,2,
2.024E+11,155 722 307,B01,3,1,0,2,7,16,5,
2.024E+11,155 722 304,A01,2,7,0,2,1,13,1,
2.024E+11,155 722 308,B01,1,7,0,2,1,1,1,
2.024E+11,155 722 310,C01,2,7,0,2,1,1,1,
2.024E+11,155 722 306,A01,1,7,15,0,2,14,1,
2.024E+11,155 722 302,A01,3,7,0,2,1,0,1,
2.024E+11,155 722 303,B01,3,50,0,2,0,0,3,
2.024E+11,155 722 298,A01,3,7,0,2,4,4,1,
2.024E+11,155 722 300,B01,3,15,0,2,1,2,0,
2.024E+11,155 722 299,A01,1,7,0,2,6,11,1,
2.024E+11,155 722 301,B01,1,33,0,2,7,1,1,
2.024E+11,155 722 297,A01,2,7,0,1,1,16,1,
2.024E+11,155 722 296,A01,3,7,2,0,1,1,1,
2.024E+11,155 722 291,B01,0,7,0,2,1,16,1,
2.024E+11,155 722 295,A01,0,50,0,2,1,1,3,
2.024E+11,155 722 290,B01,3,34,0,2,6,1,1,
2.024E+11,155 722 293,A01,3,7,0,2,2,16,1,
2.024E+11,155 722 289,A01,2,10,0,0,0,15,1,
2.024E+11,155 722 294,B01,1,33,0,0,0,21,1,
2.024E+11,155 722 287,A01,1,7,1,0,8,1,1,
2.024E+11,155 722 286,A01,2,31,0,0,0,1,1,
2.024E+11,155 722 284,A01,2,7,1,0,9,1,1,
2.024E+11,155 722 283,B01,2,1,0,2,3,1,5,