Num_Acc,id_vehicule,num_veh,senc,catv,obs,obsm,choc,manv,motor,occutc
2.024E+11,155 721 373,B01,0,50,0,0,0,0,3,
2.024E+11,155 721 369,A01,3,7,0,2,3,1,1,
2.024E+11,155 721 371,B01,3,7,0,2,3,14,1,
2.024E+11,155 721 367,A01,3,7,0,1,2,1,1,
2.024E+11,155 721 366,B01,0,30,0,2,4,1,1,
2.024E+11,155 721 368,A01,0,7,0,9,1,1,1,
2.024E+11,155 721 362,A01,3,50,0,2,8,19,3,
2.024E+11,155 721 364,B01,0,7,0,2,0,2,1,
2.024E+11,155 721 361,B01,1,7,0,2,4,23,1,
2.024E+11,155 721 363,C01,1,7,0,2,4,23,1,
2.024E+11,155 721 365,A01,1,7,0,2,1,2,2,
2.024E+11,155 721 357,A01,1,7,0,2,3,13,1,
2.024E+11,155 721 359,B01,2,7,0,2,3,1,1,
2.024E+11,155 721 353,A01,1,33,0,2,1,1,1,
2.024E+11,155 721 355,B01,1,7,0,0,4,15,1,
2.024E+11,155 721 354,B01,1,50,0,2,1,1,3,
2.024E+11,155 721 356,A01,2,7,0,9,2,16,1,
2.024E+11,155 721 352,A01,1,50,1,0,1,1,3,
2.024E+11,155 721 351,A01,1,31,13,0,3,1,1,
2.024E+11,155 721 350,A01,2,7,0,2,2,1,1,
2.024E+11,155 721 348,A01,2,7,0,2,2,11,1,
2.024E+11,155 721 349,B01,2,7,0,2,4,1,1,
2.024E+11,155 721 346,A01,2,7,0,2,3,15,1,
2.024E+11,155 721 347,B01,1,32,0,2,2,17,1,
2.024E+11,155 721 345,A01,1,7,0,1,1,2,2,
2.024E+11,155 721 344,A01,1,50,0,1,1,25,3,
2.024E+11,155 721 340,B01,3,1,0,2,3,19,5,
2.024E+11,155 721 342,C01,1,1,0,2,0,0,5,
2.024E+11,155 721 343,A01,1,7,0,2,1,1,0,
2.024E+11,155 721 339,B01,3,7,0,2,2,1,1,
2.024E+11,155 721 341,A01,3,7,0,2,3,19,1,
2.024E+11,155 721 337,A01,2,7,0,1,1,1,1,
2.024E+11,155 721 334,A01,3,7,0,2,1,9,1,
2.024E+11,155 721 335,B01,3,10,0,2,7,9,1,
2.024E+11,155 721 336,B01,1,7,0,2,1,15,1,
2.024E+11,155 721 338,A01,1,7,0,2,6,15,2,
2.024E+11,155 721 332,A01,2,34,0,2,1,12,1,
2.024E+11,155 721 333,B01,2,10,0,2,5,1,1,
2.024E+11,155 721 330,A01,1,37,1,2,7,17,1,2
2.024E+11,155 721 331,B01,1,37,0,2,6,23,1,1
2.024E+11,155 721 329,A01,1,10,0,1,4,20,1,
2.024E+11,155 721 326,A01,2,1,0,2,3,15,5,
2.024E+11,155 721 327,B01,1,80,0,2,1,1,3,
2.024E+11,155 721 324,A01,2,1,0,2,8,13,5,
2.024E+11,155 721 325,B01,1,30,0,2,8,1,3,
2.024E+11,155 721 323,A01,2,31,0,2,1,17,1,
2.024E+11,155 721 328,B01,2,7,0,2,8,15,1,
2.024E+11,155 721 321,B01,2,1,0,2,6,2,5,
2.024E+11,155 721 322,Z01,2,7,0,2,2,2,0,
2.024E+11,155 721 318,A01,2,10,0,2,1,19,1,
2.024E+11,155 721 319,B01,2,33,0,2,7,1,1,
2.024E+11,155 721 315,A01,2,7,0,2,3,16,1,
2.024E+11,155 721 317,B01,2,50,0,2,1,25,3,
2.024E+11,155 721 313,A01,2,33,1,1,1,1,1,
2.024E+11,155 721 314,A01,3,10,0,2,2,15,1,
2.024E+11,155 721 316,B01,3,33,0,2,7,1,1,
2.024E+11,155 721 312,A01,2,33,4,0,2,1,1,
2.024E+11,155 721 310,A01,1,7,0,2,3,1,2,
2.024E+11,155 721 311,B01,2,1,0,2,1,1,5,
2.024E+11,155 721 308,B01,0,7,0,2,1,13,0,
2.024E+11,155 721 309,Z01,0,0,0,2,0,26,0,
2.024E+11,155 721 306,A01,2,7,0,2,2,19,1,
2.024E+11,155 721 307,B01,3,7,0,2,1,15,1,
2.024E+11,155 721 305,A01,3,7,1,1,3,15,1,
2.024E+11,155 721 303,A01,1,7,0,2,2,1,2,
2.024E+11,155 721 304,B01,1,50,8,0,3,13,3,
2.024E+11,155 721 301,B01,0,50,0,2,1,1,3,
2.024E+11,155 721 302,A01,3,7,0,2,2,20,1,
2.024E+11,155 721 300,A01,0,7,2,0,1,2,2,
2.024E+11,155 721 299,A01,3,14,0,1,2,15,1,
2.024E+11,155 721 297,B01,1,14,0,0,7,0,0,
2.024E+11,155 721 298,A01,3,7,0,0,8,0,0,
2.024E+11,155 721 295,B01,0,7,0,2,3,15,0,
2.024E+11,155 721 296,A01,0,43,0,2,3,1,1,
2.024E+11,155 721 294,A01,3,7,0,1,3,1,1,
2.024E+11,155 721 293,A01,1,10,0,1,1,0,3,
2.024E+11,155 721 289,A01,1,7,0,2,1,1,1,
2.024E+11,155 721 290,B01,1,7,0,2,4,23,1,
2.024E+11,155 721 291,C01,1,7,0,2,4,23,1,
2.024E+11,155 721 292,D01,1,7,0,2,4,23,1,
2.024E+11,155 721 287,B01,1,7,0,2,2,0,1,
2.024E+11,155 721 288,A01,2,7,8,2,0,1,1,
2.024E+11,155 721 286,A01,0,60,14,0,1,25,5,
2.024E+11,155 721 284,B01,2,7,0,2,1,2,1,
2.024E+11,155 721 285,A01,2,7,0,2,4,2,3,
2.024E+11,155 721 282,B01,1,7,0,2,7,16,1,
2.024E+11,155 721 283,A01,1,32,0,2,1,1,1,
2.024E+11,155 721 281,A01,3,7,0,1,3,1,2,
2.024E+11,155 721 279,B01,0,34,0,2,8,1,1,
2.024E+11,155 721 280,A01,3,7,0,2,2,23,1,
2.024E+11,155 721 277,B01,2,7,0,2,4,1,2,
2.024E+11,155 721 278,A01,2,30,0,2,1,1,3,
2.024E+11,155 721 276,A01,3,33,0,1,8,0,1,
2.024E+11,155 721 274,A01,2,7,0,0,8,10,1,
2.024E+11,155 721 275,B01,2,7,0,2,2,21,1,
2.024E+11,155 721 273,A01,3,2,1,0,1,17,1,
2.024E+11,155 721 272,A01,3,2,13,0,7,2,1,
2.024E+11,155 721 270,A01,1,7,0,2,3,1,1,
2.024E+11,155 721 271,B01,3,1,0,2,8,19,5,
2.024E+11,155 721 269,A01,2,33,0,6,8,1,1,
2.024E+11,155 721 268,A01,3,7,13,0,1,1,1,
2.024E+11,155 721 266,A01,1,7,0,2,2,15,1,
2.024E+11,155 721 267,B01,2,2,0,2,1,1,1,
2.024E+11,155 721 265,A01,2,14,0,0,0,1,1,
2.024E+11,155 721 263,A01,2,7,0,2,7,15,1,
2.024E+11,155 721 264,B01,1,33,0,2,1,1,1,
2.024E+11,155 721 262,A01,2,2,6,0,1,1,1,
2.024E+11,155 721 261,A01,1,7,4,0,3,1,1,
2.024E+11,155 721 259,B01,1,7,0,2,8,1,1,
2.024E+11,155 721 260,A01,2,7,8,2,3,13,2,
2.024E+11,155 721 258,A01,3,34,0,0,8,15,1,
2.024E+11,155 721 257,A01,1,7,0,0,9,0,1,
2.024E+11,155 721 256,A01,2,7,13,0,3,1,1,
2.024E+11,155 721 254,A01,2,1,0,2,0,0,5,
2.024E+11,155 721 255,B01,0,15,0,0,3,1,1,
2.024E+11,155 721 252,A01,2,7,0,2,2,17,1,
2.024E+11,155 721 253,B01,2,7,0,2,8,15,1,
2.024E+11,155 721 250,A01,1,7,0,2,3,1,1,
2.024E+11,155 721 251,B01,2,33,0,2,3,1,1,
2.024E+11,155 721 248,A01,1,7,0,2,1,1,1,
2.024E+11,155 721 249,B01,2,15,0,0,6,9,1,
2.024E+11,155 721 247,A01,1,7,15,0,1,1,3,
2.024E+11,155 721 246,A01,2,33,0,0,3,1,1,
2.024E+11,155 721 245,A01,2,33,2,0,2,1,1,
2.024E+11,155 721 242,A01,0,7,12,1,1,20,2,
2.024E+11,155 721 243,A01,1,7,0,2,8,13,1,
2.024E+11,155 721 244,B01,2,15,0,2,3,14,1,
2.024E+11,155 721 239,A01,1,7,0,2,1,1,1,
2.024E+11,155 721 240,B01,2,7,0,2,1,1,1,
2.024E+11,155 721 238,A01,3,7,6,2,2,1,1,
2.024E+11,155 721 241,B01,3,7,0,0,2,15,1,
2.024E+11,155 721 235,A01,2,33,0,2,8,1,1,
2.024E+11,155 721 236,B01,1,7,0,2,3,13,1,
2.024E+11,155 721 234,A01,3,7,15,2,1,19,1,
2.024E+11,155 721 237,B01,3,30,0,2,1,1,1,
2.024E+11,155 721 233,A01,0,2,0,9,0,0,1,
2.024E+11,155 721 231,A01,2,7,0,2,3,15,2,
2.024E+11,155 721 232,B01,2,33,0,2,1,17,1,
2.024E+11,155 721 228,B01,2,15,0,2,3,1,0,
2.024E+11,155 721 230,A01,1,7,0,2,3,5,0,
2.024E+11,155 721 226,A01,1,33,8,0,1,26,1,
2.024E+11,155 721 222,C01,2,7,0,2,7,21,1,
2.024E+11,155 721 223,A01,1,7,0,2,7,13,1,
2.024E+11,155 721 224,B01,2,7,0,2,1,1,1,
2.024E+11,155 721 225,B01,2,7,0,9,7,17,1,
2.024E+11,155 721 227,A01,2,1,0,2,8,11,5,
2.024E+11,155 721 221,A01,3,7,8,0,1,1,1,
2.024E+11,155 721 218,A01,1,7,0,2,1,17,1,
2.024E+11,155 721 220,B01,2,7,0,2,1,1,1,
2.024E+11,155 721 217,B01,2,7,0,2,4,2,1,
2.024E+11,155 721 219,A01,2,10,0,2,1,2,3,
2.024E+11,155 721 215,A01,1,7,0,1,2,2,1,
2.024E+11,155 721 214,B01,2,7,0,2,7,21,1,
2.024E+11,155 721 216,A01,1,10,0,2,2,5,1,
2.024E+11,155 721 213,A01,2,33,0,0,8,1,1,
2.024E+11,155 721 211,A01,1,7,0,2,1,0,1,
2.024E+11,155 721 212,B01,1,7,0,0,4,14,1,
2.024E+11,155 721 210,A01,1,2,13,0,1,26,1,
2.024E+11,155 721 209,A01,1,2,12,0,0,1,1,
2.024E+11,155 721 208,A01,1,7,0,1,3,1,1,
2.024E+11,155 721 206,B01,1,7,0,2,1,1,1,
2.024E+11,155 721 207,A01,2,7,0,2,1,5,1,
2.024E+11,155 721 202,A01,2,7,0,2,2,2,1,
2.024E+11,155 721 204,B01,2,7,0,0,6,23,1,
2.024E+11,155 721 203,A01,1,10,0,2,1,19,1,
2.024E+11,155 721 205,B01,2,7,0,2,6,19,1,
2.024E+11,155 721 201,A01,2,33,3,0,7,1,1,
2.024E+11,155 721 200,A01,2,7,0,9,1,13,1,
2.024E+11,155 721 196,A01,2,7,13,0,0,21,1,
2.024E+11,155 721 198,B01,1,10,0,0,0,15,1,
2.024E+11,155 721 197,A01,3,7,2,2,2,1,3,
2.024E+11,155 721 199,B01,3,2,0,0,5,1,1,
2.024E+11,155 721 193,B01,1,2,0,2,1,19,0,
2.024E+11,155 721 195,A01,1,7,0,2,8,1,1,
2.024E+11,155 721 192,A01,3,7,0,2,3,15,1,
2.024E+11,155 721 194,B01,1,33,0,2,1,1,1,
2.024E+11,155 721 190,A01,2,10,0,0,1,13,1,
2.024E+11,155 721 191,B01,1,32,0,9,1,1,1,
2.024E+11,155 721 189,A01,2,7,6,0,1,1,1,
2.024E+11,155 721 187,A01,3,50,0,1,8,2,3,
2.024E+11,155 721 184,A01,0,31,0,9,1,2,1,
2.024E+11,155 721 185,B01,0,1,0,0,8,2,5,
2.024E+11,155 721 183,C01,1,7,0,2,4,23,1,
2.024E+11,155 721 186,A01,1,7,0,2,3,13,1,
2.024E+11,155 721 188,B01,2,7,0,2,3,1,2,
2.024E+11,155 721 182,A01,2,7,3,0,3,1,1,
2.024E+11,155 721 179,A01,1,33,0,2,3,26,1,
2.024E+11,155 721 181,B01,2,33,0,2,3,26,1,
2.024E+11,155 721 177,A01,1,10,0,2,2,15,1,
2.024E+11,155 721 178,B01,2,33,0,2,1,1,1,
2.024E+11,155 721 180,C01,2,33,0,2,1,1,1,
2.024E+11,155 721 175,A01,2,7,10,0,3,1,1,
2.024E+11,155 721 174,A01,1,7,0,2,3,12,1,
2.024E+11,155 721 176,B01,1,7,0,0,5,1,1,
2.024E+11,155 721 172,A01,0,15,0,0,8,1,1,
2.024E+11,155 721 173,B01,0,33,0,2,3,1,1,
2.024E+11,155 721 171,A01,3,2,0,0,5,26,1,
2.024E+11,155 721 168,A01,2,33,0,2,2,17,1,
2.024E+11,155 721 170,B01,2,50,0,2,8,15,3,
2.024E+11,155 721 166,A01,2,7,0,2,1,13,1,
2.024E+11,155 721 167,B01,1,7,0,2,3,1,1,
2.024E+11,155 721 160,A01,1,7,0,2,1,2,1,
2.024E+11,155 721 162,B01,1,10,0,2,4,2,1,
2.024E+11,155 721 164,C01,1,7,0,2,4,2,1,
2.024E+11,155 721 165,D01,1,7,0,0,4,2,1,
2.024E+11,155 721 161,A01,1,7,0,2,2,9,1,
2.024E+11,155 721 163,B01,2,2,0,2,1,1,1,
2.024E+11,155 721 157,A01,3,1,0,2,3,1,5,
2.024E+11,155 721 159,B01,3,7,0,9,8,1,1,
2.024E+11,155 721 156,A01,2,7,0,2,1,13,1,
2.024E+11,155 721 158,B01,1,7,0,2,3,1,1,
2.024E+11,155 721 154,A01,1,2,0,0,3,1,1,
2.024E+11,155 721 153,A01,1,7,0,2,3,15,1,
2.024E+11,155 721 155,B01,2,7,0,2,1,1,1,
2.024E+11,155 721 152,A01,2,10,2,0,1,14,1,
2.024E+11,155 721 151,A01,3,10,0,1,5,4,1,
2.024E+11,155 721 150,A01,0,2,0,0,1,1,1,
2.024E+11,155 721 149,A01,1,7,2,0,1,14,1,
2.024E+11,155 721 148,A01,1,7,0,1,3,1,1,
2.024E+11,155 721 146,B01,1,7,0,0,6,1,1,
2.024E+11,155 721 147,A01,1,7,2,2,2,2,1,
2.024E+11,155 721 142,A01,1,7,0,2,2,14,1,
2.024E+11,155 721 144,B01,1,7,0,2,3,1,1,
2.024E+11,155 721 145,C01,1,7,0,2,5,12,1,
2.024E+11,155 721 141,B01,1,33,0,2,1,14,1,
2.024E+11,155 721 143,A01,2,7,0,2,3,13,1,
2.024E+11,155 721 140,A01,2,33,0,2,1,3,1,
2.024E+11,155 721 138,A01,3,10,0,2,6,10,1,
2.024E+11,155 721 139,B01,3,2,0,2,1,1,1,
2.024E+11,155 721 136,A01,2,7,0,2,7,12,1,
2.024E+11,155 721 137,B01,2,33,0,2,8,3,1,
2.024E+11,155 721 133,B01,1,7,0,2,3,1,1,
2.024E+11,155 721 135,A01,1,7,2,2,1,17,1,
2.024E+11,155 721 131,C01,2,10,0,2,1,1,1,
2.024E+11,155 721 132,B01,2,10,0,2,1,1,1,
2.024E+11,155 721 134,A01,2,33,0,0,4,23,1,
2.024E+11,155 721 128,A01,3,10,0,2,3,5,1,
2.024E+11,155 721 130,B01,3,2,0,2,1,1,1,
2.024E+11,155 721 126,A01,1,33,0,2,1,3,1,
2.024E+11,155 721 127,B01,1,7,0,2,2,12,1,
2.024E+11,155 721 129,C01,1,7,0,2,8,1,1,
2.024E+11,155 721 122,Z01,2,7,0,2,1,2,0,
2.024E+11,155 721 124,B01,1,7,0,2,4,2,1,
2.024E+11,155 721 125,A01,2,7,0,2,4,2,1,
2.024E+11,155 721 121,A01,1,7,4,2,2,21,2,
2.024E+11,155 721 123,B01,1,7,0,2,4,23,1,
2.024E+11,155 721 118,A01,1,7,0,2,4,1,1,
2.024E+11,155 721 120,B01,1,7,0,2,1,14,1,
2.024E+11,155 721 117,A01,2,15,0,2,1,2,0,
2.024E+11,155 721 119,B01,2,7,0,2,4,2,1,
2.024E+11,155 721 115,A01,1,7,0,2,2,12,1,
2.024E+11,155 721 116,B01,1,17,0,2,6,1,1,
2.024E+11,155 721 113,B01,1,7,0,2,9,0,1,
2.024E+11,155 721 114,A01,1,7,0,2,0,0,1,
2.024E+11,155 721 111,A01,1,33,0,2,8,1,1,
2.024E+11,155 721 112,B01,1,7,0,2,2,14,1,
2.024E+11,155 721 109,A01,1,7,3,2,4,23,1,
2.024E+11,155 721 110,B01,1,7,0,2,1,1,1,
2.024E+11,155 721 108,A01,2,7,4,2,1,21,1,
2.024E+11,155 721 107,A01,1,7,4,0,3,26,1,
2.024E+11,155 721 103,A01,2,7,0,2,3,14,1,
2.024E+11,155 721 105,B01,2,7,0,2,2,2,2,
2.024E+11,155 721 106,C01,2,7,0,2,6,1,1,
2.024E+11,155 721 102,B01,3,7,0,2,4,26,1,
2.024E+11,155 721 104,A01,3,7,0,2,3,1,1,
2.024E+11,155 721 100,A01,2,7,0,2,3,1,1,
2.024E+11,155 721 101,B01,2,10,0,2,6,1,1,
2.024E+11,155 721 099,A01,2,37,0,1,2,7,1,1
2.024E+11,155 721 097,A01,3,7,0,2,1,1,1,
2.024E+11,155 721 098,B01,3,7,0,2,4,15,1,
2.024E+11,155 721 095,A01,2,34,0,2,6,3,1,
2.024E+11,155 721 096,B01,2,10,0,2,7,12,1,
2.024E+11,155 721 092,A01,2,7,4,0,3,13,1,
2.024E+11,155 721 090,A01,2,33,0,2,1,1,1,
2.024E+11,155 721 093,B01,2,7,0,2,4,1,1,
2.024E+11,155 721 091,B01,2,50,0,2,1,3,3,
2.024E+11,155 721 094,A01,1,15,0,2,1,15,1,
2.024E+11,155 721 088,A01,1,2,0,0,0,26,1,
2.024E+11,155 721 087,A01,1,7,0,2,1,1,1,
2.024E+11,155 721 089,B01,1,7,0,0,4,1,1,
2.024E+11,155 721 086,A01,3,7,0,1,2,1,1,
2.024E+11,155 721 082,B01,3,7,0,2,4,1,1,
2.024E+11,155 721 084,A01,3,7,0,2,1,1,1,
2.024E+11,155 721 081,A01,1,7,0,2,1,1,1,
2.024E+11,155 721 077,A01,2,7,4,0,1,0,1,
2.024E+11,155 721 076,A01,1,10,0,2,3,2,0,
2.024E+11,155 721 078,B01,1,33,0,2,2,2,1,
2.024E+11,155 721 075,A01,1,7,0,2,8,13,1,
2.024E+11,155 721 072,B01,1,7,0,2,6,24,1,
2.024E+11,155 721 074,A01,1,10,0,2,1,15,1,
2.024E+11,155 721 070,A01,1,7,0,2,8,13,2,
2.024E+11,155 721 073,B01,1,80,0,2,4,2,3,
2.024E+11,155 721 068,A01,3,7,2,0,8,13,1,
2.024E+11,155 721 067,A01,2,7,0,2,4,1,1,
2.024E+11,155 721 069,B01,2,7,0,2,4,1,1,
2.024E+11,155 721 071,C01,2,7,0,2,1,1,2,
2.024E+11,155 721 062,B01,3,60,0,2,4,0,5,
2.024E+11,155 721 066,A01,3,10,0,2,1,2,1,
2.024E+11,155 721 063,B01,1,7,0,2,3,15,1,
2.024E+11,155 721 065,A01,2,2,0,2,1,17,1,
2.024E+11,155 721 061,A01,2,7,0,2,1,12,1,
2.024E+11,155 721 064,B01,2,38,0,2,4,1,1,1
2.024E+11,155 721 059,A01,1,2,0,0,7,1,3,
2.024E+11,155 721 058,A01,3,2,0,2,1,17,1,
2.024E+11,155 721 060,B01,3,10,0,2,3,15,1,
2.024E+11,155 721 057,A01,3,7,1,0,2,1,1,
2.024E+11,155 721 054,A01,2,7,3,0,2,1,1,
2.024E+11,155 721 048,A01,1,7,0,1,1,1,1,
2.024E+11,155 721 047,A01,2,7,0,2,1,26,1,
2.024E+11,155 721 050,B01,2,7,0,2,4,26,1,
2.024E+11,155 721 052,C01,2,7,0,2,4,26,1,
2.024E+11,155 721 046,A01,1,10,0,2,1,2,1,
2.024E+11,155 721 049,B01,1,7,0,2,4,2,1,
2.024E+11,155 721 051,C01,1,10,0,2,1,2,1,
2.024E+11,155 721 045,A01,1,7,13,0,9,0,1,
2.024E+11,155 721 043,A01,2,10,0,1,2,1,1,
2.024E+11,155 721 042,B01,2,50,0,2,2,5,3,
2.024E+11,155 721 044,A01,3,7,0,2,3,15,1,
2.024E+11,155 721 037,B01,0,10,0,2,3,15,1,
2.024E+11,155 721 039,A01,0,7,0,2,1,1,1,
2.024E+11,155 721 036,A01,2,13,6,0,1,26,1,
2.024E+11,155 721 038,A01,3,2,0,1,1,0,1,
2.024E+11,155 721 034,A01,1,7,0,1,2,1,1,
2.024E+11,155 721 031,C01,2,7,0,2,7,1,1,
2.024E+11,155 721 032,B01,2,15,0,2,4,1,1,
2.024E+11,155 721 035,A01,2,10,0,2,7,21,1,
2.024E+11,155 721 030,A01,1,30,0,2,7,17,1,
2.024E+11,155 721 033,B01,1,7,0,2,3,17,2,
2.024E+11,155 721 029,A01,1,10,0,1,6,1,1,
2.024E+11,155 721 026,A01,2,7,16,0,3,17,1,
2.024E+11,155 721 025,A01,3,7,0,1,2,1,1,
2.024E+11,155 721 019,C01,3,38,0,2,8,0,1,1
2.024E+11,155 721 022,A01,3,30,0,2,8,17,1,
2.024E+11,155 721 023,B01,3,7,0,2,8,1,1,
2.024E+11,155 721 021,A01,1,80,0,1,2,1,3,
2.024E+11,155 721 018,B01,2,7,0,2,1,16,1,
2.024E+11,155 721 020,A01,2,7,0,2,0,15,1,
2.024E+11,155 721 017,A01,1,37,1,1,1,1,1,1
2.024E+11,155 721 015,A01,2,7,0,2,1,17,1,
2.024E+11,155 721 016,B01,1,2,0,2,1,1,1,
2.024E+11,155 721 014,A01,3,7,0,1,0,13,0,
2.024E+11,155 721 013,A01,2,7,0,1,1,1,1,
2.024E+11,155 721 012,A01,2,7,6,0,1,1,1,
2.024E+11,155 721 009,A01,1,10,0,2,1,0,0,
2.024E+11,155 721 010,B01,1,50,0,2,3,0,3,
2.024E+11,155 721 008,B01,2,1,0,2,7,15,5,
2.024E+11,155 721 011,A01,2,7,0,2,1,1,1,
2.024E+11,155 721 006,A01,1,7,0,0,1,0,1,
2.024E+11,155 721 005,A01,2,7,0,2,1,13,1,
2.024E+11,155 721 007,B01,1,7,0,2,1,1,1,
2.024E+11,155 721 001,B01,2,7,0,2,8,1,0,
2.024E+11,155 721 004,A01,1,30,0,2,1,1,1,
2.024E+11,155 721 000,B01,3,7,0,2,7,15,3,
2.024E+11,155 721 002,A01,3,33,0,2,2,21,1,
2.024E+11,155 720 999,A01,1,7,7,2,3,1,1,
2.024E+11,155 721 003,B01,2,7,0,0,8,1,1,
2.024E+11,155 720 996,B01,1,7,0,2,8,2,1,
2.024E+11,155 720 998,A01,2,7,0,2,1,15,1,
2.024E+11,155 720 994,A01,2,7,0,2,2,16,1,
2.024E+11,155 720 997,B01,2,50,0,2,1,19,3,
2.024E+11,155 720 993,B01,2,7,0,2,3,1,1,
2.024E+11,155 720 995,A01,1,7,0,2,3,13,1,
2.024E+11,155 720 992,A01,3,7,4,0,3,13,1,
2.024E+11,155 720 990,B01,1,1,0,2,0,0,5,
2.024E+11,155 720 991,A01,1,7,0,2,1,15,1,
2.024E+11,155 720 989,A01,3,7,0,1,1,1,1,
2.024E+11,155 720 988,A01,1,7,2,0,1,26,1,
2.024E+11,155 720 984,B01,3,7,0,0,0,0,1,
2.024E+11,155 720 986,A01,3,1,0,2,5,0,5,
2.024E+11,155 720 983,B01,2,7,12,2,4,23,1,
2.024E+11,155 720 985,C01,2,7,0,2,4,23,1,
2.024E+11,155 720 987,A01,2,7,0,2,1,2,1,
2.024E+11,155 720 980,A01,1,40,0,1,7,1,3,
2.024E+11,155 720 979,A01,1,7,0,2,1,1,1,
2.024E+11,155 720 982,B01,2,33,0,2,1,13,1,
2.024E+11,155 720 977,A01,3,7,9,0,1,1,1,
2.024E+11,155 720 976,A01,1,7,0,2,2,15,1,
2.024E+11,155 720 978,B01,2,7,0,2,3,1,2,
2.024E+11,155 720 972,C01,1,7,0,2,4,1,0,
2.024E+11,155 720 973,A01,1,10,0,2,1,1,1,
2.024E+11,155 720 974,B01,1,7,0,2,4,1,2,
2.024E+11,155 720 970,A01,1,10,0,2,5,10,1,
2.024E+11,155 720 971,B01,2,7,0,2,3,1,1,
2.024E+11,155 720 968,A01,2,7,13,0,1,21,1,
2.024E+11,155 720 966,B01,2,10,0,2,2,1,1,
2.024E+11,155 720 969,A01,1,7,8,2,1,0,1,
2.024E+11,155 720 965,B01,1,20,0,2,4,4,1,
2.024E+11,155 720 967,A01,2,1,0,2,1,1,5,
2.024E+11,155 720 964,A01,3,7,0,1,1,1,1,
2.024E+11,155 720 960,A01,2,7,0,2,1,1,1,
2.024E+11,155 720 961,B01,2,7,0,2,4,0,1,
2.024E+11,155 720 963,C01,2,7,0,2,6,1,1,
2.024E+11,155 720 959,A01,3,7,0,2,1,9,1,
2.024E+11,155 720 962,B01,3,7,0,2,7,1,3,
2.024E+11,155 720 957,A01,2,10,0,2,1,1,1,
2.024E+11,155 720 958,B01,1,7,0,2,3,15,1,
2.024E+11,155 720 954,B01,2,7,0,2,5,23,1,
2.024E+11,155 720 956,A01,3,7,1,2,3,20,1,
2.024E+11,155 720 953,B01,1,37,0,2,8,0,1,4
2.024E+11,155 720 955,A01,1,7,0,2,7,13,1,
2.024E+11,155 720 948,Y01,1,1,0,2,1,1,0,
2.024E+11,155 720 951,A01,1,7,0,2,3,1,1,
2.024E+11,155 720 950,A01,2,50,0,2,1,1,3,
2.024E+11,155 720 952,B01,1,7,0,2,5,15,1,
2.024E+11,155 720 947,A01,3,7,0,9,3,9,1,
2.024E+11,155 720 949,B01,3,50,0,2,1,0,3,
2.024E+11,155 720 946,A01,3,7,14,1,2,16,1,
2.024E+11,155 720 944,A01,2,33,14,0,0,1,1,
2.024E+11,155 720 941,A01,3,7,0,2,1,1,1,
2.024E+11,155 720 942,B01,3,7,0,2,7,15,1,
2.024E+11,155 720 939,A01,2,7,0,2,1,2,1,
2.024E+11,155 720 940,B01,2,7,0,2,4,23,1,
2.024E+11,155 720 938,A01,1,7,2,0,1,14,2,
2.024E+11,155 720 937,A01,1,7,0,1,3,13,3,
2.024E+11,155 720 933,A01,2,7,0,2,6,15,1,
2.024E+11,155 720 935,B01,1,33,0,2,3,17,1,
2.024E+11,155 720 932,B01,2,99,0,2,1,7,1,
2.024E+11,155 720 934,A01,2,7,0,2,3,1,2,
2.024E+11,155 720 931,B01,3,7,0,2,7,1,1,
2.024E+11,155 720 936,A01,3,7,0,2,2,19,1,
2.024E+11,155 720 927,A01,3,7,0,2,3,9,2,
2.024E+11,155 720 930,B01,3,2,0,2,3,1,1,
2.024E+11,155 720 928,A01,3,7,15,0,2,0,1,
2.024E+11,155 720 926,A01,0,7,0,2,3,13,1,
2.024E+11,155 720 929,B01,0,7,0,2,8,1,1,
2.024E+11,155 720 922,B01,1,13,0,2,4,1,1,
2.024E+11,155 720 925,A01,1,7,0,2,1,2,1,
2.024E+11,155 720 921,B01,2,7,0,2,3,1,0,
2.024E+11,155 720 923,A01,1,7,1,2,3,5,2,
2.024E+11,155 720 920,B01,2,2,0,2,1,1,1,
2.024E+11,155 720 924,A01,1,7,0,2,3,1,1,
2.024E+11,155 720 918,A01,1,7,0,2,1,9,1,
2.024E+11,155 720 919,B01,1,2,0,2,1,21,1,
2.024E+11,155 720 917,A01,0,7,0,1,3,1,1,
2.024E+11,155 720 915,A01,3,10,0,1,4,4,1,
2.024E+11,155 720 913,B01,1,50,0,2,1,1,3,
2.024E+11,155 720 916,A01,3,7,0,2,2,16,1,
2.024E+11,155 720 910,A01,1,10,0,2,1,1,0,
2.024E+11,155 720 911,E01,1,10,0,2,3,1,0,
2.024E+11,155 720 912,B01,1,7,0,2,4,1,1,
2.024E+11,155 720 914,D01,1,7,0,2,4,1,1,
2.024E+11,155 720 909,A01,0,3,0,1,7,1,0,
2.024E+11,155 720 905,A01,1,10,0,1,1,1,1,
2.024E+11,155 720 907,A01,1,7,0,2,1,0,1,
2.024E+11,155 720 908,B01,2,7,3,2,1,0,2,
2.024E+11,155 720 906,A01,3,10,0,1,2,15,3,
2.024E+11,155 720 904,A01,2,37,0,1,7,1,6,1
2.024E+11,155 720 902,A01,3,7,1,1,3,13,1,
2.024E+11,155 720 901,B01,2,10,0,2,3,15,1,