Num_Acc,id_vehicule,num_veh,senc,catv,obs,obsm,choc,manv,motor,occutc
2.024E+11,155 720 443,B01,1,7,0,2,4,2,1,
2.024E+11,155 720 437,B01,1,7,0,2,5,1,1,
2.024E+11,155 720 440,A01,2,7,0,2,1,19,1,
2.024E+11,155 720 438,B01,1,7,3,2,6,1,1,
2.024E+11,155 720 439,A01,2,7,0,2,2,9,1,
2.024E+11,155 720 435,B01,1,33,0,2,1,17,1,
2.024E+11,155 720 436,A01,1,7,0,0,3,15,1,
2.024E+11,155 720 434,A01,1,7,0,1,1,0,1,
2.024E+11,155 720 432,A01,1,14,0,1,8,15,1,
2.024E+11,155 720 431,A01,2,7,0,2,2,15,1,
2.024E+11,155 720 433,B01,1,33,0,2,1,1,1,
2.024E+11,155 720 427,A01,0,7,0,2,1,1,1,
2.024E+11,155 720 429,B01,0,7,0,2,5,0,1,
2.024E+11,155 720 428,B01,2,32,0,2,1,1,1,
2.024E+11,155 720 430,A01,1,7,0,2,1,15,3,
2.024E+11,155 720 424,Z01,2,7,0,1,1,1,0,
2.024E+11,155 720 425,B01,3,1,0,2,1,1,5,
2.024E+11,155 720 426,A01,2,7,0,0,3,15,1,
2.024E+11,155 720 421,A01,1,7,0,2,7,15,1,
2.024E+11,155 720 422,B01,2,7,0,2,1,1,1,
2.024E+11,155 720 420,A01,1,10,0,2,1,16,1,
2.024E+11,155 720 423,B01,1,7,0,2,2,1,1,
2.024E+11,155 720 418,A01,1,50,0,0,0,0,3,
2.024E+11,155 720 417,A01,3,30,0,2,1,11,1,
2.024E+11,155 720 419,B01,3,7,0,2,5,1,1,
2.024E+11,155 720 415,A01,3,7,0,1,2,1,1,
2.024E+11,155 720 414,A01,3,10,0,2,7,15,1,
2.024E+11,155 720 416,B01,3,30,0,2,1,1,1,
2.024E+11,155 720 411,A01,2,1,0,2,1,1,5,
2.024E+11,155 720 413,B01,3,10,0,2,1,1,1,
2.024E+11,155 720 412,A01,2,33,6,0,1,6,1,
2.024E+11,155 720 408,A01,2,50,0,2,1,17,3,
2.024E+11,155 720 410,B01,1,7,0,9,1,1,0,
2.024E+11,155 720 407,A01,2,7,0,2,1,13,1,
2.024E+11,155 720 409,B01,1,7,0,2,1,0,1,
2.024E+11,155 720 404,A01,1,7,0,2,1,1,1,
2.024E+11,155 720 406,B01,2,50,0,2,0,0,3,
2.024E+11,155 720 403,A01,2,33,0,2,1,1,1,
2.024E+11,155 720 405,B01,2,10,0,2,4,11,1,
2.024E+11,155 720 402,A01,1,7,0,1,1,16,1,
2.024E+11,155 720 400,A01,1,10,0,2,8,22,1,
2.024E+11,155 720 401,B01,1,1,0,2,1,1,5,
2.024E+11,155 720 399,A01,3,7,0,1,1,19,1,
2.024E+11,155 720 397,A01,2,30,0,2,3,9,1,
2.024E+11,155 720 398,B01,1,7,0,2,2,1,1,
2.024E+11,155 720 396,A01,1,7,2,0,1,14,1,
2.024E+11,155 720 395,A01,1,37,0,1,1,9,3,1
2.024E+11,155 720 393,B01,2,50,0,2,1,15,3,
2.024E+11,155 720 394,A01,1,7,0,2,3,9,1,
2.024E+11,155 720 392,A01,2,1,0,1,1,1,5,
2.024E+11,155 720 390,A01,1,15,0,2,4,2,0,
2.024E+11,155 720 391,B01,1,50,0,2,1,2,3,
2.024E+11,155 720 388,A01,3,1,0,2,3,1,5,
2.024E+11,155 720 389,Z01,3,50,0,2,3,5,3,
2.024E+11,155 720 386,B01,3,7,0,2,8,1,3,
2.024E+11,155 720 387,A01,3,50,0,2,1,1,3,
2.024E+11,155 720 384,A01,2,7,0,2,3,13,1,
2.024E+11,155 720 385,B01,2,1,0,2,2,17,5,
2.024E+11,155 720 382,A01,1,38,0,2,3,1,1,1
2.024E+11,155 720 383,B01,1,15,0,2,3,23,1,
2.024E+11,155 720 380,A01,1,30,0,2,1,1,1,
2.024E+11,155 720 381,B01,3,1,0,2,8,19,5,
2.024E+11,155 720 379,A01,0,7,4,0,4,1,1,
2.024E+11,155 720 376,A01,1,7,0,2,1,1,1,
2.024E+11,155 720 378,B01,3,50,0,2,8,1,3,
2.024E+11,155 720 377,A01,1,33,0,1,1,1,1,
2.024E+11,155 720 374,A01,2,10,0,1,1,1,1,
2.024E+11,155 720 373,A01,2,2,0,2,0,17,1,
2.024E+11,155 720 375,B01,3,7,0,2,3,15,1,
2.024E+11,155 720 371,B01,1,1,0,2,1,25,5,
2.024E+11,155 720 372,A01,1,13,0,2,8,16,6,
2.024E+11,155 720 368,A01,1,10,0,2,5,1,1,
2.024E+11,155 720 370,B01,1,7,0,2,1,1,1,
2.024E+11,155 720 367,A01,2,16,0,2,8,20,1,
2.024E+11,155 720 369,B01,2,33,0,2,8,1,1,
2.024E+11,155 720 364,A01,1,7,0,2,1,10,1,
2.024E+11,155 720 366,B01,1,33,0,2,1,1,1,
2.024E+11,155 720 363,A01,2,7,0,2,3,15,1,
2.024E+11,155 720 365,B01,1,34,0,2,8,1,1,
2.024E+11,155 720 361,A01,1,7,9,2,1,13,1,
2.024E+11,155 720 362,B01,2,7,0,2,1,1,1,
2.024E+11,155 720 359,B01,2,1,0,2,2,19,5,
2.024E+11,155 720 360,A01,2,7,0,2,5,4,2,
2.024E+11,155 720 357,B01,1,33,0,2,1,1,1,
2.024E+11,155 720 358,A01,3,7,0,2,3,15,3,
2.024E+11,155 720 355,A01,3,7,0,2,5,12,1,
2.024E+11,155 720 356,B01,3,34,0,2,1,3,1,
2.024E+11,155 720 351,B01,3,7,0,2,4,0,1,
2.024E+11,155 720 353,A01,3,7,0,2,4,26,1,
2.024E+11,155 720 352,A01,2,99,0,2,1,2,1,
2.024E+11,155 720 354,B01,0,1,0,2,1,0,5,
2.024E+11,155 720 348,A01,3,7,13,0,0,14,1,
2.024E+11,155 720 349,B01,2,50,0,2,1,5,3,
2.024E+11,155 720 350,A01,1,34,0,2,1,1,1,
2.024E+11,155 720 345,A01,2,30,0,2,1,1,1,
2.024E+11,155 720 347,B01,1,7,0,2,3,1,1,
2.024E+11,155 720 344,A01,2,10,0,2,1,26,3,
2.024E+11,155 720 346,B01,2,50,0,2,0,26,3,
2.024E+11,155 720 342,A01,0,7,0,1,4,20,1,
2.024E+11,155 720 341,B01,1,80,0,2,7,5,3,
2.024E+11,155 720 343,A01,2,7,0,2,0,15,1,
2.024E+11,155 720 340,A01,2,7,0,1,1,1,1,
2.024E+11,155 720 339,A01,2,7,8,0,1,26,1,
2.024E+11,155 720 337,A01,0,43,0,1,2,1,1,
2.024E+11,155 720 335,A01,1,7,0,2,1,2,1,
2.024E+11,155 720 336,B01,1,30,0,2,4,1,1,
2.024E+11,155 720 338,C01,1,7,0,2,4,2,1,
2.024E+11,155 720 331,B01,2,32,0,2,1,1,1,
2.024E+11,155 720 333,A01,2,10,0,2,3,13,1,
2.024E+11,155 720 330,D01,3,7,0,2,1,23,1,
2.024E+11,155 720 332,B01,3,7,0,2,1,23,1,
2.024E+11,155 720 334,C01,3,7,0,2,3,0,1,
2.024E+11,155 720 328,A01,3,7,0,1,1,0,1,
2.024E+11,155 720 327,A01,2,33,0,2,4,20,1,
2.024E+11,155 720 329,Z01,2,7,0,2,1,0,0,
2.024E+11,155 720 324,B01,1,43,0,2,3,15,1,
2.024E+11,155 720 326,A01,2,7,0,2,2,1,1,
2.024E+11,155 720 323,A01,1,7,0,2,1,1,1,
2.024E+11,155 720 325,Z01,2,0,0,2,1,17,0,
2.024E+11,155 720 320,A01,1,1,0,2,1,1,5,
2.024E+11,155 720 322,B01,1,7,0,0,8,24,1,
2.024E+11,155 720 319,B01,1,34,0,2,1,2,1,
2.024E+11,155 720 321,A01,1,7,0,2,1,10,1,
2.024E+11,155 720 318,A01,3,50,8,0,1,1,3,
2.024E+11,155 720 317,A01,3,7,4,0,1,26,1,
2.024E+11,155 720 315,A01,0,32,0,2,1,21,1,
2.024E+11,155 720 316,B01,0,7,0,2,3,11,0,
2.024E+11,155 720 314,A01,1,7,0,1,2,1,1,
2.024E+11,155 720 313,A01,1,7,0,1,1,16,1,
2.024E+11,155 720 311,A01,1,7,0,2,1,13,1,
2.024E+11,155 720 312,B01,2,7,0,2,1,1,1,
2.024E+11,155 720 309,A01,3,7,6,0,1,13,1,
2.024E+11,155 720 308,A01,1,10,0,2,1,1,1,
2.024E+11,155 720 310,B01,1,7,0,2,5,1,2,
2.024E+11,155 720 305,B01,3,10,0,2,3,1,1,
2.024E+11,155 720 307,A01,3,30,0,2,1,5,1,
2.024E+11,155 720 304,A01,2,60,0,2,0,0,5,
2.024E+11,155 720 306,B01,2,7,0,2,1,0,1,
2.024E+11,155 720 303,B01,3,7,0,1,1,2,1,
2.024E+11,155 720 302,A01,2,7,0,1,2,0,1,
2.024E+11,155 720 299,A01,1,7,0,2,1,2,1,
2.024E+11,155 720 301,B01,1,7,0,2,6,2,3,
2.024E+11,155 720 298,B01,2,1,0,2,1,5,5,
2.024E+11,155 720 300,A01,1,7,0,9,3,16,1,
2.024E+11,155 720 296,A01,2,7,0,2,1,2,1,
2.024E+11,155 720 297,B01,2,10,0,9,4,1,1,
2.024E+11,155 720 294,A01,1,7,0,1,2,14,1,
2.024E+11,155 720 292,A01,2,7,0,2,1,2,1,
2.024E+11,155 720 293,B01,2,7,0,2,4,2,1,
2.024E+11,155 720 290,A01,3,7,0,2,2,9,1,
2.024E+11,155 720 291,B01,3,80,0,2,5,1,3,
2.024E+11,155 720 289,A01,1,80,8,9,2,21,3,
2.024E+11,155 720 287,A01,1,7,0,2,2,1,1,
2.024E+11,155 720 288,B01,2,7,0,2,2,1,1,
2.024E+11,155 720 284,A01,2,21,0,0,7,1,1,
2.024E+11,155 720 285,B01,1,43,0,2,1,1,1,
2.024E+11,155 720 286,A01,2,1,0,2,2,15,5,
2.024E+11,155 720 281,A01,2,1,0,1,1,1,5,
2.024E+11,155 720 282,B01,1,7,0,2,1,13,1,
2.024E+11,155 720 283,A01,2,31,0,2,1,1,3,
2.024E+11,155 720 276,B01,3,7,0,2,4,23,1,
2.024E+11,155 720 278,C01,3,7,0,2,4,1,2,
2.024E+11,155 720 280,A01,3,7,9,2,1,1,2,
2.024E+11,155 720 277,A01,1,2,0,0,1,1,1,
2.024E+11,155 720 279,B01,3,7,0,0,1,15,1,
2.024E+11,155 720 274,B01,2,33,1,0,2,1,1,
2.024E+11,155 720 275,A01,2,7,1,0,3,24,1,
2.024E+11,155 720 272,A01,3,7,0,2,1,1,1,
2.024E+11,155 720 273,B01,3,15,3,2,3,1,1,
2.024E+11,155 720 269,A01,1,7,0,2,6,9,1,
2.024E+11,155 720 270,B01,1,7,0,2,9,1,1,
2.024E+11,155 720 271,C01,1,10,0,2,7,1,1,
2.024E+11,155 720 267,A01,0,31,0,2,8,0,1,
2.024E+11,155 720 268,B01,0,10,0,2,1,5,1,
2.024E+11,155 720 262,B01,1,10,0,2,3,1,1,
2.024E+11,155 720 264,A01,2,10,0,2,3,0,1,
2.024E+11,155 720 263,A01,3,7,0,2,1,16,1,
2.024E+11,155 720 265,B01,1,7,0,2,4,15,1,
2.024E+11,155 720 266,C01,3,7,0,2,4,23,3,
2.024E+11,155 720 260,A01,2,7,0,2,3,13,1,
2.024E+11,155 720 261,B01,1,7,0,2,3,1,1,
2.024E+11,155 720 258,A01,1,7,12,0,2,21,1,
2.024E+11,155 720 257,A01,2,7,2,0,1,14,1,
2.024E+11,155 720 259,B01,1,10,13,0,0,21,1,
2.024E+11,155 720 254,B01,2,34,0,2,1,1,3,
2.024E+11,155 720 256,A01,1,7,0,2,1,11,2,
2.024E+11,155 720 253,B01,2,38,0,0,7,1,1,1
2.024E+11,155 720 255,A01,1,33,0,2,8,11,1,
2.024E+11,155 720 250,B01,3,7,0,2,4,1,1,
2.024E+11,155 720 252,A01,3,7,0,2,1,1,1,
2.024E+11,155 720 249,B01,1,7,0,2,3,17,1,
2.024E+11,155 720 251,A01,2,10,0,2,3,1,1,
2.024E+11,155 720 247,A01,2,10,1,0,2,0,1,
2.024E+11,155 720 246,B01,3,37,0,2,3,0,1,3
2.024E+11,155 720 248,A01,3,10,0,2,2,0,1,
2.024E+11,155 720 245,A01,2,33,0,1,1,1,1,
2.024E+11,155 720 244,A01,3,33,0,0,7,26,1,
2.024E+11,155 720 242,A01,3,7,0,2,3,15,0,
2.024E+11,155 720 243,B01,3,43,0,2,1,6,0,
2.024E+11,155 720 240,A01,0,10,0,2,1,11,0,
2.024E+11,155 720 241,B01,0,10,0,0,3,2,0,
2.024E+11,155 720 238,B01,2,7,0,2,3,15,1,
2.024E+11,155 720 239,A01,2,34,2,2,1,3,1,
2.024E+11,155 720 236,B01,1,43,0,2,1,1,1,
2.024E+11,155 720 237,A01,1,10,0,2,3,10,1,
2.024E+11,155 720 233,A01,1,32,1,0,3,1,1,
2.024E+11,155 720 231,A01,1,30,0,2,1,1,1,
2.024E+11,155 720 232,B01,1,7,0,2,4,0,2,
2.024E+11,155 720 229,B01,3,7,0,2,1,2,2,
2.024E+11,155 720 230,A01,3,7,0,2,5,15,0,
2.024E+11,155 720 228,A01,2,34,1,0,2,14,1,
2.024E+11,155 720 227,A01,1,99,0,0,1,15,0,
2.024E+11,155 720 225,B01,2,32,0,2,1,17,1,
2.024E+11,155 720 226,A01,3,7,0,2,1,13,1,
2.024E+11,155 720 224,Z01,2,1,0,1,0,16,5,
2.024E+11,155 720 222,A01,1,7,0,2,1,1,0,
2.024E+11,155 720 223,B01,1,7,0,2,4,16,0,
2.024E+11,155 720 219,A01,0,7,0,1,1,1,1,
2.024E+11,155 720 217,A01,1,10,5,2,2,1,1,
2.024E+11,155 720 218,B01,2,7,5,2,1,13,1,
2.024E+11,155 720 215,B01,3,1,0,2,1,19,5,
2.024E+11,155 720 216,A01,3,7,0,9,6,15,1,
2.024E+11,155 720 214,A01,0,7,8,0,7,13,1,
2.024E+11,155 720 213,A01,2,7,2,0,1,0,1,
2.024E+11,155 720 211,A01,2,7,0,2,3,1,1,
2.024E+11,155 720 212,B01,1,7,0,2,3,1,3,
2.024E+11,155 720 210,A01,1,7,17,0,8,13,1,
2.024E+11,155 720 208,A01,3,7,0,2,2,1,1,
2.024E+11,155 720 209,B01,3,1,0,0,3,19,5,
2.024E+11,155 720 207,A01,3,36,6,0,3,1,1,
2.024E+11,155 720 205,A01,2,7,0,2,1,9,1,
2.024E+11,155 720 206,B01,2,7,0,2,7,9,1,
2.024E+11,155 720 204,A01,1,33,2,0,1,1,1,
2.024E+11,155 720 202,B01,2,7,0,2,8,15,2,
2.024E+11,155 720 203,A01,2,2,0,2,1,17,0,
2.024E+11,155 720 201,A01,1,7,0,0,9,1,1,
2.024E+11,155 720 200,A01,1,2,0,0,9,1,1,
2.024E+11,155 720 199,A01,1,7,2,0,1,1,1,
2.024E+11,155 720 197,B01,2,10,0,2,8,21,1,
2.024E+11,155 720 198,A01,1,10,0,2,3,13,1,
2.024E+11,155 720 195,B01,3,10,0,2,8,15,1,
2.024E+11,155 720 196,A01,3,7,0,2,2,17,1,
2.024E+11,155 720 194,A01,2,7,3,0,1,1,1,
2.024E+11,155 720 192,A01,2,7,0,2,2,5,1,
2.024E+11,155 720 193,B01,1,7,0,2,3,1,2,
2.024E+11,155 720 191,A01,2,7,2,0,9,1,1,
2.024E+11,155 720 190,A01,2,33,13,0,0,1,1,
2.024E+11,155 720 189,A01,3,7,13,0,1,13,1,
2.024E+11,155 720 188,A01,2,7,16,0,0,2,1,
2.024E+11,155 720 187,A01,1,2,12,0,1,1,1,
2.024E+11,155 720 185,A01,1,7,0,2,3,16,1,
2.024E+11,155 720 186,B01,1,7,0,2,2,1,1,
2.024E+11,155 720 183,A01,1,7,0,0,3,9,1,
2.024E+11,155 720 184,B01,2,1,0,0,3,21,5,
2.024E+11,155 720 182,A01,1,7,17,0,1,1,1,
2.024E+11,155 720 180,A01,3,7,0,6,1,1,1,
2.024E+11,155 720 181,B01,3,7,0,2,1,1,1,
2.024E+11,155 720 178,A01,2,7,0,2,2,17,1,
2.024E+11,155 720 179,B01,2,2,0,0,4,15,0,
2.024E+11,155 720 177,A01,3,7,0,1,2,1,3,
2.024E+11,155 720 176,A01,1,7,2,0,9,1,1,
2.024E+11,155 720 174,A01,3,7,0,2,3,0,1,
2.024E+11,155 720 175,B01,0,7,0,2,1,0,1,
2.024E+11,155 720 173,A01,1,7,13,0,0,0,0,
2.024E+11,155 720 172,A01,2,2,0,0,0,0,1,
2.024E+11,155 720 167,A01,1,17,0,2,2,19,1,
2.024E+11,155 720 168,B01,2,7,0,2,1,1,2,
2.024E+11,155 720 166,A01,2,15,16,0,7,0,1,
2.024E+11,155 720 165,A01,1,7,13,0,1,1,1,
2.024E+11,155 720 162,A01,2,7,2,0,3,17,1,
2.024E+11,155 720 155,A01,2,7,0,2,0,15,0,
2.024E+11,155 720 156,B01,1,7,0,2,1,1,1,
2.024E+11,155 720 154,A01,3,7,2,0,4,21,1,
2.024E+11,155 720 152,A01,2,33,0,2,1,17,1,
2.024E+11,155 720 153,B01,1,7,0,2,3,9,1,
2.024E+11,155 720 150,A01,1,7,0,2,1,13,1,
2.024E+11,155 720 151,B01,2,7,0,2,1,1,1,
2.024E+11,155 720 148,A01,1,7,0,2,2,1,1,
2.024E+11,155 720 149,B01,2,33,0,2,3,1,1,
2.024E+11,155 720 147,A01,1,7,13,0,1,1,1,
2.024E+11,155 720 145,A01,3,10,0,1,1,1,1,
2.024E+11,155 720 143,A01,2,7,0,9,2,0,1,
2.024E+11,155 720 144,B01,2,1,0,2,4,0,5,
2.024E+11,155 720 141,B01,3,50,0,2,1,11,3,
2.024E+11,155 720 142,A01,3,7,0,2,3,0,1,
2.024E+11,155 720 138,A01,1,7,0,2,2,26,1,
2.024E+11,155 720 139,B01,1,33,0,2,8,23,1,
2.024E+11,155 720 140,C01,1,7,0,2,7,23,1,
2.024E+11,155 720 136,B01,2,7,0,2,4,2,1,
2.024E+11,155 720 137,A01,2,7,0,2,1,2,1,
2.024E+11,155 720 134,A01,1,7,2,2,9,17,1,
2.024E+11,155 720 135,B01,1,7,0,2,0,0,1,
2.024E+11,155 720 132,A01,2,37,4,2,1,2,1,1
2.024E+11,155 720 133,B01,2,7,4,2,4,0,1,
2.024E+11,155 720 131,A01,1,10,4,0,1,26,1,
2.024E+11,155 720 129,B01,2,7,0,2,4,2,1,
2.024E+11,155 720 130,A01,2,33,0,2,1,3,1,
2.024E+11,155 720 127,A01,1,7,0,2,1,2,1,
2.024E+11,155 720 128,B01,1,10,0,2,4,2,1,
2.024E+11,155 720 125,A01,1,7,0,2,3,11,1,
2.024E+11,155 720 126,B01,1,43,0,2,2,3,1,
2.024E+11,155 720 123,B01,1,7,0,2,4,2,0,
2.024E+11,155 720 124,A01,1,7,0,2,1,2,1,
2.024E+11,155 720 121,A01,1,7,0,2,1,2,1,
2.024E+11,155 720 122,B01,1,7,0,2,4,0,2,
2.024E+11,155 720 119,B01,1,10,0,0,4,0,0,
2.024E+11,155 720 120,A01,1,7,0,0,1,0,0,
2.024E+11,155 720 117,A01,1,33,0,2,1,3,1,
2.024E+11,155 720 118,B01,1,7,0,2,2,12,1,
2.024E+11,155 720 115,B01,2,7,0,2,6,21,1,
2.024E+11,155 720 116,A01,2,33,0,2,1,3,1,
2.024E+11,155 720 112,A01,2,33,4,2,1,3,1,
2.024E+11,155 720 113,B01,2,7,4,2,6,11,3,
2.024E+11,155 720 114,C01,2,7,4,2,6,1,1,
2.024E+11,155 720 109,B01,2,7,0,2,4,1,1,
2.024E+11,155 720 110,C01,2,10,0,2,4,1,1,
2.024E+11,155 720 111,A01,2,7,0,2,1,26,1,
2.024E+11,155 720 107,B01,1,15,0,2,3,2,1,
2.024E+11,155 720 108,A01,1,7,0,2,2,2,1,
2.024E+11,155 720 106,A01,1,33,0,0,8,1,1,
2.024E+11,155 720 104,A01,1,7,0,2,1,15,1,
2.024E+11,155 720 105,B01,2,2,0,2,1,15,1,
2.024E+11,155 720 102,B01,2,32,0,2,0,0,1,
2.024E+11,155 720 103,A01,3,7,0,2,0,16,1,
2.024E+11,155 720 100,B01,1,7,0,2,3,1,1,
2.024E+11,155 720 101,A01,2,2,0,2,1,5,1,
2.024E+11,155 720 098,B01,1,30,0,2,1,1,1,
2.024E+11,155 720 099,A01,2,50,0,2,1,15,3,
2.024E+11,155 720 096,B01,2,2,0,2,1,1,1,
2.024E+11,155 720 097,A01,2,7,0,2,2,15,1,
2.024E+11,155 720 094,A01,1,7,0,2,8,10,1,
2.024E+11,155 720 095,B01,1,33,0,2,1,2,1,
2.024E+11,155 720 091,A01,1,7,0,2,6,26,1,
2.024E+11,155 720 092,B01,1,7,0,0,0,0,1,
2.024E+11,155 720 093,C01,1,7,0,0,0,0,1,
2.024E+11,155 720 088,A01,2,7,1,0,2,2,1,
2.024E+11,155 720 089,B01,2,10,0,2,6,23,1,
2.024E+11,155 720 090,C01,2,7,3,0,2,21,1,
2.024E+11,155 720 086,A01,2,7,0,2,3,13,1,
2.024E+11,155 720 087,B01,1,7,0,2,3,1,1,
2.024E+11,155 720 085,A01,2,7,9,0,1,2,2,
2.024E+11,155 720 083,A01,3,7,0,9,2,1,1,
2.024E+11,155 720 084,B01,3,50,0,2,8,19,3,
2.024E+11,155 720 082,A01,1,7,0,1,7,1,1,
2.024E+11,155 720 081,A01,2,7,0,1,1,1,1,
2.024E+11,155 720 079,B01,2,7,0,2,4,1,1,
2.024E+11,155 720 080,A01,2,7,0,2,1,2,1,
2.024E+11,155 720 078,A01,2,7,13,0,0,0,1,
2.024E+11,155 720 077,A01,2,7,8,0,1,14,1,
2.024E+11,155 720 075,A01,1,7,4,2,4,17,1,
2.024E+11,155 720 076,B01,1,10,0,2,2,1,1,
2.024E+11,155 720 073,A01,1,31,0,2,6,1,1,
2.024E+11,155 720 074,B01,2,7,0,2,3,15,1,
2.024E+11,155 720 071,A01,2,7,17,2,3,1,1,
2.024E+11,155 720 072,B01,2,21,0,2,2,26,1,
2.024E+11,155 720 069,A01,2,7,0,2,3,13,1,
2.024E+11,155 720 070,B01,1,7,0,2,3,1,1,
2.024E+11,155 720 067,B01,1,10,0,2,3,1,1,
2.024E+11,155 720 068,A01,2,33,0,2,1,13,1,
2.024E+11,155 720 066,A01,2,7,0,0,9,14,1,
2.024E+11,155 720 063,B01,1,7,0,0,6,1,1,
2.024E+11,155 720 064,C01,2,10,0,2,1,1,1,
2.024E+11,155 720 065,A01,1,7,0,2,1,13,1,
2.024E+11,155 720 061,A01,2,7,0,2,2,19,1,
2.024E+11,155 720 062,B01,2,2,0,2,1,1,1,
2.024E+11,155 720 060,A01,2,7,13,0,3,10,1,
2.024E+11,155 720 059,A01,1,33,0,9,1,1,1,
2.024E+11,155 720 055,A01,1,7,0,2,1,1,1,
2.024E+11,155 720 056,B01,1,7,0,2,9,23,1,
2.024E+11,155 720 057,C01,1,7,0,2,9,23,1,
2.024E+11,155 720 058,D01,1,7,0,2,4,23,1,
2.024E+11,155 720 053,A01,2,10,0,2,1,2,1,
2.024E+11,155 720 054,B01,2,7,0,2,4,12,1,
2.024E+11,155 720 049,B01,2,7,0,2,4,23,1,
2.024E+11,155 720 050,C01,2,7,0,2,4,23,1,
2.024E+11,155 720 051,D01,2,7,0,2,4,23,1,
2.024E+11,155 720 052,A01,2,7,0,2,1,1,2,
2.024E+11,155 720 047,B01,1,33,0,2,7,1,0,
2.024E+11,155 720 048,A01,1,10,0,2,7,12,1,
2.024E+11,155 720 045,B01,1,50,0,2,1,19,3,
2.024E+11,155 720 046,A01,2,7,0,2,8,2,1,
2.024E+11,155 720 044,A01,2,31,0,2,8,2,1,
2.024E+11,155 720 042,A01,3,33,0,2,7,1,1,
2.024E+11,155 720 043,B01,3,7,0,2,3,9,1,
2.024E+11,155 720 041,A01,3,7,2,0,1,1,1,
2.024E+11,155 720 039,B01,1,7,0,2,6,0,2,
2.024E+11,155 720 040,A01,1,7,0,2,1,0,1,
2.024E+11,155 720 037,B01,1,7,0,9,7,1,1,
2.024E+11,155 720 038,A01,1,1,0,2,3,15,5,
2.024E+11,155 720 034,B01,1,7,0,2,4,1,1,
2.024E+11,155 720 036,A01,1,7,0,2,1,1,1,
2.024E+11,155 720 033,A01,2,7,3,0,0,0,1,
2.024E+11,155 720 035,B01,2,7,3,0,0,0,1,
2.024E+11,155 720 031,B01,2,33,0,2,7,3,1,
2.024E+11,155 720 032,A01,2,10,0,2,8,11,1,
2.024E+11,155 720 028,B01,1,10,0,2,6,2,1,
2.024E+11,155 720 030,A01,1,43,0,2,1,2,1,
2.024E+11,155 720 026,A01,3,14,0,2,7,1,1,
2.024E+11,155 720 027,B01,1,1,0,2,6,18,5,
2.024E+11,155 720 025,B01,3,1,0,2,1,1,5,
2.024E+11,155 720 029,A01,3,10,0,9,4,4,3,
2.024E+11,155 720 024,A01,2,7,4,0,1,0,1,
2.024E+11,155 720 023,A01,3,7,0,1,1,1,1,
2.024E+11,155 720 022,A01,1,20,16,0,0,2,0,
2.024E+11,155 720 018,A01,3,50,0,2,2,1,3,
2.024E+11,155 720 021,B01,3,32,0,2,7,1,1,
2.024E+11,155 720 017,A01,2,7,0,2,6,13,1,
2.024E+11,155 720 019,B01,2,33,0,2,2,3,1,
2.024E+11,155 720 020,C01,2,7,0,2,4,1,1,
2.024E+11,155 720 014,A01,2,0,0,2,3,13,0,
2.024E+11,155 720 016,B01,1,33,0,2,3,1,1,
2.024E+11,155 720 015,A01,1,1,0,0,0,0,5,
2.024E+11,155 720 012,A01,2,7,4,2,2,1,1,
2.024E+11,155 720 013,Z01,2,7,4,2,5,12,1,
2.024E+11,155 720 009,A01,1,1,0,0,0,21,5,
2.024E+11,155 720 011,B01,2,7,0,0,0,17,1,
2.024E+11,155 720 008,B01,3,31,0,2,1,1,1,
2.024E+11,155 720 010,A01,3,7,0,2,7,15,1,
2.024E+11,155 720 006,A01,3,7,0,1,4,20,1,
2.024E+11,155 720 002,A01,2,33,0,2,1,3,1,
2.024E+11,155 720 004,B01,2,7,0,2,7,1,1,
2.024E+11,155 720 000,A01,1,7,0,1,1,15,1,
2.024E+11,155 720 001,A01,2,7,0,2,2,15,1,
2.024E+11,155 720 003,C01,2,10,0,2,1,1,1,
2.024E+11,155 720 005,B01,1,7,0,2,1,15,1,
2.024E+11,155 720 007,D01,1,7,0,2,1,1,1,
2.024E+11,155 719 998,A01,2,10,0,2,3,11,1,
2.024E+11,155 719 999,B01,2,31,0,2,2,3,1,
2.024E+11,155 719 997,Z01,2,50,0,1,1,1,3,
2.024E+11,155 719 993,A01,2,7,1,1,1,1,1,
2.024E+11,155 719 992,A01,1,34,0,2,7,3,1,
2.024E+11,155 719 995,B01,1,7,0,2,3,11,1,
2.024E+11,155 719 991,B01,2,14,0,2,3,1,1,
2.024E+11,155 719 994,C01,1,7,0,2,1,1,1,
2.024E+11,155 719 996,A01,1,7,0,2,3,13,1,
2.024E+11,155 719 986,A01,2,10,0,2,4,2,1,
2.024E+11,155 719 989,B01,2,14,0,2,2,2,1,
2.024E+11,155 719 982,D01,1,7,0,2,4,1,1,
2.024E+11,155 719 985,A01,1,31,0,2,1,1,1,
2.024E+11,155 719 988,C01,1,7,0,2,4,1,2,
2.024E+11,155 719 990,B01,1,31,0,2,8,1,3,
2.024E+11,155 719 983,A01,3,7,6,0,1,1,1,
2.024E+11,155 719 981,C01,2,10,0,2,5,1,1,
2.024E+11,155 719 984,A01,2,7,0,2,3,11,2,
2.024E+11,155 719 987,B01,2,31,0,2,2,1,1,
2.024E+11,155 719 980,A01,1,7,15,0,1,1,1,
2.024E+11,155 719 977,A01,1,7,0,2,2,14,1,
2.024E+11,155 719 979,B01,1,7,0,2,8,24,1,
2.024E+11,155 719 976,A01,2,7,4,0,3,1,1,
2.024E+11,155 719 975,A01,2,33,12,0,1,2,1,