Num_Acc,id_vehicule,num_veh,senc,catv,obs,obsm,choc,manv,motor,occutc
2.024E+11,155 719 974,B01,2,1,0,2,1,1,5,
2.024E+11,155 719 978,A01,2,7,0,2,3,9,1,
2.024E+11,155 719 971,A01,1,7,0,2,1,2,1,
2.024E+11,155 719 973,B01,1,7,0,2,4,23,1,
2.024E+11,155 719 970,A01,1,7,0,0,3,15,1,
2.024E+11,155 719 968,A01,1,7,0,2,1,2,3,
2.024E+11,155 719 969,B01,1,10,0,2,4,1,1,
2.024E+11,155 719 972,C01,1,10,0,2,4,2,1,
2.024E+11,155 719 967,A01,1,33,13,0,0,1,1,
2.024E+11,155 719 966,A01,2,33,15,0,1,14,1,
2.024E+11,155 719 963,A01,2,33,0,0,7,1,1,
2.024E+11,155 719 961,A01,1,7,0,1,2,1,1,
2.024E+11,155 719 960,A01,1,7,0,2,3,15,1,
2.024E+11,155 719 962,B01,1,7,0,0,2,17,1,
2.024E+11,155 719 959,A01,1,7,0,1,1,16,1,
2.024E+11,155 719 954,A01,1,7,0,1,3,1,1,
2.024E+11,155 719 952,A01,2,7,0,2,3,1,1,
2.024E+11,155 719 956,B01,2,7,0,2,3,1,1,
2.024E+11,155 719 951,B01,2,7,0,2,3,1,1,
2.024E+11,155 719 955,A01,1,7,0,2,2,1,1,
2.024E+11,155 719 950,A01,1,7,0,2,1,1,1,
2.024E+11,155 719 953,C01,2,7,0,2,1,1,2,
2.024E+11,155 719 957,B01,1,7,0,2,4,15,1,
2.024E+11,155 719 958,D01,1,10,0,0,8,23,1,
2.024E+11,155 719 948,A01,1,7,13,0,3,1,2,
2.024E+11,155 719 947,A01,2,31,12,0,1,15,1,
2.024E+11,155 719 946,A01,1,7,0,2,7,1,1,
2.024E+11,155 719 949,B01,3,7,0,2,1,1,1,
2.024E+11,155 719 945,A01,1,33,2,0,1,1,1,
2.024E+11,155 719 942,B01,3,1,0,2,8,19,5,
2.024E+11,155 719 944,A01,3,7,0,2,1,1,1,
2.024E+11,155 719 940,A01,3,7,0,2,1,15,1,
2.024E+11,155 719 943,B01,3,31,0,2,1,1,1,
2.024E+11,155 719 939,A01,3,33,0,0,7,1,1,
2.024E+11,155 719 938,A01,1,10,0,2,3,19,1,
2.024E+11,155 719 941,B01,2,7,0,2,1,26,1,
2.024E+11,155 719 937,A01,2,7,15,0,1,13,1,
2.024E+11,155 719 934,A01,1,31,12,0,1,6,1,
2.024E+11,155 719 933,A01,1,7,0,2,3,10,1,
2.024E+11,155 719 936,B01,1,37,0,2,2,1,1,2
2.024E+11,155 719 931,A01,1,33,0,2,3,1,1,
2.024E+11,155 719 935,B01,2,7,0,2,3,13,1,
2.024E+11,155 719 932,A01,0,50,0,1,0,1,3,
2.024E+11,155 719 930,A01,1,7,0,0,9,1,1,
2.024E+11,155 719 927,B01,1,80,0,2,8,5,3,
2.024E+11,155 719 928,A01,2,7,0,2,2,16,1,
2.024E+11,155 719 925,A01,1,7,2,0,1,26,1,
2.024E+11,155 719 924,A01,2,7,2,0,1,14,1,
2.024E+11,155 719 926,A01,1,7,0,2,2,14,1,
2.024E+11,155 719 929,B01,1,7,1,2,3,1,1,
2.024E+11,155 719 922,B01,2,10,0,0,0,11,1,
2.024E+11,155 719 923,A01,2,31,0,2,0,21,0,
2.024E+11,155 719 918,A01,2,7,0,2,1,0,1,
2.024E+11,155 719 921,B01,1,7,7,2,8,0,1,
2.024E+11,155 719 919,A01,0,7,0,2,2,19,1,
2.024E+11,155 719 920,B01,3,50,0,2,8,19,3,
2.024E+11,155 719 916,A01,1,7,0,1,2,1,1,
2.024E+11,155 719 915,A01,3,7,0,9,3,1,1,
2.024E+11,155 719 917,B01,3,50,0,2,7,1,3,
2.024E+11,155 719 914,A01,2,7,0,1,2,0,1,
2.024E+11,155 719 913,A01,1,2,13,0,7,13,1,
2.024E+11,155 719 910,A01,2,7,8,0,3,16,1,
2.024E+11,155 719 909,B01,1,1,0,2,8,2,5,
2.024E+11,155 719 911,A01,1,7,0,2,5,2,1,
2.024E+11,155 719 908,A01,2,7,0,2,7,1,1,
2.024E+11,155 719 912,B01,2,7,0,2,1,1,1,
2.024E+11,155 719 907,A01,3,7,16,0,1,0,1,
2.024E+11,155 719 906,A01,3,7,0,0,0,13,1,
2.024E+11,155 719 902,B01,1,7,0,2,1,1,1,
2.024E+11,155 719 904,A01,1,7,0,2,4,1,1,
2.024E+11,155 719 901,B01,1,2,0,2,1,17,1,
2.024E+11,155 719 903,A01,2,10,0,0,1,1,1,
2.024E+11,155 719 900,B01,2,10,0,2,2,16,1,
2.024E+11,155 719 905,A01,2,50,0,2,1,18,3,
2.024E+11,155 719 898,A01,2,7,0,0,4,23,1,
2.024E+11,155 719 899,B01,2,31,0,2,1,1,1,
2.024E+11,155 719 896,A01,2,7,0,1,3,1,1,
2.024E+11,155 719 894,B01,1,17,0,2,1,2,1,
2.024E+11,155 719 897,A01,1,7,0,2,3,9,1,
2.024E+11,155 719 892,A01,3,7,0,2,2,13,1,
2.024E+11,155 719 895,B01,2,7,0,2,2,26,1,
2.024E+11,155 719 891,A01,2,7,0,0,4,1,1,
2.024E+11,155 719 893,B01,2,7,0,2,1,2,1,
2.024E+11,155 719 885,A01,3,7,0,2,1,16,0,
2.024E+11,155 719 889,B01,3,7,0,2,0,0,0,
2.024E+11,155 719 884,A01,1,10,0,2,1,2,1,
2.024E+11,155 719 887,B01,1,7,3,0,4,1,1,
2.024E+11,155 719 886,A01,1,7,0,2,7,15,1,
2.024E+11,155 719 888,B01,2,30,0,2,1,1,1,
2.024E+11,155 719 882,A01,1,10,0,1,2,20,1,
2.024E+11,155 719 881,A01,1,7,0,2,1,19,1,
2.024E+11,155 719 883,B01,2,7,0,2,1,21,2,
2.024E+11,155 719 879,A01,1,17,0,1,1,2,1,
2.024E+11,155 719 878,B01,2,7,0,2,4,23,1,
2.024E+11,155 719 880,A01,2,1,0,2,1,1,0,
2.024E+11,155 719 877,A01,2,30,0,1,8,1,3,
2.024E+11,155 719 875,A01,1,7,4,0,3,13,1,
2.024E+11,155 719 870,A01,1,7,0,2,0,0,1,
2.024E+11,155 719 872,B01,0,50,0,2,8,1,3,
2.024E+11,155 719 869,A01,1,10,0,2,1,17,1,
2.024E+11,155 719 871,B01,1,7,0,2,2,17,1,
2.024E+11,155 719 867,B01,1,33,0,2,7,1,1,
2.024E+11,155 719 874,A01,2,7,0,2,1,9,1,
2.024E+11,155 719 866,A01,2,7,0,2,1,13,1,
2.024E+11,155 719 868,B01,1,7,0,2,6,17,1,
2.024E+11,155 719 873,D01,1,7,0,2,1,1,1,
2.024E+11,155 719 876,C01,1,15,0,2,8,1,1,
2.024E+11,155 719 864,A01,0,7,0,0,0,0,0,
2.024E+11,155 719 863,A01,1,7,0,2,3,11,1,
2.024E+11,155 719 865,B01,2,2,0,2,1,1,1,
2.024E+11,155 719 861,A01,3,50,0,0,0,1,3,
2.024E+11,155 719 862,A01,3,7,1,1,7,26,1,
2.024E+11,155 719 860,A01,3,7,0,2,3,2,1,
2.024E+11,155 719 858,A01,1,10,0,2,3,20,1,
2.024E+11,155 719 859,B01,0,50,0,2,1,25,3,
2.024E+11,155 719 856,A01,2,33,0,0,0,26,1,
2.024E+11,155 719 854,A01,2,7,0,2,1,1,1,
2.024E+11,155 719 857,B01,1,10,0,2,3,13,1,
2.024E+11,155 719 852,B01,1,7,0,2,4,1,1,
2.024E+11,155 719 855,A01,1,31,0,2,1,1,1,
2.024E+11,155 719 851,B01,2,7,0,2,4,2,1,
2.024E+11,155 719 853,A01,2,33,0,2,1,2,1,
2.024E+11,155 719 850,A01,1,31,0,0,0,16,1,
2.024E+11,155 719 848,B01,3,7,0,1,3,1,1,
2.024E+11,155 719 847,A01,3,32,12,0,8,1,1,
2.024E+11,155 719 849,A01,2,1,16,0,1,16,5,
2.024E+11,155 719 845,A01,1,33,0,1,1,1,1,
2.024E+11,155 719 840,B01,1,15,1,0,1,1,1,
2.024E+11,155 719 843,A01,1,10,13,0,3,9,1,
2.024E+11,155 719 841,B01,2,7,0,2,1,1,1,
2.024E+11,155 719 846,A01,1,7,0,2,1,15,1,
2.024E+11,155 719 839,A01,3,7,0,1,1,1,1,
2.024E+11,155 719 842,A01,1,31,0,2,8,23,1,
2.024E+11,155 719 844,B01,1,7,0,2,2,1,1,
2.024E+11,155 719 835,A01,1,7,0,2,1,1,1,
2.024E+11,155 719 838,B01,2,7,0,0,1,1,1,
2.024E+11,155 719 833,A01,1,7,0,2,3,2,1,
2.024E+11,155 719 836,B01,1,30,0,2,5,2,1,
2.024E+11,155 719 834,A01,1,33,0,2,1,0,1,
2.024E+11,155 719 837,B01,1,7,0,0,0,0,1,
2.024E+11,155 719 831,A01,1,7,0,2,1,0,1,
2.024E+11,155 719 832,B01,2,7,0,2,1,1,1,
2.024E+11,155 719 828,A01,2,34,0,0,1,1,1,
2.024E+11,155 719 827,A01,1,7,0,2,2,0,1,
2.024E+11,155 719 830,B01,2,32,0,0,8,1,1,
2.024E+11,155 719 826,A01,1,7,0,2,2,16,1,
2.024E+11,155 719 829,B01,2,1,0,2,1,1,5,
2.024E+11,155 719 821,A01,0,7,0,2,6,23,1,
2.024E+11,155 719 823,B01,0,31,0,2,1,1,1,
2.024E+11,155 719 822,A01,3,7,0,2,1,0,1,
2.024E+11,155 719 824,B01,3,7,0,2,7,15,1,
2.024E+11,155 719 819,A01,2,7,0,2,1,15,1,
2.024E+11,155 719 820,B01,1,10,0,2,1,1,1,
2.024E+11,155 719 818,A01,1,2,0,0,3,1,0,
2.024E+11,155 719 816,A01,3,1,0,1,1,1,5,
2.024E+11,155 719 817,B01,2,38,0,2,3,1,1,6
2.024E+11,155 719 825,A01,1,33,0,2,0,17,1,
2.024E+11,155 719 814,A01,1,7,9,0,1,1,1,
2.024E+11,155 719 813,A01,2,33,0,2,1,17,1,
2.024E+11,155 719 815,B01,2,7,0,0,6,15,1,
2.024E+11,155 719 811,A01,1,7,0,1,2,1,1,
2.024E+11,155 719 810,A01,0,7,0,1,4,26,3,
2.024E+11,155 719 809,B01,2,7,0,2,6,0,1,
2.024E+11,155 719 812,A01,2,10,0,2,2,21,1,
2.024E+11,155 719 807,A01,1,7,0,2,1,13,1,
2.024E+11,155 719 808,B01,2,7,0,2,1,1,1,
2.024E+11,155 719 803,B01,2,1,0,2,0,1,5,
2.024E+11,155 719 806,A01,2,7,0,9,2,1,1,
2.024E+11,155 719 805,A01,2,7,0,1,1,1,2,
2.024E+11,155 719 800,B01,1,7,0,2,1,11,1,
2.024E+11,155 719 802,A01,1,15,0,0,7,13,1,
2.024E+11,155 719 797,A01,1,7,9,2,3,5,1,
2.024E+11,155 719 799,B01,2,7,0,2,8,1,1,
2.024E+11,155 719 793,A01,2,17,0,2,1,2,1,
2.024E+11,155 719 794,B01,2,17,14,0,6,2,1,
2.024E+11,155 719 795,A01,1,7,0,2,0,2,1,
2.024E+11,155 719 798,B01,1,10,0,2,4,2,1,
2.024E+11,155 719 792,A01,2,7,0,0,3,1,1,
2.024E+11,155 719 796,B01,2,14,0,2,5,12,1,
2.024E+11,155 719 790,A01,0,7,0,2,1,1,1,
2.024E+11,155 719 791,B01,0,7,0,0,4,26,1,
2.024E+11,155 719 789,A01,1,7,3,0,3,17,2,
2.024E+11,155 719 787,A01,1,10,13,0,9,1,1,
2.024E+11,155 719 786,A01,3,7,0,2,3,13,1,
2.024E+11,155 719 788,B01,3,31,0,2,1,1,1,
2.024E+11,155 719 785,A01,3,33,12,0,7,1,1,
2.024E+11,155 719 781,A01,2,7,6,0,1,1,1,
2.024E+11,155 719 778,A01,2,7,0,0,4,2,1,
2.024E+11,155 719 782,C01,1,38,0,2,2,2,1,1
2.024E+11,155 719 784,B01,1,7,0,2,4,2,1,
2.024E+11,155 719 777,B01,1,33,0,2,1,1,1,
2.024E+11,155 719 779,A01,1,7,0,2,7,15,1,
2.024E+11,155 719 776,A01,1,7,0,2,3,19,1,
2.024E+11,155 719 780,B01,1,2,0,2,1,17,1,
2.024E+11,155 719 783,C01,1,33,0,2,1,17,1,
2.024E+11,155 719 773,A01,3,7,1,0,2,0,1,
2.024E+11,155 719 770,A01,2,7,0,2,1,26,1,
2.024E+11,155 719 774,B01,1,1,0,2,1,1,5,
2.024E+11,155 719 775,C01,1,1,0,9,1,1,5,
2.024E+11,155 719 769,A01,3,7,0,2,3,1,1,
2.024E+11,155 719 772,B01,3,30,0,2,1,13,3,
2.024E+11,155 719 766,C01,1,7,0,2,1,1,1,
2.024E+11,155 719 768,A01,1,7,0,2,4,1,1,
2.024E+11,155 719 771,B01,1,10,0,2,1,1,1,
2.024E+11,155 719 764,B01,1,33,0,2,1,1,1,
2.024E+11,155 719 767,A01,1,7,0,2,2,11,1,
2.024E+11,155 719 761,A01,1,7,0,2,2,17,1,
2.024E+11,155 719 763,B01,1,1,0,2,4,1,5,
2.024E+11,155 719 757,A01,1,33,0,2,7,3,1,
2.024E+11,155 719 760,C01,1,7,0,2,5,2,1,
2.024E+11,155 719 762,B01,1,7,0,2,3,2,2,
2.024E+11,155 719 756,A01,1,7,3,0,3,1,1,
2.024E+11,155 719 759,B01,2,7,0,0,3,1,1,
2.024E+11,155 719 754,A01,3,7,0,2,7,13,2,
2.024E+11,155 719 758,B01,3,7,0,2,1,1,1,
2.024E+11,155 719 752,B01,1,13,0,2,2,17,1,
2.024E+11,155 719 755,A01,1,7,6,2,3,17,3,
2.024E+11,155 719 751,A01,2,10,0,2,5,12,1,
2.024E+11,155 719 753,B01,2,7,0,2,3,2,1,
2.024E+11,155 719 749,B01,0,20,0,2,1,23,1,
2.024E+11,155 719 750,A01,1,7,1,0,7,1,1,
2.024E+11,155 719 746,A01,1,33,0,1,3,26,1,
2.024E+11,155 719 745,A01,2,42,0,2,1,3,1,
2.024E+11,155 719 747,B01,2,7,0,2,6,1,1,
2.024E+11,155 719 744,A01,2,7,16,0,2,13,1,
2.024E+11,155 719 743,B01,2,7,0,2,3,1,1,
2.024E+11,155 719 748,A01,2,7,0,2,5,15,1,
2.024E+11,155 719 739,B01,2,15,0,2,4,1,1,
2.024E+11,155 719 741,A01,2,15,0,2,1,1,1,
2.024E+11,155 719 737,A01,0,7,0,1,4,4,1,
2.024E+11,155 719 732,C01,2,15,0,2,7,1,1,
2.024E+11,155 719 734,D01,2,10,0,2,1,1,1,
2.024E+11,155 719 736,A01,1,7,0,2,1,13,1,
2.024E+11,155 719 738,B01,2,7,0,2,8,17,1,
2.024E+11,155 719 729,A01,1,7,0,1,2,1,1,
2.024E+11,155 719 730,A01,2,33,0,2,0,3,1,
2.024E+11,155 719 731,B01,2,7,0,2,0,0,1,
2.024E+11,155 719 733,C01,2,7,0,2,0,0,1,
2.024E+11,155 719 735,D01,2,7,0,2,0,0,1,
2.024E+11,155 719 728,A01,1,7,6,0,1,1,3,
2.024E+11,155 719 726,B01,1,7,0,2,3,1,1,
2.024E+11,155 719 727,A01,2,7,0,2,3,1,1,
2.024E+11,155 719 725,A01,2,7,13,0,9,1,1,
2.024E+11,155 719 724,A01,3,2,2,0,1,15,1,
2.024E+11,155 719 721,A01,3,7,0,2,4,4,1,
2.024E+11,155 719 723,B01,3,1,0,2,7,21,5,
2.024E+11,155 719 719,B01,3,7,0,2,3,15,1,
2.024E+11,155 719 722,A01,0,33,0,2,8,1,1,
2.024E+11,155 719 718,A01,3,32,3,0,8,16,1,
2.024E+11,155 719 717,A01,1,7,0,2,8,13,1,
2.024E+11,155 719 720,B01,1,33,0,2,7,0,1,
2.024E+11,155 719 716,A01,2,7,13,0,2,0,1,
2.024E+11,155 719 714,A01,1,7,0,1,3,1,1,
2.024E+11,155 719 711,A01,1,7,4,0,2,26,1,
2.024E+11,155 719 712,B01,2,7,0,2,8,1,1,
2.024E+11,155 719 715,A01,1,7,0,2,2,1,1,
2.024E+11,155 719 710,A01,2,15,0,2,1,2,1,
2.024E+11,155 719 713,B01,2,7,0,2,5,2,2,
2.024E+11,155 719 709,A01,1,7,0,1,1,1,1,
2.024E+11,155 719 704,B01,2,10,0,2,7,1,1,
2.024E+11,155 719 708,A01,2,7,0,2,1,19,1,
2.024E+11,155 719 705,B01,1,7,0,2,5,2,1,
2.024E+11,155 719 707,A01,1,7,0,2,1,2,1,
2.024E+11,155 719 706,A01,2,7,9,0,3,1,4,
2.024E+11,155 719 700,A01,1,7,0,2,3,1,1,
2.024E+11,155 719 702,B01,2,7,0,2,3,1,1,
2.024E+11,155 719 698,A01,0,50,0,2,1,26,3,
2.024E+11,155 719 703,B01,0,7,0,2,7,1,1,
2.024E+11,155 719 695,A01,2,32,0,2,3,3,1,
2.024E+11,155 719 697,B01,1,7,0,2,5,1,1,
2.024E+11,155 719 699,C01,1,7,0,2,7,1,1,
2.024E+11,155 719 701,D01,2,7,0,2,7,2,2,
2.024E+11,155 719 693,A01,1,7,0,2,3,1,2,
2.024E+11,155 719 696,B01,2,80,0,2,1,1,3,
2.024E+11,155 719 691,B01,1,17,0,0,2,1,1,
2.024E+11,155 719 694,A01,2,7,0,2,2,11,1,
2.024E+11,155 719 689,A01,1,7,0,2,2,1,1,
2.024E+11,155 719 692,B01,1,7,0,2,6,2,1,
2.024E+11,155 719 688,A01,2,7,0,2,7,12,1,
2.024E+11,155 719 690,B01,2,7,0,2,8,1,2,
2.024E+11,155 719 686,A01,1,7,6,0,1,14,1,
2.024E+11,155 719 687,A01,3,33,0,0,8,26,0,
2.024E+11,155 719 683,B01,0,7,0,2,7,1,1,
2.024E+11,155 719 685,A01,0,7,0,2,1,16,1,
2.024E+11,155 719 682,A01,1,32,0,2,3,3,1,
2.024E+11,155 719 684,B01,1,10,0,2,5,1,1,
2.024E+11,155 719 681,A01,1,15,0,1,2,2,1,
2.024E+11,155 719 679,A01,2,7,0,5,9,1,1,
2.024E+11,155 719 680,B01,2,10,0,2,9,1,1,
2.024E+11,155 719 676,A01,1,7,0,2,8,23,1,
2.024E+11,155 719 678,B01,1,14,0,2,2,14,1,
2.024E+11,155 719 677,A01,2,7,0,1,3,1,1,
2.024E+11,155 719 674,A01,2,10,3,2,2,12,1,
2.024E+11,155 719 675,B01,2,7,3,2,3,13,1,
2.024E+11,155 719 671,A01,2,10,0,2,8,11,1,
2.024E+11,155 719 673,B01,2,33,0,2,7,3,1,
2.024E+11,155 719 668,A01,3,36,13,0,1,14,1,
2.024E+11,155 719 665,A01,2,7,0,2,1,2,1,
2.024E+11,155 719 667,B01,2,10,0,2,4,2,1,
2.024E+11,155 719 670,C01,2,7,0,2,4,2,1,
2.024E+11,155 719 672,D01,2,10,0,2,4,2,1,
2.024E+11,155 719 664,B01,2,7,0,2,3,1,1,
2.024E+11,155 719 669,A01,1,7,0,2,1,15,1,
2.024E+11,155 719 663,A01,2,14,0,2,2,12,1,
2.024E+11,155 719 666,B01,2,7,0,2,8,1,1,
2.024E+11,155 719 662,A01,1,7,0,1,3,13,2,
2.024E+11,155 719 660,A01,2,7,0,2,1,2,2,
2.024E+11,155 719 661,B01,2,10,0,2,4,1,1,
2.024E+11,155 719 657,A01,2,7,0,1,1,2,1,
2.024E+11,155 719 653,A01,3,7,0,2,7,26,1,
2.024E+11,155 719 655,B01,1,7,1,2,0,9,0,
2.024E+11,155 719 652,C01,1,7,0,2,1,1,1,
2.024E+11,155 719 656,A01,2,7,0,2,3,13,1,
2.024E+11,155 719 658,B01,1,7,0,2,3,1,1,
2.024E+11,155 719 654,A01,2,30,0,2,1,17,1,
2.024E+11,155 719 659,B01,2,7,0,2,3,15,1,
2.024E+11,155 719 646,A01,2,1,0,2,7,1,5,
2.024E+11,155 719 649,B01,1,0,0,2,2,9,-1,
2.024E+11,155 719 645,A01,1,10,0,2,2,14,1,
2.024E+11,155 719 651,B01,1,7,0,2,3,1,1,
2.024E+11,155 719 643,A01,1,40,0,1,1,1,3,
2.024E+11,155 719 644,A01,3,30,0,2,1,19,1,
2.024E+11,155 719 647,B01,3,14,0,2,8,0,1,
2.024E+11,155 719 642,A01,0,7,2,0,3,1,1,
2.024E+11,155 719 640,A01,2,7,1,0,2,14,1,
2.024E+11,155 719 637,C01,1,7,0,2,4,1,0,
2.024E+11,155 719 639,B01,1,7,0,2,1,2,1,
2.024E+11,155 719 641,A01,1,7,0,2,1,2,1,
2.024E+11,155 719 634,A01,0,7,0,1,1,1,1,
2.024E+11,155 719 635,A01,1,7,0,2,2,9,1,
2.024E+11,155 719 638,B01,2,7,0,2,8,1,1,
2.024E+11,155 719 633,B01,2,33,0,2,1,17,1,
2.024E+11,155 719 636,A01,2,10,0,2,8,15,1,
2.024E+11,155 719 630,B01,2,7,0,2,4,2,1,
2.024E+11,155 719 632,A01,2,10,0,2,1,2,1,
2.024E+11,155 719 628,B01,3,2,0,2,1,1,1,
2.024E+11,155 719 631,A01,3,7,0,2,2,15,1,
2.024E+11,155 719 624,A01,1,7,4,2,0,2,1,
2.024E+11,155 719 625,A01,1,7,0,0,8,15,1,
2.024E+11,155 719 627,B01,1,2,1,2,5,17,1,
2.024E+11,155 719 622,A01,1,7,13,2,3,1,1,
2.024E+11,155 719 623,B01,2,7,0,2,3,1,1,
2.024E+11,155 719 619,A01,1,7,0,2,2,2,1,
2.024E+11,155 719 621,B01,3,7,0,2,6,1,1,
2.024E+11,155 719 616,A01,1,7,12,0,9,1,1,
2.024E+11,155 719 617,A01,1,7,0,1,2,1,1,
2.024E+11,155 719 614,B01,2,33,0,0,1,1,1,
2.024E+11,155 719 618,A01,0,7,0,0,3,1,1,
2.024E+11,155 719 613,B01,1,7,0,2,3,11,0,
2.024E+11,155 719 615,A01,1,50,0,2,5,1,3,
2.024E+11,155 719 612,A01,3,7,4,0,1,26,1,
2.024E+11,155 719 607,B01,1,10,0,2,6,1,1,
2.024E+11,155 719 611,A01,1,7,0,2,2,12,1,
2.024E+11,155 719 609,A01,2,7,0,2,3,20,1,
2.024E+11,155 719 610,B01,2,1,1,0,7,1,5,
2.024E+11,155 719 604,A01,1,32,0,0,7,21,1,
2.024E+11,155 719 606,B01,2,7,0,0,0,0,1,
2.024E+11,155 719 602,A01,1,7,4,0,9,1,1,
2.024E+11,155 719 603,B01,1,7,0,2,4,23,1,
2.024E+11,155 719 605,A01,1,7,0,2,1,1,1,
2.024E+11,155 719 608,C01,1,10,0,2,4,23,1,
2.024E+11,155 719 599,A01,2,7,0,1,7,1,1,
2.024E+11,155 719 597,A01,1,7,0,2,6,1,1,
2.024E+11,155 719 600,Z01,1,15,0,2,0,0,0,
2.024E+11,155 719 596,B01,2,37,0,2,3,1,1,3
2.024E+11,155 719 601,A01,1,7,0,2,2,15,1,
2.024E+11,155 719 598,A01,2,7,3,0,9,0,1,
2.024E+11,155 719 593,A01,2,7,0,2,7,13,1,
2.024E+11,155 719 595,B01,2,17,0,2,4,1,1,
2.024E+11,155 719 594,A01,1,30,12,0,1,1,1,
2.024E+11,155 719 591,A01,2,7,3,0,9,26,1,
2.024E+11,155 719 588,A01,2,7,4,0,2,0,1,
2.024E+11,155 719 590,A01,1,7,0,2,1,15,1,
2.024E+11,155 719 592,B01,3,2,0,2,8,1,1,
2.024E+11,155 719 587,A01,1,7,0,2,2,10,1,
2.024E+11,155 719 589,B01,1,32,0,2,1,2,1,
2.024E+11,155 719 583,A01,1,7,0,2,4,1,1,
2.024E+11,155 719 585,B01,1,14,0,2,1,1,1,
2.024E+11,155 719 586,A01,1,7,0,1,1,15,2,
2.024E+11,155 719 580,B01,2,10,0,2,9,0,1,
2.024E+11,155 719 582,A01,1,7,0,2,3,13,1,
2.024E+11,155 719 579,A01,2,7,4,0,1,1,1,
2.024E+11,155 719 581,A01,3,7,0,2,3,21,1,
2.024E+11,155 719 584,B01,3,7,0,2,5,1,1,
2.024E+11,155 719 578,A01,1,7,6,0,2,26,1,
2.024E+11,155 719 576,A01,1,7,8,0,1,26,1,
2.024E+11,155 719 577,A01,1,7,13,0,1,26,1,
2.024E+11,155 719 575,A01,1,1,0,2,0,0,5,
2.024E+11,155 719 573,A01,1,7,13,0,0,0,1,
2.024E+11,155 719 572,A01,1,0,0,1,1,1,1,
2.024E+11,155 719 574,A01,2,7,2,0,1,1,1,
2.024E+11,155 719 570,A01,2,7,0,2,2,1,2,
2.024E+11,155 719 571,B01,2,50,0,2,3,1,3,
2.024E+11,155 719 567,B01,0,7,0,0,0,0,0,
2.024E+11,155 719 568,A01,0,2,14,2,6,17,6,
2.024E+11,155 719 566,A01,1,7,1,2,2,14,1,
2.024E+11,155 719 569,C01,2,7,0,2,8,1,1,
2.024E+11,155 719 565,A01,1,50,0,1,0,21,3,
2.024E+11,155 719 564,A01,3,13,0,1,1,1,1,
2.024E+11,155 719 562,A01,2,7,9,0,1,1,1,
2.024E+11,155 719 560,A01,1,7,0,2,1,15,1,
2.024E+11,155 719 563,B01,1,2,0,2,1,15,1,
2.024E+11,155 719 559,A01,3,1,0,0,0,1,5,
2.024E+11,155 719 558,B01,1,33,0,2,1,1,1,
2.024E+11,155 719 561,A01,3,7,0,2,2,1,1,
2.024E+11,155 719 553,A01,2,7,0,2,7,2,1,
2.024E+11,155 719 556,B01,2,2,0,2,8,2,1,
2.024E+11,155 719 551,A01,3,7,0,2,1,17,1,
2.024E+11,155 719 554,B01,3,1,0,2,8,15,5,
2.024E+11,155 719 555,B01,3,7,0,2,6,1,1,
2.024E+11,155 719 557,A01,3,30,0,2,8,1,1,
2.024E+11,155 719 550,A01,3,7,0,2,1,2,1,
2.024E+11,155 719 552,B01,3,33,0,2,4,2,1,
2.024E+11,155 719 549,A01,2,31,0,0,0,21,1,
2.024E+11,155 719 547,A01,1,7,0,1,1,1,1,
2.024E+11,155 719 545,A01,1,7,14,0,1,1,3,
2.024E+11,155 719 546,B01,2,33,0,2,1,1,1,
2.024E+11,155 719 548,A01,2,7,0,2,4,9,1,
2.024E+11,155 719 543,A01,1,7,0,2,2,15,1,
2.024E+11,155 719 544,B01,2,33,0,2,9,1,1,
2.024E+11,155 719 540,A01,1,7,0,2,2,17,1,
2.024E+11,155 719 542,B01,1,7,0,2,3,15,1,
2.024E+11,155 719 538,A01,3,7,0,2,3,9,1,
2.024E+11,155 719 541,B01,3,50,0,2,7,1,3,
2.024E+11,155 719 535,A01,2,7,0,2,3,9,1,
2.024E+11,155 719 536,B01,2,31,0,2,7,1,1,
2.024E+11,155 719 530,A01,1,10,0,2,5,1,1,
2.024E+11,155 719 534,B01,1,7,0,2,1,17,1,
2.024E+11,155 719 531,A01,0,7,0,2,1,1,0,
2.024E+11,155 719 533,B01,3,7,0,2,1,1,1,
2.024E+11,155 719 537,C01,3,7,0,2,4,1,1,
2.024E+11,155 719 527,A01,2,7,6,0,1,14,1,
2.024E+11,155 719 524,B01,1,30,0,2,1,1,1,
2.024E+11,155 719 526,A01,1,7,0,2,8,15,1,
2.024E+11,155 719 521,B01,1,2,0,2,8,18,1,
2.024E+11,155 719 523,A01,1,7,0,2,2,16,1,
2.024E+11,155 719 520,A01,2,33,0,2,7,17,1,
2.024E+11,155 719 522,B01,2,10,0,2,1,15,1,
2.024E+11,155 719 518,A01,3,20,0,1,4,26,1,
2.024E+11,155 719 517,A01,2,10,0,2,1,15,1,
2.024E+11,155 719 519,B01,1,7,0,2,1,1,1,
2.024E+11,155 719 515,Z01,1,7,0,1,0,0,0,
2.024E+11,155 719 514,B01,0,7,0,2,7,16,1,
2.024E+11,155 719 516,A01,0,50,0,2,0,19,3,
2.024E+11,155 719 512,A01,2,7,0,1,1,1,1,
2.024E+11,155 719 508,B01,2,7,0,0,0,0,1,
2.024E+11,155 719 511,A01,2,30,0,2,1,2,1,
2.024E+11,155 719 510,A01,1,7,0,1,3,1,1,
2.024E+11,155 719 505,A01,2,14,0,2,7,12,1,