Num_Acc,id_vehicule,num_veh,senc,catv,obs,obsm,choc,manv,motor,occutc
2.024E+11,155 719 035,A01,1,7,0,2,3,13,1,
2.024E+11,155 719 038,B01,2,13,0,2,3,1,1,
2.024E+11,155 719 031,A01,2,7,0,2,1,15,2,
2.024E+11,155 719 034,B01,1,7,0,2,1,2,1,
2.024E+11,155 719 029,A01,0,7,0,2,1,2,1,
2.024E+11,155 719 032,B01,0,7,0,2,4,0,1,
2.024E+11,155 719 027,A01,1,10,16,0,2,21,1,
2.024E+11,155 719 026,A01,2,7,0,9,1,26,1,
2.024E+11,155 719 030,B01,2,1,0,2,8,25,5,
2.024E+11,155 719 025,A01,2,33,0,2,1,1,1,
2.024E+11,155 719 028,B01,1,21,0,0,6,1,1,
2.024E+11,155 719 024,A01,1,7,0,1,1,1,1,
2.024E+11,155 719 023,A01,1,7,6,0,1,14,1,
2.024E+11,155 719 021,A01,2,17,0,0,6,23,1,
2.024E+11,155 719 022,B01,2,7,0,2,1,21,1,
2.024E+11,155 719 016,A01,1,7,0,2,1,2,2,
2.024E+11,155 719 020,B01,1,33,0,2,4,2,1,
2.024E+11,155 719 015,A01,2,7,0,2,3,15,3,
2.024E+11,155 719 018,B01,1,34,0,2,1,1,1,
2.024E+11,155 719 017,A01,2,10,0,2,3,1,1,
2.024E+11,155 719 019,B01,1,14,0,2,3,1,1,
2.024E+11,155 719 011,B01,3,1,0,2,7,26,5,
2.024E+11,155 719 014,A01,1,7,0,9,1,26,3,
2.024E+11,155 719 012,B01,1,31,0,2,1,1,1,
2.024E+11,155 719 013,A01,2,7,0,2,1,15,1,
2.024E+11,155 719 007,B01,3,43,0,2,0,0,1,
2.024E+11,155 719 010,A01,3,7,0,2,3,1,1,
2.024E+11,155 719 008,A01,1,2,0,-1,-1,1,1,
2.024E+11,155 719 006,B01,2,2,0,2,3,1,0,
2.024E+11,155 719 009,A01,1,7,0,2,1,9,1,
2.024E+11,155 719 005,A01,1,7,2,0,1,1,1,
2.024E+11,155 719 002,A01,3,7,2,0,1,13,1,
2.024E+11,155 719 000,A01,2,7,0,2,1,13,1,
2.024E+11,155 719 003,B01,1,15,0,2,1,1,1,
2.024E+11,155 719 001,A01,2,7,0,2,8,11,1,
2.024E+11,155 719 004,B01,2,2,0,2,1,2,1,
2.024E+11,155 718 999,Z01,2,0,0,1,1,11,0,
2.024E+11,155 718 997,A01,1,7,0,2,7,16,1,
2.024E+11,155 718 998,B01,2,7,0,2,1,11,1,
2.024E+11,155 718 995,A01,2,7,2,0,2,1,1,
2.024E+11,155 718 992,A01,1,7,0,2,2,15,1,
2.024E+11,155 718 996,B01,2,2,0,2,1,1,0,
2.024E+11,155 718 990,A01,1,30,0,2,1,1,1,
2.024E+11,155 718 993,B01,1,7,0,2,4,20,3,
2.024E+11,155 718 991,A01,1,30,0,2,3,7,1,
2.024E+11,155 718 994,B01,1,7,0,2,2,16,1,
2.024E+11,155 718 986,A01,1,7,0,0,4,1,1,
2.024E+11,155 718 989,B01,1,7,0,2,1,2,1,
2.024E+11,155 718 983,A01,1,7,0,2,1,19,1,
2.024E+11,155 718 987,B01,1,7,0,2,3,1,1,
2.024E+11,155 718 982,A01,1,7,0,2,1,1,1,
2.024E+11,155 718 985,B01,1,7,0,2,7,15,1,
2.024E+11,155 718 988,C01,1,7,0,2,1,1,1,
2.024E+11,155 718 981,A01,1,7,13,0,2,1,1,
2.024E+11,155 718 980,A01,3,7,3,2,3,1,1,
2.024E+11,155 718 984,B01,3,7,3,2,1,1,1,
2.024E+11,155 718 977,A01,1,33,0,2,2,17,1,
2.024E+11,155 718 978,C01,2,1,0,2,8,1,5,
2.024E+11,155 718 979,B01,1,7,0,2,3,15,2,
2.024E+11,155 718 975,A01,3,10,0,1,8,1,1,
2.024E+11,155 718 973,A01,2,7,0,0,8,10,1,
2.024E+11,155 718 976,B01,1,33,0,2,1,1,1,
2.024E+11,155 718 972,B01,1,7,11,2,1,0,1,
2.024E+11,155 718 974,A01,2,7,2,2,1,0,1,
2.024E+11,155 718 969,A01,3,7,0,2,3,1,1,
2.024E+11,155 718 970,B01,3,31,0,2,7,1,1,
2.024E+11,155 718 966,A01,2,7,0,2,1,19,1,
2.024E+11,155 718 971,B01,1,7,0,2,8,1,1,
2.024E+11,155 718 965,A01,1,33,0,2,1,1,1,
2.024E+11,155 718 968,B01,2,33,0,2,1,13,1,
2.024E+11,155 718 963,B01,1,1,0,2,8,9,5,
2.024E+11,155 718 967,A01,1,7,0,2,2,12,1,
2.024E+11,155 718 956,B01,1,7,0,2,3,1,0,
2.024E+11,155 718 960,A01,2,33,0,2,3,1,1,
2.024E+11,155 718 955,A01,2,7,0,2,3,5,2,
2.024E+11,155 718 959,B01,2,7,0,2,0,1,1,
2.024E+11,155 718 962,C01,2,7,0,2,3,1,1,
2.024E+11,155 718 964,D01,2,7,0,2,3,1,1,
2.024E+11,155 718 954,A01,2,7,0,2,1,1,1,
2.024E+11,155 718 958,B01,2,1,0,2,4,1,5,
2.024E+11,155 718 953,B01,2,7,0,2,4,1,0,
2.024E+11,155 718 957,A01,2,7,1,2,1,1,1,
2.024E+11,155 718 961,C01,2,7,0,2,6,24,1,
2.024E+11,155 718 952,A01,1,10,0,1,3,1,1,
2.024E+11,155 718 948,A01,2,7,1,0,2,1,1,
2.024E+11,155 718 950,A01,2,17,6,0,1,13,1,
2.024E+11,155 718 947,A01,2,7,0,0,1,2,2,
2.024E+11,155 718 949,B01,2,7,0,0,4,2,1,
2.024E+11,155 718 951,C01,2,7,0,2,4,2,1,
2.024E+11,155 718 944,A01,1,30,0,2,1,14,1,
2.024E+11,155 718 945,B01,1,30,0,2,3,0,1,
2.024E+11,155 718 938,A01,1,33,0,2,1,17,1,
2.024E+11,155 718 940,B01,2,7,0,2,2,1,1,
2.024E+11,155 718 942,A01,3,10,4,0,3,1,1,
2.024E+11,155 718 933,A01,2,10,6,0,1,13,1,
2.024E+11,155 718 937,C01,1,7,0,2,1,23,1,
2.024E+11,155 718 943,B01,2,7,0,2,2,1,1,
2.024E+11,155 718 946,A01,1,7,0,2,2,15,1,
2.024E+11,155 718 931,B01,2,7,0,2,4,2,1,
2.024E+11,155 718 932,C01,2,7,0,2,1,2,1,
2.024E+11,155 718 934,D01,2,7,0,2,4,2,1,
2.024E+11,155 718 935,E01,2,7,0,2,1,2,1,
2.024E+11,155 718 939,A01,2,7,0,2,4,2,1,
2.024E+11,155 718 941,F01,2,7,0,2,1,2,1,
2.024E+11,155 718 925,A01,2,7,8,2,1,13,1,
2.024E+11,155 718 927,B01,1,7,0,2,3,1,1,
2.024E+11,155 718 926,A01,1,7,0,2,7,1,1,
2.024E+11,155 718 930,B01,1,7,0,2,7,1,1,
2.024E+11,155 718 936,C01,1,7,0,2,0,0,1,
2.024E+11,155 718 924,A01,2,7,0,9,7,16,1,
2.024E+11,155 718 929,B01,2,1,0,2,1,1,5,
2.024E+11,155 718 922,A01,1,7,3,0,1,1,1,
2.024E+11,155 718 917,A01,2,33,0,2,3,3,1,
2.024E+11,155 718 919,B01,2,10,0,2,5,11,1,
2.024E+11,155 718 921,A01,1,7,0,1,2,21,1,
2.024E+11,155 718 923,A01,1,15,0,2,1,21,1,
2.024E+11,155 718 928,B01,1,7,0,2,8,15,1,
2.024E+11,155 718 914,B01,1,17,0,2,1,1,0,
2.024E+11,155 718 916,C01,1,7,0,2,4,1,3,
2.024E+11,155 718 920,A01,1,7,0,2,1,1,1,
2.024E+11,155 718 912,B01,2,15,0,2,6,1,1,
2.024E+11,155 718 913,A01,1,7,0,2,3,13,1,
2.024E+11,155 718 910,Z01,1,7,0,1,2,11,0,
2.024E+11,155 718 909,A01,2,7,0,2,3,11,1,
2.024E+11,155 718 911,B01,2,43,0,2,1,3,1,
2.024E+11,155 718 908,A01,1,7,6,0,1,1,1,
2.024E+11,155 718 903,A01,1,10,0,2,4,1,1,
2.024E+11,155 718 904,B01,1,33,0,2,1,13,1,
2.024E+11,155 718 902,B01,1,33,0,2,1,1,1,
2.024E+11,155 718 906,A01,3,7,0,2,8,9,1,
2.024E+11,155 718 901,A01,1,7,0,0,3,13,1,
2.024E+11,155 718 899,B01,3,7,0,2,7,1,1,
2.024E+11,155 718 905,A01,0,7,0,2,1,1,1,
2.024E+11,155 718 897,A01,2,33,0,0,1,1,1,
2.024E+11,155 718 894,A01,2,7,0,2,2,12,1,
2.024E+11,155 718 898,B01,2,31,0,2,3,1,1,
2.024E+11,155 718 893,A01,3,7,0,2,3,1,1,
2.024E+11,155 718 896,B01,3,7,0,2,3,0,1,
2.024E+11,155 718 895,A01,1,7,0,2,1,2,1,
2.024E+11,155 718 900,B01,1,7,0,2,5,2,2,
2.024E+11,155 718 907,C01,1,7,0,2,4,2,1,
2.024E+11,155 718 891,A01,1,50,0,0,1,15,3,
2.024E+11,155 718 889,A01,1,7,0,0,0,1,1,
2.024E+11,155 718 884,A01,1,33,0,2,8,26,1,
2.024E+11,155 718 888,B01,1,7,0,2,7,0,1,
2.024E+11,155 718 890,C01,1,7,0,2,8,2,1,
2.024E+11,155 718 885,A01,0,33,0,0,8,0,1,
2.024E+11,155 718 883,A01,1,7,0,2,7,14,1,
2.024E+11,155 718 886,B01,1,33,0,2,8,14,1,
2.024E+11,155 718 887,B01,1,7,0,2,8,1,3,
2.024E+11,155 718 892,A01,1,33,0,2,7,17,1,
2.024E+11,155 718 878,A01,3,7,0,0,4,26,1,
2.024E+11,155 718 880,B01,3,2,0,2,1,2,1,
2.024E+11,155 718 879,B01,-1,0,-1,-1,-1,-1,-1,
2.024E+11,155 718 881,A01,1,34,0,2,6,1,1,
2.024E+11,155 718 877,A01,1,7,0,2,2,1,1,
2.024E+11,155 718 882,B01,3,7,0,2,3,15,1,
2.024E+11,155 718 876,A01,2,1,14,0,1,26,5,
2.024E+11,155 718 872,A01,0,7,0,2,5,1,1,
2.024E+11,155 718 875,B01,3,43,0,2,3,3,1,
2.024E+11,155 718 871,A01,2,7,0,2,7,1,1,
2.024E+11,155 718 873,B01,1,7,5,0,8,1,1,
2.024E+11,155 718 863,A01,1,7,0,2,1,1,1,
2.024E+11,155 718 867,B01,1,10,0,2,4,1,1,
2.024E+11,155 718 868,C01,1,7,0,2,4,1,1,
2.024E+11,155 718 870,D01,1,7,0,2,4,1,1,
2.024E+11,155 718 874,E01,1,7,0,2,4,1,1,
2.024E+11,155 718 865,Z01,2,31,0,1,1,1,1,
2.024E+11,155 718 861,A01,2,7,0,2,3,1,1,
2.024E+11,155 718 862,B01,1,7,0,2,3,1,1,
2.024E+11,155 718 860,A01,1,15,0,0,9,2,1,
2.024E+11,155 718 859,B01,3,1,0,2,3,26,5,
2.024E+11,155 718 866,A01,3,99,0,2,2,1,1,
2.024E+11,155 718 857,A01,0,7,0,1,2,1,1,
2.024E+11,155 718 855,A01,2,7,0,2,1,13,1,
2.024E+11,155 718 856,B01,1,15,0,2,3,1,1,
2.024E+11,155 718 854,A01,1,10,0,2,1,2,1,
2.024E+11,155 718 858,B01,1,7,0,2,4,2,1,
2.024E+11,155 718 864,C01,1,7,0,2,4,2,1,
2.024E+11,155 718 869,D01,1,7,0,2,4,2,1,
2.024E+11,155 718 853,A01,1,7,6,0,1,14,1,
2.024E+11,155 718 849,A01,3,7,0,2,1,13,1,
2.024E+11,155 718 851,B01,0,10,0,2,3,1,1,
2.024E+11,155 718 846,A01,3,7,12,0,3,16,1,
2.024E+11,155 718 847,A01,2,7,0,1,1,16,1,
2.024E+11,155 718 848,B01,1,1,0,2,3,26,5,
2.024E+11,155 718 852,A01,1,7,0,9,3,10,1,
2.024E+11,155 718 844,A01,1,7,4,0,3,1,1,
2.024E+11,155 718 839,A01,1,7,0,2,1,15,1,
2.024E+11,155 718 841,B01,2,33,0,2,1,1,1,
2.024E+11,155 718 842,A01,1,10,0,1,3,1,1,
2.024E+11,155 718 838,A01,2,7,0,2,1,15,1,
2.024E+11,155 718 840,B01,1,1,0,2,8,1,5,
2.024E+11,155 718 836,A01,2,7,0,2,2,15,1,
2.024E+11,155 718 837,B01,2,2,0,2,1,1,1,
2.024E+11,155 718 833,A01,1,2,0,2,1,1,1,
2.024E+11,155 718 835,B01,2,7,0,2,1,5,1,
2.024E+11,155 718 828,A01,2,7,2,0,1,1,1,
2.024E+11,155 718 829,A01,1,10,0,2,3,9,1,
2.024E+11,155 718 831,B01,1,1,0,2,7,2,5,
2.024E+11,155 718 830,B01,0,7,0,2,2,1,1,
2.024E+11,155 718 832,A01,2,1,0,2,1,1,5,
2.024E+11,155 718 827,B01,2,32,0,2,2,17,1,
2.024E+11,155 718 834,A01,2,7,0,2,3,13,1,
2.024E+11,155 718 825,A01,1,7,0,1,1,1,1,
2.024E+11,155 718 821,A01,1,7,0,2,6,10,1,
2.024E+11,155 718 824,B01,1,1,0,2,1,17,5,
2.024E+11,155 718 822,A01,2,1,11,0,1,26,5,
2.024E+11,155 718 819,A01,2,21,0,0,0,0,1,
2.024E+11,155 718 823,B01,1,10,0,2,8,2,1,
2.024E+11,155 718 826,A01,1,33,0,2,7,3,1,
2.024E+11,155 718 818,A01,3,32,0,0,3,1,3,
2.024E+11,155 718 816,A01,1,7,13,0,3,1,1,
2.024E+11,155 718 817,B01,1,1,0,2,2,1,5,
2.024E+11,155 718 820,A01,1,7,0,2,2,9,2,
2.024E+11,155 718 813,A01,1,7,4,0,9,1,1,
2.024E+11,155 718 812,A01,1,1,0,2,1,1,5,
2.024E+11,155 718 815,B01,3,7,0,2,8,1,1,
2.024E+11,155 718 810,A01,1,7,3,0,0,0,1,
2.024E+11,155 718 809,A01,2,33,0,2,1,1,1,
2.024E+11,155 718 811,B01,2,7,0,2,1,19,1,
2.024E+11,155 718 814,C01,1,7,0,2,2,1,1,
2.024E+11,155 718 805,A01,1,7,0,2,0,11,1,
2.024E+11,155 718 808,B01,1,33,0,2,5,0,1,
2.024E+11,155 718 807,A01,1,43,0,1,2,21,1,
2.024E+11,155 718 801,B01,2,7,0,2,1,1,1,
2.024E+11,155 718 804,A01,2,7,0,0,4,16,1,
2.024E+11,155 718 799,A01,3,7,0,2,1,15,1,
2.024E+11,155 718 802,B01,0,33,0,2,1,1,1,
2.024E+11,155 718 806,C01,0,7,0,0,1,23,1,
2.024E+11,155 718 803,A01,1,31,0,1,1,1,3,
2.024E+11,155 718 797,B01,1,7,9,2,5,1,1,
2.024E+11,155 718 800,A01,1,7,9,2,1,13,1,
2.024E+11,155 718 796,A01,1,7,13,0,2,1,1,
2.024E+11,155 718 798,A01,1,10,0,1,1,1,1,
2.024E+11,155 718 793,A01,3,7,0,2,2,19,1,
2.024E+11,155 718 795,B01,1,7,0,2,8,1,1,
2.024E+11,155 718 792,A01,1,7,8,0,8,1,1,
2.024E+11,155 718 790,A01,1,37,0,1,2,26,1,1
2.024E+11,155 718 788,A01,3,30,0,2,7,2,1,
2.024E+11,155 718 791,B01,3,7,0,2,8,15,1,
2.024E+11,155 718 787,A01,2,7,0,2,7,15,1,
2.024E+11,155 718 789,B01,1,50,0,2,1,1,3,
2.024E+11,155 718 794,A01,2,7,1,1,2,15,1,
2.024E+11,155 718 785,A01,1,33,0,0,1,1,1,
2.024E+11,155 718 784,B01,0,7,0,2,3,1,1,
2.024E+11,155 718 786,A01,0,50,0,2,1,5,3,
2.024E+11,155 718 781,B01,3,7,0,0,0,0,1,
2.024E+11,155 718 782,A01,3,7,0,0,0,0,1,
2.024E+11,155 718 783,A01,1,37,0,1,2,26,1,1
2.024E+11,155 718 780,A01,2,10,0,0,0,0,1,
2.024E+11,155 718 775,A01,2,7,2,0,1,1,1,
2.024E+11,155 718 774,A01,3,7,0,2,8,0,0,
2.024E+11,155 718 778,B01,0,7,0,2,1,1,0,
2.024E+11,155 718 773,A01,2,7,0,1,1,1,1,
2.024E+11,155 718 772,B01,1,33,0,2,3,2,1,
2.024E+11,155 718 777,A01,1,7,0,2,2,2,1,
2.024E+11,155 718 776,A01,1,7,0,2,1,1,1,
2.024E+11,155 718 779,B01,1,7,0,2,5,1,1,
2.024E+11,155 718 771,A01,2,7,15,0,1,1,1,
2.024E+11,155 718 767,A01,1,33,12,0,2,1,1,
2.024E+11,155 718 766,A01,2,7,0,2,1,11,1,
2.024E+11,155 718 769,B01,2,31,0,2,9,3,1,
2.024E+11,155 718 770,C01,2,7,0,2,7,1,1,
2.024E+11,155 718 764,A01,1,2,0,0,7,1,1,
2.024E+11,155 718 765,B01,1,10,0,2,4,1,1,
2.024E+11,155 718 768,A01,1,10,0,2,1,19,1,
2.024E+11,155 718 762,A01,1,10,0,2,2,2,1,
2.024E+11,155 718 763,B01,1,7,8,0,8,15,1,
2.024E+11,155 718 759,B01,0,32,0,2,1,1,1,
2.024E+11,155 718 761,A01,0,7,0,2,1,15,2,
2.024E+11,155 718 758,Z01,1,10,0,0,0,0,0,
2.024E+11,155 718 760,A01,1,7,0,2,5,1,1,
2.024E+11,155 718 757,A01,1,7,0,1,3,15,1,
2.024E+11,155 718 755,A01,2,10,0,1,2,1,1,
2.024E+11,155 718 754,A01,3,50,14,0,1,1,3,
2.024E+11,155 718 756,A01,1,7,0,1,3,1,1,
2.024E+11,155 718 751,A01,1,10,1,0,1,14,1,
2.024E+11,155 718 753,B01,1,7,0,2,4,23,1,
2.024E+11,155 718 749,A01,0,32,0,0,0,1,1,
2.024E+11,155 718 747,B01,1,10,0,2,3,15,1,
2.024E+11,155 718 750,A01,1,32,0,2,1,1,1,
2.024E+11,155 718 748,B01,3,1,0,2,0,0,5,
2.024E+11,155 718 752,A01,1,7,0,9,3,16,1,
2.024E+11,155 718 744,A01,1,7,0,2,6,11,0,
2.024E+11,155 718 745,B01,1,31,0,2,2,3,0,
2.024E+11,155 718 740,A01,1,7,0,2,3,13,1,
2.024E+11,155 718 743,B01,2,7,0,2,3,1,1,
2.024E+11,155 718 738,B01,2,1,0,2,3,1,5,
2.024E+11,155 718 742,A01,2,10,0,2,2,16,1,
2.024E+11,155 718 741,A01,1,7,0,1,3,15,1,
2.024E+11,155 718 739,B01,3,7,0,2,2,1,1,
2.024E+11,155 718 746,A01,3,2,0,2,3,1,1,
2.024E+11,155 718 736,A01,2,33,0,2,2,1,1,
2.024E+11,155 718 737,B01,2,13,0,2,6,11,1,
2.024E+11,155 718 735,A01,1,33,14,0,1,1,1,
2.024E+11,155 718 734,A01,1,30,0,0,8,9,1,
2.024E+11,155 718 733,A01,1,7,0,1,8,17,1,
2.024E+11,155 718 730,A01,1,7,0,2,8,9,1,
2.024E+11,155 718 731,B01,1,33,0,2,7,2,1,
2.024E+11,155 718 729,A01,1,30,0,1,2,1,3,
2.024E+11,155 718 728,B01,1,7,0,2,1,15,1,
2.024E+11,155 718 732,A01,2,33,0,2,7,1,1,
2.024E+11,155 718 725,A01,1,50,0,2,1,1,3,
2.024E+11,155 718 727,B01,1,7,0,2,4,1,1,
2.024E+11,155 718 723,A01,1,7,0,2,2,15,1,
2.024E+11,155 718 726,B01,2,33,0,2,1,1,1,
2.024E+11,155 718 722,A01,1,33,0,2,1,21,1,
2.024E+11,155 718 724,B01,1,7,0,0,6,2,1,
2.024E+11,155 718 721,A01,2,7,0,1,3,15,1,
2.024E+11,155 718 720,A01,1,7,6,1,1,13,1,
2.024E+11,155 718 718,A01,2,1,0,0,0,15,5,
2.024E+11,155 718 717,B01,2,7,0,2,1,9,1,
2.024E+11,155 718 719,A01,1,2,0,2,3,9,0,
2.024E+11,155 718 714,A01,1,7,0,1,1,1,1,
2.024E+11,155 718 711,A01,0,2,0,2,1,2,1,
2.024E+11,155 718 713,B01,0,7,0,2,4,4,1,
2.024E+11,155 718 708,A01,1,7,8,0,1,1,1,
2.024E+11,155 718 710,A01,1,7,15,0,1,1,1,
2.024E+11,155 718 712,A01,2,10,0,2,1,2,1,
2.024E+11,155 718 715,B01,2,10,0,2,4,2,1,
2.024E+11,155 718 716,C01,2,7,0,2,4,2,1,
2.024E+11,155 718 707,B01,1,7,0,2,1,26,1,
2.024E+11,155 718 709,A01,1,7,0,2,7,15,1,
2.024E+11,155 718 706,A01,1,7,6,0,1,13,1,
2.024E+11,155 718 702,B01,0,1,0,2,1,1,5,
2.024E+11,155 718 705,A01,0,1,0,2,1,0,5,
2.024E+11,155 718 698,B01,1,14,0,2,4,2,1,
2.024E+11,155 718 700,C01,1,7,0,2,1,2,1,
2.024E+11,155 718 704,A01,1,7,0,2,1,2,1,
2.024E+11,155 718 699,A01,1,2,0,6,1,1,1,
2.024E+11,155 718 697,A01,1,7,0,2,8,1,1,
2.024E+11,155 718 701,Y01,1,60,0,2,0,0,5,
2.024E+11,155 718 696,A01,0,7,0,2,8,19,1,
2.024E+11,155 718 703,B01,1,7,0,2,1,1,1,
2.024E+11,155 718 693,A01,2,16,1,0,1,14,1,
2.024E+11,155 718 695,B01,2,17,0,0,4,24,1,
2.024E+11,155 718 694,A01,1,30,0,0,0,26,1,
2.024E+11,155 718 690,A01,1,10,13,0,1,1,1,
2.024E+11,155 718 689,A01,3,7,0,1,2,16,1,
2.024E+11,155 718 688,A01,3,7,3,0,1,0,1,
2.024E+11,155 718 684,A01,1,30,0,2,3,1,1,
2.024E+11,155 718 687,B01,2,7,0,2,1,1,1,
2.024E+11,155 718 682,B01,2,10,0,2,2,1,1,
2.024E+11,155 718 685,A01,1,30,0,2,1,13,1,
2.024E+11,155 718 681,B01,3,7,0,2,1,1,1,
2.024E+11,155 718 683,A01,3,2,0,0,8,19,1,
2.024E+11,155 718 678,A01,2,7,0,1,1,1,1,
2.024E+11,155 718 675,B01,2,33,0,2,1,17,1,
2.024E+11,155 718 677,A01,1,30,0,2,4,3,1,
2.024E+11,155 718 676,B01,1,15,0,0,0,17,1,
2.024E+11,155 718 679,A01,1,7,0,0,8,13,1,
2.024E+11,155 718 680,B01,1,33,6,2,1,21,1,
2.024E+11,155 718 686,A01,1,7,0,2,3,15,1,
2.024E+11,155 718 673,A01,1,7,0,2,1,7,1,
2.024E+11,155 718 674,B01,2,1,0,2,1,2,0,
2.024E+11,155 718 669,A01,1,7,0,2,1,14,1,
2.024E+11,155 718 671,B01,1,7,0,2,3,1,1,
2.024E+11,155 718 668,B01,1,7,0,2,0,0,1,
2.024E+11,155 718 672,A01,2,30,0,2,0,0,1,
2.024E+11,155 718 667,A01,1,50,0,0,8,15,3,
2.024E+11,155 718 666,A01,1,7,2,0,1,0,1,
2.024E+11,155 718 664,A01,1,31,0,9,8,1,3,
2.024E+11,155 718 662,A01,1,7,0,2,0,19,0,
2.024E+11,155 718 665,B01,2,1,0,2,0,1,5,
2.024E+11,155 718 661,B01,1,99,0,0,0,1,0,
2.024E+11,155 718 663,A01,2,7,0,2,0,12,1,
2.024E+11,155 718 660,A01,0,7,0,1,2,1,1,
2.024E+11,155 718 659,A01,3,7,8,1,1,14,1,
2.024E+11,155 718 656,A01,1,7,0,1,8,0,1,
2.024E+11,155 718 657,B01,0,30,0,2,3,18,1,
2.024E+11,155 718 658,A01,0,37,0,2,5,0,1,1
2.024E+11,155 718 654,A01,3,3,0,2,5,1,1,
2.024E+11,155 718 655,B01,0,7,0,2,1,1,1,
2.024E+11,155 718 653,A01,1,7,0,1,1,1,1,
2.024E+11,155 718 652,A01,1,7,2,0,1,14,2,
2.024E+11,155 718 650,A01,1,31,0,2,1,17,1,
2.024E+11,155 718 651,B01,3,7,0,2,3,1,1,
2.024E+11,155 718 647,B01,2,7,0,2,3,15,1,
2.024E+11,155 718 649,A01,2,32,0,2,1,17,1,
2.024E+11,155 718 648,A01,1,33,8,0,1,1,1,
2.024E+11,155 718 645,A01,1,7,0,2,3,13,0,
2.024E+11,155 718 646,B01,2,7,0,2,3,1,0,
2.024E+11,155 718 644,A01,1,33,13,0,0,1,1,
2.024E+11,155 718 642,A01,1,7,0,2,0,13,1,
2.024E+11,155 718 643,B01,2,2,0,2,1,1,1,
2.024E+11,155 718 640,B01,1,7,0,2,6,9,1,
2.024E+11,155 718 641,A01,2,33,0,2,1,1,1,
2.024E+11,155 718 638,A01,3,7,13,0,3,14,1,
2.024E+11,155 718 637,A01,2,10,13,0,0,1,1,
2.024E+11,155 718 636,B01,2,2,0,2,1,1,1,
2.024E+11,155 718 639,A01,2,10,0,2,2,15,1,
2.024E+11,155 718 633,A01,2,10,0,2,4,23,1,
2.024E+11,155 718 635,B01,2,2,0,2,1,2,1,
2.024E+11,155 718 629,C01,1,7,0,2,1,2,0,
2.024E+11,155 718 630,B01,1,7,0,2,1,2,0,
2.024E+11,155 718 632,A01,1,7,0,2,4,1,0,
2.024E+11,155 718 628,A01,1,31,13,0,1,1,1,
2.024E+11,155 718 625,A01,1,33,0,2,1,1,1,
2.024E+11,155 718 627,B01,2,7,0,2,3,19,2,
2.024E+11,155 718 624,B01,1,7,1,2,2,16,0,
2.024E+11,155 718 626,A01,1,30,1,2,1,18,1,
2.024E+11,155 718 622,A01,1,7,0,2,1,13,1,
2.024E+11,155 718 623,B01,2,10,0,2,1,1,1,
2.024E+11,155 718 619,A01,1,7,3,0,1,0,1,
2.024E+11,155 718 614,C01,2,7,0,2,1,21,2,
2.024E+11,155 718 616,D01,2,7,0,2,1,21,1,
2.024E+11,155 718 618,B01,2,7,0,2,1,21,1,
2.024E+11,155 718 620,A01,2,7,0,6,1,21,1,
2.024E+11,155 718 615,C01,3,7,0,2,4,15,1,
2.024E+11,155 718 617,A01,0,7,0,2,1,1,1,
2.024E+11,155 718 621,B01,3,7,0,2,1,1,1,
2.024E+11,155 718 612,A01,3,3,0,2,1,1,1,
2.024E+11,155 718 613,B01,3,14,0,2,3,1,1,
2.024E+11,155 718 609,A01,1,7,0,2,7,14,1,
2.024E+11,155 718 611,B01,1,33,0,2,8,1,1,
2.024E+11,155 718 608,A01,1,7,13,0,9,1,1,
2.024E+11,155 718 607,B01,1,10,0,2,8,1,1,
2.024E+11,155 718 610,A01,1,7,0,2,1,1,1,
2.024E+11,155 718 606,A01,1,7,0,1,1,0,2,
2.024E+11,155 718 603,A01,2,7,0,9,2,2,1,
2.024E+11,155 718 605,B01,2,1,0,2,4,1,5,
2.024E+11,155 718 602,B01,1,7,0,2,3,13,3,
2.024E+11,155 718 604,A01,1,33,0,2,1,17,1,
2.024E+11,155 718 600,A01,2,33,13,0,0,1,1,
2.024E+11,155 718 598,A01,2,7,0,2,1,1,1,
2.024E+11,155 718 601,B01,1,7,0,2,1,13,1,
2.024E+11,155 718 596,A01,1,33,0,0,8,1,1,
2.024E+11,155 718 597,B01,2,7,0,2,8,1,1,
2.024E+11,155 718 599,A01,2,10,0,2,1,19,1,
2.024E+11,155 718 594,A01,2,7,0,2,4,2,1,
2.024E+11,155 718 595,B01,2,10,0,2,4,2,1,
2.024E+11,155 718 590,A01,2,15,0,0,6,1,1,
2.024E+11,155 718 591,B01,2,7,0,0,1,17,1,
2.024E+11,155 718 593,C01,2,7,0,2,1,2,1,
2.024E+11,155 718 589,B01,1,7,0,2,8,15,1,
2.024E+11,155 718 592,A01,1,2,0,2,1,26,1,
2.024E+11,155 718 588,A01,3,7,0,1,3,1,1,
2.024E+11,155 718 587,A01,3,2,9,0,3,0,1,
2.024E+11,155 718 585,A01,2,7,0,2,1,2,1,
2.024E+11,155 718 586,B01,2,7,0,2,4,1,1,
2.024E+11,155 718 584,A01,2,33,15,0,1,21,1,
2.024E+11,155 718 582,A01,1,33,0,2,4,1,1,
2.024E+11,155 718 583,B01,1,7,0,2,2,1,1,
2.024E+11,155 718 580,A01,1,31,13,0,1,0,1,
2.024E+11,155 718 581,A01,0,7,0,1,1,1,1,
2.024E+11,155 718 577,A01,1,33,4,0,8,1,1,
2.024E+11,155 718 578,B01,1,7,0,2,3,1,1,
2.024E+11,155 718 576,A01,1,10,0,2,4,4,1,
2.024E+11,155 718 579,B01,2,7,0,2,1,1,1,