Num_Acc,id_vehicule,num_veh,senc,catv,obs,obsm,choc,manv,motor,occutc
2.024E+11,155 718 573,A01,1,10,0,2,2,14,1,
2.024E+11,155 718 575,B01,1,7,0,2,6,0,1,
2.024E+11,155 718 574,A01,1,7,5,0,9,26,1,
2.024E+11,155 718 571,A01,1,31,0,0,8,21,1,
2.024E+11,155 718 572,B01,2,7,0,0,3,13,0,
2.024E+11,155 718 568,B01,1,7,0,2,4,1,1,
2.024E+11,155 718 570,A01,1,7,0,2,1,1,1,
2.024E+11,155 718 566,A01,2,7,8,0,1,14,1,
2.024E+11,155 718 567,A01,2,7,0,2,2,15,1,
2.024E+11,155 718 569,B01,1,7,0,2,3,1,1,
2.024E+11,155 718 563,B01,2,7,0,2,1,13,1,
2.024E+11,155 718 565,A01,2,7,0,2,4,2,1,
2.024E+11,155 718 562,A01,1,7,0,2,3,1,1,
2.024E+11,155 718 564,B01,2,7,0,2,3,1,1,
2.024E+11,155 718 558,C01,2,7,0,1,0,19,1,
2.024E+11,155 718 559,B01,2,7,0,1,0,19,1,
2.024E+11,155 718 560,A01,2,7,0,1,0,19,1,
2.024E+11,155 718 556,B01,3,7,0,2,8,1,1,
2.024E+11,155 718 561,A01,1,33,0,2,9,1,1,
2.024E+11,155 718 555,A01,1,7,0,9,7,1,1,
2.024E+11,155 718 557,B01,1,50,0,2,0,1,3,
2.024E+11,155 718 550,A01,1,7,0,2,1,1,1,
2.024E+11,155 718 553,B01,1,7,0,2,1,1,1,
2.024E+11,155 718 554,C01,1,7,0,2,4,1,1,
2.024E+11,155 718 549,B01,2,7,0,2,8,1,1,
2.024E+11,155 718 552,A01,1,7,0,2,2,15,1,
2.024E+11,155 718 548,A01,1,7,9,0,1,3,2,
2.024E+11,155 718 551,B01,2,7,9,0,1,1,1,
2.024E+11,155 718 546,A01,1,33,5,0,1,1,1,
2.024E+11,155 718 545,A01,1,7,0,2,1,15,2,
2.024E+11,155 718 547,B01,2,31,0,2,8,15,1,
2.024E+11,155 718 542,B01,2,7,0,2,2,1,1,
2.024E+11,155 718 544,A01,1,10,0,2,2,13,1,
2.024E+11,155 718 541,A01,0,7,1,2,1,1,1,
2.024E+11,155 718 543,B01,0,7,0,2,3,1,1,
2.024E+11,155 718 540,A01,3,7,2,0,1,14,2,
2.024E+11,155 718 538,B01,3,50,0,2,1,1,3,
2.024E+11,155 718 539,A01,3,7,0,2,2,9,2,
2.024E+11,155 718 537,A01,3,2,0,6,1,1,1,
2.024E+11,155 718 535,A01,3,31,0,2,8,1,1,
2.024E+11,155 718 536,B01,3,7,0,2,3,2,2,
2.024E+11,155 718 532,A01,2,7,0,2,7,16,1,
2.024E+11,155 718 533,B01,2,50,0,2,1,1,3,
2.024E+11,155 718 531,B01,2,7,0,2,1,1,1,
2.024E+11,155 718 534,A01,2,7,0,2,5,19,1,
2.024E+11,155 718 528,A01,3,2,6,0,2,1,1,
2.024E+11,155 718 529,B01,2,7,0,2,2,1,1,
2.024E+11,155 718 530,A01,2,7,0,2,3,11,1,
2.024E+11,155 718 526,A01,1,30,0,0,9,1,1,
2.024E+11,155 718 525,A01,1,7,0,2,2,13,1,
2.024E+11,155 718 527,B01,1,7,0,2,6,1,1,
2.024E+11,155 718 524,A01,3,10,0,1,2,16,1,
2.024E+11,155 718 523,A01,2,7,2,0,3,13,1,
2.024E+11,155 718 522,A01,3,80,8,0,1,26,3,
2.024E+11,155 718 521,A01,3,36,0,0,0,1,1,
2.024E+11,155 718 519,A01,3,7,0,2,6,11,1,
2.024E+11,155 718 520,B01,3,32,0,2,1,1,1,
2.024E+11,155 718 517,B01,2,1,2,2,1,1,5,
2.024E+11,155 718 518,A01,1,7,8,2,7,1,3,
2.024E+11,155 718 515,A01,1,7,13,0,0,1,1,
2.024E+11,155 718 514,B01,2,33,0,2,7,1,1,
2.024E+11,155 718 516,A01,2,7,0,2,1,9,1,
2.024E+11,155 718 512,A01,1,7,13,0,0,1,3,
2.024E+11,155 718 511,B01,0,50,0,2,0,2,3,
2.024E+11,155 718 513,A01,0,7,0,9,7,2,1,
2.024E+11,155 718 509,MB01,3,7,0,1,1,21,1,
2.024E+11,155 718 508,B01,0,2,0,2,1,1,0,
2.024E+11,155 718 510,A01,3,2,0,2,4,26,0,
2.024E+11,155 718 506,A01,2,7,0,2,3,1,1,
2.024E+11,155 718 507,B01,1,34,0,2,3,1,1,
2.024E+11,155 718 504,A01,2,7,12,0,1,1,1,
2.024E+11,155 718 503,A01,1,7,0,0,5,14,1,
2.024E+11,155 718 505,B01,1,33,0,0,8,1,5,
2.024E+11,155 718 501,A01,3,7,13,0,0,1,0,
2.024E+11,155 718 500,A01,3,7,0,2,1,1,1,
2.024E+11,155 718 502,B01,3,50,0,2,1,19,3,
2.024E+11,155 718 498,A01,2,7,0,2,8,20,1,
2.024E+11,155 718 499,B01,2,30,0,2,7,1,1,
2.024E+11,155 718 497,A01,2,10,14,0,1,1,1,
2.024E+11,155 718 495,A01,2,7,0,2,1,2,1,
2.024E+11,155 718 496,B01,2,7,0,2,4,1,1,
2.024E+11,155 718 493,A01,1,50,0,2,0,25,3,
2.024E+11,155 718 492,A01,2,15,0,2,2,1,1,
2.024E+11,155 718 494,B01,2,7,0,2,4,23,0,
2.024E+11,155 718 491,Z01,3,1,0,1,6,1,5,
2.024E+11,155 718 490,A01,3,7,13,0,9,1,1,
2.024E+11,155 718 488,A01,2,2,0,2,1,2,1,
2.024E+11,155 718 489,B01,2,3,0,2,4,2,1,
2.024E+11,155 718 487,B01,1,17,0,1,7,1,1,
2.024E+11,155 718 486,A01,3,33,0,0,8,1,1,
2.024E+11,155 718 484,A01,2,7,0,2,3,12,1,
2.024E+11,155 718 485,B01,2,1,0,0,4,2,5,
2.024E+11,155 718 483,A01,3,7,1,0,2,1,1,
2.024E+11,155 718 479,C01,3,7,0,2,4,2,1,
2.024E+11,155 718 481,A01,0,7,0,2,1,2,1,
2.024E+11,155 718 482,B01,3,7,0,2,4,2,1,
2.024E+11,155 718 478,A01,1,7,0,2,1,1,1,
2.024E+11,155 718 480,B01,2,7,0,2,1,1,1,
2.024E+11,155 718 476,A01,1,33,0,2,0,0,1,
2.024E+11,155 718 477,B01,2,7,0,0,0,0,2,
2.024E+11,155 718 472,B01,2,7,0,2,3,1,1,
2.024E+11,155 718 474,A01,1,7,0,2,1,13,3,
2.024E+11,155 718 473,A01,2,7,0,9,8,1,1,
2.024E+11,155 718 475,B01,2,2,0,2,2,2,1,
2.024E+11,155 718 470,A01,0,7,15,0,1,0,1,
2.024E+11,155 718 469,A01,1,7,0,2,3,20,1,
2.024E+11,155 718 471,B01,1,32,0,2,2,1,1,
2.024E+11,155 718 468,A01,1,33,0,0,0,2,1,
2.024E+11,155 718 467,A01,1,7,4,0,1,1,1,
2.024E+11,155 718 465,A01,3,2,8,0,2,1,1,
2.024E+11,155 718 466,A01,1,33,0,0,7,1,1,
2.024E+11,155 718 462,B01,3,7,0,2,7,16,0,
2.024E+11,155 718 463,A01,2,1,0,2,1,7,5,
2.024E+11,155 718 460,B01,2,33,0,2,1,17,1,
2.024E+11,155 718 461,A01,1,10,0,2,2,15,1,
2.024E+11,155 718 458,Z01,1,7,0,2,0,0,0,
2.024E+11,155 718 459,A01,1,7,0,2,4,0,1,
2.024E+11,155 718 456,A01,2,1,0,1,1,1,5,
2.024E+11,155 718 455,A01,2,10,0,2,3,1,1,
2.024E+11,155 718 457,B01,1,1,0,2,1,13,5,
2.024E+11,155 718 454,A01,1,7,15,9,1,6,1,
2.024E+11,155 718 453,A01,3,7,0,1,3,1,1,
2.024E+11,155 718 450,A01,3,7,0,1,7,19,1,
2.024E+11,155 718 451,A01,1,7,5,2,1,1,1,
2.024E+11,155 718 452,B01,1,2,0,2,8,15,1,
2.024E+11,155 718 448,A01,3,30,0,0,0,0,1,
2.024E+11,155 718 447,A01,1,7,0,2,2,15,1,
2.024E+11,155 718 449,B01,1,2,0,2,3,16,1,
2.024E+11,155 718 446,A01,1,7,9,1,2,21,1,
2.024E+11,155 718 445,Z01,1,34,0,1,0,0,0,
2.024E+11,155 718 444,A01,1,1,4,0,2,14,5,
2.024E+11,155 718 442,A01,3,17,0,2,1,0,1,
2.024E+11,155 718 443,B01,3,7,0,2,1,5,1,
2.024E+11,155 718 440,A01,1,7,0,0,3,13,1,
2.024E+11,155 718 441,B01,2,7,0,0,3,2,1,
2.024E+11,155 718 438,A01,1,7,0,2,1,1,1,
2.024E+11,155 718 439,B01,1,7,0,2,8,15,1,
2.024E+11,155 718 436,A01,1,7,0,2,1,13,1,
2.024E+11,155 718 437,B01,2,7,0,2,1,1,1,
2.024E+11,155 718 434,A01,2,7,0,2,7,15,1,
2.024E+11,155 718 435,B01,1,2,0,2,1,1,1,
2.024E+11,155 718 432,B01,1,7,0,9,3,1,3,
2.024E+11,155 718 433,A01,1,1,0,2,8,15,5,
2.024E+11,155 718 430,A01,1,7,2,0,0,13,1,
2.024E+11,155 718 429,B01,2,7,0,2,3,1,0,
2.024E+11,155 718 431,A01,1,7,0,2,1,1,1,
2.024E+11,155 718 427,A01,2,7,0,9,9,1,1,
2.024E+11,155 718 426,A01,3,7,1,0,1,21,1,
2.024E+11,155 718 428,B01,3,7,0,2,5,24,1,
2.024E+11,155 718 425,A01,2,3,0,0,0,14,3,
2.024E+11,155 718 422,A01,1,7,0,2,2,2,2,
2.024E+11,155 718 424,B01,1,7,0,2,9,2,1,
2.024E+11,155 718 421,A01,1,10,0,2,1,16,1,
2.024E+11,155 718 423,B01,1,34,0,2,3,1,1,
2.024E+11,155 718 418,A01,2,15,0,2,2,12,1,
2.024E+11,155 718 420,B01,2,7,0,2,8,2,1,
2.024E+11,155 718 416,A01,1,43,0,2,1,18,1,
2.024E+11,155 718 417,B01,1,7,0,2,6,1,1,
2.024E+11,155 718 419,C01,1,7,0,2,5,1,3,
2.024E+11,155 718 413,A01,2,32,0,2,2,13,1,
2.024E+11,155 718 414,B01,2,7,0,2,6,2,1,
2.024E+11,155 718 412,B01,1,7,0,2,4,1,1,
2.024E+11,155 718 415,A01,1,7,0,2,1,1,1,
2.024E+11,155 718 411,A01,1,2,0,2,1,26,3,
2.024E+11,155 718 409,A01,3,80,0,0,1,25,3,
2.024E+11,155 718 410,A01,1,7,0,0,9,1,1,
2.024E+11,155 718 408,A01,1,10,0,1,2,1,1,
2.024E+11,155 718 407,A01,2,7,9,0,1,13,2,
2.024E+11,155 718 404,B01,2,1,0,2,7,1,5,
2.024E+11,155 718 406,A01,2,10,0,2,8,15,1,
2.024E+11,155 718 403,A01,1,33,0,2,8,12,1,
2.024E+11,155 718 405,B01,1,33,0,2,7,12,1,
2.024E+11,155 718 401,Z01,2,7,0,2,3,13,0,
2.024E+11,155 718 402,A01,2,34,0,2,2,17,1,
2.024E+11,155 718 400,A01,2,7,3,0,1,13,1,
2.024E+11,155 718 398,A01,1,7,0,2,1,1,1,
2.024E+11,155 718 399,B01,1,43,0,2,3,9,1,
2.024E+11,155 718 397,A01,1,7,3,0,1,26,1,
2.024E+11,155 718 393,B01,2,14,0,2,2,1,6,
2.024E+11,155 718 396,A01,2,30,0,2,1,1,3,
2.024E+11,155 718 392,A01,2,7,0,2,1,1,1,
2.024E+11,155 718 394,B01,2,7,0,2,4,1,1,
2.024E+11,155 718 395,C01,2,7,0,2,4,1,1,
2.024E+11,155 718 390,A01,0,7,0,2,7,19,1,
2.024E+11,155 718 391,B01,0,7,0,2,3,19,1,
2.024E+11,155 718 389,A01,1,7,4,0,1,1,1,
2.024E+11,155 718 386,A01,1,34,0,2,1,1,1,
2.024E+11,155 718 388,B01,2,50,0,2,8,19,3,
2.024E+11,155 718 385,A01,2,10,0,2,1,2,1,
2.024E+11,155 718 387,B01,2,7,0,2,4,2,2,
2.024E+11,155 718 383,A01,1,7,4,0,9,1,1,
2.024E+11,155 718 382,B01,2,50,0,2,1,1,3,
2.024E+11,155 718 384,A01,1,1,0,2,1,1,5,
2.024E+11,155 718 379,A01,3,7,0,2,1,2,1,
2.024E+11,155 718 381,B01,0,7,0,2,4,2,1,
2.024E+11,155 718 378,A01,2,7,0,2,1,2,1,
2.024E+11,155 718 380,B01,2,7,0,2,4,2,1,
2.024E+11,155 718 375,A01,2,7,0,2,2,1,1,
2.024E+11,155 718 377,B01,2,10,0,2,6,0,3,
2.024E+11,155 718 374,A01,2,7,4,2,1,2,0,
2.024E+11,155 718 376,B01,2,7,4,2,4,1,1,
2.024E+11,155 718 372,B01,3,7,0,2,3,1,1,
2.024E+11,155 718 373,A01,3,7,0,2,3,15,1,
2.024E+11,155 718 370,A01,1,7,0,2,4,1,1,
2.024E+11,155 718 371,B01,1,7,0,2,8,1,1,
2.024E+11,155 718 367,A01,3,7,0,2,1,5,1,
2.024E+11,155 718 369,B01,3,7,0,2,1,1,1,
2.024E+11,155 718 365,B01,1,7,0,2,1,2,1,
2.024E+11,155 718 366,C01,1,7,0,2,4,2,1,
2.024E+11,155 718 368,A01,2,7,0,2,1,2,1,
2.024E+11,155 718 363,A01,1,7,0,9,4,26,0,
2.024E+11,155 718 364,B01,1,80,0,0,4,1,3,
2.024E+11,155 718 361,A01,1,7,0,0,4,1,0,
2.024E+11,155 718 362,B01,1,7,0,2,1,1,0,
2.024E+11,155 718 359,A01,1,7,14,0,1,0,2,
2.024E+11,155 718 360,B01,1,7,0,9,1,0,1,
2.024E+11,155 718 358,A01,1,34,0,0,8,1,1,
2.024E+11,155 718 355,B01,1,15,0,2,6,1,1,
2.024E+11,155 718 357,A01,2,33,0,2,2,3,1,
2.024E+11,155 718 354,A01,2,15,0,2,2,16,0,
2.024E+11,155 718 356,B01,2,7,3,0,2,16,1,
2.024E+11,155 718 352,A01,3,10,0,1,7,1,1,
2.024E+11,155 718 351,A01,2,7,3,2,1,13,1,
2.024E+11,155 718 353,B01,1,14,3,0,8,1,1,
2.024E+11,155 718 350,A01,1,30,0,1,8,1,0,
2.024E+11,155 718 349,A01,1,33,6,0,1,1,1,
2.024E+11,155 718 346,A01,1,10,0,2,3,15,1,
2.024E+11,155 718 348,B01,1,33,0,2,2,1,1,
2.024E+11,155 718 344,A01,1,10,0,2,1,13,1,
2.024E+11,155 718 345,B01,2,7,0,2,1,1,1,
2.024E+11,155 718 347,C01,2,7,0,2,6,1,2,
2.024E+11,155 718 343,A01,1,7,16,0,7,19,1,
2.024E+11,155 718 341,A01,3,7,0,2,4,0,1,
2.024E+11,155 718 342,B01,3,7,0,2,1,1,1,
2.024E+11,155 718 340,A01,3,7,0,1,3,26,1,
2.024E+11,155 718 337,A01,3,7,0,2,3,19,1,
2.024E+11,155 718 339,B01,3,7,0,2,1,1,1,
2.024E+11,155 718 336,A01,2,7,0,2,2,1,1,
2.024E+11,155 718 338,B01,2,50,0,2,7,1,3,
2.024E+11,155 718 333,A01,2,7,0,2,7,22,1,
2.024E+11,155 718 335,B01,2,32,0,2,3,18,1,
2.024E+11,155 718 332,A01,1,7,0,2,1,2,1,
2.024E+11,155 718 334,B01,2,1,0,0,4,2,5,
2.024E+11,155 718 330,A01,2,7,0,0,4,1,1,
2.024E+11,155 718 331,B01,2,2,0,2,1,1,1,
2.024E+11,155 718 329,A01,1,7,2,0,3,1,3,
2.024E+11,155 718 327,A01,2,10,0,2,1,1,1,
2.024E+11,155 718 328,B01,1,10,0,2,1,17,1,
2.024E+11,155 718 326,A01,2,1,0,0,1,2,5,
2.024E+11,155 718 324,A01,2,10,0,2,3,17,1,
2.024E+11,155 718 325,B01,2,7,0,2,3,1,1,
2.024E+11,155 718 323,A01,1,7,0,1,1,1,1,
2.024E+11,155 718 321,A01,2,33,0,2,1,1,1,
2.024E+11,155 718 322,B01,2,10,0,0,4,1,1,
2.024E+11,155 718 320,A01,2,7,0,0,0,0,1,
2.024E+11,155 718 319,A01,2,36,0,0,9,1,1,
2.024E+11,155 718 317,A01,1,7,0,2,6,15,1,
2.024E+11,155 718 318,B01,1,33,0,2,2,17,1,
2.024E+11,155 718 315,A01,1,7,0,2,2,17,1,
2.024E+11,155 718 316,B01,1,80,0,0,4,13,3,
2.024E+11,155 718 312,A01,1,33,2,0,1,1,1,
2.024E+11,155 718 313,B01,1,32,0,2,1,2,1,
2.024E+11,155 718 314,A01,2,7,0,2,2,19,1,
2.024E+11,155 718 308,A01,1,7,0,2,3,22,1,
2.024E+11,155 718 310,B01,1,80,1,0,7,2,3,
2.024E+11,155 718 307,A01,3,1,0,0,0,0,5,
2.024E+11,155 718 305,A01,1,33,7,0,1,1,1,
2.024E+11,155 718 304,A01,1,7,6,0,1,0,1,
2.024E+11,155 718 303,A01,1,30,0,0,8,13,1,
2.024E+11,155 718 302,A01,2,7,10,0,3,13,1,
2.024E+11,155 718 299,A01,1,7,2,0,1,26,1,
2.024E+11,155 718 300,B01,2,7,12,0,0,0,1,
2.024E+11,155 718 298,B01,3,80,0,2,2,1,3,
2.024E+11,155 718 301,A01,1,7,0,2,3,9,1,
2.024E+11,155 718 297,A01,2,7,1,0,2,14,1,
2.024E+11,155 718 294,A01,2,33,0,2,1,17,1,
2.024E+11,155 718 296,B01,2,7,0,2,5,15,1,
2.024E+11,155 718 293,B01,3,7,0,2,5,1,1,
2.024E+11,155 718 295,A01,3,7,0,2,1,1,1,
2.024E+11,155 718 290,A01,1,7,0,2,4,2,1,
2.024E+11,155 718 291,B01,1,0,0,0,0,0,0,
2.024E+11,155 718 289,B01,1,7,0,2,2,21,1,
2.024E+11,155 718 292,A01,2,7,0,2,8,15,1,
2.024E+11,155 718 285,B01,2,7,0,2,1,0,1,
2.024E+11,155 718 287,A01,2,7,0,2,1,5,1,
2.024E+11,155 718 286,Z01,1,10,0,2,1,15,1,
2.024E+11,155 718 288,B01,1,31,0,2,1,1,1,
2.024E+11,155 718 284,A01,1,50,13,0,0,16,3,
2.024E+11,155 718 282,A01,1,7,9,0,1,16,1,
2.024E+11,155 718 281,B01,2,33,0,2,1,17,1,
2.024E+11,155 718 283,A01,2,10,0,2,8,15,1,
2.024E+11,155 718 277,B01,3,31,0,2,3,1,1,
2.024E+11,155 718 280,A01,2,7,0,2,1,15,1,
2.024E+11,155 718 278,A01,2,7,0,2,1,15,1,
2.024E+11,155 718 279,B01,2,33,0,2,7,17,1,
2.024E+11,155 718 274,B01,2,15,12,2,3,1,1,
2.024E+11,155 718 276,A01,1,7,0,2,1,1,1,
2.024E+11,155 718 273,B01,2,33,0,2,1,1,1,
2.024E+11,155 718 275,A01,2,7,0,2,6,26,1,
2.024E+11,155 718 269,A01,2,1,0,2,1,5,5,
2.024E+11,155 718 272,B01,1,7,0,9,1,26,1,
2.024E+11,155 718 270,B01,1,21,0,2,8,1,1,
2.024E+11,155 718 271,A01,2,1,0,2,8,1,5,
2.024E+11,155 718 267,A01,1,7,0,2,1,13,1,
2.024E+11,155 718 268,B01,2,13,0,2,1,1,1,
2.024E+11,155 718 265,A01,1,7,0,2,2,15,1,
2.024E+11,155 718 266,B01,2,33,0,2,1,1,1,
2.024E+11,155 718 261,A01,1,7,0,0,1,5,0,
2.024E+11,155 718 262,B01,2,7,0,0,1,1,0,
2.024E+11,155 718 260,A01,3,7,0,2,0,19,1,
2.024E+11,155 718 263,B01,1,34,0,2,0,1,1,
2.024E+11,155 718 258,A01,2,33,0,0,7,1,1,
2.024E+11,155 718 254,B01,2,7,0,0,1,1,1,
2.024E+11,155 718 256,A01,1,7,0,2,3,3,1,
2.024E+11,155 718 253,A01,1,33,0,2,3,26,1,
2.024E+11,155 718 255,B01,1,7,0,9,2,14,1,
2.024E+11,155 718 251,A01,0,7,0,1,2,1,1,
2.024E+11,155 718 250,A01,3,7,0,2,8,23,1,
2.024E+11,155 718 252,B01,3,1,1,0,1,1,5,
2.024E+11,155 718 247,A01,0,7,0,2,2,26,1,
2.024E+11,155 718 249,B01,0,7,0,2,3,26,1,
2.024E+11,155 718 246,A01,1,7,8,0,7,19,1,
2.024E+11,155 718 248,B01,2,7,8,0,1,1,1,
2.024E+11,155 718 244,B01,1,10,0,2,3,0,1,
2.024E+11,155 718 245,A01,1,10,0,2,3,13,1,
2.024E+11,155 718 243,A01,0,38,0,1,2,1,1,1
2.024E+11,155 718 242,A01,2,50,0,1,1,1,3,
2.024E+11,155 718 241,A01,2,7,3,0,1,1,1,
2.024E+11,155 718 239,A01,3,7,1,0,1,13,1,
2.024E+11,155 718 240,B01,2,7,0,2,1,1,1,
2.024E+11,155 718 237,B01,3,13,0,9,2,12,1,
2.024E+11,155 718 238,A01,3,1,0,2,3,1,5,
2.024E+11,155 718 235,Z01,1,2,0,2,1,3,1,
2.024E+11,155 718 236,A01,0,7,0,9,3,26,1,
2.024E+11,155 718 233,A01,1,33,0,2,1,0,1,
2.024E+11,155 718 234,B01,1,7,0,2,8,0,1,
2.024E+11,155 718 232,A01,2,31,0,1,2,21,1,
2.024E+11,155 718 231,A01,2,7,13,0,2,9,1,
2.024E+11,155 718 228,B01,3,7,0,2,4,1,1,
2.024E+11,155 718 229,A01,3,43,0,2,2,13,1,
2.024E+11,155 718 227,A01,2,7,0,2,2,2,1,
2.024E+11,155 718 230,B01,2,7,0,2,6,2,1,
2.024E+11,155 718 226,A01,3,33,6,0,1,26,1,
2.024E+11,155 718 225,A01,1,37,0,1,2,1,1,3
2.024E+11,155 718 223,A01,2,7,0,2,3,1,1,
2.024E+11,155 718 224,B01,1,10,0,2,1,1,1,
2.024E+11,155 718 220,C01,3,7,0,0,7,23,1,
2.024E+11,155 718 221,B01,3,7,1,2,3,23,1,
2.024E+11,155 718 222,A01,3,7,0,2,3,13,1,
2.024E+11,155 718 218,A01,3,7,1,2,2,9,1,
2.024E+11,155 718 219,B01,3,7,1,2,8,1,1,
2.024E+11,155 718 215,B01,1,50,0,2,3,19,3,
2.024E+11,155 718 216,A01,1,7,0,2,2,1,1,
2.024E+11,155 718 214,A01,3,7,0,1,3,13,1,
2.024E+11,155 718 212,B01,1,7,0,2,8,0,1,
2.024E+11,155 718 213,A01,1,1,0,2,1,1,5,
2.024E+11,155 718 210,A01,1,7,0,0,0,1,1,
2.024E+11,155 718 209,A01,2,7,0,2,3,15,1,
2.024E+11,155 718 211,B01,2,32,0,2,2,17,1,
2.024E+11,155 718 208,A01,3,33,8,0,8,14,1,
2.024E+11,155 718 207,A01,1,7,0,1,2,1,1,
2.024E+11,155 718 205,B01,1,7,0,2,5,2,1,
2.024E+11,155 718 206,A01,1,30,0,2,1,2,1,
2.024E+11,155 718 204,A01,1,33,0,5,1,0,1,
2.024E+11,155 718 203,A01,3,7,0,0,8,13,1,
2.024E+11,155 718 202,A01,2,2,2,0,1,1,1,
2.024E+11,155 718 201,A01,2,7,6,0,1,14,1,
2.024E+11,155 718 199,A01,1,1,0,2,0,1,5,
2.024E+11,155 718 200,B01,2,21,0,9,0,1,0,
2.024E+11,155 718 196,C01,1,7,0,2,4,2,1,
2.024E+11,155 718 197,A01,1,7,0,2,1,1,1,
2.024E+11,155 718 198,B01,1,7,0,2,5,2,1,
2.024E+11,155 718 195,A01,1,33,0,0,0,1,1,
2.024E+11,155 718 192,A01,2,10,0,2,2,2,1,
2.024E+11,155 718 194,B01,2,50,0,2,4,1,3,
2.024E+11,155 718 191,B01,2,7,0,2,1,1,1,
2.024E+11,155 718 193,A01,2,2,0,2,1,19,1,
2.024E+11,155 718 187,B01,3,2,0,2,2,0,1,
2.024E+11,155 718 189,A01,3,7,0,2,1,9,1,
2.024E+11,155 718 188,A01,3,7,0,2,1,9,1,
2.024E+11,155 718 190,B01,3,7,0,2,1,1,1,
2.024E+11,155 718 184,A01,1,10,0,2,1,1,0,
2.024E+11,155 718 186,B01,1,10,0,2,4,1,0,
2.024E+11,155 718 183,B01,3,2,0,2,1,1,1,
2.024E+11,155 718 185,A01,3,7,0,2,2,26,1,
2.024E+11,155 718 182,A01,0,7,8,0,1,1,1,
2.024E+11,155 718 181,A01,2,7,2,0,9,0,1,
2.024E+11,155 718 179,B01,0,7,0,2,8,15,0,
2.024E+11,155 718 180,A01,1,7,2,2,2,1,0,
2.024E+11,155 718 177,B01,2,7,0,2,2,1,1,
2.024E+11,155 718 178,A01,1,7,0,2,5,1,1,
2.024E+11,155 718 175,A01,1,33,0,2,1,17,0,
2.024E+11,155 718 176,B01,1,7,0,2,6,15,1,
2.024E+11,155 718 174,A01,3,50,0,0,8,0,3,
2.024E+11,155 718 173,A01,3,7,0,1,8,1,2,
2.024E+11,155 718 170,B01,1,33,0,2,1,2,1,
2.024E+11,155 718 172,A01,2,7,0,2,3,15,1,
2.024E+11,155 718 169,B01,0,30,0,2,1,2,0,
2.024E+11,155 718 171,A01,0,7,0,2,1,2,1,
2.024E+11,155 718 167,A01,-1,0,-1,-1,-1,-1,-1,
2.024E+11,155 718 168,B01,-1,7,-1,-1,-1,-1,-1,
2.024E+11,155 718 165,A01,1,33,0,0,0,26,1,
2.024E+11,155 718 164,B01,1,7,0,2,3,1,1,
2.024E+11,155 718 166,A01,2,50,0,2,1,1,3,
2.024E+11,155 718 162,A01,2,7,7,0,5,1,1,
2.024E+11,155 718 160,A01,1,7,0,2,4,1,1,
2.024E+11,155 718 161,B01,1,7,0,2,4,1,1,
2.024E+11,155 718 163,C01,1,7,0,2,1,1,1,
2.024E+11,155 718 158,B01,3,33,0,2,5,1,1,
2.024E+11,155 718 159,A01,3,7,0,2,5,10,0,
2.024E+11,155 718 156,A01,2,10,0,2,1,1,1,
2.024E+11,155 718 157,B01,2,7,0,2,4,1,3,
2.024E+11,155 718 154,A01,1,7,0,2,3,1,1,
2.024E+11,155 718 155,B01,1,33,0,2,5,15,1,
2.024E+11,155 718 151,A01,1,7,0,2,3,11,0,
2.024E+11,155 718 153,B01,1,10,0,2,2,1,0,
2.024E+11,155 718 150,A01,2,7,0,2,8,13,1,
2.024E+11,155 718 152,B01,2,33,0,2,7,26,1,
2.024E+11,155 718 146,C01,2,2,0,2,4,1,1,
2.024E+11,155 718 147,A01,2,7,13,2,2,17,1,
2.024E+11,155 718 149,B01,2,7,0,2,3,0,1,
2.024E+11,155 718 143,C01,1,7,0,2,4,1,2,
2.024E+11,155 718 145,A01,1,7,0,2,1,1,1,
2.024E+11,155 718 148,B01,1,7,0,2,4,1,1,
2.024E+11,155 718 141,A01,2,32,0,2,2,3,1,
2.024E+11,155 718 142,B01,2,7,0,2,3,2,1,
2.024E+11,155 718 144,C01,2,7,0,2,4,2,1,
2.024E+11,155 718 138,A01,1,32,0,2,1,2,3,
2.024E+11,155 718 140,B01,1,7,0,2,4,2,2,
2.024E+11,155 718 134,B01,1,10,4,2,4,2,1,
2.024E+11,155 718 135,D01,1,10,4,2,4,2,1,
2.024E+11,155 718 136,C01,1,7,4,2,4,2,1,
2.024E+11,155 718 137,E01,1,7,4,2,4,2,1,
2.024E+11,155 718 139,A01,1,10,4,2,1,2,1,
2.024E+11,155 718 132,A01,1,7,0,2,1,2,1,
2.024E+11,155 718 133,B01,1,7,0,2,4,2,1,
2.024E+11,155 718 130,A01,1,31,0,2,4,2,1,
2.024E+11,155 718 131,B01,1,14,0,2,1,2,1,
2.024E+11,155 718 127,A01,2,7,0,2,3,11,1,
2.024E+11,155 718 128,B01,2,31,0,2,7,1,1,
2.024E+11,155 718 126,A01,1,33,0,2,1,2,1,
2.024E+11,155 718 129,B01,1,7,0,2,4,2,2,
2.024E+11,155 718 125,A01,3,7,0,1,2,1,1,
2.024E+11,155 718 123,A01,3,7,0,2,2,16,1,
2.024E+11,155 718 124,B01,3,50,0,2,8,19,3,
2.024E+11,155 718 122,A01,2,7,0,1,1,21,1,
2.024E+11,155 718 120,A01,1,7,0,2,2,16,2,
2.024E+11,155 718 121,B01,0,33,0,0,0,0,1,
2.024E+11,155 718 119,A01,2,7,2,0,7,1,1,
2.024E+11,155 718 117,A01,1,33,8,0,2,26,1,