Num_Acc,id_vehicule,num_veh,senc,catv,obs,obsm,choc,manv,motor,occutc
2.024E+11,155 718 118,B01,1,7,0,0,0,26,1,
2.024E+11,155 718 113,B01,1,50,0,2,1,1,3,
2.024E+11,155 718 114,A01,2,7,0,2,1,15,1,
2.024E+11,155 718 112,A01,1,7,0,2,3,1,1,
2.024E+11,155 718 115,B01,2,7,0,2,3,1,1,
2.024E+11,155 718 116,C01,2,7,0,2,8,1,1,
2.024E+11,155 718 110,A01,1,37,0,2,7,2,1,1
2.024E+11,155 718 111,B01,1,50,0,2,8,1,3,
2.024E+11,155 718 106,A01,3,7,0,2,2,22,1,
2.024E+11,155 718 109,B01,3,50,0,2,2,2,3,
2.024E+11,155 718 102,A01,3,1,0,2,7,15,5,
2.024E+11,155 718 103,B01,3,7,0,2,7,1,1,
2.024E+11,155 718 101,A01,2,33,0,2,1,1,1,
2.024E+11,155 718 104,B01,3,7,0,2,2,15,1,
2.024E+11,155 718 100,A01,3,7,6,0,3,13,1,
2.024E+11,155 718 097,B01,1,7,0,2,0,0,0,
2.024E+11,155 718 099,A01,3,30,0,2,6,15,1,
2.024E+11,155 718 096,B01,1,43,12,2,2,1,1,
2.024E+11,155 718 098,A01,1,10,12,2,1,5,1,
2.024E+11,155 718 095,A01,3,7,13,0,0,14,1,
2.024E+11,155 718 094,A01,0,7,1,0,3,26,1,
2.024E+11,155 718 091,B01,1,50,0,2,7,1,3,
2.024E+11,155 718 093,A01,1,7,0,2,1,1,1,
2.024E+11,155 718 090,A01,1,38,0,2,2,11,1,1
2.024E+11,155 718 092,B01,1,1,0,2,8,26,5,
2.024E+11,155 718 087,A01,1,33,0,2,1,13,1,
2.024E+11,155 718 088,B01,1,7,0,2,3,1,1,
2.024E+11,155 718 086,A01,1,7,0,2,3,16,1,
2.024E+11,155 718 089,B01,3,1,0,2,8,19,5,
2.024E+11,155 718 084,B01,3,7,6,0,5,16,1,
2.024E+11,155 718 085,A01,3,43,0,2,3,2,1,
2.024E+11,155 718 082,A01,2,10,0,2,1,2,1,
2.024E+11,155 718 083,B01,1,7,0,2,4,1,1,
2.024E+11,155 718 081,A01,0,7,0,1,1,26,1,
2.024E+11,155 718 079,A01,3,30,0,2,4,1,1,
2.024E+11,155 718 080,B01,3,7,0,2,2,2,1,
2.024E+11,155 718 077,B01,0,7,0,2,7,1,1,
2.024E+11,155 718 078,A01,0,50,0,2,8,19,3,
2.024E+11,155 718 075,B01,2,7,0,2,1,0,1,
2.024E+11,155 718 076,A01,1,7,0,2,1,26,1,
2.024E+11,155 718 073,B01,1,7,0,2,4,1,1,
2.024E+11,155 718 074,A01,1,7,0,2,1,1,1,
2.024E+11,155 718 071,A01,1,7,3,2,2,16,1,
2.024E+11,155 718 072,B01,2,10,0,2,1,21,1,
2.024E+11,155 718 069,A01,3,7,0,2,1,16,1,
2.024E+11,155 718 070,B01,3,50,0,2,1,23,3,
2.024E+11,155 718 067,A01,1,1,0,0,4,2,5,
2.024E+11,155 718 068,B01,2,7,0,2,0,0,1,
2.024E+11,155 718 064,A01,-1,7,0,2,1,2,1,
2.024E+11,155 718 065,B01,-1,7,0,2,4,23,1,
2.024E+11,155 718 066,C01,-1,7,0,2,4,23,1,
2.024E+11,155 718 061,A01,1,7,0,2,2,15,3,
2.024E+11,155 718 063,B01,1,32,0,2,8,1,1,
2.024E+11,155 718 060,A01,2,10,0,2,3,16,1,
2.024E+11,155 718 062,B01,2,10,0,2,1,1,1,
2.024E+11,155 718 057,A01,1,7,0,1,1,1,1,
2.024E+11,155 718 058,A01,2,7,0,2,8,11,1,
2.024E+11,155 718 059,B01,2,33,0,2,7,1,1,
2.024E+11,155 718 054,A01,3,10,0,2,2,19,1,
2.024E+11,155 718 056,B01,3,7,0,2,1,17,1,
2.024E+11,155 718 053,A01,1,7,0,2,6,15,1,
2.024E+11,155 718 055,B01,1,7,0,2,1,1,1,
2.024E+11,155 718 050,A01,1,7,0,2,3,9,1,
2.024E+11,155 718 052,B01,1,32,0,2,4,16,1,
2.024E+11,155 718 049,A01,3,10,0,2,1,19,1,
2.024E+11,155 718 051,B01,3,10,0,2,3,1,1,
2.024E+11,155 718 047,A01,1,33,0,2,1,2,1,
2.024E+11,155 718 048,B01,1,1,0,2,4,2,5,
2.024E+11,155 718 046,A01,0,33,0,0,9,1,1,
2.024E+11,155 718 045,Z01,1,7,0,1,0,0,1,
2.024E+11,155 718 041,B01,1,7,0,2,4,0,1,
2.024E+11,155 718 043,A01,1,10,0,2,1,2,1,
2.024E+11,155 718 042,A01,1,7,0,2,2,15,1,
2.024E+11,155 718 044,B01,2,33,0,2,1,1,1,
2.024E+11,155 718 040,A01,2,33,0,0,8,1,1,
2.024E+11,155 718 039,A01,1,30,0,1,3,1,3,
2.024E+11,155 718 036,A01,0,33,4,0,1,16,1,
2.024E+11,155 718 038,B01,0,7,4,0,1,23,1,
2.024E+11,155 718 035,B01,2,50,0,2,2,1,3,
2.024E+11,155 718 037,A01,2,7,0,2,3,9,1,
2.024E+11,155 718 033,A01,1,0,0,1,3,1,0,
2.024E+11,155 718 032,B01,3,1,0,2,2,0,5,
2.024E+11,155 718 034,A01,3,7,0,2,3,9,1,
2.024E+11,155 718 030,A01,1,7,0,1,4,4,1,
2.024E+11,155 718 025,A01,1,34,8,2,3,17,1,
2.024E+11,155 718 027,B01,1,15,8,0,6,1,1,
2.024E+11,155 718 028,C01,2,37,8,0,3,1,3,1
2.024E+11,155 718 020,A01,0,7,0,2,3,1,1,
2.024E+11,155 718 021,B01,3,1,0,2,1,13,5,
2.024E+11,155 718 022,A01,1,7,0,2,5,16,1,
2.024E+11,155 718 023,B01,1,1,0,2,1,1,5,
2.024E+11,155 718 019,A01,3,30,0,0,3,1,1,
2.024E+11,155 718 018,A01,2,1,12,0,1,14,5,
2.024E+11,155 718 014,B01,3,7,0,2,3,15,1,
2.024E+11,155 718 016,A01,1,7,0,2,2,1,1,
2.024E+11,155 718 013,B01,2,1,0,2,3,19,5,
2.024E+11,155 718 015,A01,1,7,0,2,1,1,1,
2.024E+11,155 718 010,A01,3,7,0,2,0,1,1,
2.024E+11,155 718 012,B01,3,7,0,2,1,1,1,
2.024E+11,155 718 009,B01,1,15,0,2,5,16,1,
2.024E+11,155 718 011,A01,1,50,0,2,8,13,3,
2.024E+11,155 718 006,A01,1,50,0,2,3,1,3,
2.024E+11,155 718 008,B01,3,50,0,2,2,1,3,
2.024E+11,155 718 005,B01,3,1,0,2,7,1,5,
2.024E+11,155 718 007,A01,3,7,0,2,1,9,1,
2.024E+11,155 718 003,A01,1,7,0,2,4,1,3,
2.024E+11,155 718 004,B01,1,32,0,2,1,2,1,
2.024E+11,155 718 000,A01,2,7,0,2,1,2,1,
2.024E+11,155 718 002,B01,2,7,0,2,6,9,1,
2.024E+11,155 717 999,A01,1,7,0,2,8,1,2,
2.024E+11,155 718 001,B01,1,1,1,2,7,17,5,
2.024E+11,155 717 997,A01,1,7,0,2,4,1,-1,
2.024E+11,155 717 998,B01,1,1,0,2,1,1,5,
2.024E+11,155 717 996,A01,1,7,0,1,1,15,1,
2.024E+11,155 717 994,A01,2,32,0,2,7,20,1,
2.024E+11,155 717 995,B01,1,33,0,2,1,1,1,
2.024E+11,155 717 993,A01,1,7,0,0,2,1,1,
2.024E+11,155 717 992,A01,2,50,0,1,1,1,3,
2.024E+11,155 717 989,A01,3,7,0,2,2,1,1,
2.024E+11,155 717 990,B01,3,34,0,2,4,17,1,
2.024E+11,155 717 988,B01,1,15,0,2,1,9,1,
2.024E+11,155 717 991,A01,1,50,0,2,1,1,3,
2.024E+11,155 717 987,Z01,1,99,0,1,2,1,1,
2.024E+11,155 717 986,Z01,1,30,0,1,1,1,0,
2.024E+11,155 717 984,B01,2,80,0,2,7,1,3,
2.024E+11,155 717 985,A01,2,7,0,2,1,1,2,
2.024E+11,155 717 982,B01,1,7,0,2,1,1,1,
2.024E+11,155 717 983,A01,2,7,9,2,1,15,3,
2.024E+11,155 717 981,A01,2,7,0,1,2,5,1,
2.024E+11,155 717 978,A01,3,7,0,2,1,1,1,
2.024E+11,155 717 980,B01,3,2,0,2,1,1,1,
2.024E+11,155 717 977,B01,3,7,0,2,2,1,2,
2.024E+11,155 717 979,A01,3,7,0,2,1,5,1,
2.024E+11,155 717 975,B01,2,10,0,2,3,1,1,
2.024E+11,155 717 976,A01,2,50,0,2,1,1,3,
2.024E+11,155 717 974,A01,1,1,4,0,8,26,5,
2.024E+11,155 717 972,A01,1,7,0,2,2,1,1,
2.024E+11,155 717 973,B01,1,13,0,2,1,1,1,
2.024E+11,155 717 971,A01,1,7,0,1,7,17,1,
2.024E+11,155 717 970,A01,1,31,0,0,0,21,1,
2.024E+11,155 717 967,A01,1,7,16,0,8,1,1,
2.024E+11,155 717 968,A01,3,33,0,2,5,17,1,
2.024E+11,155 717 969,B01,3,10,0,2,3,15,1,
2.024E+11,155 717 964,B01,0,34,0,2,2,17,1,
2.024E+11,155 717 966,A01,3,7,0,2,6,15,1,
2.024E+11,155 717 963,A01,3,7,0,9,2,19,1,
2.024E+11,155 717 965,B01,3,50,0,2,1,0,3,
2.024E+11,155 717 959,A01,2,50,0,2,1,26,3,
2.024E+11,155 717 961,B01,1,50,0,2,1,26,3,
2.024E+11,155 717 960,B01,2,7,0,2,2,1,2,
2.024E+11,155 717 962,A01,2,7,0,2,3,9,1,
2.024E+11,155 717 956,B01,3,10,0,0,0,0,0,
2.024E+11,155 717 958,A01,3,30,0,0,1,1,3,
2.024E+11,155 717 955,B01,1,10,0,2,3,1,1,
2.024E+11,155 717 957,A01,2,7,0,2,2,1,1,
2.024E+11,155 717 954,A01,3,7,2,0,3,1,1,
2.024E+11,155 717 950,A01,2,1,0,2,1,5,5,
2.024E+11,155 717 951,B01,1,7,0,9,2,2,1,
2.024E+11,155 717 949,A01,3,7,0,2,6,20,1,
2.024E+11,155 717 952,B01,3,7,0,2,1,1,1,
2.024E+11,155 717 948,A01,2,7,0,2,1,15,1,
2.024E+11,155 717 953,B01,1,2,0,2,7,1,1,
2.024E+11,155 717 946,B01,2,17,0,2,2,1,1,
2.024E+11,155 717 947,A01,1,7,0,2,1,13,1,
2.024E+11,155 717 943,A01,3,7,0,2,3,19,1,
2.024E+11,155 717 945,B01,3,7,0,2,2,1,1,
2.024E+11,155 717 942,A01,1,7,0,1,2,1,1,
2.024E+11,155 717 941,A01,1,7,0,2,1,1,1,
2.024E+11,155 717 944,B01,3,7,0,2,8,1,1,
2.024E+11,155 717 940,A01,1,50,0,1,1,1,3,
2.024E+11,155 717 936,A01,1,7,0,2,3,10,1,
2.024E+11,155 717 938,B01,1,30,0,2,1,1,1,
2.024E+11,155 717 935,A01,1,7,0,0,2,1,1,
2.024E+11,155 717 937,A01,1,7,12,2,1,2,1,
2.024E+11,155 717 939,B01,1,7,12,2,4,15,1,
2.024E+11,155 717 931,A01,1,7,14,1,1,26,1,
2.024E+11,155 717 932,A01,3,99,1,0,2,16,1,
2.024E+11,155 717 934,B01,3,33,1,0,1,14,1,
2.024E+11,155 717 930,A01,3,7,0,2,3,1,1,
2.024E+11,155 717 933,B01,3,7,0,2,3,5,1,
2.024E+11,155 717 925,A01,2,7,0,2,1,2,1,
2.024E+11,155 717 928,B01,2,10,0,2,4,2,1,
2.024E+11,155 717 927,B01,1,2,0,2,1,1,1,
2.024E+11,155 717 929,A01,1,14,0,2,3,15,1,
2.024E+11,155 717 924,A01,2,7,0,2,1,1,1,
2.024E+11,155 717 926,B01,1,7,0,2,1,15,1,
2.024E+11,155 717 921,A01,3,2,0,9,2,15,1,
2.024E+11,155 717 922,B01,1,1,0,2,8,1,5,
2.024E+11,155 717 918,B01,2,7,0,2,1,1,1,
2.024E+11,155 717 919,A01,1,7,0,2,1,15,1,
2.024E+11,155 717 917,A01,3,7,0,2,1,2,1,
2.024E+11,155 717 920,C01,3,7,0,2,4,2,1,
2.024E+11,155 717 923,B01,3,7,0,2,4,2,1,
2.024E+11,155 717 915,A01,1,10,0,2,1,1,1,
2.024E+11,155 717 916,B01,1,30,0,2,4,1,1,
2.024E+11,155 717 914,A01,2,33,0,0,2,1,1,
2.024E+11,155 717 912,Z01,3,0,0,2,4,2,0,
2.024E+11,155 717 913,B01,0,80,0,2,1,2,3,
2.024E+11,155 717 909,A01,0,10,0,2,5,10,1,
2.024E+11,155 717 911,B01,0,43,0,2,1,1,1,
2.024E+11,155 717 908,B01,2,7,0,2,3,13,1,
2.024E+11,155 717 910,A01,1,7,0,2,3,1,2,
2.024E+11,155 717 907,A01,2,7,15,1,0,26,1,
2.024E+11,155 717 904,A01,1,7,0,2,2,1,1,
2.024E+11,155 717 905,C01,1,7,0,9,0,0,1,
2.024E+11,155 717 906,B01,1,32,0,2,6,1,1,
2.024E+11,155 717 903,A01,1,7,6,0,1,26,1,
2.024E+11,155 717 901,A01,1,33,0,2,1,17,1,
2.024E+11,155 717 902,B01,1,7,0,2,3,15,1,
2.024E+11,155 717 899,A01,0,7,0,1,1,2,1,
2.024E+11,155 717 898,A01,1,7,0,2,3,10,0,
2.024E+11,155 717 900,B01,1,2,0,2,2,0,0,
2.024E+11,155 717 895,A01,3,7,0,2,1,1,1,
2.024E+11,155 717 897,B01,3,80,0,2,8,19,3,
2.024E+11,155 717 892,A01,1,7,0,2,4,2,1,
2.024E+11,155 717 893,B01,1,7,0,2,4,2,1,
2.024E+11,155 717 896,C01,1,7,0,2,1,2,1,
2.024E+11,155 717 891,A01,1,7,0,2,1,13,1,
2.024E+11,155 717 894,B01,2,21,0,2,3,1,1,
2.024E+11,155 717 890,A01,1,34,12,0,1,1,1,
2.024E+11,155 717 889,A01,2,33,0,6,1,1,1,
2.024E+11,155 717 887,B01,1,7,0,2,4,1,1,
2.024E+11,155 717 888,A01,1,33,0,2,1,1,1,
2.024E+11,155 717 885,A01,2,7,0,2,3,15,1,
2.024E+11,155 717 886,B01,1,31,0,2,1,1,0,
2.024E+11,155 717 884,A01,2,33,0,0,3,1,1,
2.024E+11,155 717 882,A01,2,7,0,2,2,2,1,
2.024E+11,155 717 883,B01,2,7,0,2,4,2,2,
2.024E+11,155 717 879,B01,1,7,0,2,8,1,1,
2.024E+11,155 717 880,A01,1,33,6,2,3,17,1,
2.024E+11,155 717 877,B01,2,7,0,2,1,1,1,
2.024E+11,155 717 881,A01,2,7,0,2,8,19,1,
2.024E+11,155 717 876,A01,2,7,0,0,0,0,1,
2.024E+11,155 717 878,B01,2,33,16,0,8,3,1,
2.024E+11,155 717 874,A01,2,14,0,2,2,2,1,
2.024E+11,155 717 875,B01,2,1,0,2,4,2,5,
2.024E+11,155 717 873,A01,1,7,0,1,2,12,1,
2.024E+11,155 717 870,B01,1,10,0,2,4,2,1,
2.024E+11,155 717 871,A01,1,33,0,2,1,2,1,
2.024E+11,155 717 872,C01,1,7,0,2,0,1,1,
2.024E+11,155 717 868,A01,1,7,0,1,3,1,1,
2.024E+11,155 717 867,B01,2,2,0,2,1,1,1,
2.024E+11,155 717 869,A01,3,7,0,2,8,9,1,
2.024E+11,155 717 865,A01,2,7,0,2,8,15,1,
2.024E+11,155 717 866,B01,2,17,0,2,3,1,1,
2.024E+11,155 717 862,A01,1,50,11,0,1,1,3,
2.024E+11,155 717 860,A01,2,7,0,2,6,1,1,
2.024E+11,155 717 863,C01,2,7,0,2,1,1,1,
2.024E+11,155 717 864,B01,1,7,0,2,3,13,1,
2.024E+11,155 717 855,A01,2,7,0,2,3,11,0,
2.024E+11,155 717 858,B01,2,33,0,2,7,3,1,
2.024E+11,155 717 859,C01,2,7,0,2,5,1,1,
2.024E+11,155 717 861,D01,2,7,0,2,3,1,1,
2.024E+11,155 717 857,A01,3,33,0,0,7,16,1,
2.024E+11,155 717 854,A01,1,7,0,2,2,1,1,
2.024E+11,155 717 856,B01,1,33,0,0,4,2,1,
2.024E+11,155 717 851,A01,1,7,0,2,4,12,1,
2.024E+11,155 717 853,B01,1,33,0,2,1,3,1,
2.024E+11,155 717 848,A01,1,33,0,2,2,17,1,
2.024E+11,155 717 850,B01,1,7,0,2,6,15,1,
2.024E+11,155 717 849,A01,2,3,0,2,7,15,1,
2.024E+11,155 717 852,B01,2,7,0,2,1,1,6,
2.024E+11,155 717 845,A01,2,32,0,2,7,11,1,
2.024E+11,155 717 847,B01,2,7,0,2,5,1,3,
2.024E+11,155 717 843,A01,1,10,0,2,4,15,1,
2.024E+11,155 717 846,B01,1,7,0,2,1,2,1,
2.024E+11,155 717 842,B01,2,33,0,2,1,1,1,
2.024E+11,155 717 844,A01,3,7,0,2,3,15,1,
2.024E+11,155 717 840,A01,2,33,0,2,4,1,1,
2.024E+11,155 717 841,B01,2,7,0,2,4,1,1,
2.024E+11,155 717 837,A01,1,33,13,0,1,1,1,
2.024E+11,155 717 835,A01,1,7,0,2,2,2,1,
2.024E+11,155 717 836,B01,1,43,0,2,1,3,1,
2.024E+11,155 717 838,A01,2,1,0,2,6,15,5,
2.024E+11,155 717 839,B01,2,10,0,2,2,2,1,
2.024E+11,155 717 830,A01,2,7,0,2,1,2,1,
2.024E+11,155 717 834,B01,2,7,0,2,4,2,1,
2.024E+11,155 717 828,A01,2,7,0,0,1,2,1,
2.024E+11,155 717 832,B01,2,7,0,0,5,2,2,
2.024E+11,155 717 827,A01,2,10,0,2,1,1,1,
2.024E+11,155 717 829,B01,2,7,0,2,4,1,2,
2.024E+11,155 717 831,C01,2,7,0,2,4,1,1,
2.024E+11,155 717 833,D01,2,7,0,2,4,1,1,
2.024E+11,155 717 825,A01,1,7,0,2,1,2,1,
2.024E+11,155 717 826,B01,1,10,0,2,4,2,1,
2.024E+11,155 717 823,A01,1,33,0,2,1,3,1,
2.024E+11,155 717 824,B01,1,7,0,2,6,2,2,
2.024E+11,155 717 819,A01,2,7,0,2,1,2,1,
2.024E+11,155 717 821,B01,1,10,0,2,4,1,3,
2.024E+11,155 717 820,A01,1,7,0,2,1,2,1,
2.024E+11,155 717 822,B01,1,30,0,2,4,2,1,
2.024E+11,155 717 817,A01,1,7,0,2,1,2,1,
2.024E+11,155 717 818,B01,1,7,0,2,4,2,2,
2.024E+11,155 717 816,A01,2,7,13,0,3,1,1,
2.024E+11,155 717 814,A01,2,7,0,2,5,12,2,
2.024E+11,155 717 815,B01,2,33,0,2,8,3,1,
2.024E+11,155 717 812,A01,1,30,1,0,0,0,1,
2.024E+11,155 717 813,A01,2,7,0,1,2,0,1,
2.024E+11,155 717 810,B01,1,7,0,2,8,1,1,
2.024E+11,155 717 811,A01,2,7,0,2,3,13,1,
2.024E+11,155 717 808,A01,2,33,0,2,8,3,1,
2.024E+11,155 717 809,B01,2,7,4,2,7,14,1,
2.024E+11,155 717 806,B01,3,7,0,2,3,1,1,
2.024E+11,155 717 807,A01,3,7,0,2,2,13,1,
2.024E+11,155 717 804,A01,3,2,0,2,1,15,1,
2.024E+11,155 717 805,B01,0,7,0,2,1,1,1,
2.024E+11,155 717 802,A01,1,7,0,2,1,1,1,
2.024E+11,155 717 803,B01,2,10,0,2,1,1,1,
2.024E+11,155 717 801,B01,2,37,0,1,7,1,1,1
2.024E+11,155 717 800,A01,1,7,17,0,7,19,1,
2.024E+11,155 717 798,A01,3,7,0,1,0,26,3,
2.024E+11,155 717 797,A01,3,50,0,2,3,1,3,
2.024E+11,155 717 799,B01,3,7,0,2,3,1,1,
2.024E+11,155 717 796,A01,3,7,13,0,0,2,6,
2.024E+11,155 717 794,A01,3,7,14,2,1,1,1,
2.024E+11,155 717 795,B01,3,50,14,2,7,0,3,
2.024E+11,155 717 792,A01,1,7,0,1,1,1,1,
2.024E+11,155 717 791,A01,2,2,0,2,1,1,1,
2.024E+11,155 717 793,B01,1,7,0,2,2,15,1,
2.024E+11,155 717 790,A01,1,10,0,0,7,14,1,
2.024E+11,155 717 788,A01,2,10,0,2,1,1,1,
2.024E+11,155 717 789,B01,1,7,0,2,4,1,1,
2.024E+11,155 717 786,A01,1,7,0,2,0,0,1,
2.024E+11,155 717 787,B01,1,33,0,2,0,0,1,
2.024E+11,155 717 783,A01,2,31,0,2,1,17,1,
2.024E+11,155 717 785,B01,2,17,0,2,8,15,1,
2.024E+11,155 717 782,A01,2,15,13,2,6,1,1,
2.024E+11,155 717 784,B01,1,38,13,2,3,1,1,10
2.024E+11,155 717 781,A01,2,7,0,1,1,15,1,
2.024E+11,155 717 780,A01,1,7,17,0,1,21,0,
2.024E+11,155 717 779,A01,1,7,0,1,2,1,1,
2.024E+11,155 717 778,A01,2,33,3,0,2,1,1,
2.024E+11,155 717 777,A01,1,7,0,1,1,1,1,
2.024E+11,155 717 773,B01,1,7,0,2,3,1,1,
2.024E+11,155 717 775,A01,1,2,0,2,7,1,1,
2.024E+11,155 717 774,A01,1,31,0,2,3,1,1,
2.024E+11,155 717 776,B01,2,7,0,2,3,1,1,
2.024E+11,155 717 772,A01,2,7,3,0,3,1,1,
2.024E+11,155 717 771,A01,2,7,13,0,1,12,1,
2.024E+11,155 717 769,B01,3,14,0,2,1,1,1,
2.024E+11,155 717 770,A01,3,7,0,2,7,1,1,
2.024E+11,155 717 767,A01,2,7,0,2,1,13,1,
2.024E+11,155 717 768,B01,1,7,0,2,1,1,1,
2.024E+11,155 717 765,B01,2,1,0,2,7,1,5,
2.024E+11,155 717 766,A01,2,7,0,2,8,16,1,
2.024E+11,155 717 763,B01,1,7,0,2,1,1,1,
2.024E+11,155 717 764,A01,1,7,0,2,8,19,1,
2.024E+11,155 717 762,A01,2,10,0,1,1,1,1,
2.024E+11,155 717 759,A01,3,7,0,2,2,19,1,
2.024E+11,155 717 761,B01,3,7,0,2,3,1,1,
2.024E+11,155 717 758,B01,1,2,0,2,1,1,1,
2.024E+11,155 717 760,A01,2,7,0,2,2,15,1,
2.024E+11,155 717 757,A01,1,40,0,1,2,1,3,
2.024E+11,155 717 755,B01,1,7,0,2,3,26,1,
2.024E+11,155 717 756,A01,1,33,0,2,7,12,1,
2.024E+11,155 717 753,A01,1,7,0,2,3,22,3,
2.024E+11,155 717 754,B01,1,1,1,0,1,1,5,
2.024E+11,155 717 751,B01,0,60,0,2,7,1,5,
2.024E+11,155 717 752,A01,3,7,0,2,2,20,1,
2.024E+11,155 717 749,A01,2,80,13,9,0,0,2,
2.024E+11,155 717 750,B01,2,7,0,0,0,0,0,
2.024E+11,155 717 747,A01,1,10,0,2,1,2,1,
2.024E+11,155 717 748,B01,1,15,0,0,4,2,1,
2.024E+11,155 717 745,A01,1,31,0,2,0,1,1,
2.024E+11,155 717 746,B01,3,1,0,2,4,19,5,
2.024E+11,155 717 744,A01,1,7,0,1,3,1,1,
2.024E+11,155 717 742,A01,1,30,0,2,1,17,1,
2.024E+11,155 717 743,B01,1,7,0,2,8,15,1,
2.024E+11,155 717 741,A01,1,1,0,0,0,1,5,
2.024E+11,155 717 740,A01,1,10,0,1,1,1,0,
2.024E+11,155 717 738,B01,1,7,0,2,1,1,1,
2.024E+11,155 717 739,A01,2,7,0,2,1,13,1,
2.024E+11,155 717 737,A01,1,7,0,1,0,0,0,
2.024E+11,155 717 735,A01,1,7,2,0,3,1,1,
2.024E+11,155 717 734,A01,1,7,0,2,3,9,1,
2.024E+11,155 717 736,B01,2,1,0,2,2,1,5,
2.024E+11,155 717 731,B01,3,80,0,2,4,23,3,
2.024E+11,155 717 732,A01,1,7,0,2,2,2,1,
2.024E+11,155 717 730,A01,1,7,0,2,2,17,1,
2.024E+11,155 717 733,B01,1,2,6,2,3,15,3,
2.024E+11,155 717 727,A01,3,60,0,2,2,19,5,
2.024E+11,155 717 729,B01,3,10,0,2,1,1,1,
2.024E+11,155 717 726,B01,2,7,0,2,1,1,1,
2.024E+11,155 717 728,A01,1,2,0,2,1,5,1,
2.024E+11,155 717 724,A01,0,2,0,2,1,1,1,
2.024E+11,155 717 725,B01,0,7,0,2,4,1,1,
2.024E+11,155 717 723,A01,2,7,0,1,2,1,1,
2.024E+11,155 717 722,A01,1,7,0,1,1,16,2,
2.024E+11,155 717 721,A01,2,7,1,1,4,10,1,
2.024E+11,155 717 720,A01,2,7,6,0,1,1,1,
2.024E+11,155 717 718,A01,2,7,0,0,4,23,1,
2.024E+11,155 717 719,B01,2,33,0,2,1,1,1,
2.024E+11,155 717 715,B01,3,10,0,2,1,1,1,
2.024E+11,155 717 716,A01,3,7,0,2,1,5,0,
2.024E+11,155 717 714,B01,1,7,0,2,1,1,0,
2.024E+11,155 717 717,A01,1,10,0,2,8,15,1,
2.024E+11,155 717 712,A01,1,33,0,2,1,18,1,
2.024E+11,155 717 713,B01,2,7,0,2,3,1,1,
2.024E+11,155 717 709,B01,1,7,0,2,4,0,1,
2.024E+11,155 717 710,A01,1,31,0,2,1,3,1,
2.024E+11,155 717 711,A01,3,50,0,1,1,1,3,
2.024E+11,155 717 706,C01,1,7,0,2,4,1,1,
2.024E+11,155 717 707,A01,1,15,0,2,1,1,1,
2.024E+11,155 717 708,B01,1,7,0,2,4,1,1,
2.024E+11,155 717 705,A01,2,10,2,0,1,0,1,
2.024E+11,155 717 703,B01,2,7,0,2,6,11,1,
2.024E+11,155 717 704,A01,2,33,0,2,1,0,1,
2.024E+11,155 717 701,A01,1,32,0,2,1,12,1,
2.024E+11,155 717 702,B01,1,7,0,2,4,1,1,
2.024E+11,155 717 700,A01,3,7,0,1,3,26,1,
2.024E+11,155 717 699,A01,2,7,4,0,1,14,1,
2.024E+11,155 717 697,A01,1,7,0,1,2,1,1,
2.024E+11,155 717 696,Z01,1,7,0,2,8,11,1,
2.024E+11,155 717 698,A01,1,33,0,2,7,3,1,
2.024E+11,155 717 693,A01,1,7,0,2,3,10,1,
2.024E+11,155 717 695,B01,2,33,0,2,1,1,1,
2.024E+11,155 717 691,A01,1,37,0,2,1,1,1,5
2.024E+11,155 717 694,B01,1,17,0,2,4,1,1,
2.024E+11,155 717 690,A01,2,1,0,2,1,21,5,
2.024E+11,155 717 692,B01,1,1,0,2,1,21,5,
2.024E+11,155 717 688,A01,2,33,0,2,3,3,1,
2.024E+11,155 717 689,B01,2,7,0,2,7,12,1,
2.024E+11,155 717 687,A01,3,10,0,1,3,26,1,
2.024E+11,155 717 685,A01,2,7,0,2,1,1,1,
2.024E+11,155 717 686,B01,2,7,0,2,1,1,1,
2.024E+11,155 717 683,A01,2,7,0,2,6,2,1,
2.024E+11,155 717 684,B01,2,33,0,2,2,3,1,
2.024E+11,155 717 680,A01,3,7,6,0,1,15,1,
2.024E+11,155 717 681,A01,1,34,0,2,0,0,1,
2.024E+11,155 717 682,B01,1,50,0,2,3,15,3,
2.024E+11,155 717 678,A01,1,7,0,2,3,16,2,
2.024E+11,155 717 679,B01,2,1,0,2,1,1,5,
2.024E+11,155 717 676,A01,1,7,0,2,1,1,1,
2.024E+11,155 717 677,B01,1,50,0,2,4,9,3,
2.024E+11,155 717 675,A01,1,7,0,1,7,1,1,
2.024E+11,155 717 673,A01,1,10,16,0,5,0,1,
2.024E+11,155 717 672,A01,1,33,0,2,2,17,1,
2.024E+11,155 717 674,B01,2,50,0,2,3,15,3,
2.024E+11,155 717 671,A01,1,7,13,0,9,14,1,
2.024E+11,155 717 669,B01,1,7,0,2,9,1,1,
2.024E+11,155 717 670,A01,1,7,0,2,1,17,1,
2.024E+11,155 717 667,B01,2,1,0,0,3,2,5,
2.024E+11,155 717 668,A01,2,7,0,0,6,17,1,
2.024E+11,155 717 664,A01,0,7,0,2,1,0,1,
2.024E+11,155 717 666,B01,0,7,0,2,1,0,1,
2.024E+11,155 717 663,A01,3,30,0,2,7,15,1,
2.024E+11,155 717 665,B01,3,7,0,2,2,1,1,
2.024E+11,155 717 661,A01,1,32,0,2,1,1,1,
2.024E+11,155 717 662,B01,2,2,0,2,7,15,1,