Num_Acc,id_vehicule,num_veh,senc,catv,obs,obsm,choc,manv,motor,occutc
2.024E+11,155 717 658,A01,1,32,0,0,3,1,1,
2.024E+11,155 717 659,B01,3,7,0,2,1,2,1,
2.024E+11,155 717 660,A01,3,7,11,0,4,2,1,
2.024E+11,155 717 657,A01,3,7,0,1,2,1,1,
2.024E+11,155 717 654,B01,3,7,0,2,1,1,1,
2.024E+11,155 717 656,A01,3,50,0,2,1,5,3,
2.024E+11,155 717 653,B01,3,2,0,2,1,1,1,
2.024E+11,155 717 655,A01,3,2,0,2,1,1,1,
2.024E+11,155 717 652,A01,3,2,0,0,3,26,3,
2.024E+11,155 717 651,Z01,1,7,0,1,1,15,0,
2.024E+11,155 717 647,A01,3,7,0,2,3,15,0,
2.024E+11,155 717 648,B01,3,50,0,2,3,1,3,
2.024E+11,155 717 645,B01,3,10,0,2,1,26,6,
2.024E+11,155 717 649,A01,3,2,0,2,1,26,1,
2.024E+11,155 717 646,B01,2,7,0,2,7,15,1,
2.024E+11,155 717 650,A01,2,2,0,2,1,9,1,
2.024E+11,155 717 643,B01,1,7,0,2,5,1,1,
2.024E+11,155 717 644,A01,1,30,0,2,1,16,1,
2.024E+11,155 717 641,B01,3,50,0,2,2,17,3,
2.024E+11,155 717 642,A01,3,7,0,2,3,15,1,
2.024E+11,155 717 638,A01,0,7,0,2,2,15,1,
2.024E+11,155 717 640,B01,2,15,0,2,2,1,1,
2.024E+11,155 717 637,B01,2,2,0,2,1,1,1,
2.024E+11,155 717 639,A01,2,2,0,2,7,1,1,
2.024E+11,155 717 636,A01,3,7,0,1,1,13,3,
2.024E+11,155 717 634,A01,1,33,6,0,2,15,1,
2.024E+11,155 717 631,A01,2,15,0,2,5,1,1,
2.024E+11,155 717 633,B01,2,50,0,2,0,0,3,
2.024E+11,155 717 629,A01,1,7,0,1,1,1,1,
2.024E+11,155 717 628,B01,2,7,0,2,2,13,0,
2.024E+11,155 717 630,A01,1,10,0,2,2,13,1,
2.024E+11,155 717 625,Y01,1,0,0,2,3,0,0,
2.024E+11,155 717 627,A01,1,7,0,1,2,1,1,
2.024E+11,155 717 624,A01,0,7,0,2,2,1,1,
2.024E+11,155 717 626,B01,0,1,0,2,3,9,5,
2.024E+11,155 717 619,A01,2,2,1,0,1,2,1,
2.024E+11,155 717 621,B01,2,7,0,0,4,23,1,
2.024E+11,155 717 620,A01,2,7,0,2,1,9,1,
2.024E+11,155 717 623,B01,2,2,0,2,7,2,1,
2.024E+11,155 717 618,B01,3,10,0,2,1,0,1,
2.024E+11,155 717 622,A01,1,7,0,2,8,16,1,
2.024E+11,155 717 615,A01,3,7,0,2,3,1,1,
2.024E+11,155 717 617,B01,3,2,0,2,2,12,1,
2.024E+11,155 717 616,A01,0,7,0,1,3,1,1,
2.024E+11,155 717 612,B01,1,7,0,2,4,1,1,
2.024E+11,155 717 613,C01,1,10,0,2,4,1,1,
2.024E+11,155 717 614,A01,1,7,0,2,2,2,1,
2.024E+11,155 717 609,A01,1,7,0,2,2,16,1,
2.024E+11,155 717 611,B01,2,80,0,2,1,1,3,
2.024E+11,155 717 608,A01,1,7,0,2,6,15,1,
2.024E+11,155 717 610,B01,1,7,3,2,2,1,1,
2.024E+11,155 717 607,A01,3,7,0,1,2,1,1,
2.024E+11,155 717 606,A01,2,1,0,1,1,1,5,
2.024E+11,155 717 603,B01,1,33,0,2,4,2,1,
2.024E+11,155 717 604,A01,1,10,0,2,1,2,1,
2.024E+11,155 717 602,B01,-1,7,0,2,3,15,1,
2.024E+11,155 717 605,A01,1,32,0,2,5,17,1,
2.024E+11,155 717 600,A01,3,50,0,2,1,1,3,
2.024E+11,155 717 601,B01,3,7,0,2,7,16,3,
2.024E+11,155 717 597,A01,1,7,0,2,1,1,1,
2.024E+11,155 717 599,B01,1,7,0,2,4,1,1,
2.024E+11,155 717 596,A01,2,7,0,9,2,26,1,
2.024E+11,155 717 598,B01,1,50,0,2,0,26,3,
2.024E+11,155 717 593,A01,2,7,0,2,3,15,1,
2.024E+11,155 717 595,B01,1,33,0,2,3,1,1,
2.024E+11,155 717 592,B01,1,33,0,2,1,1,1,
2.024E+11,155 717 594,A01,1,7,0,2,8,19,1,
2.024E+11,155 717 591,A01,0,2,14,9,3,0,1,
2.024E+11,155 717 588,A01,0,7,0,9,1,16,1,
2.024E+11,155 717 590,B01,0,50,0,2,1,16,3,
2.024E+11,155 717 586,B01,1,1,0,2,3,1,5,
2.024E+11,155 717 589,A01,1,7,0,2,7,14,2,
2.024E+11,155 717 587,A01,2,7,7,0,2,1,1,
2.024E+11,155 717 585,A01,2,7,0,1,7,26,1,
2.024E+11,155 717 583,A01,3,50,0,1,7,25,3,
2.024E+11,155 717 580,A01,3,7,12,1,1,1,1,
2.024E+11,155 717 579,A01,1,1,0,1,1,1,5,
2.024E+11,155 717 575,B01,2,2,0,2,8,0,1,
2.024E+11,155 717 577,A01,2,13,0,2,1,1,1,
2.024E+11,155 717 574,B01,1,32,0,2,4,23,1,
2.024E+11,155 717 576,A01,1,7,0,2,3,1,2,
2.024E+11,155 717 571,A01,2,7,0,2,3,20,1,
2.024E+11,155 717 572,B01,1,7,0,2,3,1,1,
2.024E+11,155 717 569,A01,2,10,0,2,1,15,3,
2.024E+11,155 717 570,B01,1,32,0,2,8,1,1,
2.024E+11,155 717 568,A01,1,7,7,0,1,15,1,
2.024E+11,155 717 566,A01,2,50,0,1,1,1,3,
2.024E+11,155 717 565,A01,2,7,0,0,5,1,1,
2.024E+11,155 717 567,B01,2,31,0,2,1,1,1,
2.024E+11,155 717 562,B01,3,30,0,2,2,17,1,
2.024E+11,155 717 564,A01,3,7,0,2,3,15,2,
2.024E+11,155 717 573,A01,3,10,12,2,7,1,1,
2.024E+11,155 717 578,B01,3,7,0,2,1,16,1,
2.024E+11,155 717 556,A01,2,1,0,2,1,13,5,
2.024E+11,155 717 558,B01,1,1,0,2,1,1,5,
2.024E+11,155 717 553,C01,2,7,0,2,3,1,1,
2.024E+11,155 717 555,B01,2,15,0,0,6,1,1,
2.024E+11,155 717 557,D01,2,7,0,2,1,1,1,
2.024E+11,155 717 559,E01,2,7,0,2,7,1,1,
2.024E+11,155 717 560,F01,2,15,14,0,8,1,1,
2.024E+11,155 717 561,A01,2,7,0,2,3,2,1,
2.024E+11,155 717 563,G01,2,7,14,0,3,1,2,
2.024E+11,155 717 552,A01,1,31,0,0,1,5,1,
2.024E+11,155 717 547,B01,1,80,0,2,1,1,3,
2.024E+11,155 717 548,A01,1,10,0,2,8,22,1,
2.024E+11,155 717 546,A01,3,1,0,1,8,1,5,
2.024E+11,155 717 544,A01,2,33,0,1,1,3,1,
2.024E+11,155 717 543,B01,1,1,1,0,4,2,5,
2.024E+11,155 717 545,A01,1,7,0,2,1,26,1,
2.024E+11,155 717 542,A01,1,33,12,0,1,11,1,
2.024E+11,155 717 540,A01,2,7,13,0,0,21,1,
2.024E+11,155 717 539,A01,3,7,0,2,1,2,1,
2.024E+11,155 717 541,B01,1,7,0,2,3,2,1,
2.024E+11,155 717 537,A01,1,2,0,0,7,0,1,
2.024E+11,155 717 536,A01,0,37,0,2,2,2,1,1
2.024E+11,155 717 538,B01,3,7,0,2,4,23,1,
2.024E+11,155 717 535,A01,1,7,0,1,1,1,1,
2.024E+11,155 717 529,A01,2,38,0,2,3,15,1,1
2.024E+11,155 717 532,B01,2,1,0,2,1,1,5,
2.024E+11,155 717 530,A01,1,33,0,2,1,17,1,
2.024E+11,155 717 533,B01,2,7,0,2,2,21,1,
2.024E+11,155 717 534,C01,2,7,0,2,1,1,1,
2.024E+11,155 717 528,A01,1,33,0,2,1,1,1,
2.024E+11,155 717 531,B01,1,7,0,2,3,11,1,
2.024E+11,155 717 525,A01,1,7,0,2,2,1,1,
2.024E+11,155 717 527,B01,1,2,0,2,8,11,1,
2.024E+11,155 717 523,B01,1,31,0,2,3,17,0,
2.024E+11,155 717 524,A01,1,7,0,2,3,10,2,
2.024E+11,155 717 526,A01,1,7,0,1,4,20,1,
2.024E+11,155 717 521,B01,3,7,0,2,3,13,1,
2.024E+11,155 717 522,A01,3,7,0,2,3,13,2,
2.024E+11,155 717 519,A01,3,7,0,2,6,24,1,
2.024E+11,155 717 520,B01,3,43,1,0,2,11,1,
2.024E+11,155 717 518,A01,3,1,0,0,9,0,5,
2.024E+11,155 717 516,A01,1,15,0,2,1,1,1,
2.024E+11,155 717 517,B01,1,7,0,0,4,1,1,
2.024E+11,155 717 514,A01,3,7,0,2,2,16,1,
2.024E+11,155 717 515,B01,3,34,0,2,7,1,3,
2.024E+11,155 717 512,B01,0,31,0,2,1,1,1,
2.024E+11,155 717 513,A01,0,7,0,2,5,11,1,
2.024E+11,155 717 510,B01,3,30,0,0,1,1,1,
2.024E+11,155 717 511,A01,3,7,0,2,8,9,1,
2.024E+11,155 717 509,A01,3,7,1,2,2,26,1,
2.024E+11,155 717 504,B01,1,32,0,2,1,1,1,
2.024E+11,155 717 508,A01,1,7,0,2,2,19,1,
2.024E+11,155 717 505,B01,1,10,0,2,3,1,1,
2.024E+11,155 717 507,A01,1,33,0,2,1,26,1,
2.024E+11,155 717 503,A01,1,14,5,0,2,0,1,
2.024E+11,155 717 502,A01,1,7,0,0,1,26,1,
2.024E+11,155 717 506,A01,1,30,16,0,1,26,1,
2.024E+11,155 717 500,A01,0,7,8,0,1,5,1,
2.024E+11,155 717 499,A01,1,7,0,2,8,23,1,
2.024E+11,155 717 501,B01,1,7,14,2,7,17,1,
2.024E+11,155 717 498,A01,1,10,6,0,1,1,1,
2.024E+11,155 717 496,A01,1,14,0,0,0,0,1,
2.024E+11,155 717 497,B01,1,7,0,2,1,2,1,
2.024E+11,155 717 493,A01,1,7,0,2,1,2,1,
2.024E+11,155 717 494,B01,1,7,0,1,4,2,1,
2.024E+11,155 717 491,B01,2,50,0,2,1,1,3,
2.024E+11,155 717 495,A01,1,7,0,9,3,1,1,
2.024E+11,155 717 490,A01,3,1,0,2,1,2,5,
2.024E+11,155 717 492,B01,3,7,0,9,5,16,1,
2.024E+11,155 717 489,A01,1,33,0,6,0,19,1,
2.024E+11,155 717 486,A01,1,7,0,0,3,22,1,
2.024E+11,155 717 487,B01,1,1,1,0,8,1,5,
2.024E+11,155 717 484,Z01,1,7,0,2,7,15,1,
2.024E+11,155 717 488,A01,2,32,0,2,2,26,1,
2.024E+11,155 717 483,A01,3,7,0,9,2,16,1,
2.024E+11,155 717 485,B01,0,1,0,2,1,16,5,
2.024E+11,155 717 481,A01,2,7,0,9,2,1,1,
2.024E+11,155 717 482,B01,2,60,0,2,8,11,5,
2.024E+11,155 717 479,A01,2,7,6,0,1,1,1,
2.024E+11,155 717 480,A01,1,7,0,1,3,1,1,
2.024E+11,155 717 478,A01,3,31,0,0,0,5,1,
2.024E+11,155 717 476,A01,1,33,0,0,4,15,1,
2.024E+11,155 717 477,B01,1,10,0,0,2,2,1,
2.024E+11,155 717 475,A01,2,10,2,0,1,1,1,
2.024E+11,155 717 471,A01,1,7,0,2,1,1,1,
2.024E+11,155 717 473,B01,2,7,0,2,6,1,1,
2.024E+11,155 717 474,C01,2,37,0,2,1,1,1,3
2.024E+11,155 717 469,A01,2,7,0,0,4,1,1,
2.024E+11,155 717 472,B01,2,7,0,0,1,1,1,
2.024E+11,155 717 468,A01,2,31,0,2,1,17,1,
2.024E+11,155 717 470,B01,2,10,0,0,8,15,1,
2.024E+11,155 717 465,A01,1,7,0,0,0,0,3,
2.024E+11,155 717 464,A01,1,7,0,2,1,15,1,
2.024E+11,155 717 467,B01,2,1,0,2,7,0,5,
2.024E+11,155 717 463,A01,0,2,0,2,7,1,1,
2.024E+11,155 717 466,B01,1,7,0,2,3,9,1,
2.024E+11,155 717 458,A01,3,7,0,2,3,1,1,
2.024E+11,155 717 459,B01,3,1,0,2,7,1,5,
2.024E+11,155 717 457,A01,2,7,0,2,3,1,1,
2.024E+11,155 717 460,B01,2,7,0,2,2,13,1,
2.024E+11,155 717 454,A01,2,7,0,2,8,11,1,
2.024E+11,155 717 455,B01,2,33,0,2,2,1,1,
2.024E+11,155 717 452,B01,2,32,0,2,1,1,1,
2.024E+11,155 717 453,A01,1,7,0,2,1,15,1,
2.024E+11,155 717 451,A01,1,7,3,0,2,1,1,
2.024E+11,155 717 456,A01,1,10,0,0,1,2,1,
2.024E+11,155 717 448,B01,2,10,0,2,4,2,1,
2.024E+11,155 717 450,A01,2,10,0,2,1,2,1,
2.024E+11,155 717 447,B01,1,32,0,2,1,17,1,
2.024E+11,155 717 449,A01,1,7,0,2,3,10,1,
2.024E+11,155 717 445,B01,2,7,0,2,4,2,1,
2.024E+11,155 717 446,A01,2,10,0,2,1,2,1,
2.024E+11,155 717 443,A01,2,7,0,2,3,5,1,
2.024E+11,155 717 444,B01,1,7,0,2,1,1,1,
2.024E+11,155 717 439,B01,1,7,0,2,4,1,1,
2.024E+11,155 717 440,C01,1,7,0,2,4,1,1,
2.024E+11,155 717 441,A01,1,7,0,2,1,9,1,
2.024E+11,155 717 438,B01,3,80,0,9,1,0,3,
2.024E+11,155 717 442,A01,3,1,0,9,1,5,5,
2.024E+11,155 717 436,A01,2,33,0,2,8,11,1,
2.024E+11,155 717 437,B01,2,31,0,2,7,3,1,
2.024E+11,155 717 433,B01,2,17,0,0,4,1,1,
2.024E+11,155 717 434,A01,2,7,0,0,1,1,1,
2.024E+11,155 717 430,A01,2,15,0,2,2,1,1,
2.024E+11,155 717 431,B01,2,7,0,2,8,11,1,
2.024E+11,155 717 432,A01,2,7,0,2,2,20,1,
2.024E+11,155 717 435,B01,1,1,0,2,1,1,5,
2.024E+11,155 717 428,A01,0,7,0,9,8,22,1,
2.024E+11,155 717 429,B01,0,1,1,0,1,1,5,
2.024E+11,155 717 426,B01,1,7,0,2,6,9,1,
2.024E+11,155 717 427,A01,1,43,0,2,2,1,1,
2.024E+11,155 717 422,A01,1,7,0,2,6,1,2,
2.024E+11,155 717 424,Z01,1,10,0,2,0,0,0,
2.024E+11,155 717 421,A01,1,38,0,1,5,15,0,2
2.024E+11,155 717 418,Z01,1,7,0,2,0,0,0,
2.024E+11,155 717 420,A01,1,33,0,2,8,3,1,
2.024E+11,155 717 416,A01,1,7,0,2,3,13,1,
2.024E+11,155 717 417,B01,2,7,0,2,3,13,1,
2.024E+11,155 717 414,A01,1,31,0,2,7,3,1,
2.024E+11,155 717 415,B01,1,10,0,2,8,1,1,
2.024E+11,155 717 419,B01,2,7,0,2,3,15,1,
2.024E+11,155 717 423,A01,2,50,0,2,0,11,3,
2.024E+11,155 717 411,A01,1,7,0,2,5,21,1,
2.024E+11,155 717 413,B01,1,7,0,2,3,1,1,
2.024E+11,155 717 409,B01,3,50,0,2,1,1,3,
2.024E+11,155 717 412,A01,3,7,0,2,3,15,1,
2.024E+11,155 717 408,A01,1,7,0,2,3,1,1,
2.024E+11,155 717 410,B01,3,7,0,0,8,15,1,
2.024E+11,155 717 406,A01,2,33,0,2,2,1,1,
2.024E+11,155 717 407,B01,2,7,0,2,3,11,1,
2.024E+11,155 717 404,A01,1,7,0,1,1,1,1,
2.024E+11,155 717 402,B01,2,1,0,2,1,1,5,
2.024E+11,155 717 405,A01,1,7,0,9,6,19,1,
2.024E+11,155 717 401,B01,2,7,0,2,5,12,1,
2.024E+11,155 717 403,A01,2,33,0,2,1,3,1,
2.024E+11,155 717 398,A01,1,7,13,0,3,1,1,
2.024E+11,155 717 400,B01,1,7,0,1,5,1,1,
2.024E+11,155 717 397,A01,2,7,0,2,3,2,1,
2.024E+11,155 717 399,B01,2,7,0,0,5,2,1,
2.024E+11,155 717 394,A01,1,7,0,1,1,1,1,
2.024E+11,155 717 393,A01,1,31,0,2,4,1,1,
2.024E+11,155 717 396,Z01,1,7,0,2,0,0,0,
2.024E+11,155 717 392,B01,2,15,0,2,1,1,1,
2.024E+11,155 717 395,A01,2,3,0,2,3,9,1,
2.024E+11,155 717 389,A01,2,32,0,0,0,9,1,
2.024E+11,155 717 387,B01,3,7,0,9,3,15,1,
2.024E+11,155 717 391,A01,2,80,0,2,1,1,3,
2.024E+11,155 717 386,A01,2,33,0,2,3,3,1,
2.024E+11,155 717 388,B01,2,10,0,2,7,12,1,
2.024E+11,155 717 390,C01,2,7,0,2,6,1,1,
2.024E+11,155 717 382,A01,2,7,0,0,3,19,1,
2.024E+11,155 717 385,B01,2,7,0,2,2,1,1,
2.024E+11,155 717 381,A01,1,7,0,2,7,15,1,
2.024E+11,155 717 383,B01,2,1,0,2,1,1,5,
2.024E+11,155 717 378,A01,2,13,0,2,4,1,1,
2.024E+11,155 717 380,B01,2,13,0,2,4,1,1,
2.024E+11,155 717 384,C01,2,17,0,2,1,1,1,
2.024E+11,155 717 377,B01,1,7,0,2,5,10,1,
2.024E+11,155 717 379,A01,2,7,0,2,2,1,1,
2.024E+11,155 717 373,A01,1,7,0,9,1,15,1,
2.024E+11,155 717 376,B01,3,1,0,2,1,2,5,
2.024E+11,155 717 371,B01,1,7,0,2,1,1,1,
2.024E+11,155 717 374,A01,2,7,0,2,9,13,1,
2.024E+11,155 717 372,B01,1,7,0,9,0,0,0,
2.024E+11,155 717 375,A01,1,1,0,2,0,0,5,
2.024E+11,155 717 370,A01,1,7,2,0,1,1,1,
2.024E+11,155 717 367,A01,3,7,0,9,3,0,1,
2.024E+11,155 717 369,B01,3,60,0,2,1,1,5,
2.024E+11,155 717 366,A01,1,7,13,0,3,13,1,
2.024E+11,155 717 364,A01,2,7,8,2,8,0,1,
2.024E+11,155 717 368,Z01,2,7,0,2,0,0,0,
2.024E+11,155 717 361,A01,1,7,0,2,3,19,1,
2.024E+11,155 717 362,B01,1,15,0,2,2,1,1,
2.024E+11,155 717 360,B01,2,10,0,2,7,17,1,
2.024E+11,155 717 363,C01,1,7,0,2,1,23,1,
2.024E+11,155 717 365,A01,2,7,0,2,1,1,1,
2.024E+11,155 717 359,A01,1,33,0,0,1,1,1,
2.024E+11,155 717 358,A01,2,0,4,0,0,0,0,
2.024E+11,155 717 357,A01,1,10,6,0,3,13,1,
2.024E+11,155 717 353,A01,1,33,13,0,9,1,1,
2.024E+11,155 717 349,B01,2,7,0,2,3,19,1,
2.024E+11,155 717 350,A01,3,10,0,2,1,19,1,
2.024E+11,155 717 348,B01,2,7,0,2,1,1,1,
2.024E+11,155 717 354,A01,2,7,0,2,8,1,1,
2.024E+11,155 717 347,A01,3,7,0,1,2,1,1,
2.024E+11,155 717 346,A01,1,1,0,0,1,1,5,
2.024E+11,155 717 343,C01,2,7,0,2,2,2,1,
2.024E+11,155 717 344,A01,2,33,0,2,9,17,1,
2.024E+11,155 717 345,B01,2,7,0,2,8,2,1,
2.024E+11,155 717 340,B01,1,1,0,2,1,1,5,
2.024E+11,155 717 342,A01,2,10,0,2,2,15,1,
2.024E+11,155 717 336,B01,1,50,1,2,7,1,3,
2.024E+11,155 717 339,A01,1,7,0,2,8,22,1,
2.024E+11,155 717 335,A01,2,7,0,2,2,1,1,
2.024E+11,155 717 337,B01,2,7,0,2,6,25,1,
2.024E+11,155 717 331,B01,3,7,0,2,3,1,2,
2.024E+11,155 717 334,A01,3,7,0,2,1,1,2,
2.024E+11,155 717 332,A01,0,1,0,2,3,1,5,
2.024E+11,155 717 330,A01,3,7,0,2,1,1,1,
2.024E+11,155 717 333,B01,3,7,0,2,4,1,2,
2.024E+11,155 717 328,A01,1,10,0,2,3,9,1,
2.024E+11,155 717 329,B01,1,1,0,2,7,1,5,
2.024E+11,155 717 326,A01,1,38,0,1,7,16,1,1
2.024E+11,155 717 324,B01,2,7,0,2,2,26,1,
2.024E+11,155 717 327,A01,1,10,0,2,1,26,1,
2.024E+11,155 717 323,A01,2,13,0,2,1,1,1,
2.024E+11,155 717 325,B01,2,7,0,2,3,5,1,
2.024E+11,155 717 321,A01,1,50,0,1,1,1,3,
2.024E+11,155 717 319,B01,2,7,0,2,4,1,1,
2.024E+11,155 717 322,A01,1,7,0,2,1,1,1,
2.024E+11,155 717 318,A01,3,2,0,2,7,9,1,
2.024E+11,155 717 320,B01,3,7,0,2,1,1,1,
2.024E+11,155 717 317,A01,0,10,0,1,1,1,1,
2.024E+11,155 717 313,A01,1,7,0,2,4,4,1,
2.024E+11,155 717 314,B01,1,32,0,2,2,1,1,
2.024E+11,155 717 316,C01,2,7,0,2,1,1,1,
2.024E+11,155 717 312,A01,3,30,0,0,3,1,1,
2.024E+11,155 717 315,A01,0,7,2,0,3,0,1,
2.024E+11,155 717 311,A01,1,1,14,0,2,0,5,
2.024E+11,155 717 308,A01,2,7,0,2,7,15,1,
2.024E+11,155 717 310,B01,1,1,0,2,1,1,5,
2.024E+11,155 717 307,A01,0,50,0,2,1,1,3,
2.024E+11,155 717 309,B01,0,7,0,2,4,1,1,
2.024E+11,155 717 306,A01,2,7,4,0,8,1,1,
2.024E+11,155 717 304,A01,2,10,3,0,2,1,1,
2.024E+11,155 717 303,B01,3,7,0,9,2,15,1,
2.024E+11,155 717 305,A01,1,1,0,2,8,1,5,
2.024E+11,155 717 302,A01,3,7,0,1,3,1,1,
2.024E+11,155 717 301,A01,1,7,4,0,1,17,1,
2.024E+11,155 717 295,A01,1,7,0,2,3,13,1,
2.024E+11,155 717 297,B01,2,38,0,2,3,1,1,1
2.024E+11,155 717 294,B01,2,7,0,9,1,1,1,
2.024E+11,155 717 299,A01,3,60,0,2,0,19,5,
2.024E+11,155 717 290,B01,2,10,0,2,1,1,1,
2.024E+11,155 717 293,A01,1,10,0,2,1,1,1,
2.024E+11,155 717 291,A01,2,7,0,2,3,20,1,
2.024E+11,155 717 292,B01,2,7,0,2,2,1,1,
2.024E+11,155 717 287,B01,2,13,0,2,4,24,0,
2.024E+11,155 717 288,A01,2,7,1,2,1,1,1,
2.024E+11,155 717 283,B01,1,7,0,2,1,1,1,
2.024E+11,155 717 286,A01,2,7,0,2,1,5,1,
2.024E+11,155 717 282,A01,0,7,13,0,1,1,1,
2.024E+11,155 717 281,B01,2,10,0,2,3,26,1,
2.024E+11,155 717 284,A01,2,33,0,2,2,15,1,
2.024E+11,155 717 278,A01,0,1,0,2,1,1,5,
2.024E+11,155 717 280,B01,0,2,0,9,1,1,1,
2.024E+11,155 717 277,A01,1,33,0,0,1,1,1,
2.024E+11,155 717 275,A01,1,7,0,2,2,15,1,
2.024E+11,155 717 276,C01,2,7,0,2,3,23,2,
2.024E+11,155 717 279,B01,1,7,0,2,6,1,3,
2.024E+11,155 717 271,B01,1,33,0,2,2,13,1,
2.024E+11,155 717 273,A01,1,7,0,2,3,10,1,
2.024E+11,155 717 269,D01,1,10,0,0,4,2,1,
2.024E+11,155 717 270,A01,1,10,0,2,1,2,1,
2.024E+11,155 717 272,B01,1,7,0,2,4,2,3,
2.024E+11,155 717 274,C01,1,7,0,2,4,2,3,
2.024E+11,155 717 268,A01,3,7,0,1,1,0,1,
2.024E+11,155 717 265,B01,1,1,0,2,7,1,5,
2.024E+11,155 717 267,A01,1,7,0,2,3,9,1,
2.024E+11,155 717 263,A01,3,33,0,2,1,1,1,
2.024E+11,155 717 266,B01,3,10,0,2,6,9,1,
2.024E+11,155 717 261,A01,2,7,0,2,2,1,1,
2.024E+11,155 717 264,B01,1,7,0,2,2,20,1,
2.024E+11,155 717 260,B01,3,7,0,2,1,2,1,
2.024E+11,155 717 262,A01,3,7,0,2,1,14,1,
2.024E+11,155 717 256,B01,1,7,0,2,3,1,1,
2.024E+11,155 717 259,A01,2,7,0,2,2,15,1,
2.024E+11,155 717 257,A01,2,10,0,0,9,1,1,
2.024E+11,155 717 255,B01,1,7,0,2,1,12,1,
2.024E+11,155 717 258,A01,1,33,0,2,9,3,1,
2.024E+11,155 717 251,A01,1,40,0,1,1,0,3,
2.024E+11,155 717 253,A01,2,30,0,2,1,1,1,
2.024E+11,155 717 254,B01,3,7,0,2,3,15,1,
2.024E+11,155 717 252,A01,2,31,0,0,0,1,1,
2.024E+11,155 717 249,A01,1,7,0,2,5,15,1,
2.024E+11,155 717 250,B01,2,7,0,2,3,1,1,
2.024E+11,155 717 248,A01,1,7,0,1,1,1,1,
2.024E+11,155 717 245,A01,1,7,13,0,1,14,1,
2.024E+11,155 717 246,A01,1,10,0,1,3,1,1,
2.024E+11,155 717 243,B01,1,7,0,2,4,1,1,
2.024E+11,155 717 247,A01,1,7,0,2,2,1,1,
2.024E+11,155 717 241,A01,2,7,0,2,5,16,1,
2.024E+11,155 717 244,B01,2,1,0,2,3,1,5,
2.024E+11,155 717 240,A01,1,7,0,2,1,9,1,
2.024E+11,155 717 242,B01,2,50,0,2,4,1,3,
2.024E+11,155 717 239,A01,3,50,0,0,0,1,3,
2.024E+11,155 717 237,A01,0,7,0,2,0,1,1,
2.024E+11,155 717 238,B01,0,80,0,2,1,1,3,
2.024E+11,155 717 236,Z01,0,30,0,1,1,25,1,
2.024E+11,155 717 234,Z01,1,30,0,1,1,1,1,
2.024E+11,155 717 232,A01,2,7,0,2,1,13,1,
2.024E+11,155 717 235,B01,1,7,0,2,1,1,1,
2.024E+11,155 717 231,A01,0,7,0,2,1,15,2,
2.024E+11,155 717 233,B01,1,2,0,2,7,17,1,
2.024E+11,155 717 229,A01,1,7,0,2,2,15,0,
2.024E+11,155 717 230,B01,1,50,0,2,1,1,3,
2.024E+11,155 717 227,A01,1,7,0,2,2,14,1,
2.024E+11,155 717 228,B01,1,7,0,2,2,1,1,
2.024E+11,155 717 226,A01,3,33,2,0,1,1,1,
2.024E+11,155 717 223,A01,2,2,0,2,4,16,1,
2.024E+11,155 717 225,B01,1,14,0,2,8,1,0,
2.024E+11,155 717 222,A01,1,1,15,0,7,1,5,
2.024E+11,155 717 220,A01,1,7,0,2,5,0,1,
2.024E+11,155 717 224,B01,1,7,0,2,8,0,1,
2.024E+11,155 717 218,A01,3,7,0,2,3,15,1,
2.024E+11,155 717 221,B01,1,7,0,2,1,1,1,
2.024E+11,155 717 214,A01,1,7,0,2,3,9,1,
2.024E+11,155 717 217,B01,2,32,0,2,1,1,1,
2.024E+11,155 717 215,A01,0,7,0,0,7,12,1,
2.024E+11,155 717 219,B01,0,13,0,2,3,1,1,
2.024E+11,155 717 213,A01,0,10,0,2,1,2,1,
2.024E+11,155 717 216,B01,0,10,0,2,4,2,1,
2.024E+11,155 717 212,A01,3,10,0,1,2,1,1,
2.024E+11,155 717 209,A01,3,31,0,2,1,2,1,
2.024E+11,155 717 211,B01,3,7,0,2,4,2,1,
2.024E+11,155 717 205,B01,1,7,0,9,2,15,3,
2.024E+11,155 717 206,A01,2,50,0,2,1,1,3,
2.024E+11,155 717 204,A01,1,15,0,0,6,2,1,
2.024E+11,155 717 210,B01,1,10,0,2,2,11,1,
2.024E+11,155 717 202,A01,1,7,0,2,3,13,1,
2.024E+11,155 717 203,B01,2,7,0,2,3,1,1,
2.024E+11,155 717 201,A01,1,7,0,0,1,0,1,
2.024E+11,155 717 200,A01,0,15,0,1,1,26,1,
2.024E+11,155 717 199,A01,1,7,12,0,3,13,1,
2.024E+11,155 717 198,A01,0,7,0,1,4,26,1,
2.024E+11,155 717 196,B01,1,33,0,0,1,13,1,
2.024E+11,155 717 197,A01,0,7,0,0,3,26,1,
2.024E+11,155 717 194,A01,3,10,2,0,1,2,0,
2.024E+11,155 717 195,A01,3,7,0,1,2,16,1,
2.024E+11,155 717 193,A01,1,17,3,0,3,13,1,
2.024E+11,155 717 192,A01,2,7,0,1,1,1,1,
2.024E+11,155 717 190,A01,1,7,0,9,2,16,1,
2.024E+11,155 717 191,B01,1,50,0,2,2,0,3,
2.024E+11,155 717 187,B01,2,7,0,2,4,1,3,
2.024E+11,155 717 189,A01,2,7,0,2,1,2,1,
2.024E+11,155 717 186,B01,2,33,0,2,1,1,1,
2.024E+11,155 717 188,A01,1,7,0,2,2,15,1,