Num_Acc,id_vehicule,num_veh,senc,catv,obs,obsm,choc,manv,motor,occutc
2.024E+11,155 716 247,A01,0,7,0,2,3,9,2,
2.024E+11,155 716 251,B01,3,7,0,2,7,1,1,
2.024E+11,155 716 248,Z01,2,7,0,1,8,1,0,
2.024E+11,155 716 246,A01,1,32,0,2,7,16,1,
2.024E+11,155 716 249,B01,1,7,0,2,3,1,1,
2.024E+11,155 716 245,A01,3,10,0,2,1,9,0,
2.024E+11,155 716 250,B01,3,10,0,2,5,0,0,
2.024E+11,155 716 242,A01,3,10,0,1,2,1,1,
2.024E+11,155 716 241,A01,1,7,0,0,2,15,1,
2.024E+11,155 716 243,B01,1,30,0,2,1,1,1,
2.024E+11,155 716 239,Z01,1,7,0,2,2,1,1,
2.024E+11,155 716 244,A01,2,1,0,2,1,1,5,
2.024E+11,155 716 238,B01,3,40,0,2,3,1,3,
2.024E+11,155 716 240,A01,1,7,0,4,1,1,1,
2.024E+11,155 716 237,A01,1,7,0,1,3,16,1,
2.024E+11,155 716 235,A01,2,33,12,0,1,1,1,
2.024E+11,155 716 233,A01,2,7,0,1,2,1,3,
2.024E+11,155 716 231,B01,1,7,0,2,1,2,1,
2.024E+11,155 716 234,C01,1,7,0,2,4,2,1,
2.024E+11,155 716 236,A01,1,7,0,2,1,2,0,
2.024E+11,155 716 229,A01,1,7,0,2,2,14,1,
2.024E+11,155 716 232,B01,1,33,0,2,3,2,1,
2.024E+11,155 716 226,A01,1,7,0,1,1,9,1,
2.024E+11,155 716 228,B01,1,30,0,2,1,1,1,
2.024E+11,155 716 230,A01,2,7,0,2,8,9,1,
2.024E+11,155 716 224,A01,3,10,0,1,3,15,1,
2.024E+11,155 716 222,A01,2,7,0,2,4,4,2,
2.024E+11,155 716 221,A01,2,7,0,1,2,0,1,
2.024E+11,155 716 223,C01,1,7,0,2,1,1,1,
2.024E+11,155 716 225,A01,2,7,0,2,3,1,1,
2.024E+11,155 716 227,B01,2,7,0,2,5,15,1,
2.024E+11,155 716 218,B01,1,7,0,2,1,1,2,
2.024E+11,155 716 220,A01,2,2,0,2,1,21,3,
2.024E+11,155 716 215,B01,3,2,0,0,0,1,1,
2.024E+11,155 716 219,A01,3,7,0,0,0,16,1,
2.024E+11,155 716 214,B01,2,33,0,2,1,1,1,
2.024E+11,155 716 217,A01,2,7,0,2,3,9,1,
2.024E+11,155 716 213,A01,2,7,0,1,1,1,1,
2.024E+11,155 716 212,A01,3,3,0,1,1,1,1,
2.024E+11,155 716 210,A01,1,7,0,2,1,19,1,
2.024E+11,155 716 216,B01,1,7,0,2,1,1,1,
2.024E+11,155 716 209,A01,3,31,0,2,7,1,1,
2.024E+11,155 716 211,B01,2,7,0,9,1,1,1,
2.024E+11,155 716 205,B01,2,7,0,2,2,1,1,
2.024E+11,155 716 208,A01,1,7,0,2,3,9,1,
2.024E+11,155 716 206,B01,2,1,0,2,3,1,5,
2.024E+11,155 716 207,A01,3,13,0,2,3,10,1,
2.024E+11,155 716 204,A01,3,3,8,0,1,16,1,
2.024E+11,155 716 202,A01,0,7,1,0,2,20,1,
2.024E+11,155 716 200,A01,1,7,0,2,1,1,1,
2.024E+11,155 716 203,B01,3,80,0,2,7,19,3,
2.024E+11,155 716 198,A01,0,50,8,0,1,0,3,
2.024E+11,155 716 199,A01,1,7,0,2,4,23,2,
2.024E+11,155 716 201,Z01,1,7,0,2,1,0,1,
2.024E+11,155 716 195,A01,1,30,0,2,1,1,1,
2.024E+11,155 716 197,B01,1,7,0,2,3,1,1,
2.024E+11,155 716 194,B01,0,7,0,2,3,1,1,
2.024E+11,155 716 196,A01,0,33,0,2,1,13,1,
2.024E+11,155 716 191,A01,1,7,0,1,1,15,1,
2.024E+11,155 716 190,Z01,1,7,0,1,0,0,0,
2.024E+11,155 716 192,A01,1,7,0,0,0,10,2,
2.024E+11,155 716 193,B01,1,31,0,2,2,5,1,
2.024E+11,155 716 186,B01,3,7,0,2,4,23,1,
2.024E+11,155 716 188,A01,3,7,0,2,1,2,1,
2.024E+11,155 716 184,VP01,1,7,0,1,1,1,1,
2.024E+11,155 716 183,B01,-1,1,0,2,1,17,5,
2.024E+11,155 716 187,A01,-1,80,0,2,1,1,3,
2.024E+11,155 716 185,A01,1,7,0,2,3,9,1,
2.024E+11,155 716 189,B01,2,32,0,2,1,1,1,
2.024E+11,155 716 182,A01,2,7,0,1,2,19,1,
2.024E+11,155 716 180,A01,2,50,0,0,0,1,3,
2.024E+11,155 716 179,A01,3,33,1,0,1,1,1,
2.024E+11,155 716 178,A01,1,13,0,2,0,0,0,
2.024E+11,155 716 181,B01,1,50,0,2,9,1,3,
2.024E+11,155 716 177,A01,1,1,0,1,1,19,5,
2.024E+11,155 716 175,A01,2,1,0,0,0,2,5,
2.024E+11,155 716 174,B01,2,13,0,0,0,0,0,
2.024E+11,155 716 176,A01,2,10,0,0,0,9,1,
2.024E+11,155 716 170,A01,1,7,0,2,1,9,1,
2.024E+11,155 716 173,B01,2,7,0,2,7,1,1,
2.024E+11,155 716 168,A01,3,30,0,1,1,26,3,
2.024E+11,155 716 169,B01,1,7,0,2,8,15,2,
2.024E+11,155 716 171,A01,1,30,0,2,1,17,1,
2.024E+11,155 716 167,A01,2,7,0,2,7,15,1,
2.024E+11,155 716 172,B01,1,34,0,2,1,16,1,
2.024E+11,155 716 164,B01,2,33,0,0,1,1,1,
2.024E+11,155 716 166,A01,2,7,0,2,2,9,2,
2.024E+11,155 716 160,A01,2,7,12,2,8,9,2,
2.024E+11,155 716 163,B01,2,80,8,2,1,2,3,
2.024E+11,155 716 158,A01,1,50,12,0,0,5,3,
2.024E+11,155 716 159,A01,1,7,6,0,1,1,1,
2.024E+11,155 716 157,A01,1,2,0,2,4,9,3,
2.024E+11,155 716 161,B01,2,1,0,2,1,1,5,
2.024E+11,155 716 156,A01,1,30,0,1,1,17,1,
2.024E+11,155 716 155,A01,3,7,0,0,9,1,1,
2.024E+11,155 716 154,A01,1,7,0,1,2,1,1,
2.024E+11,155 716 152,B01,1,10,0,2,1,1,1,
2.024E+11,155 716 153,A01,1,7,0,2,8,10,1,
2.024E+11,155 716 150,A01,3,7,0,1,7,1,1,
2.024E+11,155 716 151,A01,2,7,0,1,1,20,1,
2.024E+11,155 716 147,A01,1,37,1,1,5,15,6,1
2.024E+11,155 716 144,A01,1,33,0,2,1,1,1,
2.024E+11,155 716 146,B01,1,7,0,2,4,23,1,
2.024E+11,155 716 149,C01,1,7,0,2,4,23,1,
2.024E+11,155 716 145,A01,1,7,2,0,1,1,1,
2.024E+11,155 716 143,A01,0,10,0,2,8,1,1,
2.024E+11,155 716 148,B01,0,1,0,2,1,6,5,
2.024E+11,155 716 139,B01,1,7,0,2,7,0,1,
2.024E+11,155 716 141,Y01,0,7,0,2,1,0,1,
2.024E+11,155 716 138,B01,3,7,0,2,1,1,2,
2.024E+11,155 716 142,A01,-1,50,0,2,7,19,3,
2.024E+11,155 716 136,A01,1,7,0,2,1,1,1,
2.024E+11,155 716 140,B01,1,7,0,2,4,1,1,
2.024E+11,155 716 135,A01,2,7,0,2,1,13,1,
2.024E+11,155 716 137,B01,1,15,0,2,1,21,1,
2.024E+11,155 716 133,A01,0,7,0,1,3,1,1,
2.024E+11,155 716 131,A01,2,7,15,0,2,14,1,
2.024E+11,155 716 130,B01,1,33,0,2,1,1,1,
2.024E+11,155 716 134,A01,1,7,0,2,3,15,1,
2.024E+11,155 716 129,B01,2,1,0,2,1,1,5,
2.024E+11,155 716 132,A01,2,7,0,2,7,19,3,
2.024E+11,155 716 124,B01,0,7,0,2,1,1,1,
2.024E+11,155 716 128,A01,0,7,0,2,1,1,1,
2.024E+11,155 716 123,B01,0,7,0,0,4,23,0,
2.024E+11,155 716 126,A01,0,15,0,2,1,1,0,
2.024E+11,155 716 122,A01,1,7,0,2,7,15,1,
2.024E+11,155 716 125,B01,2,7,0,2,1,2,1,
2.024E+11,155 716 121,A01,1,37,0,2,2,1,1,6
2.024E+11,155 716 127,B01,1,7,0,2,6,13,1,
2.024E+11,155 716 119,B01,1,10,0,2,3,1,0,
2.024E+11,155 716 120,A01,1,80,0,2,7,17,3,
2.024E+11,155 716 118,A01,1,7,13,0,3,13,1,
2.024E+11,155 716 114,A01,3,7,0,2,3,1,1,
2.024E+11,155 716 116,B01,3,1,0,2,7,1,5,
2.024E+11,155 716 115,A01,1,7,0,2,1,15,1,
2.024E+11,155 716 117,B01,2,32,0,2,8,1,1,
2.024E+11,155 716 113,A01,3,7,0,1,1,1,1,
2.024E+11,155 716 111,A01,2,80,0,1,1,1,3,
2.024E+11,155 716 109,A01,1,1,0,2,1,1,5,
2.024E+11,155 716 112,B01,1,7,0,2,1,1,1,
2.024E+11,155 716 107,A01,2,7,0,2,2,1,1,
2.024E+11,155 716 110,B01,1,1,0,2,8,0,5,
2.024E+11,155 716 105,A01,1,7,0,2,1,1,1,
2.024E+11,155 716 108,B01,0,50,0,2,7,1,3,
2.024E+11,155 716 104,A01,1,43,0,2,8,18,1,
2.024E+11,155 716 106,B01,1,15,0,2,2,1,0,
2.024E+11,155 716 102,A01,3,7,0,1,7,1,1,
2.024E+11,155 716 101,B01,3,99,0,2,1,1,6,
2.024E+11,155 716 103,A01,3,7,0,2,1,9,2,
2.024E+11,155 716 099,A01,2,7,0,1,1,1,1,
2.024E+11,155 716 098,A01,1,32,0,2,7,17,1,
2.024E+11,155 716 100,B01,1,7,0,2,3,1,2,
2.024E+11,155 716 095,A01,3,7,0,2,1,13,1,
2.024E+11,155 716 097,B01,3,7,0,2,1,1,1,
2.024E+11,155 716 093,A01,1,10,0,2,3,16,1,
2.024E+11,155 716 096,B01,1,43,0,2,1,21,1,
2.024E+11,155 716 091,A01,1,7,0,1,1,25,1,
2.024E+11,155 716 092,B01,2,7,0,2,1,1,1,
2.024E+11,155 716 094,A01,1,10,0,2,1,6,1,
2.024E+11,155 716 089,B01,0,1,0,0,0,0,5,
2.024E+11,155 716 090,A01,1,7,0,2,1,1,1,
2.024E+11,155 716 084,A01,2,1,8,0,0,0,5,
2.024E+11,155 716 086,Z01,1,7,0,2,4,0,0,
2.024E+11,155 716 081,A01,1,7,0,2,0,17,1,
2.024E+11,155 716 083,B01,1,1,0,2,0,1,5,
2.024E+11,155 716 088,A01,3,43,0,1,1,17,1,
2.024E+11,155 716 079,A01,2,10,0,1,3,1,1,
2.024E+11,155 716 074,A01,2,30,0,2,1,1,1,
2.024E+11,155 716 078,B01,2,7,0,2,8,1,1,
2.024E+11,155 716 075,A01,1,7,0,2,3,24,1,
2.024E+11,155 716 077,B01,1,80,1,2,1,2,3,
2.024E+11,155 716 073,A01,0,7,0,1,1,1,1,
2.024E+11,155 716 068,A01,1,7,0,9,1,1,2,
2.024E+11,155 716 071,B01,2,50,0,2,8,1,3,
2.024E+11,155 716 066,B01,3,33,0,2,4,1,1,
2.024E+11,155 716 069,A01,3,7,0,2,6,11,1,
2.024E+11,155 716 070,B01,3,33,0,2,1,1,1,
2.024E+11,155 716 065,B01,1,7,0,2,2,1,1,
2.024E+11,155 716 067,A01,2,10,0,2,1,1,1,
2.024E+11,155 716 061,Y01,1,60,0,2,7,19,5,
2.024E+11,155 716 064,A01,1,7,0,2,3,1,1,
2.024E+11,155 716 058,B01,2,7,0,2,4,24,1,
2.024E+11,155 716 060,A01,2,7,0,2,1,1,3,
2.024E+11,155 716 057,A01,1,7,3,0,9,1,1,
2.024E+11,155 716 059,B01,1,7,1,0,4,2,1,
2.024E+11,155 716 063,C01,1,10,0,2,1,1,1,
2.024E+11,155 716 056,B01,3,7,0,2,2,16,1,
2.024E+11,155 716 062,A01,3,7,0,2,7,1,1,
2.024E+11,155 716 054,A01,1,7,0,1,5,1,1,
2.024E+11,155 716 051,A01,3,50,0,1,1,1,3,
2.024E+11,155 716 049,A01,3,99,0,2,1,1,1,
2.024E+11,155 716 052,B01,3,7,0,2,4,12,2,
2.024E+11,155 716 055,C01,3,37,0,2,4,23,1,1
2.024E+11,155 716 048,B01,2,7,0,2,2,1,6,
2.024E+11,155 716 053,A01,1,7,0,2,3,13,6,
2.024E+11,155 716 045,A01,1,7,0,1,1,15,1,
2.024E+11,155 716 043,D01,2,7,0,2,3,23,1,
2.024E+11,155 716 046,A01,2,7,0,2,1,1,1,
2.024E+11,155 716 047,B01,2,7,0,2,4,2,1,
2.024E+11,155 716 050,C01,1,7,0,2,2,1,1,
2.024E+11,155 716 041,A01,2,7,0,2,3,15,2,
2.024E+11,155 716 044,B01,1,50,0,2,1,1,3,
2.024E+11,155 716 040,B01,1,7,0,2,9,1,1,
2.024E+11,155 716 042,A01,1,7,0,2,8,9,1,
2.024E+11,155 716 039,A01,3,30,0,1,1,18,1,
2.024E+11,155 716 037,A01,2,7,0,1,3,1,1,
2.024E+11,155 716 036,A01,1,7,0,1,3,1,1,
2.024E+11,155 716 034,A01,1,7,0,2,3,10,1,
2.024E+11,155 716 038,B01,1,33,0,2,1,2,1,
2.024E+11,155 716 033,A01,1,10,0,2,1,1,1,
2.024E+11,155 716 035,B01,1,10,0,2,8,9,1,
2.024E+11,155 716 029,B01,2,32,0,2,8,1,1,
2.024E+11,155 716 031,Z01,2,7,0,2,8,17,0,
2.024E+11,155 716 028,A01,3,10,0,2,4,2,1,
2.024E+11,155 716 030,B01,3,7,0,2,1,2,1,
2.024E+11,155 716 032,C01,3,7,0,2,1,2,1,
2.024E+11,155 716 027,A01,1,7,0,1,1,1,1,
2.024E+11,155 716 026,A01,1,10,0,1,1,1,1,
2.024E+11,155 716 025,A01,3,10,6,0,1,1,1,
2.024E+11,155 716 024,A01,2,30,0,1,1,1,3,
2.024E+11,155 716 021,A01,0,30,0,2,1,2,1,
2.024E+11,155 716 023,B01,0,7,0,0,4,23,1,
2.024E+11,155 716 022,A01,1,0,1,0,2,0,1,
2.024E+11,155 716 018,A01,1,7,0,2,2,2,1,
2.024E+11,155 716 020,B01,1,7,0,2,6,2,1,
2.024E+11,155 716 017,B01,2,7,0,2,1,2,1,
2.024E+11,155 716 019,A01,2,32,0,2,4,2,1,
2.024E+11,155 716 015,A01,2,7,0,2,1,2,1,
2.024E+11,155 716 016,B01,2,7,0,2,4,2,2,
2.024E+11,155 716 014,A01,2,7,0,1,8,15,1,
2.024E+11,155 716 011,A01,2,1,3,0,0,1,5,
2.024E+11,155 716 012,A01,3,7,0,1,7,16,0,
2.024E+11,155 716 010,A01,2,2,0,2,8,25,1,
2.024E+11,155 716 013,B01,2,7,0,2,2,2,3,
2.024E+11,155 716 008,A01,1,21,0,0,8,1,1,
2.024E+11,155 716 009,A01,3,7,0,1,3,15,1,
2.024E+11,155 716 005,A01,2,10,0,1,5,19,1,
2.024E+11,155 716 006,A01,3,30,0,2,1,5,1,
2.024E+11,155 716 007,B01,3,7,0,2,7,1,1,
2.024E+11,155 716 003,A01,2,7,0,1,1,1,1,
2.024E+11,155 716 004,A01,3,7,2,0,1,1,1,
2.024E+11,155 716 000,A01,3,7,2,0,3,14,1,
2.024E+11,155 715 996,A01,2,7,0,2,7,16,1,
2.024E+11,155 715 998,B01,2,37,0,2,3,1,1,2
2.024E+11,155 715 997,B01,2,7,12,2,3,1,1,
2.024E+11,155 716 001,A01,2,10,0,2,2,15,1,
2.024E+11,155 715 995,A01,2,7,14,0,1,1,1,
2.024E+11,155 715 994,A01,1,1,15,1,1,1,5,
2.024E+11,155 715 992,A01,0,7,6,0,4,26,2,
2.024E+11,155 715 991,A01,3,50,7,0,1,25,3,
2.024E+11,155 715 990,B01,1,30,0,2,7,1,1,
2.024E+11,155 715 993,A01,3,10,0,2,3,16,0,
2.024E+11,155 715 989,A01,2,7,2,0,7,1,1,
2.024E+11,155 715 987,A01,1,7,0,1,1,1,1,
2.024E+11,155 715 985,A01,1,10,0,1,4,4,1,
2.024E+11,155 715 986,A01,1,7,0,2,2,1,1,
2.024E+11,155 715 988,B01,1,7,0,2,8,16,1,
2.024E+11,155 715 982,A01,3,7,0,0,3,1,1,
2.024E+11,155 715 984,B01,3,10,0,0,2,1,1,
2.024E+11,155 715 981,A01,0,7,0,9,7,9,1,
2.024E+11,155 715 983,B01,0,50,0,2,7,2,3,
2.024E+11,155 715 980,Z01,0,7,0,1,0,1,0,
2.024E+11,155 715 978,A01,3,2,15,0,8,15,1,
2.024E+11,155 715 977,A01,0,7,0,2,2,13,1,
2.024E+11,155 715 979,B01,3,7,0,2,5,1,1,
2.024E+11,155 715 974,A01,3,33,0,6,2,1,1,
2.024E+11,155 715 973,A01,0,7,0,2,7,15,1,
2.024E+11,155 715 976,B01,0,33,0,2,1,1,1,
2.024E+11,155 715 972,A01,3,2,0,2,4,15,1,
2.024E+11,155 715 975,B01,3,7,0,2,3,1,1,
2.024E+11,155 715 969,A01,1,7,6,0,1,1,1,
2.024E+11,155 715 966,C01,1,7,0,2,3,1,1,
2.024E+11,155 715 968,A01,2,7,0,2,1,13,1,
2.024E+11,155 715 971,B01,1,3,0,2,1,1,1,
2.024E+11,155 715 965,B01,3,7,0,2,1,1,1,
2.024E+11,155 715 970,A01,3,7,0,2,3,1,1,
2.024E+11,155 715 964,B01,3,7,0,2,7,1,1,
2.024E+11,155 715 967,A01,3,99,0,2,1,0,3,
2.024E+11,155 715 960,A01,2,7,6,2,1,6,1,
2.024E+11,155 715 963,B01,1,7,0,2,2,15,1,
2.024E+11,155 715 959,A01,0,50,0,1,1,1,3,
2.024E+11,155 715 961,A01,2,7,0,2,8,1,1,
2.024E+11,155 715 962,B01,1,14,0,2,1,1,1,
2.024E+11,155 715 957,B01,2,30,0,0,0,2,1,
2.024E+11,155 715 958,A01,2,7,0,2,7,21,1,
2.024E+11,155 715 956,A01,1,7,2,0,3,13,1,
2.024E+11,155 715 955,A01,2,7,0,1,1,1,1,
2.024E+11,155 715 951,A01,1,7,13,0,3,13,1,
2.024E+11,155 715 952,B01,1,33,0,2,1,1,1,
2.024E+11,155 715 954,A01,2,7,0,2,1,9,1,
2.024E+11,155 715 948,B01,1,7,0,2,1,1,1,
2.024E+11,155 715 950,A01,1,7,0,2,1,1,1,
2.024E+11,155 715 953,C01,1,7,0,2,4,1,1,
2.024E+11,155 715 946,A01,1,7,0,2,1,1,1,
2.024E+11,155 715 949,B01,1,7,0,2,4,11,2,
2.024E+11,155 715 945,A01,2,7,0,2,3,1,1,
2.024E+11,155 715 947,B01,1,7,0,2,3,1,1,
2.024E+11,155 715 944,A01,2,7,0,1,1,21,1,
2.024E+11,155 715 942,A01,-1,7,2,0,1,1,1,
2.024E+11,155 715 938,A01,2,7,0,0,0,1,1,
2.024E+11,155 715 940,B01,2,7,0,2,2,1,1,
2.024E+11,155 715 943,A01,2,7,0,2,1,1,1,
2.024E+11,155 715 936,A01,1,50,9,0,1,1,3,
2.024E+11,155 715 932,A01,1,7,0,0,4,2,1,
2.024E+11,155 715 935,B01,1,7,0,2,1,1,1,
2.024E+11,155 715 933,A01,3,0,0,1,1,0,0,
2.024E+11,155 715 930,A01,2,7,0,2,3,1,1,
2.024E+11,155 715 931,B01,1,7,0,2,3,1,1,
2.024E+11,155 715 929,B01,1,2,0,2,3,1,1,
2.024E+11,155 715 934,A01,1,7,0,2,7,15,1,
2.024E+11,155 715 928,A01,1,7,4,0,2,1,1,
2.024E+11,155 715 926,A01,2,33,7,0,9,13,1,
2.024E+11,155 715 924,A01,1,2,0,2,7,17,3,
2.024E+11,155 715 927,B01,1,7,0,2,0,15,0,
2.024E+11,155 715 923,B01,3,50,0,2,1,1,3,
2.024E+11,155 715 925,A01,3,10,0,2,3,15,1,
2.024E+11,155 715 922,A01,3,7,0,1,0,1,1,
2.024E+11,155 715 918,A01,1,7,2,0,3,13,1,
2.024E+11,155 715 917,A01,2,31,0,2,1,1,1,
2.024E+11,155 715 920,Z01,0,7,0,0,0,0,0,
2.024E+11,155 715 915,B01,2,7,0,2,3,1,1,
2.024E+11,155 715 921,A01,1,7,0,2,8,1,1,
2.024E+11,155 715 916,A01,2,10,0,2,7,1,1,
2.024E+11,155 715 919,B01,2,80,0,2,8,17,3,
2.024E+11,155 715 914,A01,1,17,0,1,2,1,1,
2.024E+11,155 715 909,A01,2,7,0,2,8,13,1,
2.024E+11,155 715 911,B01,1,7,0,2,3,1,1,
2.024E+11,155 715 908,A01,3,7,0,2,1,17,1,
2.024E+11,155 715 912,B01,3,1,0,2,1,1,5,
2.024E+11,155 715 910,A01,2,31,1,2,1,1,1,
2.024E+11,155 715 913,Z01,1,10,0,2,0,17,0,
2.024E+11,155 715 907,A01,2,7,2,0,1,0,0,
2.024E+11,155 715 906,A01,2,7,0,1,3,1,2,
2.024E+11,155 715 902,A01,2,7,0,0,2,1,1,
2.024E+11,155 715 900,A01,2,32,0,0,5,1,1,
2.024E+11,155 715 901,B01,2,7,0,0,3,1,0,
2.024E+11,155 715 899,A01,1,7,16,0,1,2,1,
2.024E+11,155 715 904,B01,1,30,14,0,7,7,1,
2.024E+11,155 715 903,A01,1,7,0,2,1,1,1,
2.024E+11,155 715 905,B01,1,7,0,2,4,1,1,
2.024E+11,155 715 891,A01,0,7,0,0,1,0,1,
2.024E+11,155 715 893,B01,0,7,0,0,1,0,2,
2.024E+11,155 715 894,Z01,2,7,0,1,1,7,0,
2.024E+11,155 715 892,A01,2,10,0,2,3,17,1,
2.024E+11,155 715 896,B01,1,7,0,2,1,16,1,
2.024E+11,155 715 890,A01,2,1,0,2,8,1,5,
2.024E+11,155 715 895,B01,2,1,0,2,7,1,5,
2.024E+11,155 715 889,A01,2,10,6,0,1,1,1,
2.024E+11,155 715 887,A01,1,7,0,2,1,5,1,
2.024E+11,155 715 888,B01,2,7,0,2,1,1,1,
2.024E+11,155 715 884,A01,3,50,0,2,8,18,3,
2.024E+11,155 715 886,B01,3,7,0,2,7,16,1,
2.024E+11,155 715 879,A01,2,7,0,2,3,1,1,
2.024E+11,155 715 881,D01,2,7,0,2,1,2,1,
2.024E+11,155 715 883,B01,1,10,0,2,3,1,1,
2.024E+11,155 715 885,C01,1,7,0,2,1,2,1,
2.024E+11,155 715 878,A01,3,33,0,2,1,17,1,
2.024E+11,155 715 882,B01,3,7,0,2,5,15,1,
2.024E+11,155 715 880,A01,2,50,0,0,7,16,3,
2.024E+11,155 715 876,A01,3,7,0,2,5,16,1,
2.024E+11,155 715 877,B01,3,2,0,2,8,16,1,
2.024E+11,155 715 874,A01,2,7,0,2,4,9,1,
2.024E+11,155 715 875,B01,2,10,0,2,1,17,1,
2.024E+11,155 715 871,B01,3,7,0,2,1,26,1,
2.024E+11,155 715 873,A01,3,1,0,2,8,5,5,
2.024E+11,155 715 870,B01,0,13,0,2,3,1,0,
2.024E+11,155 715 872,A01,0,7,0,2,3,13,1,
2.024E+11,155 715 867,A01,1,10,0,2,8,15,1,
2.024E+11,155 715 868,B01,1,33,0,2,7,17,1,
2.024E+11,155 715 866,A01,3,10,0,2,2,9,1,
2.024E+11,155 715 869,B01,1,1,0,2,7,1,5,
2.024E+11,155 715 864,A01,2,7,6,0,1,1,1,
2.024E+11,155 715 863,B01,3,7,0,2,1,9,2,
2.024E+11,155 715 865,A01,3,1,0,2,1,5,5,
2.024E+11,155 715 862,A01,1,7,13,0,9,0,2,
2.024E+11,155 715 860,A01,0,7,0,1,3,19,1,
2.024E+11,155 715 859,A01,1,7,0,2,1,1,1,
2.024E+11,155 715 861,B01,2,7,0,2,1,1,1,
2.024E+11,155 715 856,A01,1,10,0,2,1,2,1,
2.024E+11,155 715 858,B01,1,7,15,2,4,2,1,
2.024E+11,155 715 853,B01,0,2,0,2,7,1,1,
2.024E+11,155 715 855,A01,0,7,0,2,2,9,1,
2.024E+11,155 715 850,A01,3,7,0,9,2,26,1,
2.024E+11,155 715 851,B01,3,50,0,2,1,2,3,
2.024E+11,155 715 848,A01,1,7,0,2,5,10,1,
2.024E+11,155 715 854,B01,1,7,0,2,1,1,1,
2.024E+11,155 715 849,A01,3,7,0,2,3,0,1,
2.024E+11,155 715 852,B01,3,33,0,2,2,0,1,
2.024E+11,155 715 846,A01,0,7,2,0,1,0,1,
2.024E+11,155 715 845,A01,2,7,0,2,1,2,1,
2.024E+11,155 715 847,B01,2,7,0,2,4,2,1,
2.024E+11,155 715 844,A01,2,33,1,0,3,15,1,
2.024E+11,155 715 839,B01,1,7,0,2,3,9,1,
2.024E+11,155 715 843,A01,2,32,0,2,1,21,1,
2.024E+11,155 715 838,A01,1,7,0,2,6,15,1,
2.024E+11,155 715 842,B01,1,33,0,2,7,17,1,
2.024E+11,155 715 837,A01,0,7,0,2,3,2,1,
2.024E+11,155 715 840,B01,0,7,0,2,4,1,1,
2.024E+11,155 715 836,A01,1,7,0,2,8,18,1,
2.024E+11,155 715 841,B01,2,33,0,2,8,1,1,
2.024E+11,155 715 834,A01,1,7,5,0,2,14,1,
2.024E+11,155 715 831,B01,2,7,0,2,6,13,1,
2.024E+11,155 715 835,A01,2,7,0,2,3,13,1,
2.024E+11,155 715 830,B01,0,7,0,2,3,1,1,
2.024E+11,155 715 833,A01,0,1,0,2,1,1,5,
2.024E+11,155 715 829,B01,1,1,0,2,8,17,5,
2.024E+11,155 715 832,A01,1,7,0,2,3,17,1,
2.024E+11,155 715 825,A01,1,7,0,2,2,15,1,
2.024E+11,155 715 827,B01,2,31,0,2,1,1,1,
2.024E+11,155 715 823,A01,2,1,13,0,1,1,5,
2.024E+11,155 715 822,A01,2,3,0,2,1,2,1,
2.024E+11,155 715 826,B01,2,7,0,2,4,16,1,
2.024E+11,155 715 821,A01,2,7,0,2,1,1,1,
2.024E+11,155 715 824,C01,2,7,0,2,0,1,1,
2.024E+11,155 715 828,B01,2,10,0,2,1,1,1,
2.024E+11,155 715 820,A01,1,33,8,0,2,1,1,
2.024E+11,155 715 816,B01,2,7,0,0,1,1,1,
2.024E+11,155 715 819,A01,2,30,0,0,7,19,1,
2.024E+11,155 715 815,A01,2,7,0,2,3,5,1,
2.024E+11,155 715 817,B01,1,2,0,2,7,5,1,
2.024E+11,155 715 814,A01,2,2,0,2,1,2,1,
2.024E+11,155 715 818,B01,2,7,0,2,4,2,1,
2.024E+11,155 715 813,A01,2,7,0,1,1,1,1,
2.024E+11,155 715 810,B01,1,7,1,0,1,19,1,
2.024E+11,155 715 812,A01,2,1,0,2,1,23,5,
2.024E+11,155 715 809,A01,1,7,0,2,4,4,0,
2.024E+11,155 715 811,B01,1,7,0,2,1,0,0,
2.024E+11,155 715 808,A01,1,7,6,0,1,6,1,
2.024E+11,155 715 805,A01,1,37,2,0,1,1,1,12
2.024E+11,155 715 804,A01,3,30,0,2,0,1,1,
2.024E+11,155 715 807,B01,3,7,0,2,3,1,1,
2.024E+11,155 715 803,A01,3,7,0,1,0,1,1,
2.024E+11,155 715 802,A01,3,7,3,2,1,13,1,
2.024E+11,155 715 806,B01,3,7,0,2,1,1,1,
2.024E+11,155 715 799,A01,1,7,0,1,1,1,1,
2.024E+11,155 715 797,A01,1,7,0,2,4,2,1,
2.024E+11,155 715 800,B01,1,7,0,2,1,2,1,
2.024E+11,155 715 798,A01,1,7,0,1,1,19,1,
2.024E+11,155 715 796,B01,3,7,0,1,1,23,1,
2.024E+11,155 715 801,A01,1,7,1,0,1,23,2,
2.024E+11,155 715 795,A01,1,7,4,0,9,2,1,
2.024E+11,155 715 794,A01,0,2,1,0,1,14,1,
2.024E+11,155 715 791,A01,2,32,7,0,2,1,1,
2.024E+11,155 715 792,A01,1,7,0,1,1,1,1,
2.024E+11,155 715 793,Z01,2,30,0,1,1,1,1,
2.024E+11,155 715 790,A01,3,33,12,0,7,0,1,
2.024E+11,155 715 786,B01,2,33,0,2,7,3,1,
2.024E+11,155 715 789,Z01,2,0,0,2,3,11,0,
2.024E+11,155 715 787,A01,1,1,12,0,2,1,5,
2.024E+11,155 715 785,Z01,1,7,0,2,5,15,0,