Num_Acc,id_vehicule,num_veh,senc,catv,obs,obsm,choc,manv,motor,occutc
2.024E+11,155 715 788,A01,2,33,0,2,2,1,1,
2.024E+11,155 715 781,A01,2,7,0,2,1,2,1,
2.024E+11,155 715 783,B01,2,7,0,2,4,2,1,
2.024E+11,155 715 779,B01,2,7,0,2,1,1,1,
2.024E+11,155 715 784,A01,2,7,0,2,2,19,1,
2.024E+11,155 715 780,A01,2,50,0,2,1,5,3,
2.024E+11,155 715 782,B01,2,80,0,2,1,1,3,
2.024E+11,155 715 777,B01,3,7,0,2,8,15,2,
2.024E+11,155 715 778,A01,3,7,0,2,1,15,1,
2.024E+11,155 715 774,B01,1,7,0,2,4,1,1,
2.024E+11,155 715 775,Z01,1,7,0,2,1,2,1,
2.024E+11,155 715 771,A01,2,7,0,1,2,26,1,
2.024E+11,155 715 770,C01,2,7,0,2,1,2,1,
2.024E+11,155 715 773,A01,2,7,3,2,0,1,1,
2.024E+11,155 715 776,B01,2,7,0,2,1,2,1,
2.024E+11,155 715 769,A01,1,7,0,2,1,1,1,
2.024E+11,155 715 772,B01,1,7,0,2,4,1,1,
2.024E+11,155 715 767,A01,1,7,1,0,7,14,1,
2.024E+11,155 715 763,A01,2,7,0,2,4,26,1,
2.024E+11,155 715 766,B01,2,32,0,2,1,2,1,
2.024E+11,155 715 762,A01,2,7,0,2,5,7,2,
2.024E+11,155 715 765,B01,2,80,0,2,5,2,3,
2.024E+11,155 715 760,D01,2,7,0,2,0,0,1,
2.024E+11,155 715 761,B01,2,7,0,2,4,1,1,
2.024E+11,155 715 764,C01,2,10,0,2,5,1,1,
2.024E+11,155 715 768,A01,2,33,0,2,0,3,1,
2.024E+11,155 715 759,A01,1,7,0,1,1,1,1,
2.024E+11,155 715 756,A01,2,17,0,2,7,1,1,
2.024E+11,155 715 758,B01,2,7,0,2,8,9,1,
2.024E+11,155 715 755,A01,1,7,4,0,2,1,1,
2.024E+11,155 715 754,A01,2,7,0,2,2,12,1,
2.024E+11,155 715 757,B01,2,33,0,2,1,1,1,
2.024E+11,155 715 751,A01,2,7,5,0,2,14,2,
2.024E+11,155 715 750,A01,1,30,0,2,3,17,1,
2.024E+11,155 715 753,B01,1,7,0,2,3,9,1,
2.024E+11,155 715 749,A01,2,10,3,2,0,13,1,
2.024E+11,155 715 752,B01,2,10,0,2,0,0,1,
2.024E+11,155 715 747,A01,1,32,0,1,5,11,1,
2.024E+11,155 715 743,A01,2,33,0,2,0,2,1,
2.024E+11,155 715 746,B01,2,7,0,2,4,2,1,
2.024E+11,155 715 741,A01,2,7,0,2,2,26,1,
2.024E+11,155 715 745,C01,2,7,0,2,5,1,2,
2.024E+11,155 715 748,B01,2,7,0,2,8,1,2,
2.024E+11,155 715 740,A01,3,7,8,2,5,1,1,
2.024E+11,155 715 744,B01,3,7,12,2,1,1,1,
2.024E+11,155 715 738,A01,1,7,0,2,5,20,1,
2.024E+11,155 715 742,B01,1,2,0,2,1,1,1,
2.024E+11,155 715 737,A01,1,33,0,2,1,3,1,
2.024E+11,155 715 739,B01,1,7,0,2,8,1,1,
2.024E+11,155 715 736,A01,1,7,4,0,2,26,1,
2.024E+11,155 715 734,A01,3,50,0,1,1,1,3,
2.024E+11,155 715 733,A01,2,31,0,2,8,1,1,
2.024E+11,155 715 731,B01,3,7,0,2,1,23,1,
2.024E+11,155 715 735,A01,3,7,0,2,4,23,1,
2.024E+11,155 715 729,B01,2,15,0,2,2,1,1,
2.024E+11,155 715 730,C01,2,43,0,2,1,1,1,
2.024E+11,155 715 732,A01,2,7,0,2,8,0,1,
2.024E+11,155 715 727,A01,1,7,6,0,3,26,1,
2.024E+11,155 715 726,A01,1,3,1,2,1,0,1,
2.024E+11,155 715 728,B01,2,7,0,2,1,26,1,
2.024E+11,155 715 723,A01,2,7,0,2,1,2,1,
2.024E+11,155 715 724,B01,2,7,0,2,4,2,1,
2.024E+11,155 715 721,A01,1,33,0,2,1,18,1,
2.024E+11,155 715 722,B01,1,7,0,2,5,1,1,
2.024E+11,155 715 718,A01,1,7,16,0,1,26,1,
2.024E+11,155 715 719,A01,3,7,0,2,2,1,1,
2.024E+11,155 715 725,B01,3,99,0,2,1,1,1,
2.024E+11,155 715 717,A01,1,7,0,0,0,16,1,
2.024E+11,155 715 716,B01,2,31,0,2,1,1,1,
2.024E+11,155 715 720,A01,1,7,0,2,6,1,1,
2.024E+11,155 715 715,A01,3,32,0,0,0,0,6,
2.024E+11,155 715 713,A01,1,7,4,0,1,2,1,
2.024E+11,155 715 712,A01,3,7,0,2,1,5,1,
2.024E+11,155 715 714,B01,3,7,0,2,1,0,1,
2.024E+11,155 715 707,B01,2,33,0,2,1,1,1,
2.024E+11,155 715 711,A01,1,7,0,2,8,15,1,
2.024E+11,155 715 705,A01,2,7,0,2,7,15,3,
2.024E+11,155 715 710,B01,1,34,0,2,1,1,1,
2.024E+11,155 715 706,B01,2,7,0,2,0,1,1,
2.024E+11,155 715 709,A01,2,7,0,2,0,1,2,
2.024E+11,155 715 704,A01,2,7,0,2,3,11,1,
2.024E+11,155 715 708,B01,2,33,0,2,2,2,1,
2.024E+11,155 715 701,A01,2,33,0,0,7,3,1,
2.024E+11,155 715 699,A01,1,10,0,2,2,16,1,
2.024E+11,155 715 702,B01,1,50,0,2,1,1,3,
2.024E+11,155 715 698,A01,2,7,1,0,3,26,1,
2.024E+11,155 715 695,B01,0,10,0,2,0,0,1,
2.024E+11,155 715 696,A01,0,7,0,2,8,0,1,
2.024E+11,155 715 694,A01,2,33,0,2,6,3,1,
2.024E+11,155 715 697,B01,2,7,0,2,5,0,1,
2.024E+11,155 715 691,A01,3,7,1,0,1,2,1,
2.024E+11,155 715 690,B01,3,2,0,2,1,6,1,
2.024E+11,155 715 693,A01,1,7,0,2,2,1,2,
2.024E+11,155 715 689,A01,1,7,0,2,2,2,1,
2.024E+11,155 715 692,B01,1,10,0,2,6,2,1,
2.024E+11,155 715 687,A01,2,10,0,2,8,11,1,
2.024E+11,155 715 688,B01,2,33,0,2,1,1,1,
2.024E+11,155 715 686,A01,1,7,8,0,7,17,1,
2.024E+11,155 715 685,B01,0,7,0,0,0,0,0,
2.024E+11,155 715 682,A01,1,7,0,2,1,1,1,
2.024E+11,155 715 684,B01,1,7,0,2,4,1,1,
2.024E+11,155 715 680,A01,1,33,0,2,1,17,1,
2.024E+11,155 715 683,B01,1,7,0,0,6,15,1,
2.024E+11,155 715 679,A01,2,30,0,2,1,26,1,
2.024E+11,155 715 681,B01,2,10,0,2,8,0,1,
2.024E+11,155 715 674,A01,3,10,1,9,6,20,1,
2.024E+11,155 715 673,A01,1,7,13,0,1,14,1,
2.024E+11,155 715 676,B01,2,1,0,2,1,1,5,
2.024E+11,155 715 677,A01,1,7,0,2,3,16,1,
2.024E+11,155 715 675,B01,3,33,0,2,1,0,1,
2.024E+11,155 715 678,A01,3,7,0,2,5,15,2,
2.024E+11,155 715 672,A01,1,7,0,1,1,1,1,
2.024E+11,155 715 671,A01,2,7,6,0,2,14,1,
2.024E+11,155 715 668,B01,3,33,0,2,1,1,1,
2.024E+11,155 715 670,A01,3,7,0,2,3,13,1,
2.024E+11,155 715 667,B01,2,2,0,2,2,1,1,
2.024E+11,155 715 669,A01,2,7,0,2,3,9,1,
2.024E+11,155 715 666,A01,1,7,8,0,1,14,1,
2.024E+11,155 715 665,A01,3,32,0,1,0,2,1,
2.024E+11,155 715 662,A01,0,1,0,1,0,26,5,
2.024E+11,155 715 660,A01,1,7,0,2,1,13,1,
2.024E+11,155 715 663,B01,2,7,0,2,1,1,1,
2.024E+11,155 715 659,B01,2,7,0,2,3,1,1,
2.024E+11,155 715 664,A01,1,7,0,2,3,1,1,
2.024E+11,155 715 658,A01,2,32,0,2,2,1,1,
2.024E+11,155 715 661,B01,2,7,0,2,3,1,1,
2.024E+11,155 715 656,A01,1,38,12,9,5,16,1,1
2.024E+11,155 715 652,A01,3,7,0,2,1,15,1,
2.024E+11,155 715 655,B01,3,30,0,2,8,1,1,
2.024E+11,155 715 653,B01,2,7,0,2,1,15,2,
2.024E+11,155 715 657,A01,1,33,0,2,7,1,1,
2.024E+11,155 715 651,A01,1,32,0,2,1,17,1,
2.024E+11,155 715 654,B01,1,2,0,2,4,15,1,
2.024E+11,155 715 647,B01,2,7,0,2,4,11,1,
2.024E+11,155 715 649,A01,2,33,0,2,1,3,1,
2.024E+11,155 715 648,B01,1,30,0,2,1,1,1,
2.024E+11,155 715 650,A01,3,7,0,2,7,1,1,
2.024E+11,155 715 646,A01,1,7,0,1,1,1,1,
2.024E+11,155 715 644,A01,2,15,0,2,2,1,1,
2.024E+11,155 715 645,B01,2,7,3,2,3,18,1,
2.024E+11,155 715 643,A01,2,33,4,0,0,13,1,
2.024E+11,155 715 642,A01,1,30,0,0,0,2,1,
2.024E+11,155 715 639,A01,1,7,0,1,1,16,1,
2.024E+11,155 715 638,A01,2,33,0,0,9,1,1,
2.024E+11,155 715 641,B01,0,7,0,0,0,9,1,
2.024E+11,155 715 636,B01,1,7,0,0,6,1,1,
2.024E+11,155 715 640,A01,1,7,4,2,1,2,1,
2.024E+11,155 715 635,A01,3,10,0,2,3,26,1,
2.024E+11,155 715 637,B01,3,7,0,2,7,1,1,
2.024E+11,155 715 632,B01,3,37,0,2,3,1,1,1
2.024E+11,155 715 634,A01,3,50,0,2,1,1,3,
2.024E+11,155 715 630,A01,2,7,4,2,1,14,1,
2.024E+11,155 715 631,A01,1,7,0,2,3,11,1,
2.024E+11,155 715 633,B01,1,33,10,2,1,1,1,
2.024E+11,155 715 629,A01,3,7,6,0,1,26,1,
2.024E+11,155 715 627,A01,1,7,4,2,1,11,2,
2.024E+11,155 715 625,A01,2,7,4,0,3,13,1,
2.024E+11,155 715 624,A01,2,7,0,2,3,11,1,
2.024E+11,155 715 628,B01,2,7,1,2,2,17,1,
2.024E+11,155 715 623,A01,1,7,0,2,3,2,1,
2.024E+11,155 715 626,B01,1,2,0,2,5,9,1,
2.024E+11,155 715 622,A01,3,7,0,1,1,1,0,
2.024E+11,155 715 618,A01,2,30,0,2,1,2,1,
2.024E+11,155 715 621,B01,2,10,0,2,4,23,1,
2.024E+11,155 715 617,A01,1,7,0,2,1,5,1,
2.024E+11,155 715 619,B01,2,7,0,2,1,1,1,
2.024E+11,155 715 616,B01,1,31,0,2,1,1,3,
2.024E+11,155 715 620,A01,1,7,0,2,3,15,0,
2.024E+11,155 715 614,A01,2,7,0,2,2,9,1,
2.024E+11,155 715 615,B01,1,7,0,2,3,1,1,
2.024E+11,155 715 610,A01,2,30,0,2,1,1,1,
2.024E+11,155 715 613,B01,2,7,0,2,6,2,2,
2.024E+11,155 715 609,A01,2,33,0,2,7,0,1,
2.024E+11,155 715 612,B01,2,7,0,2,8,11,0,
2.024E+11,155 715 606,B01,2,7,0,2,3,23,1,
2.024E+11,155 715 608,A01,1,7,11,2,1,14,1,
2.024E+11,155 715 605,A01,1,7,0,2,7,1,1,
2.024E+11,155 715 611,B01,2,10,0,2,8,1,3,
2.024E+11,155 715 603,A01,3,1,0,2,0,0,5,
2.024E+11,155 715 607,B01,3,7,0,2,1,0,1,
2.024E+11,155 715 602,A01,1,7,0,0,5,21,3,
2.024E+11,155 715 604,B01,1,34,0,2,1,3,1,
2.024E+11,155 715 599,A01,1,33,0,0,1,26,1,
2.024E+11,155 715 596,B01,2,7,0,2,1,1,1,
2.024E+11,155 715 601,A01,1,7,0,2,3,9,1,
2.024E+11,155 715 597,A01,1,2,6,0,1,1,1,
2.024E+11,155 715 598,A01,2,30,0,2,1,1,3,
2.024E+11,155 715 600,B01,2,32,0,2,4,23,1,
2.024E+11,155 715 595,A01,1,15,1,0,7,14,1,
2.024E+11,155 715 593,A01,1,33,9,0,1,1,1,
2.024E+11,155 715 589,B01,2,43,0,2,1,1,1,
2.024E+11,155 715 592,A01,2,7,0,2,3,1,2,
2.024E+11,155 715 590,A01,2,7,0,2,3,9,1,
2.024E+11,155 715 594,B01,1,7,0,2,7,1,1,
2.024E+11,155 715 588,B01,1,31,0,2,4,23,3,
2.024E+11,155 715 591,A01,1,7,14,0,1,2,1,
2.024E+11,155 715 586,A01,1,33,13,0,1,2,1,
2.024E+11,155 715 582,B01,2,80,0,2,2,1,3,
2.024E+11,155 715 585,A01,2,7,0,2,3,22,1,
2.024E+11,155 715 584,A01,3,7,0,2,7,15,0,
2.024E+11,155 715 587,B01,3,7,0,2,1,1,0,
2.024E+11,155 715 580,A01,1,7,0,2,2,15,1,
2.024E+11,155 715 583,B01,2,33,0,2,8,1,1,
2.024E+11,155 715 578,A01,2,33,0,2,0,11,1,
2.024E+11,155 715 581,B01,1,10,0,2,8,1,1,
2.024E+11,155 715 576,A01,2,14,0,2,8,23,4,
2.024E+11,155 715 579,B01,2,1,1,0,8,17,5,
2.024E+11,155 715 575,A01,1,50,12,0,1,1,3,
2.024E+11,155 715 577,A01,1,30,0,0,0,23,1,
2.024E+11,155 715 572,A01,2,7,0,2,3,15,1,
2.024E+11,155 715 574,B01,2,7,0,2,3,1,1,
2.024E+11,155 715 570,B01,1,2,0,2,1,1,1,
2.024E+11,155 715 573,A01,1,10,0,0,6,23,1,
2.024E+11,155 715 569,B01,1,33,0,2,7,15,1,
2.024E+11,155 715 571,A01,1,7,0,2,3,15,1,
2.024E+11,155 715 567,A01,1,7,12,0,1,1,0,
2.024E+11,155 715 566,A01,2,33,0,2,1,1,1,
2.024E+11,155 715 568,B01,2,7,0,2,8,15,1,
2.024E+11,155 715 565,A01,2,34,4,0,3,1,1,
2.024E+11,155 715 561,A01,0,7,0,9,1,1,3,
2.024E+11,155 715 563,B01,0,50,0,2,1,1,3,
2.024E+11,155 715 564,A01,1,7,9,0,3,1,1,
2.024E+11,155 715 562,A01,1,30,0,1,1,2,0,
2.024E+11,155 715 559,A01,1,7,0,2,1,13,1,
2.024E+11,155 715 560,B01,2,2,0,2,1,1,1,
2.024E+11,155 715 555,A01,2,10,0,2,3,13,1,
2.024E+11,155 715 558,B01,1,38,0,2,3,1,1,1
2.024E+11,155 715 556,A01,1,7,0,1,3,2,1,
2.024E+11,155 715 554,B01,2,1,0,2,1,2,5,
2.024E+11,155 715 557,A01,2,7,0,2,5,2,1,
2.024E+11,155 715 553,A01,2,33,0,0,0,1,1,
2.024E+11,155 715 550,A01,2,7,0,1,4,26,1,
2.024E+11,155 715 549,A01,0,7,0,2,3,15,1,
2.024E+11,155 715 552,B01,0,7,0,2,3,1,2,
2.024E+11,155 715 547,A01,0,7,0,2,7,15,1,
2.024E+11,155 715 551,B01,1,7,0,2,1,1,3,
2.024E+11,155 715 545,A01,0,30,0,0,8,1,1,
2.024E+11,155 715 544,A01,1,33,0,2,1,1,1,
2.024E+11,155 715 546,B01,1,7,0,2,6,1,1,
2.024E+11,155 715 539,A01,1,7,1,0,2,1,1,
2.024E+11,155 715 541,A01,2,1,0,2,8,19,5,
2.024E+11,155 715 542,B01,2,7,0,2,7,2,1,
2.024E+11,155 715 540,B01,2,7,0,2,3,1,1,
2.024E+11,155 715 543,A01,1,33,0,2,3,17,1,
2.024E+11,155 715 534,A01,1,7,0,2,1,1,0,
2.024E+11,155 715 536,B01,1,50,0,2,4,1,3,
2.024E+11,155 715 537,A01,3,7,0,2,1,1,2,
2.024E+11,155 715 538,B01,3,50,0,2,7,0,3,
2.024E+11,155 715 535,A01,2,7,0,1,1,1,2,
2.024E+11,155 715 533,A01,2,7,2,0,3,13,1,
2.024E+11,155 715 532,A01,1,7,6,0,2,10,1,
2.024E+11,155 715 531,A01,2,7,0,1,2,26,6,
2.024E+11,155 715 528,B01,1,7,0,2,1,15,0,
2.024E+11,155 715 530,A01,2,10,0,2,3,2,1,
2.024E+11,155 715 527,A01,1,7,0,2,1,13,1,
2.024E+11,155 715 529,B01,2,7,0,2,1,1,1,
2.024E+11,155 715 523,A01,1,31,0,2,1,1,1,
2.024E+11,155 715 525,B01,2,7,0,2,1,15,1,
2.024E+11,155 715 524,A01,1,7,0,2,2,16,1,
2.024E+11,155 715 526,B01,1,50,0,2,0,1,3,
2.024E+11,155 715 522,A01,3,7,1,0,1,1,1,
2.024E+11,155 715 518,A01,3,10,0,1,0,19,1,
2.024E+11,155 715 519,A01,2,30,0,2,1,5,1,
2.024E+11,155 715 521,B01,1,7,0,9,1,17,1,
2.024E+11,155 715 517,Z01,2,7,0,2,2,9,1,
2.024E+11,155 715 520,B01,2,2,0,2,3,9,1,
2.024E+11,155 715 512,A01,3,7,0,2,2,1,1,
2.024E+11,155 715 516,B01,3,7,0,2,1,15,1,
2.024E+11,155 715 513,A01,1,33,16,0,1,1,1,
2.024E+11,155 715 510,Z01,1,7,0,0,0,0,0,
2.024E+11,155 715 514,B01,1,50,0,2,1,26,3,
2.024E+11,155 715 509,A01,1,7,2,0,3,1,1,
2.024E+11,155 715 506,A01,1,1,0,0,1,26,5,
2.024E+11,155 715 508,B01,3,10,8,0,4,23,0,
2.024E+11,155 715 511,A01,3,7,0,2,1,23,1,
2.024E+11,155 715 515,C01,0,10,0,2,1,1,0,
2.024E+11,155 715 503,A01,3,7,0,2,1,1,1,
2.024E+11,155 715 504,B01,3,7,0,2,4,1,1,
2.024E+11,155 715 505,B01,1,7,0,9,2,2,1,
2.024E+11,155 715 507,A01,1,1,13,2,3,2,5,
2.024E+11,155 715 502,A01,2,32,12,0,8,13,1,
2.024E+11,155 715 501,A01,3,50,14,0,2,1,3,
2.024E+11,155 715 499,A01,2,7,1,0,1,1,1,
2.024E+11,155 715 497,B01,3,31,0,2,1,1,1,
2.024E+11,155 715 500,A01,3,7,0,2,2,15,2,
2.024E+11,155 715 498,A01,2,7,13,0,1,17,1,
2.024E+11,155 715 495,A01,3,7,0,1,1,1,1,
2.024E+11,155 715 496,A01,3,32,15,0,1,1,1,
2.024E+11,155 715 493,A01,1,33,0,2,7,17,1,
2.024E+11,155 715 494,B01,1,7,0,2,3,15,1,
2.024E+11,155 715 490,A01,3,7,0,1,3,0,0,
2.024E+11,155 715 492,A01,1,7,3,0,0,1,1,
2.024E+11,155 715 489,A01,2,30,0,2,1,1,3,
2.024E+11,155 715 491,B01,2,7,0,2,4,1,1,
2.024E+11,155 715 486,A01,2,7,0,2,1,1,0,
2.024E+11,155 715 488,B01,2,1,0,2,8,26,5,
2.024E+11,155 715 484,B01,2,1,0,2,1,1,5,
2.024E+11,155 715 487,A01,2,7,0,9,3,16,2,
2.024E+11,155 715 485,A01,3,7,0,1,1,1,1,
2.024E+11,155 715 483,A01,2,7,0,1,8,1,1,
2.024E+11,155 715 478,A01,3,7,0,0,8,1,1,
2.024E+11,155 715 481,B01,0,7,0,0,1,1,2,
2.024E+11,155 715 476,A01,2,7,0,1,2,1,1,
2.024E+11,155 715 474,B01,2,50,0,2,1,1,3,
2.024E+11,155 715 477,A01,1,7,0,2,3,9,1,
2.024E+11,155 715 473,A01,3,10,0,1,7,1,1,
2.024E+11,155 715 475,A01,2,10,0,2,1,1,1,
2.024E+11,155 715 479,B01,1,7,0,2,1,13,1,
2.024E+11,155 715 471,A01,3,7,1,0,1,19,1,
2.024E+11,155 715 469,A01,2,7,0,1,1,1,1,
2.024E+11,155 715 470,A01,1,7,0,2,1,16,1,
2.024E+11,155 715 472,B01,1,34,0,2,6,1,1,
2.024E+11,155 715 465,A01,3,7,0,2,3,10,1,
2.024E+11,155 715 468,B01,3,33,0,2,1,0,1,
2.024E+11,155 715 463,A01,2,7,0,2,3,13,2,
2.024E+11,155 715 464,B01,1,7,0,2,1,0,1,
2.024E+11,155 715 467,C01,1,7,0,2,3,21,1,
2.024E+11,155 715 461,A01,1,10,0,1,2,16,0,
2.024E+11,155 715 462,A01,3,7,0,1,1,15,1,
2.024E+11,155 715 459,A01,2,7,6,0,2,1,1,
2.024E+11,155 715 457,A01,3,10,0,1,4,25,1,
2.024E+11,155 715 456,B01,2,3,0,2,3,23,1,
2.024E+11,155 715 458,A01,2,2,0,2,1,2,1,
2.024E+11,155 715 455,A01,0,80,0,9,1,26,3,
2.024E+11,155 715 452,A01,2,1,0,1,1,1,5,
2.024E+11,155 715 454,A01,2,33,0,0,0,13,1,
2.024E+11,155 715 451,B01,2,7,7,0,3,1,1,
2.024E+11,155 715 453,Z01,2,7,7,0,0,16,0,
2.024E+11,155 715 447,A01,1,7,0,1,1,1,1,
2.024E+11,155 715 449,B01,2,99,0,2,1,1,3,
2.024E+11,155 715 450,A01,1,7,0,9,2,1,2,
2.024E+11,155 715 448,A01,2,7,13,0,2,14,1,
2.024E+11,155 715 445,B01,0,7,0,2,1,1,1,
2.024E+11,155 715 446,A01,0,31,0,2,1,5,0,
2.024E+11,155 715 440,A01,2,7,0,2,3,13,1,
2.024E+11,155 715 443,B01,1,7,0,2,3,1,1,
2.024E+11,155 715 441,A01,2,7,0,2,1,2,1,
2.024E+11,155 715 442,B01,2,7,0,2,4,1,1,
2.024E+11,155 715 439,A01,1,10,0,1,2,9,1,
2.024E+11,155 715 438,A01,2,7,0,2,8,10,1,
2.024E+11,155 715 444,B01,2,33,0,2,1,5,1,
2.024E+11,155 715 435,A01,3,7,0,0,2,15,0,
2.024E+11,155 715 434,A01,1,7,0,2,2,1,1,
2.024E+11,155 715 436,B01,0,1,0,2,0,1,5,
2.024E+11,155 715 437,A01,1,33,13,0,8,1,1,
2.024E+11,155 715 433,A01,1,10,0,1,2,1,0,
2.024E+11,155 715 431,A01,1,7,6,0,1,1,1,
2.024E+11,155 715 430,B01,2,33,0,2,8,1,1,
2.024E+11,155 715 432,A01,2,10,0,2,1,19,1,
2.024E+11,155 715 428,B01,1,30,0,2,3,1,1,
2.024E+11,155 715 429,A01,2,7,0,2,3,15,1,
2.024E+11,155 715 427,A01,2,33,6,0,3,15,1,
2.024E+11,155 715 425,A01,3,7,0,2,1,1,1,
2.024E+11,155 715 426,B01,3,37,0,2,4,23,1,1
2.024E+11,155 715 423,B01,1,7,0,2,6,23,1,
2.024E+11,155 715 424,A01,1,7,0,2,2,2,1,
2.024E+11,155 715 417,A01,2,1,0,2,1,15,5,
2.024E+11,155 715 420,B01,1,37,0,2,3,1,3,1
2.024E+11,155 715 414,A01,1,1,0,2,1,1,5,
2.024E+11,155 715 418,B01,2,7,0,0,4,1,1,
2.024E+11,155 715 415,B01,2,7,0,2,3,1,1,
2.024E+11,155 715 421,A01,1,7,0,2,3,13,1,
2.024E+11,155 715 416,B01,1,7,0,0,7,0,1,
2.024E+11,155 715 419,A01,1,7,0,2,8,11,0,
2.024E+11,155 715 422,C01,1,7,2,0,8,1,0,
2.024E+11,155 715 413,A01,3,7,1,1,6,4,1,
2.024E+11,155 715 410,B01,1,7,0,2,4,1,1,
2.024E+11,155 715 412,A01,1,7,0,2,1,1,1,
2.024E+11,155 715 407,A01,1,33,0,0,7,1,1,
2.024E+11,155 715 408,A01,2,10,0,2,3,13,1,
2.024E+11,155 715 411,B01,1,7,0,2,3,1,1,
2.024E+11,155 715 405,B01,1,7,0,0,0,0,1,
2.024E+11,155 715 406,A01,1,30,0,2,1,2,1,
2.024E+11,155 715 403,A01,1,7,13,0,3,13,1,
2.024E+11,155 715 402,B01,2,7,0,2,8,1,1,
2.024E+11,155 715 404,A01,1,7,0,2,8,1,1,
2.024E+11,155 715 401,A01,3,7,13,0,9,21,1,
2.024E+11,155 715 398,A01,2,2,0,2,1,19,1,
2.024E+11,155 715 400,B01,2,7,0,2,6,19,1,
2.024E+11,155 715 395,A01,3,7,4,0,1,0,1,
2.024E+11,155 715 393,A01,2,7,0,2,1,1,1,
2.024E+11,155 715 396,C01,1,30,0,2,1,1,1,
2.024E+11,155 715 399,B01,1,30,0,2,7,15,1,
2.024E+11,155 715 390,B01,2,7,0,2,8,1,2,
2.024E+11,155 715 392,A01,3,7,0,2,1,1,1,
2.024E+11,155 715 391,A01,1,50,12,0,1,14,3,
2.024E+11,155 715 389,A01,2,7,13,0,3,1,1,
2.024E+11,155 715 387,A01,0,7,0,1,1,16,1,
2.024E+11,155 715 386,A01,1,2,0,2,1,5,1,
2.024E+11,155 715 388,B01,2,43,0,2,1,1,1,
2.024E+11,155 715 385,A01,2,7,9,0,1,1,1,
2.024E+11,155 715 383,A01,3,37,0,2,1,2,1,1
2.024E+11,155 715 384,B01,3,7,0,2,4,2,1,
2.024E+11,155 715 379,A01,3,7,0,1,3,4,1,
2.024E+11,155 715 381,B01,1,1,0,0,8,1,5,
2.024E+11,155 715 382,A01,2,7,0,2,3,15,1,
2.024E+11,155 715 378,B01,2,7,0,2,2,2,1,
2.024E+11,155 715 380,A01,2,7,17,2,6,2,1,
2.024E+11,155 715 376,A01,2,7,0,2,1,2,1,
2.024E+11,155 715 377,B01,2,7,0,9,4,2,1,
2.024E+11,155 715 373,B01,1,3,0,0,4,1,1,
2.024E+11,155 715 375,A01,1,31,0,2,1,2,1,
2.024E+11,155 715 372,A01,1,7,0,2,3,13,1,
2.024E+11,155 715 374,B01,2,7,0,2,3,1,1,
2.024E+11,155 715 370,A01,1,7,0,9,1,26,1,
2.024E+11,155 715 371,B01,3,50,0,2,0,0,3,
2.024E+11,155 715 368,A01,2,7,13,0,3,13,0,
2.024E+11,155 715 366,A01,3,7,0,2,1,2,1,
2.024E+11,155 715 369,B01,3,7,0,0,4,23,1,
2.024E+11,155 715 367,B01,2,7,0,0,0,1,1,
2.024E+11,155 715 365,A01,1,10,3,0,1,19,1,
2.024E+11,155 715 363,B01,1,7,0,2,5,1,1,
2.024E+11,155 715 364,A01,1,50,0,2,1,9,3,
2.024E+11,155 715 362,A01,2,7,13,0,3,17,1,
2.024E+11,155 715 361,A01,1,7,8,0,3,0,0,
2.024E+11,155 715 360,A01,2,3,6,0,1,0,1,
2.024E+11,155 715 359,A01,3,7,0,1,2,16,1,
2.024E+11,155 715 358,A01,1,33,0,0,0,1,1,
2.024E+11,155 715 354,B01,3,7,0,2,1,16,1,
2.024E+11,155 715 355,A01,3,50,0,2,1,19,3,
2.024E+11,155 715 353,A01,2,33,0,0,1,1,1,
2.024E+11,155 715 352,A01,1,7,0,0,6,2,1,
2.024E+11,155 715 356,B01,1,7,0,2,3,17,1,
2.024E+11,155 715 357,C01,1,7,0,2,2,17,2,
2.024E+11,155 715 351,A01,0,10,0,1,2,1,1,
2.024E+11,155 715 349,A01,1,2,12,0,1,2,1,
2.024E+11,155 715 348,A01,2,16,0,0,3,1,1,
2.024E+11,155 715 350,B01,1,7,0,0,3,0,1,
2.024E+11,155 715 346,A01,1,80,0,2,1,5,3,
2.024E+11,155 715 347,B01,2,7,0,2,3,15,1,
2.024E+11,155 715 343,A01,3,33,0,2,2,21,1,
2.024E+11,155 715 345,B01,3,1,0,2,8,2,5,
2.024E+11,155 715 342,A01,1,1,0,1,1,1,5,
2.024E+11,155 715 341,B01,1,7,0,2,2,1,1,
2.024E+11,155 715 344,A01,2,7,0,2,7,19,3,
2.024E+11,155 715 338,A01,2,7,10,0,1,19,1,
2.024E+11,155 715 337,A01,2,3,0,2,1,1,1,
2.024E+11,155 715 339,B01,1,10,0,2,1,1,1,
2.024E+11,155 715 336,A01,2,7,0,2,3,0,1,
2.024E+11,155 715 340,B01,2,15,0,0,6,1,1,
2.024E+11,155 715 333,A01,1,7,0,2,3,1,1,
2.024E+11,155 715 335,B01,1,7,0,0,2,1,1,
2.024E+11,155 715 332,B01,2,1,0,2,8,2,5,
2.024E+11,155 715 334,A01,2,7,0,2,7,2,1,
2.024E+11,155 715 330,A01,2,7,0,0,0,1,1,
2.024E+11,155 715 328,B01,2,15,0,2,6,2,1,
2.024E+11,155 715 331,A01,2,7,0,2,2,2,1,
2.024E+11,155 715 327,A01,2,7,0,2,2,2,1,
2.024E+11,155 715 329,B01,0,1,0,2,4,0,5,
2.024E+11,155 715 325,B01,1,7,0,2,4,1,1,