Num_Acc,id_vehicule,num_veh,senc,catv,obs,obsm,choc,manv,motor,occutc
2.024E+11,155 714 397,A01,2,7,2,0,0,0,1,
2.024E+11,155 714 394,A01,2,7,0,2,3,10,1,
2.024E+11,155 714 395,B01,1,7,0,2,2,1,1,
2.024E+11,155 714 390,B01,2,7,0,2,3,1,1,
2.024E+11,155 714 391,C01,1,1,0,2,0,0,5,
2.024E+11,155 714 393,A01,1,33,0,2,3,13,1,
2.024E+11,155 714 389,A01,3,38,0,1,3,16,1,1
2.024E+11,155 714 386,A01,2,14,0,1,7,26,1,
2.024E+11,155 714 385,B01,2,10,0,2,4,1,1,
2.024E+11,155 714 387,C01,2,10,0,2,4,1,1,
2.024E+11,155 714 388,D01,2,7,0,2,4,1,1,
2.024E+11,155 714 392,A01,2,7,0,2,1,1,1,
2.024E+11,155 714 384,A01,3,7,0,1,1,1,1,
2.024E+11,155 714 380,A01,1,37,0,2,2,17,1,1
2.024E+11,155 714 382,B01,1,1,0,2,3,15,5,
2.024E+11,155 714 381,A01,1,7,0,2,2,12,2,
2.024E+11,155 714 383,B01,1,33,0,2,7,1,1,
2.024E+11,155 714 377,B01,3,1,0,2,2,1,5,
2.024E+11,155 714 379,A01,3,50,0,2,3,25,3,
2.024E+11,155 714 373,B01,3,1,0,2,1,25,5,
2.024E+11,155 714 376,A01,3,7,0,9,3,1,2,
2.024E+11,155 714 372,C01,1,10,0,2,1,1,1,
2.024E+11,155 714 374,B01,1,7,0,2,2,1,1,
2.024E+11,155 714 375,D01,1,10,0,2,1,1,1,
2.024E+11,155 714 378,A01,1,7,0,0,4,23,1,
2.024E+11,155 714 368,D01,2,7,0,0,0,0,1,
2.024E+11,155 714 369,A01,2,7,8,2,1,26,1,
2.024E+11,155 714 370,C01,2,7,0,0,0,0,1,
2.024E+11,155 714 371,B01,3,7,0,0,0,24,1,
2.024E+11,155 714 365,B01,2,32,0,2,1,1,1,
2.024E+11,155 714 367,A01,1,7,0,2,7,15,1,
2.024E+11,155 714 364,A01,2,7,10,0,3,1,1,
2.024E+11,155 714 363,B01,2,7,0,2,4,2,1,
2.024E+11,155 714 366,A01,1,17,0,2,0,0,1,
2.024E+11,155 714 360,A01,1,33,0,2,2,3,1,
2.024E+11,155 714 361,C01,1,7,0,2,4,1,1,
2.024E+11,155 714 362,B01,1,7,0,2,5,1,1,
2.024E+11,155 714 357,B01,2,7,0,2,7,12,1,
2.024E+11,155 714 359,A01,2,31,0,2,8,3,1,
2.024E+11,155 714 356,A01,3,7,0,2,3,10,1,
2.024E+11,155 714 358,B01,3,7,0,2,2,1,1,
2.024E+11,155 714 353,Z01,1,43,0,2,7,26,1,
2.024E+11,155 714 355,A01,2,1,0,2,8,1,5,
2.024E+11,155 714 349,A01,2,80,0,2,1,16,3,
2.024E+11,155 714 350,B01,1,1,0,2,1,1,5,
2.024E+11,155 714 351,C01,1,7,0,2,4,1,1,
2.024E+11,155 714 352,A01,1,7,0,2,1,2,1,
2.024E+11,155 714 354,B01,1,7,0,2,4,1,1,
2.024E+11,155 714 347,B01,1,50,0,2,1,1,3,
2.024E+11,155 714 348,A01,1,7,0,2,2,10,2,
2.024E+11,155 714 344,A01,1,7,0,2,1,2,1,
2.024E+11,155 714 346,B01,1,7,0,2,4,2,2,
2.024E+11,155 714 345,A01,1,33,9,0,7,18,1,
2.024E+11,155 714 342,A01,3,7,0,2,1,1,2,
2.024E+11,155 714 343,B01,3,33,0,2,1,5,1,
2.024E+11,155 714 338,B01,3,32,0,2,1,1,1,
2.024E+11,155 714 339,A01,3,7,0,2,2,14,1,
2.024E+11,155 714 340,B01,2,7,0,2,5,1,1,
2.024E+11,155 714 341,A01,2,43,0,2,3,3,1,
2.024E+11,155 714 335,A01,1,7,0,2,3,11,1,
2.024E+11,155 714 336,B01,1,80,0,2,1,17,3,
2.024E+11,155 714 334,B01,2,7,0,2,6,1,1,
2.024E+11,155 714 337,A01,2,31,0,2,1,3,1,
2.024E+11,155 714 332,A01,2,1,0,2,1,5,5,
2.024E+11,155 714 333,B01,1,10,0,2,5,22,1,
2.024E+11,155 714 330,B01,1,50,0,2,3,17,3,
2.024E+11,155 714 331,A01,2,37,0,2,5,1,1,1
2.024E+11,155 714 329,A01,2,7,4,0,3,11,2,
2.024E+11,155 714 326,B01,1,10,0,2,7,16,1,
2.024E+11,155 714 328,A01,1,32,0,2,8,7,1,
2.024E+11,155 714 324,A01,1,7,0,2,2,21,1,
2.024E+11,155 714 325,B01,1,7,0,2,6,2,1,
2.024E+11,155 714 327,C01,1,7,0,2,5,2,1,
2.024E+11,155 714 321,B01,2,7,0,2,3,1,1,
2.024E+11,155 714 323,A01,2,80,0,2,7,1,3,
2.024E+11,155 714 320,A01,1,15,0,2,6,11,1,
2.024E+11,155 714 322,B01,1,43,0,2,7,21,1,
2.024E+11,155 714 318,A01,2,30,0,2,7,16,1,
2.024E+11,155 714 319,B01,2,7,0,2,8,1,2,
2.024E+11,155 714 315,A01,3,50,0,2,1,11,3,
2.024E+11,155 714 316,B01,3,7,0,2,2,16,2,
2.024E+11,155 714 317,A01,3,7,0,1,0,26,0,
2.024E+11,155 714 314,A01,1,13,0,1,1,16,1,
2.024E+11,155 714 311,Z01,1,7,0,2,7,11,2,
2.024E+11,155 714 312,B01,1,1,0,2,7,17,5,
2.024E+11,155 714 310,A01,1,1,0,0,3,1,5,
2.024E+11,155 714 309,A01,1,7,0,2,1,2,1,
2.024E+11,155 714 313,B01,1,30,0,0,4,2,1,
2.024E+11,155 714 308,A01,2,7,0,1,4,19,1,
2.024E+11,155 714 307,A01,1,50,8,0,0,0,3,
2.024E+11,155 714 305,B01,3,1,0,2,1,15,5,
2.024E+11,155 714 306,A01,0,7,0,2,1,15,1,
2.024E+11,155 714 302,A01,1,32,0,2,1,7,1,
2.024E+11,155 714 304,B01,1,7,0,2,7,16,1,
2.024E+11,155 714 301,A01,0,10,0,2,3,26,1,
2.024E+11,155 714 303,B01,3,10,0,2,1,1,1,
2.024E+11,155 714 300,A01,1,7,0,1,1,1,1,
2.024E+11,155 714 298,A01,2,1,0,2,3,15,5,
2.024E+11,155 714 299,B01,2,7,0,2,7,1,1,
2.024E+11,155 714 297,A01,1,7,0,1,2,1,1,
2.024E+11,155 714 296,A01,1,7,8,0,3,1,2,
2.024E+11,155 714 295,A01,2,32,0,0,9,1,1,
2.024E+11,155 714 292,B01,2,7,0,2,3,15,1,
2.024E+11,155 714 294,A01,2,2,0,2,0,17,3,
2.024E+11,155 714 291,B01,2,7,0,2,4,23,1,
2.024E+11,155 714 293,A01,2,7,0,2,1,2,1,
2.024E+11,155 714 290,A01,1,2,1,0,1,16,1,
2.024E+11,155 714 286,Z01,2,7,0,2,1,19,1,
2.024E+11,155 714 288,A01,2,30,0,2,8,19,1,
2.024E+11,155 714 287,A01,1,14,0,2,1,1,1,
2.024E+11,155 714 289,B01,1,10,0,2,4,15,1,
2.024E+11,155 714 284,A01,1,7,0,2,1,1,1,
2.024E+11,155 714 285,B01,2,7,0,2,1,1,1,
2.024E+11,155 714 281,A01,1,10,0,2,1,1,1,
2.024E+11,155 714 283,B01,2,10,0,2,5,15,0,
2.024E+11,155 714 276,A01,1,10,1,2,8,26,1,
2.024E+11,155 714 278,B01,1,60,1,0,1,2,5,
2.024E+11,155 714 275,A01,2,50,0,2,7,1,3,
2.024E+11,155 714 279,B01,2,7,0,2,3,15,1,
2.024E+11,155 714 272,A01,0,33,0,0,0,0,1,
2.024E+11,155 714 271,B01,3,7,0,2,0,26,0,
2.024E+11,155 714 274,A01,3,7,0,2,3,23,0,
2.024E+11,155 714 266,A01,3,7,13,0,2,2,1,
2.024E+11,155 714 265,C01,1,10,9,2,1,1,1,
2.024E+11,155 714 267,A01,1,10,9,9,4,1,0,
2.024E+11,155 714 268,B01,1,7,9,2,4,1,1,
2.024E+11,155 714 261,A01,1,7,0,2,9,17,1,
2.024E+11,155 714 263,B01,1,10,0,2,6,23,1,
2.024E+11,155 714 264,C01,1,7,0,2,3,1,1,
2.024E+11,155 714 260,A01,3,2,13,0,7,23,1,
2.024E+11,155 714 259,A01,1,33,14,2,2,1,1,
2.024E+11,155 714 262,B01,1,7,0,2,3,20,1,
2.024E+11,155 714 256,A01,2,43,9,0,2,1,1,
2.024E+11,155 714 255,A01,1,7,0,2,1,1,1,
2.024E+11,155 714 258,B01,1,7,0,2,4,1,1,
2.024E+11,155 714 254,A01,1,33,0,1,1,1,1,
2.024E+11,155 714 253,B01,1,7,0,2,3,1,1,
2.024E+11,155 714 257,A01,1,7,0,2,1,1,1,
2.024E+11,155 714 249,B01,1,33,0,2,7,1,1,
2.024E+11,155 714 251,A01,1,7,0,2,3,15,2,
2.024E+11,155 714 250,A01,1,33,0,2,3,3,1,
2.024E+11,155 714 252,B01,1,7,0,2,2,16,1,
2.024E+11,155 714 247,A01,2,7,0,2,1,7,1,
2.024E+11,155 714 248,B01,2,1,0,2,4,0,0,
2.024E+11,155 714 246,A01,1,31,0,0,0,1,1,
2.024E+11,155 714 245,A01,3,10,0,1,1,1,1,
2.024E+11,155 714 241,A01,2,7,0,2,1,2,1,
2.024E+11,155 714 242,B01,2,7,0,2,4,2,1,
2.024E+11,155 714 244,C01,2,7,0,2,4,0,3,
2.024E+11,155 714 239,A01,3,99,0,1,0,0,0,
2.024E+11,155 714 240,B01,3,7,0,2,7,1,1,
2.024E+11,155 714 243,A01,2,7,0,2,1,1,1,
2.024E+11,155 714 238,A01,2,7,0,1,1,1,1,
2.024E+11,155 714 233,A01,1,7,14,0,1,1,1,
2.024E+11,155 714 235,B01,1,10,0,2,4,23,1,
2.024E+11,155 714 234,B01,2,43,0,2,2,1,0,
2.024E+11,155 714 237,A01,1,7,0,2,2,15,1,
2.024E+11,155 714 232,A01,1,7,0,2,1,2,1,
2.024E+11,155 714 236,B01,1,7,0,2,4,2,1,
2.024E+11,155 714 229,A01,2,30,8,0,1,1,1,
2.024E+11,155 714 230,A01,3,7,0,1,2,15,1,
2.024E+11,155 714 228,A01,1,31,0,1,1,17,1,
2.024E+11,155 714 223,B01,1,33,0,2,4,1,1,
2.024E+11,155 714 225,A01,1,33,0,2,1,1,1,
2.024E+11,155 714 227,C01,1,33,0,2,4,1,1,
2.024E+11,155 714 222,B01,0,7,0,2,4,2,0,
2.024E+11,155 714 224,A01,0,10,0,2,1,2,0,
2.024E+11,155 714 226,A01,1,33,8,0,1,0,1,
2.024E+11,155 714 219,A01,1,14,0,2,0,24,0,
2.024E+11,155 714 221,B01,1,60,1,0,0,0,5,
2.024E+11,155 714 220,A01,1,7,2,0,8,1,1,
2.024E+11,155 714 214,A01,1,7,0,2,0,0,1,
2.024E+11,155 714 216,B01,1,1,0,2,0,0,5,
2.024E+11,155 714 213,B01,1,7,0,2,4,23,1,
2.024E+11,155 714 217,C01,1,37,0,2,4,23,1,1
2.024E+11,155 714 218,A01,1,7,0,2,1,2,1,
2.024E+11,155 714 210,B01,1,7,0,0,1,1,1,
2.024E+11,155 714 211,A01,1,7,0,0,8,19,1,
2.024E+11,155 714 209,A01,3,7,3,0,1,14,1,
2.024E+11,155 714 206,A01,3,33,0,2,1,13,1,
2.024E+11,155 714 207,C01,3,21,0,2,6,1,0,
2.024E+11,155 714 203,A01,1,21,6,0,9,0,1,
2.024E+11,155 714 204,A01,2,7,0,2,3,13,1,
2.024E+11,155 714 208,B01,2,7,0,2,5,1,1,
2.024E+11,155 714 200,A01,3,36,8,0,0,1,1,
2.024E+11,155 714 197,A01,1,50,0,2,1,1,3,
2.024E+11,155 714 199,B01,1,7,0,2,3,15,1,
2.024E+11,155 714 194,A01,1,7,0,2,1,2,2,
2.024E+11,155 714 195,B01,1,7,0,0,4,0,1,
2.024E+11,155 714 193,C01,2,7,0,2,6,24,1,
2.024E+11,155 714 196,A01,1,21,0,2,3,13,1,
2.024E+11,155 714 198,B01,2,7,1,2,3,1,1,
2.024E+11,155 714 192,A01,1,7,13,0,2,0,0,
2.024E+11,155 714 190,A01,3,7,13,2,0,0,1,
2.024E+11,155 714 191,B01,3,7,13,2,0,0,1,
2.024E+11,155 714 189,A01,3,33,3,0,2,1,1,
2.024E+11,155 714 181,B01,1,7,2,2,1,1,1,
2.024E+11,155 714 184,A01,2,10,0,2,3,1,1,
2.024E+11,155 714 182,A01,1,7,1,0,2,26,1,
2.024E+11,155 714 185,B01,3,3,0,2,3,24,3,
2.024E+11,155 714 183,A01,1,7,0,2,7,15,1,
2.024E+11,155 714 186,B01,2,33,0,2,1,1,1,
2.024E+11,155 714 179,A01,3,15,1,2,4,22,1,
2.024E+11,155 714 180,B01,3,7,1,0,2,21,1,
2.024E+11,155 714 176,A01,3,7,0,9,1,1,1,
2.024E+11,155 714 178,B01,3,50,0,2,8,19,3,
2.024E+11,155 714 173,A01,3,7,0,2,3,1,1,
2.024E+11,155 714 177,B01,3,7,0,2,2,15,1,
2.024E+11,155 714 172,A01,1,2,13,0,7,14,1,
2.024E+11,155 714 171,A01,1,7,13,0,3,1,1,
2.024E+11,155 714 168,A01,1,7,0,2,1,1,1,
2.024E+11,155 714 170,B01,2,7,0,2,2,1,1,
2.024E+11,155 714 166,A01,2,10,0,2,3,9,1,
2.024E+11,155 714 169,B01,2,10,0,2,2,1,1,
2.024E+11,155 714 167,A01,2,7,0,1,1,1,1,
2.024E+11,155 714 164,A01,1,2,6,0,1,14,1,
2.024E+11,155 714 162,A01,1,60,0,2,1,5,5,
2.024E+11,155 714 165,B01,2,7,0,2,1,15,1,
2.024E+11,155 714 161,A01,2,2,0,0,7,14,1,
2.024E+11,155 714 160,B01,2,31,0,2,8,1,1,
2.024E+11,155 714 163,A01,0,7,0,2,2,15,1,
2.024E+11,155 714 157,A01,1,7,0,2,7,17,1,
2.024E+11,155 714 158,B01,1,31,0,2,8,1,1,
2.024E+11,155 714 156,B01,2,1,0,2,6,15,5,
2.024E+11,155 714 159,A01,2,30,0,2,1,15,3,
2.024E+11,155 714 154,A01,2,43,0,2,1,1,1,
2.024E+11,155 714 155,B01,2,7,0,0,3,15,1,
2.024E+11,155 714 152,A01,1,1,0,2,4,1,5,
2.024E+11,155 714 153,B01,1,7,0,2,2,9,1,
2.024E+11,155 714 151,A01,3,7,0,1,4,20,1,
2.024E+11,155 714 150,A01,1,50,0,0,0,1,3,
2.024E+11,155 714 149,A01,3,10,0,1,4,26,1,
2.024E+11,155 714 148,A01,1,7,0,1,2,1,1,
2.024E+11,155 714 145,A01,3,2,0,2,1,15,1,
2.024E+11,155 714 147,B01,3,7,0,2,1,16,1,
2.024E+11,155 714 143,B01,2,1,0,2,1,0,5,
2.024E+11,155 714 144,A01,2,7,0,9,2,15,1,
2.024E+11,155 714 141,A01,1,7,0,2,3,13,1,
2.024E+11,155 714 142,B01,2,15,0,2,3,1,1,
2.024E+11,155 714 139,A01,2,7,0,1,1,1,1,
2.024E+11,155 714 137,B01,1,7,0,2,3,2,1,
2.024E+11,155 714 140,A01,1,7,0,2,2,9,1,
2.024E+11,155 714 138,A01,3,7,0,2,1,1,1,
2.024E+11,155 714 146,B01,3,7,0,2,8,1,1,
2.024E+11,155 714 135,A01,1,3,6,0,1,0,1,
2.024E+11,155 714 134,A01,0,1,0,2,0,0,5,
2.024E+11,155 714 136,B01,0,1,0,2,1,1,5,
2.024E+11,155 714 133,B01,3,50,0,2,0,0,3,
2.024E+11,155 714 130,A01,1,7,0,2,3,13,1,
2.024E+11,155 714 132,B01,2,10,0,2,3,21,1,
2.024E+11,155 714 129,B01,3,1,0,2,0,0,5,
2.024E+11,155 714 131,A01,1,7,0,2,1,1,1,
2.024E+11,155 714 126,B01,1,32,0,2,1,1,1,
2.024E+11,155 714 128,A01,2,7,0,2,3,16,1,
2.024E+11,155 714 124,A01,2,1,0,1,1,1,5,
2.024E+11,155 714 122,A01,1,15,13,2,1,19,1,
2.024E+11,155 714 123,C01,2,7,13,2,3,1,1,
2.024E+11,155 714 125,D01,2,7,13,2,9,1,1,
2.024E+11,155 714 127,E01,2,7,13,2,9,1,1,
2.024E+11,155 714 119,A01,2,7,6,2,1,13,1,
2.024E+11,155 714 121,B01,1,7,0,2,1,1,1,
2.024E+11,155 714 117,A01,2,7,0,2,1,15,1,
2.024E+11,155 714 120,B01,1,33,1,2,1,17,1,
2.024E+11,155 714 116,A01,1,7,0,0,6,15,1,
2.024E+11,155 714 118,B01,1,31,0,2,1,17,1,
2.024E+11,155 714 115,A01,3,2,0,0,0,1,1,
2.024E+11,155 714 113,A01,1,32,0,0,8,1,1,
2.024E+11,155 714 111,A01,1,7,0,2,3,9,1,
2.024E+11,155 714 114,B01,3,30,0,2,2,1,1,
2.024E+11,155 714 110,B01,2,7,0,2,3,16,1,
2.024E+11,155 714 112,A01,1,7,0,2,2,1,1,
2.024E+11,155 714 108,A01,0,15,1,1,6,4,1,
2.024E+11,155 714 109,B01,0,15,0,2,7,24,1,
2.024E+11,155 714 106,A01,1,50,0,1,0,1,3,
2.024E+11,155 714 104,A01,1,10,0,2,3,15,0,
2.024E+11,155 714 107,B01,1,50,0,2,1,1,3,
2.024E+11,155 714 105,A01,1,33,3,0,1,1,1,
2.024E+11,155 714 099,A01,2,7,0,0,5,14,3,
2.024E+11,155 714 102,B01,2,33,0,0,3,3,1,
2.024E+11,155 714 100,A01,3,7,0,2,2,15,2,
2.024E+11,155 714 103,B01,3,7,0,2,0,2,1,
2.024E+11,155 714 101,A01,2,7,0,1,4,4,1,
2.024E+11,155 714 098,A01,2,7,6,0,1,13,1,
2.024E+11,155 714 097,A01,1,7,0,1,4,1,1,
2.024E+11,155 714 096,A01,3,7,0,1,2,2,1,
2.024E+11,155 714 095,A01,2,7,0,0,0,2,1,
2.024E+11,155 714 094,A01,2,7,0,1,1,1,1,
2.024E+11,155 714 093,A01,3,34,1,0,0,1,1,
2.024E+11,155 714 091,A01,1,7,0,1,2,1,1,
2.024E+11,155 714 090,A01,1,7,13,0,1,1,1,
2.024E+11,155 714 092,B01,2,7,0,0,0,0,0,
2.024E+11,155 714 087,A01,2,7,0,2,1,5,1,
2.024E+11,155 714 089,B01,1,10,0,2,1,1,1,
2.024E+11,155 714 086,A01,1,7,0,2,1,1,1,
2.024E+11,155 714 088,B01,1,7,0,2,8,15,1,
2.024E+11,155 714 083,B01,1,14,1,0,1,1,1,
2.024E+11,155 714 085,A01,2,7,0,2,1,13,1,
2.024E+11,155 714 080,A01,3,7,0,2,2,2,1,
2.024E+11,155 714 082,B01,3,7,0,2,6,1,1,
2.024E+11,155 714 079,A01,1,7,0,2,4,1,2,
2.024E+11,155 714 081,B01,1,7,0,2,4,0,1,
2.024E+11,155 714 084,C01,1,7,0,2,1,1,1,
2.024E+11,155 714 077,A01,1,7,0,2,1,1,1,
2.024E+11,155 714 078,B01,0,2,0,2,7,19,1,
2.024E+11,155 714 074,A01,2,14,0,1,1,1,1,
2.024E+11,155 714 075,A01,2,7,0,1,2,1,1,
2.024E+11,155 714 073,A01,3,7,0,2,1,5,1,
2.024E+11,155 714 076,B01,3,7,0,2,3,1,2,
2.024E+11,155 714 072,A01,3,7,0,1,1,1,1,
2.024E+11,155 714 068,B01,1,7,0,2,7,0,1,
2.024E+11,155 714 070,A01,1,2,0,2,1,19,1,
2.024E+11,155 714 067,A01,2,10,0,2,2,14,1,
2.024E+11,155 714 069,B01,2,15,0,0,6,1,1,
2.024E+11,155 714 065,A01,1,7,1,0,1,1,1,
2.024E+11,155 714 062,A01,2,7,0,2,3,1,1,
2.024E+11,155 714 064,B01,1,7,0,2,3,1,1,
2.024E+11,155 714 061,A01,3,7,0,1,2,0,1,
2.024E+11,155 714 058,A01,1,7,7,0,3,26,1,
2.024E+11,155 714 057,A01,3,7,0,2,3,13,1,
2.024E+11,155 714 059,B01,3,10,0,2,3,5,1,
2.024E+11,155 714 060,A01,1,7,0,2,3,1,1,
2.024E+11,155 714 063,B01,1,15,0,2,4,1,1,
2.024E+11,155 714 053,A01,1,7,0,2,1,15,3,
2.024E+11,155 714 056,B01,2,7,0,2,1,1,2,
2.024E+11,155 714 052,A01,2,33,3,2,3,1,1,
2.024E+11,155 714 055,B01,2,10,0,2,2,1,1,
2.024E+11,155 714 051,A01,1,7,0,2,5,16,1,
2.024E+11,155 714 054,B01,1,1,0,2,1,1,5,
2.024E+11,155 714 049,A01,2,34,0,2,9,1,1,
2.024E+11,155 714 050,B01,1,7,0,2,3,13,1,
2.024E+11,155 714 048,A01,1,7,2,0,1,26,1,
2.024E+11,155 714 046,A01,2,7,0,1,2,25,1,
2.024E+11,155 714 044,A01,1,7,0,2,5,15,1,
2.024E+11,155 714 045,B01,1,33,0,2,1,1,1,
2.024E+11,155 714 042,A01,2,7,0,2,2,1,1,
2.024E+11,155 714 047,B01,1,1,0,2,1,1,5,
2.024E+11,155 714 041,B01,2,2,0,2,1,1,1,
2.024E+11,155 714 043,A01,2,7,0,2,3,15,1,
2.024E+11,155 714 040,A01,2,7,3,0,1,13,1,
2.024E+11,155 714 036,A01,2,7,0,0,0,14,1,
2.024E+11,155 714 034,A01,2,33,0,2,1,17,1,
2.024E+11,155 714 035,B01,1,7,0,2,2,1,1,
2.024E+11,155 714 038,A01,1,7,0,1,3,15,1,
2.024E+11,155 714 031,A01,2,10,0,2,3,7,1,
2.024E+11,155 714 033,B01,2,7,0,2,3,15,1,
2.024E+11,155 714 029,A01,1,37,0,2,3,1,1,1
2.024E+11,155 714 032,B01,1,2,0,2,1,1,1,
2.024E+11,155 714 028,B01,3,1,0,2,1,1,5,
2.024E+11,155 714 030,A01,0,10,0,2,5,1,3,
2.024E+11,155 714 026,B01,1,32,0,0,4,1,1,
2.024E+11,155 714 027,A01,1,7,0,2,2,26,1,
2.024E+11,155 714 024,A01,1,7,0,2,3,0,1,
2.024E+11,155 714 025,B01,2,3,0,2,3,0,1,
2.024E+11,155 714 019,A01,0,33,0,0,8,1,1,
2.024E+11,155 714 016,A01,1,7,0,2,1,2,3,
2.024E+11,155 714 017,B01,1,7,0,2,1,2,1,
2.024E+11,155 714 014,A01,0,7,0,2,1,1,1,
2.024E+11,155 714 018,B01,0,7,0,2,7,1,1,
2.024E+11,155 714 011,A01,1,7,0,2,3,26,1,
2.024E+11,155 714 013,B01,2,99,0,2,1,5,3,
2.024E+11,155 714 012,A01,2,1,0,2,1,19,5,
2.024E+11,155 714 015,B01,3,7,0,2,1,1,1,
2.024E+11,155 714 008,A01,1,7,0,2,8,19,1,
2.024E+11,155 714 009,B01,1,7,0,2,1,1,1,
2.024E+11,155 714 007,A01,1,10,0,2,4,1,1,
2.024E+11,155 714 010,B01,1,7,0,2,1,1,1,
2.024E+11,155 714 003,A01,1,7,0,2,8,2,0,
2.024E+11,155 714 005,B01,1,2,0,2,3,2,1,
2.024E+11,155 714 000,A01,1,7,15,2,1,16,1,
2.024E+11,155 714 001,B01,2,7,0,2,3,15,1,
2.024E+11,155 714 004,A01,3,7,0,2,7,15,1,
2.024E+11,155 714 006,B01,3,30,0,2,1,1,1,
2.024E+11,155 713 997,B01,1,14,0,2,3,1,1,
2.024E+11,155 713 998,A01,1,32,0,2,7,3,1,
2.024E+11,155 713 999,A01,2,7,4,2,7,14,1,
2.024E+11,155 714 002,B01,2,10,0,2,8,2,1,
2.024E+11,155 713 995,A01,1,1,0,0,0,1,5,
2.024E+11,155 713 992,Z01,1,7,0,2,7,12,1,
2.024E+11,155 713 994,A01,1,34,0,2,8,3,1,
2.024E+11,155 713 996,B01,1,7,0,2,4,2,1,
2.024E+11,155 713 989,B01,1,7,0,2,5,2,2,
2.024E+11,155 713 990,A01,1,32,0,2,1,2,1,
2.024E+11,155 713 991,A01,1,10,0,2,4,2,1,
2.024E+11,155 713 993,B01,1,7,0,2,1,2,1,
2.024E+11,155 713 986,A01,1,80,0,2,8,15,3,
2.024E+11,155 713 987,B01,1,50,0,2,1,17,3,
2.024E+11,155 713 985,B01,2,33,0,2,1,1,1,
2.024E+11,155 713 988,A01,1,7,0,2,2,15,1,
2.024E+11,155 713 983,Z01,0,7,0,1,1,1,0,
2.024E+11,155 713 984,A01,2,33,14,0,1,2,1,
2.024E+11,155 713 982,A01,2,1,0,0,0,1,5,
2.024E+11,155 713 978,A01,1,7,0,2,3,9,1,
2.024E+11,155 713 980,B01,1,50,0,2,7,14,3,
2.024E+11,155 713 977,A01,1,7,0,2,8,13,1,
2.024E+11,155 713 981,B01,1,15,0,2,2,1,1,
2.024E+11,155 713 976,B01,1,7,0,2,2,0,1,
2.024E+11,155 713 979,A01,2,50,0,2,1,26,3,
2.024E+11,155 713 974,A01,0,32,0,2,1,1,1,
2.024E+11,155 713 975,B01,0,1,0,2,4,1,5,
2.024E+11,155 713 973,A01,1,10,0,1,1,15,3,
2.024E+11,155 713 971,B01,1,33,0,2,4,2,1,
2.024E+11,155 713 972,A01,1,7,0,2,1,2,1,
2.024E+11,155 713 968,A01,1,10,0,2,2,16,1,
2.024E+11,155 713 970,B01,1,1,0,2,1,1,5,
2.024E+11,155 713 964,A01,1,7,1,0,1,1,1,
2.024E+11,155 713 966,B01,1,10,0,2,4,2,1,
2.024E+11,155 713 963,A01,2,7,0,1,1,1,1,
2.024E+11,155 713 965,B01,1,7,0,2,1,2,1,
2.024E+11,155 713 967,C01,1,7,0,0,4,2,1,
2.024E+11,155 713 969,A01,1,7,0,2,1,2,1,
2.024E+11,155 713 961,A01,2,7,0,2,1,2,1,
2.024E+11,155 713 962,B01,2,7,0,2,4,1,2,
2.024E+11,155 713 960,A01,2,3,0,1,1,1,3,
2.024E+11,155 713 956,A01,1,33,0,2,1,2,1,
2.024E+11,155 713 958,B01,1,10,0,2,4,1,1,
2.024E+11,155 713 955,A01,2,7,0,2,1,2,1,
2.024E+11,155 713 957,B01,2,7,0,2,4,23,1,
2.024E+11,155 713 954,A01,0,7,0,2,3,15,1,
2.024E+11,155 713 959,B01,0,33,0,2,1,1,1,
2.024E+11,155 713 951,A01,1,10,0,2,1,2,0,
2.024E+11,155 713 953,B01,1,7,0,2,4,2,1,
2.024E+11,155 713 950,A01,1,7,0,2,1,1,1,
2.024E+11,155 713 952,B01,1,7,0,2,4,1,1,
2.024E+11,155 713 946,A01,1,7,0,2,4,2,1,
2.024E+11,155 713 948,B01,1,10,0,2,1,2,1,
2.024E+11,155 713 945,X01,3,7,0,1,1,0,1,
2.024E+11,155 713 947,A01,1,32,0,2,8,11,1,
2.024E+11,155 713 949,B01,1,10,0,2,2,0,1,
2.024E+11,155 713 943,A01,1,34,4,2,2,3,1,
2.024E+11,155 713 944,B01,1,7,4,2,3,11,1,
2.024E+11,155 713 941,A01,1,7,0,2,3,11,1,
2.024E+11,155 713 942,B01,1,7,0,0,0,1,1,
2.024E+11,155 713 938,A01,2,33,0,2,1,1,1,
2.024E+11,155 713 940,B01,2,7,0,2,4,12,1,
2.024E+11,155 713 936,A01,3,7,0,2,1,1,1,
2.024E+11,155 713 939,B01,3,10,0,2,4,1,1,
2.024E+11,155 713 933,A01,1,7,0,2,8,1,1,
2.024E+11,155 713 935,B01,1,14,0,2,2,1,1,
2.024E+11,155 713 934,A01,0,7,0,2,1,15,1,
2.024E+11,155 713 937,B01,0,34,0,2,1,1,1,
2.024E+11,155 713 930,A01,1,7,1,0,1,1,1,
2.024E+11,155 713 929,A01,1,7,0,2,7,0,1,
2.024E+11,155 713 931,B01,1,7,0,2,8,21,1,
2.024E+11,155 713 928,A01,3,50,0,2,3,19,3,
2.024E+11,155 713 932,B01,1,34,12,2,1,1,1,
2.024E+11,155 713 922,C01,2,33,0,2,1,3,1,
2.024E+11,155 713 924,B01,2,7,0,2,4,1,1,
2.024E+11,155 713 926,A01,2,7,0,2,3,11,1,
2.024E+11,155 713 923,A01,1,1,0,0,3,21,5,
2.024E+11,155 713 925,B01,1,7,0,0,5,1,2,