Num_Acc,id_vehicule,num_veh,senc,catv,obs,obsm,choc,manv,motor,occutc
2.024E+11,155 712 999,A01,3,14,0,2,8,15,1,
2.024E+11,155 713 001,B01,3,7,0,2,8,21,1,
2.024E+11,155 712 998,A01,3,7,2,0,1,1,1,
2.024E+11,155 712 997,Z01,2,0,0,1,1,1,0,
2.024E+11,155 712 996,A01,3,7,0,1,3,1,1,
2.024E+11,155 712 994,A01,3,7,0,1,2,1,1,
2.024E+11,155 712 993,A01,2,50,0,1,1,25,3,
2.024E+11,155 712 989,B01,2,1,0,2,7,1,5,
2.024E+11,155 712 991,A01,2,7,0,2,3,15,1,
2.024E+11,155 712 988,B01,1,1,0,2,8,1,5,
2.024E+11,155 712 990,A01,1,7,0,2,2,1,1,
2.024E+11,155 712 987,A01,2,10,12,0,2,1,1,
2.024E+11,155 712 985,A01,1,10,0,2,6,15,1,
2.024E+11,155 712 986,B01,1,33,0,2,2,1,1,
2.024E+11,155 712 982,A01,2,3,8,0,2,1,1,
2.024E+11,155 712 981,A01,2,30,0,2,1,16,1,
2.024E+11,155 712 984,B01,2,7,0,2,2,15,1,
2.024E+11,155 712 980,A01,3,7,0,9,3,15,1,
2.024E+11,155 712 983,B01,0,1,0,2,6,19,5,
2.024E+11,155 712 979,A01,3,7,0,1,3,1,1,
2.024E+11,155 712 978,A01,1,7,0,1,2,1,1,
2.024E+11,155 712 975,B01,1,50,0,2,1,13,3,
2.024E+11,155 712 977,A01,2,30,0,2,1,21,1,
2.024E+11,155 712 973,A01,1,7,0,2,0,0,1,
2.024E+11,155 712 976,B01,2,32,0,2,1,0,1,
2.024E+11,155 712 974,A01,1,7,0,1,1,15,1,
2.024E+11,155 712 970,A01,3,7,0,1,8,1,1,
2.024E+11,155 712 969,A01,1,7,0,1,0,1,0,
2.024E+11,155 712 968,B01,2,1,0,2,8,5,5,
2.024E+11,155 712 972,A01,1,7,0,2,1,9,1,
2.024E+11,155 712 971,A01,1,10,0,1,1,1,1,
2.024E+11,155 712 967,A01,2,7,0,1,1,1,1,
2.024E+11,155 712 963,A01,2,7,0,0,9,17,1,
2.024E+11,155 712 962,B01,1,7,0,2,3,10,1,
2.024E+11,155 712 966,A01,1,33,0,2,1,17,1,
2.024E+11,155 712 960,B01,3,31,0,2,8,1,1,
2.024E+11,155 712 965,A01,3,7,0,2,1,10,1,
2.024E+11,155 712 961,B01,3,30,0,2,2,1,1,
2.024E+11,155 712 964,A01,3,7,0,2,3,20,1,
2.024E+11,155 712 959,A01,2,50,0,0,1,1,3,
2.024E+11,155 712 958,A01,2,7,1,0,2,13,1,
2.024E+11,155 712 956,A01,1,7,0,2,1,1,1,
2.024E+11,155 712 955,B01,0,7,0,2,4,2,1,
2.024E+11,155 712 957,A01,0,7,0,2,1,2,1,
2.024E+11,155 712 953,A01,1,7,0,1,3,1,1,
2.024E+11,155 712 951,A01,1,7,0,2,1,13,1,
2.024E+11,155 712 954,B01,2,7,0,2,1,1,1,
2.024E+11,155 712 950,A01,2,7,0,2,1,2,1,
2.024E+11,155 712 952,B01,3,7,0,2,8,16,0,
2.024E+11,155 712 944,A01,3,7,1,0,2,1,1,
2.024E+11,155 712 943,A01,0,7,0,2,3,9,1,
2.024E+11,155 712 949,B01,0,1,0,2,7,1,5,
2.024E+11,155 712 945,B01,2,7,0,2,3,1,1,
2.024E+11,155 712 947,A01,1,7,0,2,1,15,1,
2.024E+11,155 712 942,A01,2,10,0,2,7,1,1,
2.024E+11,155 712 946,B01,2,7,0,2,8,1,1,
2.024E+11,155 712 948,C01,2,7,0,2,8,1,1,
2.024E+11,155 712 939,A01,1,7,4,0,1,1,1,
2.024E+11,155 712 938,A01,2,80,0,0,-1,1,3,
2.024E+11,155 712 937,A01,1,7,0,4,6,15,1,
2.024E+11,155 712 941,B01,1,40,0,2,1,1,3,
2.024E+11,155 712 936,B01,3,7,0,2,5,9,2,
2.024E+11,155 712 940,A01,3,7,0,2,1,1,1,
2.024E+11,155 712 932,A01,1,7,0,2,8,10,1,
2.024E+11,155 712 934,B01,1,31,0,2,1,1,3,
2.024E+11,155 712 933,A01,3,7,0,2,1,15,1,
2.024E+11,155 712 935,B01,3,7,0,2,3,1,1,
2.024E+11,155 712 930,A01,2,33,0,1,1,1,1,
2.024E+11,155 712 929,A01,3,7,1,2,1,1,1,
2.024E+11,155 712 931,B01,3,7,0,2,2,1,1,
2.024E+11,155 712 928,A01,2,7,6,0,2,1,1,
2.024E+11,155 712 926,A01,1,7,0,1,3,1,1,
2.024E+11,155 712 927,A01,2,7,0,1,2,15,1,
2.024E+11,155 712 924,A01,2,7,0,2,8,15,1,
2.024E+11,155 712 925,B01,2,99,0,2,1,1,0,
2.024E+11,155 712 921,A01,1,7,0,2,1,9,1,
2.024E+11,155 712 923,B01,1,50,0,2,7,19,3,
2.024E+11,155 712 920,A01,1,34,0,1,1,1,1,
2.024E+11,155 712 919,B01,2,33,0,2,1,1,1,
2.024E+11,155 712 922,A01,1,7,0,2,2,15,0,
2.024E+11,155 712 917,A01,1,7,0,2,1,1,2,
2.024E+11,155 712 918,B01,3,7,0,2,8,1,1,
2.024E+11,155 712 914,B01,3,1,0,2,0,0,5,
2.024E+11,155 712 916,A01,3,30,0,2,5,16,1,
2.024E+11,155 712 911,B01,3,7,0,4,3,1,1,
2.024E+11,155 712 915,A01,3,40,0,2,2,1,3,
2.024E+11,155 712 912,A01,1,80,0,2,4,1,3,
2.024E+11,155 712 913,Z01,1,31,0,2,1,1,0,
2.024E+11,155 712 910,A01,1,7,0,1,2,16,2,
2.024E+11,155 712 908,A01,1,10,0,2,8,19,1,
2.024E+11,155 712 909,B01,1,33,0,2,1,0,1,
2.024E+11,155 712 907,A01,3,7,4,0,1,1,1,
2.024E+11,155 712 905,A01,2,30,9,0,1,2,1,
2.024E+11,155 712 904,A01,1,7,0,2,2,1,1,
2.024E+11,155 712 906,B01,1,50,0,2,5,1,3,
2.024E+11,155 712 902,A01,0,31,0,0,3,1,3,
2.024E+11,155 712 901,A01,1,7,0,2,1,1,1,
2.024E+11,155 712 903,B01,2,1,0,2,1,5,5,
2.024E+11,155 712 899,A01,3,7,0,2,5,15,1,
2.024E+11,155 712 900,B01,3,30,0,2,1,18,1,
2.024E+11,155 712 898,A01,3,7,0,1,1,20,1,
2.024E+11,155 712 897,A01,2,7,0,1,2,17,1,
2.024E+11,155 712 895,B01,3,7,0,2,3,1,1,
2.024E+11,155 712 896,A01,3,7,0,2,1,13,2,
2.024E+11,155 712 894,A01,2,1,0,0,0,2,5,
2.024E+11,155 712 892,A01,3,7,0,2,8,22,1,
2.024E+11,155 712 893,B01,3,1,1,0,7,21,5,
2.024E+11,155 712 887,B01,3,30,0,2,7,19,0,
2.024E+11,155 712 890,A01,3,7,0,2,3,1,0,
2.024E+11,155 712 886,A01,1,10,0,2,1,1,1,
2.024E+11,155 712 889,B01,2,7,0,2,8,1,1,
2.024E+11,155 712 884,A01,2,7,0,0,1,1,1,
2.024E+11,155 712 883,B01,2,7,0,2,4,23,1,
2.024E+11,155 712 885,C01,2,7,0,2,4,23,1,
2.024E+11,155 712 888,D01,2,7,0,2,4,23,1,
2.024E+11,155 712 891,A01,2,7,0,2,1,1,1,
2.024E+11,155 712 882,A01,2,7,2,0,1,1,1,
2.024E+11,155 712 879,A01,2,2,0,0,9,1,1,
2.024E+11,155 712 878,A01,0,7,0,2,3,9,1,
2.024E+11,155 712 881,B01,0,7,0,2,1,0,1,
2.024E+11,155 712 876,A01,2,10,0,2,1,26,1,
2.024E+11,155 712 880,B01,3,7,0,2,6,1,1,
2.024E+11,155 712 877,A01,1,7,6,0,1,26,1,
2.024E+11,155 712 873,A01,3,7,15,0,2,0,2,
2.024E+11,155 712 871,B01,2,2,0,2,1,1,1,
2.024E+11,155 712 874,A01,3,7,0,2,8,9,1,
2.024E+11,155 712 870,B01,0,7,0,2,1,1,1,
2.024E+11,155 712 875,A01,2,7,0,2,8,1,1,
2.024E+11,155 712 867,A01,2,99,0,2,1,2,1,
2.024E+11,155 712 869,C01,3,7,0,2,4,2,1,
2.024E+11,155 712 872,B01,2,10,0,2,4,2,1,
2.024E+11,155 712 866,B01,1,2,0,2,1,17,1,
2.024E+11,155 712 868,A01,2,7,0,2,3,15,1,
2.024E+11,155 712 862,A01,2,2,0,2,9,1,1,
2.024E+11,155 712 865,B01,1,7,0,2,6,1,1,
2.024E+11,155 712 861,B01,3,50,0,2,0,0,3,
2.024E+11,155 712 863,A01,1,0,0,2,0,0,0,
2.024E+11,155 712 860,B01,1,10,0,2,5,2,1,
2.024E+11,155 712 864,A01,1,7,3,2,1,2,1,
2.024E+11,155 712 857,B01,2,32,0,2,1,1,1,
2.024E+11,155 712 859,A01,2,7,0,2,3,2,1,
2.024E+11,155 712 856,A01,2,1,0,2,1,9,5,
2.024E+11,155 712 858,B01,1,10,0,2,6,15,1,
2.024E+11,155 712 854,A01,2,7,13,0,1,0,1,
2.024E+11,155 712 855,A01,1,7,0,1,1,1,1,
2.024E+11,155 712 852,A01,0,7,0,2,1,1,1,
2.024E+11,155 712 853,B01,0,7,0,2,4,1,1,
2.024E+11,155 712 850,A01,1,7,0,0,1,0,1,
2.024E+11,155 712 851,A01,1,7,1,5,2,21,1,
2.024E+11,155 712 849,A01,2,7,13,0,1,0,1,
2.024E+11,155 712 842,B01,2,17,0,0,4,1,1,
2.024E+11,155 712 846,A01,2,10,0,2,1,2,1,
2.024E+11,155 712 840,A01,1,10,0,2,1,1,0,
2.024E+11,155 712 844,B01,1,7,0,2,4,23,1,
2.024E+11,155 712 848,C01,1,7,0,2,4,23,1,
2.024E+11,155 712 841,B01,1,50,0,2,1,1,3,
2.024E+11,155 712 845,A01,2,7,0,2,2,15,1,
2.024E+11,155 712 835,A01,2,33,0,2,2,17,1,
2.024E+11,155 712 838,B01,2,7,0,2,3,11,2,
2.024E+11,155 712 837,B01,3,33,0,2,5,1,1,
2.024E+11,155 712 839,A01,3,33,0,2,3,1,1,
2.024E+11,155 712 834,A01,1,1,0,2,4,1,5,
2.024E+11,155 712 836,B01,1,7,0,2,2,1,2,
2.024E+11,155 712 833,A01,1,32,11,0,8,14,1,
2.024E+11,155 712 830,A01,1,7,6,0,2,0,1,
2.024E+11,155 712 829,B01,2,10,0,0,0,1,1,
2.024E+11,155 712 832,C01,1,7,0,9,3,1,1,
2.024E+11,155 712 828,A01,2,1,0,2,3,1,5,
2.024E+11,155 712 831,B01,2,13,0,2,6,23,1,
2.024E+11,155 712 824,A01,1,7,0,2,1,1,1,
2.024E+11,155 712 827,B01,1,7,0,2,3,16,1,
2.024E+11,155 712 823,A01,1,2,0,2,7,15,1,
2.024E+11,155 712 825,B01,2,7,0,2,1,1,1,
2.024E+11,155 712 822,B01,2,50,0,2,2,9,3,
2.024E+11,155 712 826,A01,2,15,0,9,6,9,1,
2.024E+11,155 712 819,A01,2,7,2,0,3,14,1,
2.024E+11,155 712 817,B01,2,7,0,1,6,23,1,
2.024E+11,155 712 821,A01,1,7,0,1,3,1,1,
2.024E+11,155 712 815,A01,2,10,0,2,1,2,1,
2.024E+11,155 712 818,B01,2,10,0,2,4,2,1,
2.024E+11,155 712 820,C01,2,7,0,2,4,2,1,
2.024E+11,155 712 814,A01,1,15,7,0,6,13,1,
2.024E+11,155 712 816,B01,2,7,0,9,1,1,1,
2.024E+11,155 712 813,A01,1,1,0,1,1,1,5,
2.024E+11,155 712 809,B01,1,7,0,2,6,1,1,
2.024E+11,155 712 812,A01,1,10,0,2,2,17,1,
2.024E+11,155 712 806,A01,1,7,0,2,4,23,1,
2.024E+11,155 712 807,B01,1,7,0,2,4,23,1,
2.024E+11,155 712 808,C01,1,7,0,2,1,1,1,
2.024E+11,155 712 810,D01,1,10,0,2,4,1,1,
2.024E+11,155 712 805,B01,3,7,8,2,1,1,1,
2.024E+11,155 712 811,A01,3,3,0,2,5,15,3,
2.024E+11,155 712 802,A01,1,7,13,0,1,1,1,
2.024E+11,155 712 799,A01,2,7,0,2,3,13,1,
2.024E+11,155 712 803,B01,1,10,0,2,3,1,1,
2.024E+11,155 712 804,C01,1,7,0,2,3,1,1,
2.024E+11,155 712 797,A01,1,7,0,2,3,1,1,
2.024E+11,155 712 800,B01,3,7,0,2,6,15,1,
2.024E+11,155 712 798,A01,2,7,0,2,3,15,2,
2.024E+11,155 712 801,B01,2,32,0,2,8,0,1,
2.024E+11,155 712 796,A01,2,33,0,5,2,2,1,
2.024E+11,155 712 794,A01,2,7,0,2,3,0,1,
2.024E+11,155 712 795,B01,1,7,0,2,3,1,1,
2.024E+11,155 712 793,A01,2,7,4,0,1,19,1,
2.024E+11,155 712 789,A01,2,7,8,0,3,13,1,
2.024E+11,155 712 787,A01,2,7,0,2,1,2,2,
2.024E+11,155 712 792,B01,2,7,0,2,4,1,1,
2.024E+11,155 712 786,A01,1,33,0,2,1,17,1,
2.024E+11,155 712 788,B01,1,7,0,2,6,15,1,
2.024E+11,155 712 785,A01,2,1,0,0,0,1,5,
2.024E+11,155 712 784,A01,3,7,2,0,3,0,3,
2.024E+11,155 712 782,B01,2,7,0,2,4,1,1,
2.024E+11,155 712 783,A01,2,33,0,2,1,1,1,
2.024E+11,155 712 778,A01,1,33,0,2,1,0,0,
2.024E+11,155 712 781,B01,2,7,0,2,3,0,1,
2.024E+11,155 712 776,B01,1,30,0,2,1,1,1,
2.024E+11,155 712 779,A01,1,7,0,9,3,10,1,
2.024E+11,155 712 774,A01,3,7,0,2,1,1,1,
2.024E+11,155 712 775,B01,3,1,0,2,5,19,5,
2.024E+11,155 712 772,A01,1,7,2,0,1,13,1,
2.024E+11,155 712 771,A01,1,33,7,0,1,17,1,
2.024E+11,155 712 770,A01,1,31,0,2,1,0,1,
2.024E+11,155 712 773,B01,2,7,0,2,1,0,1,
2.024E+11,155 712 769,A01,1,7,5,0,2,1,1,
2.024E+11,155 712 768,A01,1,7,0,1,1,1,1,
2.024E+11,155 712 767,A01,0,7,0,1,1,17,2,
2.024E+11,155 712 765,A01,2,34,0,2,1,5,0,
2.024E+11,155 712 766,B01,1,7,0,2,2,1,0,
2.024E+11,155 712 764,A01,2,33,15,0,0,1,1,
2.024E+11,155 712 763,A01,2,7,13,0,2,1,1,
2.024E+11,155 712 762,A01,3,50,0,1,0,1,3,
2.024E+11,155 712 761,Z01,2,2,0,1,0,26,0,
2.024E+11,155 712 760,A01,2,7,7,0,9,1,1,
2.024E+11,155 712 755,A01,2,33,3,2,7,17,1,
2.024E+11,155 712 757,B01,1,7,0,2,1,1,1,
2.024E+11,155 712 754,A01,2,33,0,2,1,1,1,
2.024E+11,155 712 756,B01,2,7,0,0,4,1,1,
2.024E+11,155 712 752,A01,3,2,0,0,9,1,1,
2.024E+11,155 712 751,A01,2,7,0,2,1,1,1,
2.024E+11,155 712 753,B01,2,7,0,2,4,1,1,
2.024E+11,155 712 749,A01,3,7,0,2,1,15,1,
2.024E+11,155 712 750,B01,1,34,0,2,1,1,1,
2.024E+11,155 712 747,A01,3,7,0,2,1,9,1,
2.024E+11,155 712 748,B01,1,7,0,2,1,1,1,
2.024E+11,155 712 746,A01,1,7,2,0,1,0,1,
2.024E+11,155 712 745,A01,3,7,1,0,4,4,1,
2.024E+11,155 712 744,A01,3,7,10,0,1,1,1,
2.024E+11,155 712 742,A01,1,7,2,0,3,0,1,
2.024E+11,155 712 739,G01,2,60,0,2,0,19,5,
2.024E+11,155 712 741,A01,1,7,0,9,7,1,1,
2.024E+11,155 712 740,B01,1,10,0,2,2,9,1,
2.024E+11,155 712 743,A01,1,33,0,2,1,1,1,
2.024E+11,155 712 736,B01,2,7,0,2,1,1,1,
2.024E+11,155 712 738,A01,1,7,0,2,1,13,1,
2.024E+11,155 712 735,A01,1,7,0,1,2,1,1,
2.024E+11,155 712 734,A01,3,7,0,2,3,13,1,
2.024E+11,155 712 737,B01,3,7,0,2,5,23,1,
2.024E+11,155 712 732,A01,2,7,0,2,1,1,1,
2.024E+11,155 712 733,B01,1,7,0,2,1,13,1,
2.024E+11,155 712 731,A01,1,10,0,1,4,4,1,
2.024E+11,155 712 727,A01,2,7,0,9,4,1,1,
2.024E+11,155 712 729,B01,2,17,0,2,1,1,1,
2.024E+11,155 712 724,A01,1,7,0,2,2,26,1,
2.024E+11,155 712 726,B01,2,32,0,2,8,1,1,
2.024E+11,155 712 723,D01,1,7,0,2,2,1,1,
2.024E+11,155 712 725,C01,2,7,0,0,1,1,0,
2.024E+11,155 712 728,B01,2,7,0,0,8,2,1,
2.024E+11,155 712 730,A01,1,7,8,0,1,1,1,
2.024E+11,155 712 722,A01,2,7,2,0,1,1,1,
2.024E+11,155 712 721,A01,1,7,16,0,2,14,1,
2.024E+11,155 712 720,A01,1,7,0,1,8,1,1,
2.024E+11,155 712 719,Z01,1,7,0,1,0,26,0,
2.024E+11,155 712 718,A01,2,7,0,1,2,1,1,
2.024E+11,155 712 715,A01,2,7,0,2,8,19,1,
2.024E+11,155 712 716,B01,1,7,0,2,2,19,1,
2.024E+11,155 712 714,A01,0,7,0,2,3,0,1,
2.024E+11,155 712 717,B01,2,7,0,2,2,1,1,
2.024E+11,155 712 712,B01,3,50,0,2,7,19,3,
2.024E+11,155 712 713,A01,3,37,0,2,1,1,0,1
2.024E+11,155 712 711,A01,0,7,0,1,1,0,1,
2.024E+11,155 712 709,A01,1,7,2,0,8,1,0,
2.024E+11,155 712 708,B01,2,10,0,2,1,21,1,
2.024E+11,155 712 710,A01,2,2,0,2,8,1,1,
2.024E+11,155 712 706,A01,1,7,0,1,8,1,1,
2.024E+11,155 712 704,A01,2,7,0,1,1,1,1,
2.024E+11,155 712 702,B01,2,7,0,2,8,1,1,
2.024E+11,155 712 707,Z01,2,7,0,2,1,1,0,
2.024E+11,155 712 700,A01,0,7,0,2,3,0,0,
2.024E+11,155 712 703,B01,3,32,0,2,1,1,1,
2.024E+11,155 712 698,A01,1,7,0,2,1,1,1,
2.024E+11,155 712 701,B01,2,7,0,2,1,1,1,
2.024E+11,155 712 699,A01,2,7,13,0,1,12,1,
2.024E+11,155 712 694,A01,2,7,4,0,3,2,1,
2.024E+11,155 712 693,A01,1,32,9,2,1,21,1,
2.024E+11,155 712 697,B01,2,7,0,2,3,15,1,
2.024E+11,155 712 690,C01,1,7,0,2,1,2,2,
2.024E+11,155 712 691,D01,1,7,0,2,1,2,1,
2.024E+11,155 712 695,A01,1,7,14,0,1,1,1,
2.024E+11,155 712 696,B01,1,7,0,2,1,2,1,
2.024E+11,155 712 689,A01,2,7,0,2,3,15,2,
2.024E+11,155 712 692,B01,1,7,6,0,9,1,2,
2.024E+11,155 712 686,A01,2,7,0,2,3,1,1,
2.024E+11,155 712 688,B01,1,7,0,2,3,5,1,
2.024E+11,155 712 684,A01,0,7,0,2,2,16,1,
2.024E+11,155 712 687,B01,0,1,0,2,1,21,5,
2.024E+11,155 712 682,B01,1,15,0,2,4,23,1,
2.024E+11,155 712 685,A01,1,7,1,0,1,1,1,
2.024E+11,155 712 681,A01,1,7,0,2,5,15,1,
2.024E+11,155 712 683,B01,3,1,0,2,1,5,5,
2.024E+11,155 712 673,A01,2,7,1,2,2,14,1,
2.024E+11,155 712 676,B01,2,7,0,2,6,23,1,
2.024E+11,155 712 679,C01,2,7,0,2,2,21,1,
2.024E+11,155 712 674,A01,2,7,0,2,1,1,1,
2.024E+11,155 712 677,B01,2,7,0,2,1,1,1,
2.024E+11,155 712 680,C01,2,7,0,2,4,1,2,
2.024E+11,155 712 672,A01,3,7,0,0,8,1,1,
2.024E+11,155 712 678,B01,3,50,0,2,1,19,3,
2.024E+11,155 712 671,B01,2,50,0,2,2,1,3,
2.024E+11,155 712 675,A01,1,7,0,2,1,1,1,
2.024E+11,155 712 669,A01,1,50,8,0,1,2,3,
2.024E+11,155 712 668,A01,2,10,0,2,2,1,1,
2.024E+11,155 712 670,B01,2,17,0,2,4,1,1,
2.024E+11,155 712 663,A01,2,7,4,0,1,0,1,
2.024E+11,155 712 666,B01,2,7,4,0,0,21,1,
2.024E+11,155 712 667,C01,2,7,4,0,1,21,1,
2.024E+11,155 712 662,A01,3,7,0,2,2,16,1,
2.024E+11,155 712 664,B01,3,1,0,2,0,0,5,
2.024E+11,155 712 660,B01,3,33,0,2,7,1,1,
2.024E+11,155 712 665,A01,1,10,0,2,3,9,1,
2.024E+11,155 712 659,A01,1,7,0,2,3,13,1,
2.024E+11,155 712 661,B01,2,7,0,2,3,0,1,
2.024E+11,155 712 658,A01,2,15,4,0,2,1,1,
2.024E+11,155 712 656,A01,3,7,0,9,8,16,1,
2.024E+11,155 712 657,B01,3,1,0,2,1,1,5,
2.024E+11,155 712 654,A01,1,30,0,0,8,2,1,
2.024E+11,155 712 653,A01,1,7,0,1,1,15,1,
2.024E+11,155 712 650,Z01,2,17,0,1,3,1,1,
2.024E+11,155 712 648,A01,1,7,0,2,1,2,1,
2.024E+11,155 712 651,B01,1,7,0,2,4,2,1,
2.024E+11,155 712 652,C01,1,7,0,2,4,2,2,
2.024E+11,155 712 647,B01,2,7,0,2,6,1,1,
2.024E+11,155 712 649,A01,1,2,0,2,1,13,1,
2.024E+11,155 712 643,A01,2,7,0,2,1,1,1,
2.024E+11,155 712 645,B01,2,7,0,0,4,1,1,
2.024E+11,155 712 641,A01,1,33,0,2,1,2,1,
2.024E+11,155 712 644,B01,1,7,0,2,4,2,2,
2.024E+11,155 712 646,A01,2,7,0,2,1,1,1,
2.024E+11,155 712 655,B01,1,7,0,2,3,15,1,
2.024E+11,155 712 637,B01,3,33,0,2,2,17,1,
2.024E+11,155 712 640,A01,3,7,0,2,3,13,1,
2.024E+11,155 712 636,B01,2,7,0,2,8,11,2,
2.024E+11,155 712 638,A01,2,31,0,2,7,3,1,
2.024E+11,155 712 632,B01,0,33,0,2,1,1,1,
2.024E+11,155 712 635,A01,3,7,0,2,2,12,2,
2.024E+11,155 712 630,A01,1,1,0,2,1,2,5,
2.024E+11,155 712 633,B01,1,7,0,0,4,23,1,
2.024E+11,155 712 629,A01,1,10,0,2,1,1,1,
2.024E+11,155 712 634,B01,1,7,0,2,7,1,1,
2.024E+11,155 712 628,A01,1,34,4,0,8,1,1,
2.024E+11,155 712 631,A01,1,33,13,0,1,0,1,
2.024E+11,155 712 626,A01,2,7,0,0,5,1,1,
2.024E+11,155 712 627,B01,2,34,0,2,3,2,1,
2.024E+11,155 712 625,A01,2,43,0,1,1,17,1,
2.024E+11,155 712 622,A01,1,1,0,0,0,26,5,
2.024E+11,155 712 620,B01,2,7,0,2,1,1,1,
2.024E+11,155 712 623,A01,1,10,0,2,1,13,1,
2.024E+11,155 712 619,B01,2,14,0,2,3,1,1,
2.024E+11,155 712 621,A01,1,7,0,2,3,13,1,
2.024E+11,155 712 618,Z01,1,7,0,1,1,1,1,
2.024E+11,155 712 617,B01,2,7,0,2,2,1,1,
2.024E+11,155 712 624,A01,2,33,8,2,1,18,1,
2.024E+11,155 712 616,A01,2,7,13,0,3,1,1,
2.024E+11,155 712 611,Z01,2,7,0,2,4,1,0,
2.024E+11,155 712 614,A01,2,34,0,2,1,1,1,
2.024E+11,155 712 610,B01,0,7,0,9,5,16,1,
2.024E+11,155 712 612,A01,3,1,0,2,1,1,5,
2.024E+11,155 712 615,A01,3,7,0,1,7,1,0,
2.024E+11,155 712 607,A01,1,37,1,0,7,12,1,2
2.024E+11,155 712 609,B01,1,13,0,2,7,23,1,
2.024E+11,155 712 605,B01,2,7,0,2,1,1,1,
2.024E+11,155 712 608,A01,2,7,0,2,1,15,1,
2.024E+11,155 712 603,B01,2,7,0,2,3,9,1,
2.024E+11,155 712 606,A01,2,7,0,2,1,1,1,
2.024E+11,155 712 600,A01,2,15,0,2,2,1,1,
2.024E+11,155 712 602,B01,1,3,0,2,1,11,1,
2.024E+11,155 712 601,A01,2,7,0,0,1,13,1,
2.024E+11,155 712 604,B01,1,7,0,0,1,1,1,
2.024E+11,155 712 597,A01,0,30,0,2,0,0,1,
2.024E+11,155 712 599,B01,0,7,0,2,0,0,1,
2.024E+11,155 712 593,A01,2,33,0,2,8,3,1,
2.024E+11,155 712 594,B01,2,7,0,2,2,1,1,
2.024E+11,155 712 596,C01,2,7,0,2,6,1,1,
2.024E+11,155 712 592,B01,1,7,0,2,2,1,1,
2.024E+11,155 712 595,A01,1,7,0,2,1,1,1,
2.024E+11,155 712 588,B01,1,7,0,2,2,1,1,
2.024E+11,155 712 591,C01,1,7,0,2,6,1,1,
2.024E+11,155 712 598,A01,1,7,0,2,2,2,1,
2.024E+11,155 712 586,A01,2,7,0,2,3,1,1,
2.024E+11,155 712 589,B01,2,7,0,2,2,14,1,
2.024E+11,155 712 585,A01,1,15,0,2,3,1,1,
2.024E+11,155 712 587,B01,1,34,0,2,1,17,1,
2.024E+11,155 712 590,A01,3,7,1,0,1,13,1,
2.024E+11,155 712 584,A01,1,7,4,0,1,1,1,
2.024E+11,155 712 581,B01,2,7,0,2,1,1,3,
2.024E+11,155 712 582,A01,1,7,0,2,1,13,1,
2.024E+11,155 712 580,A01,2,31,0,2,3,16,1,
2.024E+11,155 712 583,B01,1,7,0,2,7,15,1,
2.024E+11,155 712 578,A01,2,33,3,0,0,12,1,
2.024E+11,155 712 579,A01,3,30,0,0,0,1,1,
2.024E+11,155 712 576,A01,2,33,4,0,7,1,1,
2.024E+11,155 712 574,A01,1,7,0,2,6,12,3,
2.024E+11,155 712 577,B01,1,43,0,2,8,1,1,
2.024E+11,155 712 575,A01,0,7,0,2,1,2,1,
2.024E+11,155 712 573,A01,3,33,8,0,8,1,1,
2.024E+11,155 712 572,A01,1,7,0,1,1,26,1,
2.024E+11,155 712 568,A01,1,7,9,0,2,1,1,
2.024E+11,155 712 569,A01,2,33,0,2,1,21,1,
2.024E+11,155 712 571,B01,2,7,0,0,6,1,1,
2.024E+11,155 712 566,A01,2,7,0,2,1,2,1,
2.024E+11,155 712 570,B01,2,7,13,0,4,2,1,
2.024E+11,155 712 565,A01,1,7,0,2,5,1,1,
2.024E+11,155 712 567,B01,3,7,0,2,1,9,1,
2.024E+11,155 712 562,B01,1,10,0,2,5,12,1,
2.024E+11,155 712 563,A01,1,32,0,2,8,18,1,
2.024E+11,155 712 561,B01,1,2,0,2,1,1,1,
2.024E+11,155 712 564,A01,2,7,0,2,1,15,1,
2.024E+11,155 712 558,A01,2,7,0,2,1,2,1,
2.024E+11,155 712 559,B01,2,7,0,1,4,2,1,
2.024E+11,155 712 557,B01,3,7,0,2,3,16,1,
2.024E+11,155 712 560,A01,1,7,0,2,2,26,1,
2.024E+11,155 712 556,A01,3,10,0,1,3,1,1,
2.024E+11,155 712 555,A01,1,7,13,0,1,1,1,
2.024E+11,155 712 552,A01,1,10,1,0,2,1,1,
2.024E+11,155 712 554,B01,3,7,1,0,6,24,1,
2.024E+11,155 712 551,A01,1,31,0,0,0,26,1,
2.024E+11,155 712 550,B01,2,7,0,2,8,15,2,
2.024E+11,155 712 553,A01,2,2,0,2,2,17,3,
2.024E+11,155 712 548,A01,2,7,13,0,1,1,1,
2.024E+11,155 712 547,B01,2,10,0,2,7,15,1,
2.024E+11,155 712 549,A01,1,7,0,2,1,1,1,
2.024E+11,155 712 544,A01,3,7,0,2,1,26,0,
2.024E+11,155 712 546,B01,3,1,0,2,1,26,5,
2.024E+11,155 712 543,A01,1,50,0,0,0,0,3,
2.024E+11,155 712 542,B01,1,2,0,2,1,0,1,
2.024E+11,155 712 545,A01,1,7,0,0,5,0,1,
2.024E+11,155 712 540,A01,2,10,0,2,5,15,1,
2.024E+11,155 712 541,B01,2,34,0,2,3,1,0,
2.024E+11,155 712 535,B01,1,1,0,2,1,1,5,
2.024E+11,155 712 538,A01,2,7,0,2,3,1,1,
2.024E+11,155 712 534,A01,1,7,0,2,1,2,1,
2.024E+11,155 712 537,B01,1,7,0,2,4,2,1,