Num_Acc,id_vehicule,num_veh,senc,catv,obs,obsm,choc,manv,motor,occutc
2.024E+11,155 712 063,A01,3,10,0,2,1,1,1,
2.024E+11,155 712 065,B01,3,10,0,0,7,1,1,
2.024E+11,155 712 060,SA01,3,10,0,1,6,4,1,
2.024E+11,155 712 061,A01,1,7,16,0,0,14,1,
2.024E+11,155 712 057,B01,1,2,0,0,0,17,1,
2.024E+11,155 712 056,A01,1,7,0,2,7,15,1,
2.024E+11,155 712 059,B01,2,7,0,2,1,1,1,
2.024E+11,155 712 054,A01,1,2,1,2,2,18,1,
2.024E+11,155 712 058,B01,1,10,0,2,3,24,3,
2.024E+11,155 712 053,A01,2,10,0,2,1,1,1,
2.024E+11,155 712 055,B01,2,15,0,2,6,23,1,
2.024E+11,155 712 050,A01,0,2,0,1,7,23,1,
2.024E+11,155 712 047,A01,1,33,0,2,1,1,1,
2.024E+11,155 712 052,B01,1,10,0,2,8,11,1,
2.024E+11,155 712 046,A01,2,14,0,2,1,2,1,
2.024E+11,155 712 048,B01,2,7,0,2,4,2,1,
2.024E+11,155 712 051,C01,2,15,0,2,4,2,1,
2.024E+11,155 712 042,A01,2,33,0,2,1,26,1,
2.024E+11,155 712 045,B01,2,7,0,0,2,14,1,
2.024E+11,155 712 049,C01,2,7,0,0,6,1,1,
2.024E+11,155 712 043,B01,2,7,0,2,1,1,1,
2.024E+11,155 712 044,A01,2,31,0,2,4,1,1,
2.024E+11,155 712 041,A01,0,1,0,0,0,1,5,
2.024E+11,155 712 039,A01,1,7,13,0,3,1,1,
2.024E+11,155 712 037,A01,2,10,0,1,5,20,1,
2.024E+11,155 712 038,A01,1,7,0,2,8,9,1,
2.024E+11,155 712 040,B01,1,13,0,2,7,1,1,
2.024E+11,155 712 034,A01,1,33,0,0,0,0,1,
2.024E+11,155 712 033,B01,1,80,0,1,1,1,3,
2.024E+11,155 712 030,A01,1,33,0,0,4,1,1,
2.024E+11,155 712 028,A01,0,1,0,1,1,0,5,
2.024E+11,155 712 029,A01,1,33,0,2,1,3,1,
2.024E+11,155 712 032,B01,1,7,0,2,5,1,1,
2.024E+11,155 712 027,A01,1,10,0,0,3,15,1,
2.024E+11,155 712 031,B01,2,7,0,2,1,1,1,
2.024E+11,155 712 024,A01,3,7,0,2,1,1,0,
2.024E+11,155 712 026,B01,3,7,0,2,1,13,1,
2.024E+11,155 712 023,A01,2,33,0,0,0,21,1,
2.024E+11,155 712 022,A01,1,13,1,1,1,2,3,
2.024E+11,155 712 021,A01,1,7,0,2,1,1,1,
2.024E+11,155 712 025,B01,3,7,0,2,8,23,1,
2.024E+11,155 712 016,B01,0,31,0,2,7,1,1,
2.024E+11,155 712 018,A01,1,7,0,2,8,11,2,
2.024E+11,155 712 015,A01,1,7,0,0,6,15,1,
2.024E+11,155 712 019,B01,2,2,0,2,1,17,1,
2.024E+11,155 712 014,A01,1,7,1,1,8,19,2,
2.024E+11,155 712 017,A01,2,7,0,2,3,1,1,
2.024E+11,155 712 020,B01,1,7,0,2,3,11,1,
2.024E+11,155 712 012,B01,2,21,0,2,3,15,1,
2.024E+11,155 712 013,A01,2,7,0,2,2,17,1,
2.024E+11,155 712 011,A01,2,7,15,0,2,1,1,
2.024E+11,155 712 008,A01,2,33,2,0,0,0,1,
2.024E+11,155 712 007,A01,0,7,0,2,1,1,1,
2.024E+11,155 712 009,B01,0,33,0,2,4,26,1,
2.024E+11,155 712 006,B01,2,17,0,2,2,1,1,
2.024E+11,155 712 010,A01,2,10,0,2,6,11,1,
2.024E+11,155 712 004,A01,1,7,6,0,8,1,1,
2.024E+11,155 712 001,A01,2,50,0,1,0,25,3,
2.024E+11,155 711 999,A01,2,33,0,0,8,1,1,
2.024E+11,155 712 005,B01,2,7,0,2,1,1,0,
2.024E+11,155 711 998,B01,1,33,0,2,1,1,1,
2.024E+11,155 712 003,A01,3,7,0,2,2,19,1,
2.024E+11,155 711 995,B01,2,7,0,0,4,9,1,
2.024E+11,155 711 996,A01,1,33,0,2,1,1,1,
2.024E+11,155 711 992,C01,1,7,0,2,9,2,1,
2.024E+11,155 711 994,A01,1,7,0,2,1,2,1,
2.024E+11,155 711 997,B01,1,7,0,2,9,2,1,
2.024E+11,155 712 000,D01,1,7,0,2,4,2,1,
2.024E+11,155 712 002,E01,1,7,0,2,9,2,1,
2.024E+11,155 711 990,A01,3,7,4,2,2,2,1,
2.024E+11,155 711 993,B01,3,7,0,2,6,1,1,
2.024E+11,155 711 989,A01,1,31,0,0,7,1,1,
2.024E+11,155 711 988,A01,1,7,1,0,1,1,1,
2.024E+11,155 711 987,A01,1,7,0,2,2,15,1,
2.024E+11,155 711 991,B01,1,7,0,2,3,1,1,
2.024E+11,155 711 985,A01,1,7,0,1,3,1,1,
2.024E+11,155 711 984,A01,0,33,13,0,1,0,1,
2.024E+11,155 711 983,A01,2,7,0,2,2,17,1,
2.024E+11,155 711 986,B01,2,7,14,2,6,1,1,
2.024E+11,155 711 980,A01,1,33,0,2,1,3,1,
2.024E+11,155 711 982,B01,1,7,0,2,7,12,1,
2.024E+11,155 711 977,A01,2,7,13,0,1,13,1,
2.024E+11,155 711 978,A01,1,7,0,2,1,1,1,
2.024E+11,155 711 981,B01,1,7,0,2,4,1,1,
2.024E+11,155 711 975,A01,1,7,0,0,4,1,1,
2.024E+11,155 711 979,B01,1,7,0,2,1,2,1,
2.024E+11,155 711 972,A01,1,7,6,0,2,14,1,
2.024E+11,155 711 970,Z01,1,7,0,2,0,12,0,
2.024E+11,155 711 974,A01,1,34,0,2,8,18,1,
2.024E+11,155 711 973,A01,1,7,0,2,1,19,1,
2.024E+11,155 711 976,B01,2,15,0,0,6,1,1,
2.024E+11,155 711 969,A01,2,7,0,1,3,1,1,
2.024E+11,155 711 968,A01,1,10,0,2,3,15,1,
2.024E+11,155 711 971,B01,-1,1,0,2,7,19,5,
2.024E+11,155 711 966,A01,2,31,0,0,7,1,1,
2.024E+11,155 711 965,A01,2,34,0,2,1,1,1,
2.024E+11,155 711 967,B01,1,7,0,2,3,1,1,
2.024E+11,155 711 962,A01,1,7,0,1,1,26,1,
2.024E+11,155 711 961,A01,2,33,0,0,4,1,1,
2.024E+11,155 711 963,B01,2,7,0,0,0,1,1,
2.024E+11,155 711 960,A01,1,7,0,0,1,1,1,
2.024E+11,155 711 959,A01,2,30,0,2,1,2,1,
2.024E+11,155 711 964,B01,2,7,0,0,4,2,1,
2.024E+11,155 711 958,A01,1,7,6,0,1,14,1,
2.024E+11,155 711 957,A01,1,7,0,1,2,1,1,
2.024E+11,155 711 955,A01,2,7,0,2,8,9,1,
2.024E+11,155 711 956,B01,1,1,0,2,7,1,5,
2.024E+11,155 711 953,A01,1,7,0,2,1,1,1,
2.024E+11,155 711 954,B01,2,2,0,2,4,9,1,
2.024E+11,155 711 951,A01,1,7,0,1,1,1,1,
2.024E+11,155 711 950,A01,1,7,5,0,1,1,1,
2.024E+11,155 711 949,B01,0,1,0,2,1,19,5,
2.024E+11,155 711 952,A01,0,7,0,2,3,2,1,
2.024E+11,155 711 948,A01,2,7,8,0,1,14,1,
2.024E+11,155 711 947,A01,2,7,12,0,1,1,1,
2.024E+11,155 711 943,B01,2,21,0,2,3,9,1,
2.024E+11,155 711 946,A01,2,33,0,2,1,1,1,
2.024E+11,155 711 942,A01,2,7,0,2,1,1,1,
2.024E+11,155 711 945,B01,1,1,0,2,7,15,5,
2.024E+11,155 711 941,A01,2,7,0,2,1,15,1,
2.024E+11,155 711 944,B01,1,7,0,2,7,1,1,
2.024E+11,155 711 936,A01,1,33,0,0,2,6,1,
2.024E+11,155 711 937,B01,2,7,0,2,3,1,1,
2.024E+11,155 711 939,A01,1,7,0,2,1,13,1,
2.024E+11,155 711 938,A01,1,10,0,2,2,15,1,
2.024E+11,155 711 940,B01,2,33,0,2,1,1,1,
2.024E+11,155 711 933,A01,1,7,0,2,1,1,1,
2.024E+11,155 711 935,B01,2,50,0,2,8,1,3,
2.024E+11,155 711 932,A01,1,7,8,0,7,1,1,
2.024E+11,155 711 931,A01,3,50,0,2,1,1,3,
2.024E+11,155 711 934,B01,3,7,0,0,8,1,1,
2.024E+11,155 711 929,A01,2,7,0,1,1,1,1,
2.024E+11,155 711 924,A01,3,7,9,2,0,15,1,
2.024E+11,155 711 926,B01,2,60,0,2,0,0,5,
2.024E+11,155 711 925,B01,1,7,13,2,1,1,1,
2.024E+11,155 711 930,A01,2,10,0,2,3,15,1,
2.024E+11,155 711 923,B01,2,7,0,9,1,1,1,
2.024E+11,155 711 928,A01,1,1,0,2,8,19,5,
2.024E+11,155 711 921,A01,3,3,2,2,3,15,1,
2.024E+11,155 711 927,B01,1,7,6,2,1,1,1,
2.024E+11,155 711 917,A01,3,10,0,2,5,16,1,
2.024E+11,155 711 920,B01,3,60,0,2,8,2,5,
2.024E+11,155 711 919,A01,2,7,0,2,3,5,1,
2.024E+11,155 711 922,B01,1,33,0,2,3,1,1,
2.024E+11,155 711 916,A01,2,33,13,0,1,1,1,
2.024E+11,155 711 915,A01,2,7,0,2,7,1,0,
2.024E+11,155 711 918,B01,2,50,0,0,6,2,3,
2.024E+11,155 711 913,A01,1,7,0,2,3,16,1,
2.024E+11,155 711 914,B01,1,2,0,2,3,16,1,
2.024E+11,155 711 911,A01,1,7,2,0,1,1,1,
2.024E+11,155 711 908,B01,2,33,0,2,0,0,1,
2.024E+11,155 711 912,A01,2,7,0,2,3,9,1,
2.024E+11,155 711 909,A01,1,33,16,0,0,1,1,
2.024E+11,155 711 903,Z01,3,1,0,1,1,5,0,
2.024E+11,155 711 904,A01,2,33,13,0,3,1,1,
2.024E+11,155 711 902,B01,1,7,0,4,1,10,0,
2.024E+11,155 711 905,A01,1,40,0,2,5,26,3,
2.024E+11,155 711 900,A01,1,7,0,9,1,1,1,
2.024E+11,155 711 906,B01,1,7,0,2,1,2,1,
2.024E+11,155 711 910,C01,1,38,0,2,1,2,1,1
2.024E+11,155 711 898,A01,3,1,0,2,8,19,5,
2.024E+11,155 711 901,B01,3,7,0,9,2,1,1,
2.024E+11,155 711 897,A01,2,7,0,0,2,0,1,
2.024E+11,155 711 895,A01,0,2,17,2,2,15,1,
2.024E+11,155 711 899,B01,0,7,0,2,2,16,1,
2.024E+11,155 711 896,A01,2,33,12,0,1,16,1,
2.024E+11,155 711 893,A01,1,32,0,2,2,0,1,
2.024E+11,155 711 894,B01,2,7,0,2,2,0,1,
2.024E+11,155 711 889,A01,3,21,0,1,2,1,0,
2.024E+11,155 711 888,B01,1,7,0,2,6,2,1,
2.024E+11,155 711 890,A01,1,7,0,2,2,2,0,
2.024E+11,155 711 891,A01,3,7,15,0,2,0,1,
2.024E+11,155 711 887,A01,1,2,0,2,7,1,1,
2.024E+11,155 711 892,B01,1,7,0,2,3,1,1,
2.024E+11,155 711 882,A01,2,7,0,1,2,9,3,
2.024E+11,155 711 883,A01,1,31,2,9,1,2,1,
2.024E+11,155 711 884,B01,2,2,0,2,1,1,1,
2.024E+11,155 711 886,A01,1,7,0,2,3,15,1,
2.024E+11,155 711 880,A01,2,7,0,2,2,12,1,
2.024E+11,155 711 885,B01,2,32,0,2,3,1,1,
2.024E+11,155 711 879,A01,2,33,0,2,1,13,1,
2.024E+11,155 711 881,B01,1,7,0,2,1,1,1,
2.024E+11,155 711 875,A01,1,7,6,2,2,1,1,
2.024E+11,155 711 878,B01,2,21,9,2,2,5,1,
2.024E+11,155 711 876,A01,2,7,2,0,1,1,1,
2.024E+11,155 711 873,B01,2,7,0,2,2,17,1,
2.024E+11,155 711 877,A01,2,33,0,2,1,17,1,
2.024E+11,155 711 872,A01,2,1,7,0,1,0,5,
2.024E+11,155 711 871,B01,1,33,0,2,1,1,1,
2.024E+11,155 711 874,A01,2,10,0,2,3,10,1,
2.024E+11,155 711 869,A01,1,7,2,0,1,1,1,
2.024E+11,155 711 864,C01,2,30,0,0,0,1,1,
2.024E+11,155 711 868,B01,2,2,0,0,0,1,1,
2.024E+11,155 711 870,A01,2,31,0,0,5,17,1,
2.024E+11,155 711 863,A01,3,7,0,2,1,19,1,
2.024E+11,155 711 867,B01,3,10,0,2,8,16,1,
2.024E+11,155 711 862,A01,3,2,0,2,1,13,1,
2.024E+11,155 711 866,B01,3,7,0,2,3,1,1,
2.024E+11,155 711 861,B01,3,33,0,2,1,16,1,
2.024E+11,155 711 865,A01,1,7,0,2,3,15,1,
2.024E+11,155 711 859,A01,2,7,0,2,2,17,1,
2.024E+11,155 711 860,B01,2,21,0,0,4,13,1,
2.024E+11,155 711 858,A01,1,31,0,0,0,14,1,
2.024E+11,155 711 854,A01,3,2,0,0,0,1,1,
2.024E+11,155 711 855,B01,2,33,0,2,1,17,1,
2.024E+11,155 711 857,A01,2,7,0,2,3,15,1,
2.024E+11,155 711 852,A01,1,7,13,2,1,3,0,
2.024E+11,155 711 856,B01,1,15,0,0,4,2,0,
2.024E+11,155 711 847,A01,3,7,0,0,0,21,1,
2.024E+11,155 711 851,B01,3,33,17,0,1,21,1,
2.024E+11,155 711 849,B01,1,7,0,2,2,19,1,
2.024E+11,155 711 853,A01,0,2,0,2,1,0,1,
2.024E+11,155 711 846,A01,2,7,0,0,3,19,1,
2.024E+11,155 711 850,B01,1,33,0,2,1,17,1,
2.024E+11,155 711 844,A01,1,7,2,0,1,1,1,
2.024E+11,155 711 843,A01,1,7,2,0,3,1,1,
2.024E+11,155 711 841,B01,3,31,0,2,5,0,1,
2.024E+11,155 711 845,A01,3,7,3,2,5,1,1,
2.024E+11,155 711 839,B01,2,33,0,2,8,1,1,
2.024E+11,155 711 842,A01,3,7,0,2,1,9,1,
2.024E+11,155 711 840,A01,1,7,0,1,3,1,1,
2.024E+11,155 711 833,B01,1,7,0,2,2,17,1,
2.024E+11,155 711 835,A01,1,1,0,2,8,15,5,
2.024E+11,155 711 830,A01,2,31,0,0,0,1,1,
2.024E+11,155 711 829,B01,1,1,0,2,7,1,5,
2.024E+11,155 711 832,D01,1,1,0,2,7,1,5,
2.024E+11,155 711 836,A01,2,7,0,9,1,1,1,
2.024E+11,155 711 838,C01,1,1,0,2,7,1,5,
2.024E+11,155 711 827,A01,3,7,0,2,1,2,1,
2.024E+11,155 711 828,B01,3,7,0,2,4,2,1,
2.024E+11,155 711 831,C01,3,7,0,2,4,2,1,
2.024E+11,155 711 822,B01,2,7,0,0,0,13,1,
2.024E+11,155 711 824,A01,1,33,0,0,3,1,1,
2.024E+11,155 711 820,A01,1,7,0,2,3,15,1,
2.024E+11,155 711 821,B01,2,31,0,2,1,1,1,
2.024E+11,155 711 825,A01,3,7,0,0,0,1,1,
2.024E+11,155 711 823,A01,2,10,0,2,8,10,1,
2.024E+11,155 711 826,B01,2,33,0,2,2,1,1,
2.024E+11,155 711 819,A01,1,7,2,0,2,0,1,
2.024E+11,155 711 818,A01,1,7,2,0,1,1,1,
2.024E+11,155 711 816,A01,3,7,0,1,1,1,1,
2.024E+11,155 711 814,B01,1,2,0,2,1,1,1,
2.024E+11,155 711 817,A01,3,7,0,2,3,9,1,
2.024E+11,155 711 811,B01,1,1,0,2,1,1,5,
2.024E+11,155 711 815,A01,1,10,0,2,2,15,1,
2.024E+11,155 711 808,A01,1,7,0,2,1,13,1,
2.024E+11,155 711 812,B01,2,10,0,2,3,26,1,
2.024E+11,155 711 809,A01,3,1,0,2,7,1,5,
2.024E+11,155 711 813,B01,1,7,0,9,1,1,1,
2.024E+11,155 711 806,A01,2,7,0,2,1,1,1,
2.024E+11,155 711 810,B01,3,1,0,2,0,0,5,
2.024E+11,155 711 805,A01,2,43,3,0,3,13,1,
2.024E+11,155 711 804,A01,2,33,0,0,8,1,1,
2.024E+11,155 711 803,A01,0,7,0,2,5,9,1,
2.024E+11,155 711 807,B01,2,7,0,2,1,1,1,
2.024E+11,155 711 797,B01,2,2,0,2,2,1,0,
2.024E+11,155 711 799,A01,2,7,0,2,3,9,1,
2.024E+11,155 711 796,B01,1,1,0,2,5,18,5,
2.024E+11,155 711 798,A01,1,7,0,2,5,22,1,
2.024E+11,155 711 795,A01,2,33,0,2,8,13,1,
2.024E+11,155 711 801,B01,1,33,0,2,8,1,1,
2.024E+11,155 711 792,A01,3,60,0,2,1,2,5,
2.024E+11,155 711 793,B01,3,7,0,0,5,2,1,
2.024E+11,155 711 790,A01,1,7,15,1,2,1,1,
2.024E+11,155 711 791,A01,1,7,0,2,3,11,1,
2.024E+11,155 711 794,B01,2,7,0,2,3,13,1,
2.024E+11,155 711 785,B01,3,50,0,2,1,17,3,
2.024E+11,155 711 788,A01,3,7,0,2,3,15,1,
2.024E+11,155 711 787,B01,3,7,0,2,2,15,1,
2.024E+11,155 711 789,A01,3,2,0,2,1,16,1,
2.024E+11,155 711 786,A01,2,7,0,1,2,1,1,
2.024E+11,155 711 783,A01,2,7,0,2,6,11,1,
2.024E+11,155 711 784,B01,2,33,0,2,1,0,1,
2.024E+11,155 711 782,A01,1,7,6,0,2,2,1,
2.024E+11,155 711 781,A01,0,7,0,0,0,1,1,
2.024E+11,155 711 778,A01,1,7,8,0,3,0,1,
2.024E+11,155 711 779,A01,1,7,0,2,3,15,1,
2.024E+11,155 711 780,B01,1,33,0,2,1,17,1,
2.024E+11,155 711 776,A01,1,33,0,2,1,9,1,
2.024E+11,155 711 777,B01,1,7,0,2,4,1,1,
2.024E+11,155 711 774,B01,2,50,0,0,4,2,3,
2.024E+11,155 711 775,A01,2,7,0,9,1,2,1,
2.024E+11,155 711 769,A01,2,34,4,0,7,14,1,
2.024E+11,155 711 768,C01,1,7,0,2,1,1,1,
2.024E+11,155 711 770,A01,1,7,0,2,2,17,1,
2.024E+11,155 711 772,B01,1,7,3,0,9,1,1,
2.024E+11,155 711 773,D01,1,10,0,2,1,1,1,
2.024E+11,155 711 766,A01,2,7,0,2,3,1,1,
2.024E+11,155 711 771,B01,1,2,0,2,1,9,1,
2.024E+11,155 711 760,A01,2,7,0,2,7,17,1,
2.024E+11,155 711 763,B01,2,15,0,2,6,1,1,
2.024E+11,155 711 761,A01,3,7,0,0,3,9,1,
2.024E+11,155 711 765,B01,3,1,0,0,8,9,5,
2.024E+11,155 711 767,C01,3,1,0,0,1,9,5,
2.024E+11,155 711 759,B01,2,14,0,2,8,1,0,
2.024E+11,155 711 762,A01,1,7,0,0,6,14,1,
2.024E+11,155 711 764,C01,1,31,0,2,1,13,1,
2.024E+11,155 711 758,A01,2,7,0,1,1,1,1,
2.024E+11,155 711 756,A01,1,7,0,2,1,1,1,
2.024E+11,155 711 757,B01,1,17,0,2,4,2,1,
2.024E+11,155 711 755,A01,1,7,0,1,1,1,1,
2.024E+11,155 711 753,A01,2,2,0,0,0,0,1,
2.024E+11,155 711 752,A01,1,33,0,2,1,1,1,
2.024E+11,155 711 754,B01,2,10,0,2,7,9,1,
2.024E+11,155 711 751,A01,3,10,0,1,4,20,1,
2.024E+11,155 711 749,A01,1,7,8,0,1,13,1,
2.024E+11,155 711 750,A01,1,33,0,0,0,1,1,
2.024E+11,155 711 747,A01,1,7,2,0,1,14,1,
2.024E+11,155 711 746,B01,2,32,0,2,1,1,1,
2.024E+11,155 711 748,A01,1,7,0,2,2,15,1,
2.024E+11,155 711 744,A01,3,10,0,1,2,19,1,
2.024E+11,155 711 743,A01,0,7,0,2,1,1,1,
2.024E+11,155 711 745,B01,3,36,0,2,3,0,1,
2.024E+11,155 711 739,A01,1,7,3,0,1,1,1,
2.024E+11,155 711 740,A01,3,33,0,1,2,25,1,
2.024E+11,155 711 734,A01,3,7,0,2,0,2,1,
2.024E+11,155 711 735,B01,3,31,0,2,0,2,1,
2.024E+11,155 711 732,A01,2,7,0,0,9,1,2,
2.024E+11,155 711 733,A01,1,33,0,2,3,13,1,
2.024E+11,155 711 736,B01,2,15,0,2,3,14,1,
2.024E+11,155 711 729,B01,3,99,0,2,2,1,1,
2.024E+11,155 711 731,A01,3,1,0,2,1,13,5,
2.024E+11,155 711 730,A01,1,3,12,0,7,15,3,
2.024E+11,155 711 728,A01,1,15,0,1,1,1,1,
2.024E+11,155 711 726,A01,2,7,0,2,1,13,1,
2.024E+11,155 711 727,B01,1,38,0,2,1,1,1,1
2.024E+11,155 711 722,A01,2,33,0,9,1,1,1,
2.024E+11,155 711 721,A01,2,7,0,2,2,9,1,
2.024E+11,155 711 724,B01,2,31,0,2,4,1,1,
2.024E+11,155 711 720,A01,2,80,12,0,0,1,3,
2.024E+11,155 711 719,A01,3,10,0,1,1,1,1,
2.024E+11,155 711 717,A01,2,33,0,0,2,1,1,
2.024E+11,155 711 716,A01,2,7,0,2,1,2,1,
2.024E+11,155 711 718,B01,2,7,0,2,4,2,1,
2.024E+11,155 711 713,A01,2,7,0,2,7,19,1,
2.024E+11,155 711 715,B01,2,33,0,2,8,1,1,
2.024E+11,155 711 712,A01,1,33,0,0,2,1,1,
2.024E+11,155 711 711,B01,3,1,0,2,1,1,5,
2.024E+11,155 711 714,A01,1,7,0,2,7,1,1,
2.024E+11,155 711 707,A01,1,33,0,0,9,1,1,
2.024E+11,155 711 708,A01,2,1,0,2,8,1,5,
2.024E+11,155 711 710,B01,2,7,0,2,1,16,1,
2.024E+11,155 711 706,B01,2,10,0,2,6,11,1,
2.024E+11,155 711 709,A01,2,33,0,2,2,3,1,
2.024E+11,155 711 704,A01,2,7,0,1,1,1,1,
2.024E+11,155 711 703,A01,1,31,0,2,0,5,1,
2.024E+11,155 711 705,B01,2,31,0,2,0,26,1,
2.024E+11,155 711 702,A01,2,7,4,0,1,26,1,
2.024E+11,155 711 699,A01,2,33,0,2,7,0,1,
2.024E+11,155 711 700,B01,2,7,0,2,6,0,1,
2.024E+11,155 711 697,A01,1,7,0,2,4,2,2,
2.024E+11,155 711 698,B01,1,7,0,2,3,2,1,
2.024E+11,155 711 701,C01,2,7,0,2,1,1,1,
2.024E+11,155 711 695,A01,1,33,0,0,0,1,1,
2.024E+11,155 711 694,A01,3,33,0,2,7,17,1,
2.024E+11,155 711 696,B01,3,7,0,2,3,15,1,
2.024E+11,155 711 692,A01,1,7,0,2,2,15,1,
2.024E+11,155 711 693,B01,1,2,0,2,1,1,1,
2.024E+11,155 711 690,A01,1,33,0,2,1,2,1,
2.024E+11,155 711 691,B01,1,7,0,2,4,1,1,
2.024E+11,155 711 688,A01,1,7,15,2,3,13,1,
2.024E+11,155 711 689,B01,2,7,0,2,3,1,1,
2.024E+11,155 711 686,A01,1,7,8,0,1,13,1,
2.024E+11,155 711 685,A01,2,7,0,2,2,13,1,
2.024E+11,155 711 687,B01,1,7,0,2,2,1,1,
2.024E+11,155 711 681,A01,3,7,0,2,3,13,1,
2.024E+11,155 711 683,B01,3,7,0,2,3,1,1,
2.024E+11,155 711 682,A01,1,7,0,0,1,13,1,
2.024E+11,155 711 684,B01,2,7,0,0,1,0,1,
2.024E+11,155 711 679,A01,2,7,2,0,1,13,1,
2.024E+11,155 711 678,A01,2,1,0,2,3,1,5,
2.024E+11,155 711 680,B01,1,7,0,2,3,1,1,
2.024E+11,155 711 676,B01,1,1,0,2,4,2,5,
2.024E+11,155 711 677,A01,1,1,0,2,1,2,5,
2.024E+11,155 711 674,A01,1,10,8,0,1,1,1,
2.024E+11,155 711 673,A01,2,7,0,2,7,11,1,
2.024E+11,155 711 675,B01,1,33,0,2,1,1,1,
2.024E+11,155 711 671,A01,3,10,8,0,1,13,1,
2.024E+11,155 711 672,A01,2,10,0,0,7,1,1,
2.024E+11,155 711 669,A01,2,33,0,2,1,17,1,
2.024E+11,155 711 670,B01,2,7,0,0,6,15,1,
2.024E+11,155 711 666,B01,2,33,0,2,1,1,1,
2.024E+11,155 711 667,A01,2,7,0,2,5,10,1,
2.024E+11,155 711 664,A01,3,36,0,0,9,1,1,
2.024E+11,155 711 663,A01,1,7,0,2,1,2,1,
2.024E+11,155 711 665,B01,1,7,0,2,1,23,1,
2.024E+11,155 711 668,C01,1,7,0,0,4,23,1,
2.024E+11,155 711 661,A01,1,36,0,0,2,1,1,
2.024E+11,155 711 659,A01,3,7,0,2,4,4,1,
2.024E+11,155 711 660,B01,3,32,0,2,1,1,1,
2.024E+11,155 711 657,A01,1,7,0,2,3,15,2,
2.024E+11,155 711 658,B01,1,33,0,2,2,17,1,
2.024E+11,155 711 655,A01,2,33,0,2,1,1,1,
2.024E+11,155 711 656,B01,3,7,0,2,4,9,1,
2.024E+11,155 711 653,A01,0,31,0,0,0,1,1,
2.024E+11,155 711 651,A01,3,33,0,0,9,1,1,
2.024E+11,155 711 652,B01,1,7,0,2,1,1,1,
2.024E+11,155 711 654,A01,2,10,0,2,2,0,1,
2.024E+11,155 711 650,A01,2,7,0,1,1,1,1,
2.024E+11,155 711 649,A01,1,13,9,1,5,17,1,
2.024E+11,155 711 647,A01,1,33,0,2,1,2,1,
2.024E+11,155 711 648,B01,1,15,0,2,4,17,-1,
2.024E+11,155 711 643,B01,1,7,0,2,9,2,1,
2.024E+11,155 711 645,A01,1,10,0,2,1,1,1,
2.024E+11,155 711 646,C01,1,7,0,2,4,2,2,
2.024E+11,155 711 642,A01,2,10,1,0,1,2,1,
2.024E+11,155 711 644,B01,2,15,0,0,4,23,1,
2.024E+11,155 711 638,B01,2,7,0,2,9,13,1,
2.024E+11,155 711 640,C01,2,7,0,2,4,1,1,
2.024E+11,155 711 641,A01,2,33,0,2,1,2,1,
2.024E+11,155 711 639,A01,1,7,4,0,1,17,1,
2.024E+11,155 711 636,A01,2,7,0,2,1,2,1,
2.024E+11,155 711 637,B01,2,7,0,2,4,1,1,
2.024E+11,155 711 633,A01,2,43,0,2,3,3,0,
2.024E+11,155 711 634,B01,2,7,0,2,5,14,0,
2.024E+11,155 711 632,A01,3,50,0,2,1,15,3,
2.024E+11,155 711 635,B01,3,7,0,9,1,1,1,
2.024E+11,155 711 630,B01,1,10,0,2,5,1,1,
2.024E+11,155 711 631,A01,1,7,0,2,1,1,1,
2.024E+11,155 711 626,A01,1,7,0,2,8,11,1,
2.024E+11,155 711 628,B01,1,33,0,2,1,3,1,
2.024E+11,155 711 627,B01,2,2,0,2,1,1,1,
2.024E+11,155 711 629,A01,2,7,0,2,7,19,1,
2.024E+11,155 711 621,C01,1,7,0,2,4,1,1,
2.024E+11,155 711 622,D01,1,7,0,2,4,1,1,
2.024E+11,155 711 624,A01,1,7,0,2,1,1,1,
2.024E+11,155 711 625,B01,1,7,0,2,4,1,1,
2.024E+11,155 711 620,A01,2,7,4,2,2,1,1,
2.024E+11,155 711 623,B01,2,7,4,2,4,1,1,
2.024E+11,155 711 618,B01,1,7,0,2,2,0,1,
2.024E+11,155 711 619,A01,1,7,0,2,6,11,2,
2.024E+11,155 711 617,A01,1,7,1,1,2,0,1,
2.024E+11,155 711 615,A01,1,30,0,2,1,5,3,
2.024E+11,155 711 616,B01,1,33,0,2,1,1,1,
2.024E+11,155 711 612,A01,2,33,3,0,1,0,1,
2.024E+11,155 711 613,A01,1,7,0,2,3,1,1,
2.024E+11,155 711 614,B01,2,7,0,2,3,1,1,
2.024E+11,155 711 610,A01,2,7,0,2,1,1,1,
2.024E+11,155 711 611,B01,2,17,0,2,5,2,1,
2.024E+11,155 711 606,C01,1,33,0,2,2,2,1,
2.024E+11,155 711 607,A01,2,7,0,2,3,2,1,
2.024E+11,155 711 608,B01,2,2,0,2,4,2,1,
2.024E+11,155 711 605,B01,1,50,0,2,8,15,3,
2.024E+11,155 711 609,A01,2,7,0,2,3,1,1,
2.024E+11,155 711 603,A01,1,7,0,2,8,15,1,
2.024E+11,155 711 604,B01,1,10,0,2,1,7,1,
2.024E+11,155 711 601,A01,3,7,0,0,9,13,1,
2.024E+11,155 711 599,B01,3,7,0,2,6,1,1,
2.024E+11,155 711 600,C01,3,7,0,2,3,1,1,