Num_Acc,id_vehicule,num_veh,senc,catv,obs,obsm,choc,manv,motor,occutc
2.024E+11,155 711 145,C01,1,1,0,2,3,1,5,
2.024E+11,155 711 135,A01,1,7,0,2,1,2,1,
2.024E+11,155 711 140,B01,1,7,0,0,4,2,1,
2.024E+11,155 711 136,A01,1,7,3,0,9,21,1,
2.024E+11,155 711 134,B01,1,10,0,2,5,22,1,
2.024E+11,155 711 138,A01,2,30,0,2,1,18,1,
2.024E+11,155 711 137,A01,2,10,0,2,1,2,1,
2.024E+11,155 711 139,B01,2,7,0,2,4,2,1,
2.024E+11,155 711 133,A01,2,7,2,0,9,14,1,
2.024E+11,155 711 131,A01,2,7,0,1,1,1,1,
2.024E+11,155 711 127,A01,1,7,0,0,1,0,1,
2.024E+11,155 711 129,B01,2,7,0,0,1,0,1,
2.024E+11,155 711 126,B01,2,2,0,2,1,0,0,
2.024E+11,155 711 130,A01,1,7,6,2,1,13,1,
2.024E+11,155 711 123,A01,2,7,14,0,3,2,1,
2.024E+11,155 711 125,A01,2,10,0,2,1,2,1,
2.024E+11,155 711 128,B01,2,7,0,2,4,2,1,
2.024E+11,155 711 132,C01,2,7,0,2,4,2,3,
2.024E+11,155 711 124,A01,2,7,0,1,1,0,0,
2.024E+11,155 711 122,A01,2,7,13,0,2,1,1,
2.024E+11,155 711 119,B01,1,33,0,0,1,2,1,
2.024E+11,155 711 121,A01,1,33,0,2,4,2,1,
2.024E+11,155 711 116,A01,1,33,0,2,1,0,1,
2.024E+11,155 711 118,B01,1,7,0,2,6,11,1,
2.024E+11,155 711 114,B01,2,33,0,2,7,3,1,
2.024E+11,155 711 117,C01,2,7,0,2,7,1,1,
2.024E+11,155 711 120,A01,2,7,0,2,3,11,1,
2.024E+11,155 711 113,B01,1,7,0,2,2,2,1,
2.024E+11,155 711 115,A01,1,1,0,0,8,2,5,
2.024E+11,155 711 110,A01,2,7,2,2,3,1,1,
2.024E+11,155 711 112,B01,1,7,0,2,3,1,1,
2.024E+11,155 711 109,A01,1,7,2,0,1,1,0,
2.024E+11,155 711 108,A01,2,7,0,2,2,12,1,
2.024E+11,155 711 111,B01,2,33,0,2,8,3,1,
2.024E+11,155 711 107,A01,1,33,14,0,0,13,1,
2.024E+11,155 711 104,A01,1,7,0,2,1,13,1,
2.024E+11,155 711 106,B01,2,7,0,2,3,1,1,
2.024E+11,155 711 103,A01,3,31,0,2,1,17,0,
2.024E+11,155 711 105,B01,3,31,0,2,4,17,1,
2.024E+11,155 711 098,A01,1,7,0,2,1,13,1,
2.024E+11,155 711 101,B01,2,7,0,2,3,1,1,
2.024E+11,155 711 097,B01,3,17,0,0,6,24,1,
2.024E+11,155 711 100,A01,0,7,0,2,1,1,1,
2.024E+11,155 711 096,A01,1,33,5,0,3,13,1,
2.024E+11,155 711 094,A01,2,7,0,2,1,1,1,
2.024E+11,155 711 099,B01,2,7,0,2,4,1,1,
2.024E+11,155 711 102,C01,2,7,0,2,6,1,1,
2.024E+11,155 711 093,A01,3,7,0,0,3,0,1,
2.024E+11,155 711 095,B01,3,99,0,2,1,0,5,
2.024E+11,155 711 091,A01,1,33,13,0,1,0,1,
2.024E+11,155 711 088,C01,1,1,0,2,4,1,5,
2.024E+11,155 711 090,B01,1,1,0,2,4,1,5,
2.024E+11,155 711 092,A01,0,7,0,2,2,0,1,
2.024E+11,155 711 086,A01,1,2,15,0,1,17,1,
2.024E+11,155 711 083,A01,2,7,13,0,1,1,1,
2.024E+11,155 711 084,A01,2,7,0,2,1,2,0,
2.024E+11,155 711 087,B01,2,7,0,2,4,23,2,
2.024E+11,155 711 089,C01,2,7,0,2,4,23,1,
2.024E+11,155 711 082,B01,2,31,0,2,1,1,1,
2.024E+11,155 711 085,A01,1,7,0,2,2,15,1,
2.024E+11,155 711 081,A01,2,31,0,0,7,0,1,
2.024E+11,155 711 079,A01,2,32,0,2,1,2,1,
2.024E+11,155 711 080,B01,2,7,0,2,4,23,1,
2.024E+11,155 711 076,A01,1,7,0,0,3,2,1,
2.024E+11,155 711 078,B01,1,7,4,2,3,14,1,
2.024E+11,155 711 075,A01,1,7,2,2,0,1,1,
2.024E+11,155 711 077,B01,2,33,0,2,1,1,1,
2.024E+11,155 711 072,A01,2,2,7,0,1,14,1,
2.024E+11,155 711 071,B01,2,7,0,0,4,2,1,
2.024E+11,155 711 074,A01,2,38,0,2,1,2,1,1
2.024E+11,155 711 070,B01,1,7,0,2,4,23,1,
2.024E+11,155 711 073,A01,1,7,0,2,1,1,1,
2.024E+11,155 711 068,A01,1,7,0,2,1,2,1,
2.024E+11,155 711 069,B01,1,7,0,0,4,2,1,
2.024E+11,155 711 067,A01,3,7,0,1,8,1,1,
2.024E+11,155 711 063,B01,1,33,0,2,1,2,1,
2.024E+11,155 711 065,A01,1,10,0,2,4,2,1,
2.024E+11,155 711 062,A01,1,7,1,0,1,14,1,
2.024E+11,155 711 066,B01,1,7,0,2,4,23,2,
2.024E+11,155 711 061,A01,2,31,0,2,1,17,1,
2.024E+11,155 711 064,B01,1,7,0,2,1,1,1,
2.024E+11,155 711 060,A01,2,7,3,0,0,1,1,
2.024E+11,155 711 055,B01,2,7,0,2,3,1,1,
2.024E+11,155 711 059,A01,1,10,0,2,3,13,1,
2.024E+11,155 711 054,B01,2,7,0,2,4,2,1,
2.024E+11,155 711 056,C01,2,7,0,2,5,2,1,
2.024E+11,155 711 058,A01,2,10,0,2,1,1,1,
2.024E+11,155 711 053,A01,1,7,0,2,1,1,2,
2.024E+11,155 711 057,B01,1,10,0,2,4,1,1,
2.024E+11,155 711 052,A01,2,80,0,1,1,13,3,
2.024E+11,155 711 050,A01,2,7,0,2,3,2,1,
2.024E+11,155 711 051,B01,2,7,0,2,5,2,1,
2.024E+11,155 711 046,A01,2,10,0,2,1,1,1,
2.024E+11,155 711 049,B01,1,7,0,2,3,1,2,
2.024E+11,155 711 044,A01,2,15,0,2,2,12,1,
2.024E+11,155 711 047,B01,2,7,3,2,8,1,1,
2.024E+11,155 711 043,C01,2,7,0,9,8,0,1,
2.024E+11,155 711 045,A01,2,7,0,9,3,0,1,
2.024E+11,155 711 048,B01,2,7,0,9,5,0,1,
2.024E+11,155 711 041,A01,3,1,0,2,1,1,5,
2.024E+11,155 711 042,B01,3,50,0,2,1,13,3,
2.024E+11,155 711 040,A01,2,7,1,0,1,26,1,
2.024E+11,155 711 039,A01,2,33,0,0,0,1,1,
2.024E+11,155 711 034,A01,2,7,0,2,1,2,1,
2.024E+11,155 711 036,B01,2,7,0,2,4,2,1,
2.024E+11,155 711 033,A01,1,7,0,0,9,14,1,
2.024E+11,155 711 032,A01,2,15,0,2,2,12,1,
2.024E+11,155 711 035,B01,2,7,0,2,8,0,1,
2.024E+11,155 711 028,B01,1,14,0,0,2,17,1,
2.024E+11,155 711 030,A01,1,3,0,0,6,0,1,
2.024E+11,155 711 027,A01,1,10,0,2,1,2,1,
2.024E+11,155 711 029,B01,1,7,0,2,4,2,1,
2.024E+11,155 711 031,C01,1,10,0,2,5,2,1,
2.024E+11,155 711 026,A01,3,10,0,1,2,16,1,
2.024E+11,155 711 022,B01,2,33,0,2,1,1,1,
2.024E+11,155 711 024,A01,2,7,0,2,6,11,1,
2.024E+11,155 711 021,C01,1,15,0,0,4,2,1,
2.024E+11,155 711 023,B01,1,7,0,2,9,2,1,
2.024E+11,155 711 025,A01,1,10,0,2,1,2,1,
2.024E+11,155 711 018,A01,1,32,0,9,7,1,1,
2.024E+11,155 711 016,A01,2,7,0,1,2,20,1,
2.024E+11,155 711 017,A01,1,7,0,2,1,0,1,
2.024E+11,155 711 019,B01,1,7,0,0,5,0,1,
2.024E+11,155 711 020,C01,1,7,0,2,4,0,1,
2.024E+11,155 711 015,A01,1,36,0,0,1,1,1,
2.024E+11,155 711 011,A01,1,7,0,2,4,1,1,
2.024E+11,155 711 014,B01,1,7,0,2,2,2,0,
2.024E+11,155 711 010,B01,1,33,0,2,2,2,1,
2.024E+11,155 711 012,A01,1,7,0,0,6,23,1,
2.024E+11,155 711 009,A01,1,7,0,2,1,13,1,
2.024E+11,155 711 013,B01,2,7,0,2,3,21,1,
2.024E+11,155 711 008,A01,2,7,12,0,1,1,1,
2.024E+11,155 711 006,A01,2,30,0,2,7,14,1,
2.024E+11,155 711 007,B01,2,7,0,2,8,1,1,
2.024E+11,155 711 003,A01,1,33,0,0,7,1,1,
2.024E+11,155 711 002,A01,2,80,0,0,8,1,3,
2.024E+11,155 711 004,B01,2,10,0,0,5,0,0,
2.024E+11,155 711 001,A01,1,32,5,0,1,17,1,
2.024E+11,155 711 000,A01,1,7,13,0,2,14,1,
2.024E+11,155 710 999,A01,3,7,0,1,5,4,1,
2.024E+11,155 710 997,A01,2,7,0,2,8,10,1,
2.024E+11,155 710 998,B01,2,2,0,2,1,1,3,
2.024E+11,155 710 995,A01,2,7,3,0,1,13,1,
2.024E+11,155 710 993,A01,1,7,0,1,1,0,2,
2.024E+11,155 710 992,A01,1,7,0,1,1,1,1,
2.024E+11,155 710 991,A01,1,7,0,2,1,1,1,
2.024E+11,155 710 994,B01,1,7,0,2,4,1,1,
2.024E+11,155 710 996,C01,1,7,0,2,4,0,1,
2.024E+11,155 710 987,B01,1,7,0,2,1,12,1,
2.024E+11,155 710 988,A01,1,32,0,2,8,0,1,
2.024E+11,155 710 983,A01,1,7,1,0,2,14,1,
2.024E+11,155 710 984,B01,1,7,0,2,6,24,1,
2.024E+11,155 710 982,C01,2,7,0,2,0,0,1,
2.024E+11,155 710 985,A01,2,10,0,2,0,1,1,
2.024E+11,155 710 986,B01,2,7,0,2,0,0,1,
2.024E+11,155 710 979,A01,1,33,0,2,1,2,1,
2.024E+11,155 710 980,B01,1,7,15,0,4,26,1,
2.024E+11,155 710 978,A01,1,7,0,2,1,1,0,
2.024E+11,155 710 981,B01,1,7,0,2,1,21,1,
2.024E+11,155 710 977,A01,2,7,4,0,1,18,1,
2.024E+11,155 710 974,B01,1,7,0,2,5,2,1,
2.024E+11,155 710 976,A01,2,7,0,2,1,9,1,
2.024E+11,155 710 971,B01,2,7,0,2,5,2,1,
2.024E+11,155 710 973,A01,2,33,0,2,1,2,1,
2.024E+11,155 710 972,A01,0,32,0,2,0,0,1,
2.024E+11,155 710 975,B01,0,7,0,2,0,0,1,
2.024E+11,155 710 970,A01,2,7,8,0,3,1,0,
2.024E+11,155 710 969,A01,2,33,13,0,2,1,1,
2.024E+11,155 710 965,B01,2,33,0,2,1,1,1,
2.024E+11,155 710 967,A01,0,7,0,2,3,15,1,
2.024E+11,155 710 966,A01,2,33,0,0,2,2,1,
2.024E+11,155 710 964,A01,2,7,0,2,1,1,1,
2.024E+11,155 710 968,B01,1,1,0,2,7,1,5,
2.024E+11,155 710 960,A01,3,2,12,0,7,14,1,
2.024E+11,155 710 958,A01,2,7,0,2,6,1,2,
2.024E+11,155 710 959,B01,2,7,0,2,2,13,1,
2.024E+11,155 710 962,C01,2,7,0,2,1,1,1,
2.024E+11,155 710 955,A01,3,7,0,2,3,13,1,
2.024E+11,155 710 957,B01,3,7,0,2,1,1,1,
2.024E+11,155 710 953,B01,2,7,0,9,1,19,1,
2.024E+11,155 710 956,A01,2,50,0,2,1,5,3,
2.024E+11,155 710 952,B01,3,30,0,2,1,1,0,
2.024E+11,155 710 954,A01,3,7,0,2,2,15,1,
2.024E+11,155 710 948,A01,1,30,0,0,7,21,1,
2.024E+11,155 710 947,B01,3,10,0,2,1,1,1,
2.024E+11,155 710 950,A01,1,7,0,2,1,19,2,
2.024E+11,155 710 949,A01,1,7,0,2,3,15,1,
2.024E+11,155 710 951,B01,2,50,0,2,1,1,3,
2.024E+11,155 710 946,A01,1,7,1,1,2,1,1,
2.024E+11,155 710 942,A01,1,7,14,0,1,0,1,
2.024E+11,155 710 943,B01,1,7,0,2,7,1,1,
2.024E+11,155 710 945,A01,1,10,7,0,3,9,1,
2.024E+11,155 710 941,A01,2,7,14,0,3,15,1,
2.024E+11,155 710 944,B01,2,33,0,2,1,17,1,
2.024E+11,155 710 936,A01,3,33,0,2,4,23,1,
2.024E+11,155 710 939,B01,3,7,0,2,1,2,1,
2.024E+11,155 710 933,C01,2,7,0,2,4,1,1,
2.024E+11,155 710 935,D01,2,7,0,2,4,1,3,
2.024E+11,155 710 937,A01,2,7,0,2,1,1,1,
2.024E+11,155 710 940,B01,2,7,0,2,4,1,1,
2.024E+11,155 710 932,A01,3,7,0,1,1,5,1,
2.024E+11,155 710 931,A01,1,7,0,1,0,1,1,
2.024E+11,155 710 930,A01,1,32,8,0,8,1,1,
2.024E+11,155 710 926,A01,2,7,0,2,1,15,1,
2.024E+11,155 710 928,B01,1,7,0,2,0,0,1,
2.024E+11,155 710 924,A01,1,7,0,2,5,1,1,
2.024E+11,155 710 929,B01,1,31,0,2,1,1,1,
2.024E+11,155 710 925,A01,1,7,0,2,1,13,1,
2.024E+11,155 710 927,B01,2,7,0,2,1,1,1,
2.024E+11,155 710 920,B01,1,2,0,2,5,1,1,
2.024E+11,155 710 923,A01,2,7,0,2,6,19,1,
2.024E+11,155 710 919,B01,1,33,0,2,2,9,1,
2.024E+11,155 710 922,A01,2,10,0,2,2,15,1,
2.024E+11,155 710 918,A01,1,7,1,1,4,2,1,
2.024E+11,155 710 921,B01,1,7,0,2,4,1,1,
2.024E+11,155 710 913,A01,2,7,0,2,3,9,1,
2.024E+11,155 710 916,C01,2,7,0,2,1,1,1,
2.024E+11,155 710 917,B01,2,33,0,2,7,0,1,
2.024E+11,155 710 911,B01,2,7,0,2,1,0,1,
2.024E+11,155 710 914,A01,1,7,0,2,1,15,1,
2.024E+11,155 710 912,A01,3,7,0,9,1,15,0,
2.024E+11,155 710 915,B01,3,1,0,2,8,1,5,
2.024E+11,155 710 909,B01,3,60,0,2,8,19,5,
2.024E+11,155 710 910,A01,1,7,0,2,7,1,2,
2.024E+11,155 710 906,B01,3,50,0,2,1,1,3,
2.024E+11,155 710 908,A01,1,7,0,2,6,15,1,
2.024E+11,155 710 907,A01,3,7,0,0,1,16,1,
2.024E+11,155 710 905,A01,1,7,2,0,1,0,1,
2.024E+11,155 710 904,A01,3,7,0,0,3,1,1,
2.024E+11,155 710 902,A01,1,7,0,2,1,5,1,
2.024E+11,155 710 903,B01,3,7,0,2,8,1,1,
2.024E+11,155 710 901,A01,2,7,0,1,4,4,1,
2.024E+11,155 710 899,A01,2,7,0,1,1,1,2,
2.024E+11,155 710 900,A01,1,7,0,1,2,1,1,
2.024E+11,155 710 896,B01,1,7,6,2,1,1,1,
2.024E+11,155 710 898,A01,2,7,8,2,1,13,1,
2.024E+11,155 710 895,A01,1,7,0,1,3,1,1,
2.024E+11,155 710 894,A01,2,7,0,2,8,1,1,
2.024E+11,155 710 897,B01,1,7,0,2,1,1,1,
2.024E+11,155 710 892,A01,2,7,0,1,1,15,1,
2.024E+11,155 710 891,A01,3,10,16,0,0,0,0,
2.024E+11,155 710 889,A01,1,7,0,2,1,15,1,
2.024E+11,155 710 890,B01,2,34,0,2,1,1,1,
2.024E+11,155 710 893,C01,2,32,0,2,1,1,1,
2.024E+11,155 710 886,A01,2,7,0,2,3,13,1,
2.024E+11,155 710 888,B01,3,37,0,2,3,16,1,1
2.024E+11,155 710 885,A01,3,7,0,2,1,1,1,
2.024E+11,155 710 887,B01,3,7,0,2,0,0,1,
2.024E+11,155 710 882,B01,1,7,0,2,3,1,1,
2.024E+11,155 710 883,A01,3,7,0,2,1,1,1,
2.024E+11,155 710 879,B01,2,7,0,2,8,1,1,
2.024E+11,155 710 881,C01,1,7,0,2,8,0,1,
2.024E+11,155 710 884,A01,1,50,0,2,1,17,3,
2.024E+11,155 710 878,B01,1,10,0,2,3,23,1,
2.024E+11,155 710 880,A01,1,7,0,2,1,19,1,
2.024E+11,155 710 877,A01,3,36,0,0,7,15,1,
2.024E+11,155 710 874,B01,0,7,0,2,7,1,1,
2.024E+11,155 710 876,A01,0,33,0,2,1,1,1,
2.024E+11,155 710 875,A01,3,7,0,1,1,11,1,
2.024E+11,155 710 873,A01,3,7,0,1,2,1,1,
2.024E+11,155 710 870,A01,2,7,3,2,1,5,1,
2.024E+11,155 710 872,B01,2,10,3,2,1,1,1,
2.024E+11,155 710 869,A01,3,7,0,2,1,1,1,
2.024E+11,155 710 871,B01,3,7,0,2,8,1,1,
2.024E+11,155 710 867,A01,1,2,0,2,1,9,3,
2.024E+11,155 710 868,B01,1,7,0,9,2,0,1,
2.024E+11,155 710 866,A01,1,7,0,1,7,1,1,
2.024E+11,155 710 863,B01,3,37,0,2,3,0,1,1
2.024E+11,155 710 864,A01,3,7,0,2,8,15,1,
2.024E+11,155 710 862,A01,2,7,0,2,0,19,1,
2.024E+11,155 710 865,B01,2,10,0,2,5,1,1,
2.024E+11,155 710 860,B01,3,7,0,2,7,1,1,
2.024E+11,155 710 861,A01,3,7,0,2,1,15,1,
2.024E+11,155 710 858,A01,3,31,0,2,1,2,1,
2.024E+11,155 710 859,B01,3,7,0,2,3,1,1,
2.024E+11,155 710 855,A01,2,31,8,0,2,14,1,
2.024E+11,155 710 856,A01,2,7,16,0,2,13,1,
2.024E+11,155 710 857,B01,1,10,0,2,1,1,1,
2.024E+11,155 710 854,A01,1,7,0,0,9,0,1,
2.024E+11,155 710 853,A01,2,7,0,1,2,1,1,
2.024E+11,155 710 852,A01,3,7,1,0,2,1,1,
2.024E+11,155 710 851,A01,3,7,6,0,2,14,2,
2.024E+11,155 710 848,A01,2,7,0,2,2,15,1,
2.024E+11,155 710 850,B01,1,2,0,2,1,1,1,
2.024E+11,155 710 845,A01,1,7,0,2,3,15,1,
2.024E+11,155 710 846,B01,1,1,0,2,1,1,5,
2.024E+11,155 710 847,A01,1,7,6,2,3,13,1,
2.024E+11,155 710 849,B01,0,1,0,0,0,0,5,
2.024E+11,155 710 844,A01,2,30,0,1,1,13,1,
2.024E+11,155 710 841,B01,1,7,0,2,6,1,1,
2.024E+11,155 710 843,A01,1,32,0,2,1,19,1,
2.024E+11,155 710 840,A01,1,7,0,2,1,13,1,
2.024E+11,155 710 842,B01,2,7,0,2,1,1,1,
2.024E+11,155 710 837,A01,0,34,0,2,1,1,1,
2.024E+11,155 710 839,B01,0,30,0,2,1,1,1,
2.024E+11,155 710 836,A01,2,7,0,2,1,1,1,
2.024E+11,155 710 838,B01,1,7,0,2,2,0,1,
2.024E+11,155 710 833,B01,2,33,0,2,8,9,1,
2.024E+11,155 710 835,A01,2,7,0,2,7,1,1,
2.024E+11,155 710 832,A01,1,7,0,2,8,26,1,
2.024E+11,155 710 834,B01,1,33,0,2,1,1,1,
2.024E+11,155 710 831,A01,1,1,0,1,1,1,5,
2.024E+11,155 710 829,A01,1,7,0,2,2,15,1,
2.024E+11,155 710 830,B01,2,2,0,2,1,1,1,
2.024E+11,155 710 828,A01,1,7,0,1,1,1,1,
2.024E+11,155 710 825,A01,1,7,0,2,4,1,1,
2.024E+11,155 710 827,B01,1,2,0,2,1,1,1,
2.024E+11,155 710 824,B01,1,7,0,2,6,11,1,
2.024E+11,155 710 826,A01,1,31,0,2,1,1,1,
2.024E+11,155 710 821,B01,1,50,0,2,4,2,3,
2.024E+11,155 710 823,A01,1,1,0,2,4,1,5,
2.024E+11,155 710 820,A01,1,33,0,2,1,2,1,
2.024E+11,155 710 822,B01,1,7,0,2,4,2,1,
2.024E+11,155 710 819,A01,1,10,1,0,2,14,1,
2.024E+11,155 710 818,A01,1,50,0,1,8,1,3,
2.024E+11,155 710 815,A01,0,7,0,2,6,24,0,
2.024E+11,155 710 817,B01,0,1,1,0,1,1,5,
2.024E+11,155 710 814,A01,2,10,0,2,2,15,1,
2.024E+11,155 710 816,B01,1,33,0,2,3,1,1,
2.024E+11,155 710 812,B01,2,1,1,0,7,1,5,
2.024E+11,155 710 813,A01,2,7,0,9,8,24,1,
2.024E+11,155 710 810,B01,2,7,0,2,2,1,1,
2.024E+11,155 710 811,A01,2,7,0,2,2,1,1,
2.024E+11,155 710 808,A01,2,10,0,2,2,16,3,
2.024E+11,155 710 809,B01,2,1,0,2,8,1,5,
2.024E+11,155 710 807,A01,1,33,0,0,7,16,1,
2.024E+11,155 710 804,B01,1,1,0,0,2,1,5,
2.024E+11,155 710 806,A01,1,7,0,2,8,24,1,
2.024E+11,155 710 802,C01,3,1,0,2,1,2,5,
2.024E+11,155 710 803,A01,3,1,0,2,1,2,5,
2.024E+11,155 710 805,B01,3,1,0,2,4,2,5,
2.024E+11,155 710 801,A01,1,7,6,0,1,9,2,
2.024E+11,155 710 796,A01,3,1,0,2,8,13,5,
2.024E+11,155 710 798,C01,3,1,0,2,1,1,5,
2.024E+11,155 710 799,B01,3,1,0,2,7,1,5,
2.024E+11,155 710 800,D01,3,1,0,2,1,1,5,
2.024E+11,155 710 795,A01,2,7,0,2,1,1,3,
2.024E+11,155 710 797,B01,2,7,0,2,1,1,1,
2.024E+11,155 710 792,A01,1,7,0,2,3,1,2,
2.024E+11,155 710 794,B01,2,1,0,2,1,1,5,
2.024E+11,155 710 791,A01,2,7,1,0,6,1,1,
2.024E+11,155 710 793,B01,2,7,16,0,6,1,3,
2.024E+11,155 710 789,A01,2,33,0,2,2,16,1,
2.024E+11,155 710 790,B01,2,1,0,2,1,1,5,
2.024E+11,155 710 788,A01,1,7,0,1,2,21,0,
2.024E+11,155 710 786,A01,3,7,0,2,8,10,1,
2.024E+11,155 710 787,B01,3,32,0,2,2,3,1,
2.024E+11,155 710 784,A01,0,7,0,2,1,1,1,
2.024E+11,155 710 785,B01,0,7,0,2,4,1,1,
2.024E+11,155 710 782,A01,1,7,0,2,2,16,1,
2.024E+11,155 710 783,B01,1,33,0,2,3,1,1,
2.024E+11,155 710 779,A01,2,7,0,2,2,16,2,
2.024E+11,155 710 781,B01,2,1,0,2,8,1,5,
2.024E+11,155 710 778,A01,1,10,0,2,1,15,1,
2.024E+11,155 710 780,B01,2,30,0,2,1,1,1,
2.024E+11,155 710 777,A01,2,7,0,1,1,2,2,
2.024E+11,155 710 775,A01,1,33,0,2,1,2,1,
2.024E+11,155 710 776,B01,1,7,0,2,8,16,1,
2.024E+11,155 710 772,B01,0,7,0,0,6,23,2,
2.024E+11,155 710 773,A01,0,7,0,2,0,15,1,
2.024E+11,155 710 771,B01,2,7,0,2,1,1,1,
2.024E+11,155 710 774,A01,0,10,0,2,8,15,1,
2.024E+11,155 710 768,A01,3,7,0,0,0,9,1,
2.024E+11,155 710 770,B01,3,50,0,0,0,0,3,
2.024E+11,155 710 763,B01,3,7,0,2,6,23,1,
2.024E+11,155 710 765,C01,3,7,0,2,5,23,1,
2.024E+11,155 710 766,D01,3,7,0,2,5,23,1,
2.024E+11,155 710 767,E01,3,7,0,2,4,23,2,
2.024E+11,155 710 769,A01,3,7,0,2,9,1,3,
2.024E+11,155 710 761,A01,3,7,1,2,3,11,3,
2.024E+11,155 710 762,C01,3,7,1,0,4,1,1,
2.024E+11,155 710 764,B01,3,7,1,2,4,2,1,
2.024E+11,155 710 757,A01,1,33,0,2,1,1,1,
2.024E+11,155 710 759,B01,1,7,0,2,4,1,1,
2.024E+11,155 710 756,C01,1,7,0,2,4,23,1,
2.024E+11,155 710 758,A01,1,10,0,2,1,26,1,
2.024E+11,155 710 760,B01,1,7,0,2,4,23,1,
2.024E+11,155 710 755,A01,1,80,1,0,2,1,3,
2.024E+11,155 710 752,A01,2,7,13,0,0,1,1,
2.024E+11,155 710 753,A01,1,10,0,2,1,15,1,
2.024E+11,155 710 754,B01,2,2,0,2,4,23,1,
2.024E+11,155 710 749,A01,1,7,0,0,4,23,1,
2.024E+11,155 710 751,B01,1,10,0,2,1,26,1,
2.024E+11,155 710 748,A01,1,7,0,2,2,1,3,
2.024E+11,155 710 750,B01,1,1,0,2,1,1,5,
2.024E+11,155 710 747,A01,2,17,2,0,8,1,1,
2.024E+11,155 710 746,A01,1,33,0,0,0,1,1,
2.024E+11,155 710 745,A01,1,33,4,0,2,2,1,
2.024E+11,155 710 743,A01,1,50,0,0,2,19,3,
2.024E+11,155 710 744,B01,1,7,0,0,1,1,1,
2.024E+11,155 710 742,A01,1,10,2,0,2,13,6,
2.024E+11,155 710 741,A01,1,7,0,1,7,1,1,
2.024E+11,155 710 739,A01,1,7,0,2,3,2,1,
2.024E+11,155 710 740,B01,1,7,4,0,5,2,1,
2.024E+11,155 710 737,A01,1,7,0,2,7,14,1,
2.024E+11,155 710 738,B01,1,32,0,2,8,1,1,
2.024E+11,155 710 735,A01,2,7,0,0,2,1,1,
2.024E+11,155 710 734,A01,1,15,1,2,2,2,1,
2.024E+11,155 710 736,B01,1,10,3,2,6,23,1,
2.024E+11,155 710 733,A01,3,50,0,1,4,1,3,
2.024E+11,155 710 730,A01,3,7,0,1,3,16,1,
2.024E+11,155 710 729,B01,2,17,0,2,3,1,1,
2.024E+11,155 710 731,A01,1,7,0,2,3,13,1,
2.024E+11,155 710 728,A01,2,7,0,2,3,9,1,
2.024E+11,155 710 732,B01,1,7,0,2,3,1,1,
2.024E+11,155 710 727,A01,0,31,0,1,1,1,1,
2.024E+11,155 710 726,A01,2,7,3,0,1,1,1,
2.024E+11,155 710 725,A01,2,7,13,0,9,2,6,
2.024E+11,155 710 724,A01,2,7,0,1,1,1,1,
2.024E+11,155 710 719,C01,1,10,1,0,1,0,0,
2.024E+11,155 710 721,A01,1,10,1,2,0,0,0,
2.024E+11,155 710 723,B01,0,10,1,0,0,0,0,
2.024E+11,155 710 717,A01,1,7,16,0,1,1,1,
2.024E+11,155 710 720,A01,1,7,0,2,1,17,1,
2.024E+11,155 710 722,B01,2,7,0,2,1,21,1,
2.024E+11,155 710 713,A01,1,7,0,1,3,15,1,
2.024E+11,155 710 712,A01,1,21,13,0,3,2,1,
2.024E+11,155 710 708,A01,3,7,0,0,1,2,0,
2.024E+11,155 710 710,B01,3,1,0,0,9,1,5,
2.024E+11,155 710 706,A01,2,7,12,0,1,2,1,
2.024E+11,155 710 705,C01,2,7,0,2,3,1,1,
2.024E+11,155 710 707,A01,1,38,8,2,3,13,1,5
2.024E+11,155 710 709,D01,2,7,0,2,3,1,1,
2.024E+11,155 710 711,B01,2,7,0,2,1,1,2,
2.024E+11,155 710 704,A01,1,31,0,0,0,1,3,
2.024E+11,155 710 702,A01,2,7,0,0,1,1,1,
2.024E+11,155 710 703,B01,1,80,0,2,1,1,3,
2.024E+11,155 710 699,A01,1,10,16,0,1,1,1,
2.024E+11,155 710 700,B01,1,1,0,2,4,9,5,
2.024E+11,155 710 698,A01,3,15,13,0,6,13,1,
2.024E+11,155 710 701,B01,3,7,13,2,3,1,1,
2.024E+11,155 710 696,A01,1,32,0,0,0,1,1,
2.024E+11,155 710 695,A01,1,7,0,2,1,5,1,
2.024E+11,155 710 697,B01,2,7,0,2,1,1,1,
2.024E+11,155 710 694,A01,2,7,0,9,7,1,1,
2.024E+11,155 710 693,A01,3,7,0,1,1,1,2,
2.024E+11,155 710 690,A01,2,33,6,0,1,1,1,
2.024E+11,155 710 691,B01,2,7,0,0,1,1,1,
2.024E+11,155 710 688,Z01,3,30,0,2,0,0,0,
2.024E+11,155 710 689,B01,3,32,0,2,0,1,1,
2.024E+11,155 710 687,A01,1,7,0,2,6,19,1,
2.024E+11,155 710 692,B01,2,7,0,2,1,1,1,
2.024E+11,155 710 686,A01,1,33,0,0,7,1,1,
2.024E+11,155 710 684,B01,1,7,0,2,1,1,1,
2.024E+11,155 710 685,A01,1,7,0,2,2,15,1,
2.024E+11,155 710 680,A01,2,80,0,2,1,1,3,
2.024E+11,155 710 682,B01,2,7,0,0,4,23,1,
2.024E+11,155 710 679,A01,2,31,0,2,1,17,1,
2.024E+11,155 710 681,B01,2,7,0,0,8,15,2,
2.024E+11,155 710 678,A01,1,7,0,2,7,17,1,