Num_Acc,id_vehicule,num_veh,senc,catv,obs,obsm,choc,manv,motor,occutc
2.024E+11,155 710 683,B01,1,14,0,2,3,15,1,
2.024E+11,155 710 677,A01,1,33,0,0,1,1,1,
2.024E+11,155 710 676,A01,2,7,0,1,1,1,1,
2.024E+11,155 710 670,A01,1,7,0,2,3,11,1,
2.024E+11,155 710 673,B01,2,10,0,2,3,1,1,
2.024E+11,155 710 671,B01,2,7,0,2,1,1,1,
2.024E+11,155 710 674,C01,2,7,0,2,1,1,1,
2.024E+11,155 710 675,A01,1,7,0,2,1,13,1,
2.024E+11,155 710 669,B01,2,33,0,2,2,17,1,
2.024E+11,155 710 672,A01,2,7,0,2,8,26,2,
2.024E+11,155 710 668,A01,3,2,9,0,2,1,1,
2.024E+11,155 710 667,A01,2,31,0,5,0,1,1,
2.024E+11,155 710 665,B01,1,1,0,2,1,19,5,
2.024E+11,155 710 666,A01,1,7,0,9,2,1,1,
2.024E+11,155 710 663,A01,1,7,13,0,0,13,1,
2.024E+11,155 710 662,A01,1,7,3,1,1,14,2,
2.024E+11,155 710 664,B01,1,7,3,0,4,23,1,
2.024E+11,155 710 660,A01,2,7,16,0,1,1,1,
2.024E+11,155 710 657,A01,2,1,0,2,1,18,5,
2.024E+11,155 710 658,B01,2,10,0,2,2,16,1,
2.024E+11,155 710 655,A01,2,7,0,2,1,15,1,
2.024E+11,155 710 656,B01,1,2,0,2,8,1,1,
2.024E+11,155 710 652,A01,1,7,0,1,3,1,1,
2.024E+11,155 710 650,B01,2,7,0,2,1,1,1,
2.024E+11,155 710 653,A01,1,7,0,2,1,13,1,
2.024E+11,155 710 651,A01,2,7,0,2,2,1,1,
2.024E+11,155 710 654,B01,2,7,8,2,5,16,1,
2.024E+11,155 710 646,A01,3,7,0,2,0,3,1,
2.024E+11,155 710 649,B01,3,14,0,2,4,24,1,
2.024E+11,155 710 648,A01,1,7,13,0,3,1,1,
2.024E+11,155 710 645,B01,1,7,0,2,3,1,1,
2.024E+11,155 710 647,A01,2,7,0,2,3,17,1,
2.024E+11,155 710 642,B01,1,7,0,2,1,1,1,
2.024E+11,155 710 644,A01,2,15,0,2,2,13,1,
2.024E+11,155 710 640,A01,1,32,0,6,8,1,1,
2.024E+11,155 710 641,B01,2,7,0,2,2,1,1,
2.024E+11,155 710 643,A01,1,2,0,2,1,13,1,
2.024E+11,155 710 637,A01,0,7,0,2,2,16,1,
2.024E+11,155 710 639,B01,1,7,0,2,1,1,1,
2.024E+11,155 710 635,B01,2,7,0,0,3,1,1,
2.024E+11,155 710 638,A01,1,7,0,0,3,15,1,
2.024E+11,155 710 634,A01,1,7,3,2,1,13,1,
2.024E+11,155 710 636,B01,2,7,0,2,1,1,1,
2.024E+11,155 710 632,A01,2,10,0,2,8,1,1,
2.024E+11,155 710 633,B01,1,7,0,9,1,1,1,
2.024E+11,155 710 629,A01,1,7,0,9,3,1,1,
2.024E+11,155 710 631,B01,2,1,0,2,1,13,5,
2.024E+11,155 710 627,B01,1,7,0,2,2,1,1,
2.024E+11,155 710 630,A01,2,1,0,0,6,19,5,
2.024E+11,155 710 628,A01,1,7,2,0,1,11,1,
2.024E+11,155 710 624,A01,1,7,0,2,3,13,1,
2.024E+11,155 710 626,B01,2,7,0,2,3,1,1,
2.024E+11,155 710 623,A01,1,7,0,2,6,15,1,
2.024E+11,155 710 625,B01,1,2,0,2,1,1,1,
2.024E+11,155 710 620,A01,1,33,13,0,2,1,1,
2.024E+11,155 710 619,A01,2,7,0,2,1,1,1,
2.024E+11,155 710 621,B01,2,80,0,2,1,11,3,
2.024E+11,155 710 618,B01,2,7,0,2,3,1,1,
2.024E+11,155 710 622,A01,2,7,0,2,6,10,1,
2.024E+11,155 710 615,A01,2,7,0,2,8,5,1,
2.024E+11,155 710 616,B01,1,7,0,2,8,5,1,
2.024E+11,155 710 612,A01,2,7,2,0,7,1,1,
2.024E+11,155 710 609,A01,2,7,0,2,3,5,1,
2.024E+11,155 710 611,B01,1,7,0,2,3,1,2,
2.024E+11,155 710 610,C01,2,7,0,2,8,1,3,
2.024E+11,155 710 613,A01,1,10,0,2,1,2,1,
2.024E+11,155 710 614,B01,1,7,0,2,9,1,1,
2.024E+11,155 710 608,A01,2,33,0,0,8,1,1,
2.024E+11,155 710 606,A01,0,7,2,0,1,0,1,
2.024E+11,155 710 605,A01,2,2,13,0,9,1,1,
2.024E+11,155 710 604,A01,1,32,0,0,1,1,3,
2.024E+11,155 710 599,A01,3,7,0,2,1,1,1,
2.024E+11,155 710 602,B01,3,7,0,2,1,1,1,
2.024E+11,155 710 597,A01,1,7,0,0,0,1,1,
2.024E+11,155 710 600,B01,1,7,0,2,6,1,1,
2.024E+11,155 710 603,C01,1,7,0,2,1,1,1,
2.024E+11,155 710 598,B01,2,7,2,0,3,15,3,
2.024E+11,155 710 601,A01,2,7,0,2,1,17,1,
2.024E+11,155 710 596,A01,1,7,17,0,1,13,1,
2.024E+11,155 710 595,A01,1,33,0,0,3,0,1,
2.024E+11,155 710 593,A01,3,7,0,1,3,1,1,
2.024E+11,155 710 592,A01,1,7,0,1,1,1,1,
2.024E+11,155 710 591,B01,1,31,0,2,1,1,1,
2.024E+11,155 710 594,A01,2,7,0,2,7,19,1,
2.024E+11,155 710 588,A01,2,7,0,1,3,1,1,
2.024E+11,155 710 586,A01,2,0,0,2,0,2,0,
2.024E+11,155 710 587,B01,2,7,0,2,3,2,1,
2.024E+11,155 710 589,C01,2,7,0,2,1,1,1,
2.024E+11,155 710 590,D01,2,7,0,2,1,2,1,
2.024E+11,155 710 584,A01,2,7,0,2,1,17,1,
2.024E+11,155 710 585,B01,2,3,0,2,4,1,3,
2.024E+11,155 710 582,A01,1,7,0,6,1,1,1,
2.024E+11,155 710 581,B01,2,7,0,2,3,2,0,
2.024E+11,155 710 583,A01,2,7,0,2,1,19,0,
2.024E+11,155 710 578,A01,3,7,0,1,1,1,0,
2.024E+11,155 710 579,A01,1,1,0,2,0,0,5,
2.024E+11,155 710 580,B01,1,7,0,2,2,1,1,
2.024E+11,155 710 577,A01,2,7,3,0,2,1,1,
2.024E+11,155 710 574,A01,1,2,0,6,1,19,1,
2.024E+11,155 710 575,A01,1,33,0,2,1,2,1,
2.024E+11,155 710 576,B01,1,7,0,2,4,2,1,
2.024E+11,155 710 572,A01,2,7,1,0,3,14,1,
2.024E+11,155 710 573,B01,2,17,0,2,5,24,1,
2.024E+11,155 710 568,A01,1,7,0,2,1,1,1,
2.024E+11,155 710 571,B01,1,15,0,0,4,1,1,
2.024E+11,155 710 569,B01,2,1,12,2,5,15,5,
2.024E+11,155 710 570,A01,1,7,0,9,1,1,1,
2.024E+11,155 710 567,A01,1,7,6,0,1,5,1,
2.024E+11,155 710 565,A01,1,7,3,0,2,0,1,
2.024E+11,155 710 564,A01,3,7,0,1,1,1,1,
2.024E+11,155 710 563,A01,1,7,14,0,0,1,1,
2.024E+11,155 710 561,A01,2,14,0,2,3,1,1,
2.024E+11,155 710 562,B01,1,7,0,2,3,13,1,
2.024E+11,155 710 558,A01,3,7,0,2,1,1,1,
2.024E+11,155 710 560,B01,3,1,0,0,8,19,5,
2.024E+11,155 710 559,A01,1,7,2,6,2,1,1,
2.024E+11,155 710 557,A01,1,33,8,0,1,1,1,
2.024E+11,155 710 555,A01,3,10,0,0,9,1,1,
2.024E+11,155 710 552,A01,2,7,0,0,0,1,1,
2.024E+11,155 710 551,A01,1,7,0,1,3,16,1,
2.024E+11,155 710 550,A01,1,7,0,2,5,2,1,
2.024E+11,155 710 553,B01,1,7,0,2,6,2,1,
2.024E+11,155 710 554,C01,1,10,0,2,4,2,1,
2.024E+11,155 710 556,D01,1,33,0,2,1,2,1,
2.024E+11,155 710 547,A01,1,7,0,2,8,15,2,
2.024E+11,155 710 549,B01,1,32,0,2,2,17,1,
2.024E+11,155 710 546,B01,3,7,0,2,3,1,1,
2.024E+11,155 710 548,A01,3,10,0,2,3,16,1,
2.024E+11,155 710 544,A01,3,7,0,1,1,9,1,
2.024E+11,155 710 542,A01,1,14,0,1,0,0,0,
2.024E+11,155 710 545,B01,1,7,0,0,0,23,1,
2.024E+11,155 710 541,B01,3,41,0,2,1,2,1,
2.024E+11,155 710 543,A01,3,10,0,2,4,0,1,
2.024E+11,155 710 540,A01,1,2,3,0,1,1,0,
2.024E+11,155 710 539,A01,1,7,3,0,9,1,1,
2.024E+11,155 710 535,C01,2,7,0,2,1,0,1,
2.024E+11,155 710 537,A01,2,7,0,2,4,26,1,
2.024E+11,155 710 538,B01,2,7,0,2,1,2,2,
2.024E+11,155 710 532,B01,1,7,0,2,2,21,1,
2.024E+11,155 710 534,A01,2,7,0,2,2,14,1,
2.024E+11,155 710 533,A01,2,7,0,2,5,12,1,
2.024E+11,155 710 536,B01,2,2,0,2,8,1,1,
2.024E+11,155 710 530,A01,0,2,13,0,1,0,1,
2.024E+11,155 710 529,A01,2,7,3,0,7,1,1,
2.024E+11,155 710 528,A01,3,3,0,2,1,15,1,
2.024E+11,155 710 531,B01,3,2,0,2,8,1,1,
2.024E+11,155 710 526,A01,3,7,0,2,3,20,1,
2.024E+11,155 710 527,B01,3,32,0,2,0,0,0,
2.024E+11,155 710 522,A01,2,7,0,2,1,2,1,
2.024E+11,155 710 524,B01,2,7,0,2,4,2,1,
2.024E+11,155 710 523,A01,1,7,0,2,2,16,1,
2.024E+11,155 710 525,B01,1,80,0,2,1,1,3,
2.024E+11,155 710 520,A01,2,7,3,0,1,1,1,
2.024E+11,155 710 519,B01,2,10,0,2,1,1,1,
2.024E+11,155 710 521,A01,1,3,0,2,1,13,1,
2.024E+11,155 710 517,B01,3,31,0,2,4,2,1,
2.024E+11,155 710 518,A01,3,7,0,2,1,2,1,
2.024E+11,155 710 515,A01,3,7,8,0,1,2,1,
2.024E+11,155 710 514,B01,1,50,0,2,1,1,3,
2.024E+11,155 710 516,A01,1,7,0,2,4,1,1,
2.024E+11,155 710 512,A01,1,7,0,0,0,14,1,
2.024E+11,155 710 511,A01,3,7,0,2,5,15,1,
2.024E+11,155 710 513,B01,3,33,0,2,1,1,1,
2.024E+11,155 710 509,A01,0,80,0,2,8,19,3,
2.024E+11,155 710 510,B01,1,33,0,2,1,17,1,
2.024E+11,155 710 507,A01,2,7,0,2,1,13,1,
2.024E+11,155 710 508,B01,1,7,0,2,1,1,1,
2.024E+11,155 710 506,A01,1,1,0,1,2,1,5,
2.024E+11,155 710 505,A01,3,7,2,0,2,6,1,
2.024E+11,155 710 502,A01,2,7,0,9,2,1,1,
2.024E+11,155 710 504,B01,0,20,0,0,7,26,1,
2.024E+11,155 710 500,B01,3,31,0,2,5,16,1,
2.024E+11,155 710 503,A01,1,7,0,2,7,9,1,
2.024E+11,155 710 499,A01,2,7,13,0,7,1,1,
2.024E+11,155 710 498,A01,1,34,0,2,4,1,1,
2.024E+11,155 710 501,B01,1,7,0,2,1,1,1,
2.024E+11,155 710 494,A01,2,34,0,2,4,1,1,
2.024E+11,155 710 497,Z01,2,7,0,2,1,0,0,
2.024E+11,155 710 493,A01,1,7,0,2,4,1,1,
2.024E+11,155 710 495,Z01,1,7,0,0,0,0,1,
2.024E+11,155 710 491,A01,2,10,0,1,2,1,1,
2.024E+11,155 710 489,A01,2,7,0,2,4,18,1,
2.024E+11,155 710 490,C01,2,7,0,2,1,2,1,
2.024E+11,155 710 492,B01,2,7,0,2,4,2,1,
2.024E+11,155 710 488,A01,1,7,14,0,1,1,2,
2.024E+11,155 710 485,B01,3,50,0,2,5,0,3,
2.024E+11,155 710 487,A01,2,7,0,2,1,9,1,
2.024E+11,155 710 484,B01,2,34,0,2,1,1,1,
2.024E+11,155 710 486,A01,1,7,0,2,8,10,1,
2.024E+11,155 710 480,B01,2,7,0,2,1,2,1,
2.024E+11,155 710 482,A01,2,7,0,2,4,1,1,
2.024E+11,155 710 483,C01,2,7,0,2,1,2,1,
2.024E+11,155 710 479,A01,0,13,0,9,1,1,1,
2.024E+11,155 710 481,B01,0,1,0,2,8,1,5,
2.024E+11,155 710 473,C01,2,10,0,2,4,2,1,
2.024E+11,155 710 476,A01,2,13,0,2,1,2,1,
2.024E+11,155 710 477,B01,1,10,0,2,4,1,1,
2.024E+11,155 710 478,D01,1,10,0,0,4,1,1,
2.024E+11,155 710 471,A01,1,7,0,2,1,11,1,
2.024E+11,155 710 474,B01,1,7,0,2,4,1,1,
2.024E+11,155 710 469,A01,2,7,0,1,3,15,1,
2.024E+11,155 710 468,A01,1,33,0,2,1,17,1,
2.024E+11,155 710 470,B01,1,7,0,0,6,2,1,
2.024E+11,155 710 466,A01,2,10,0,2,1,1,1,
2.024E+11,155 710 467,B01,2,7,0,2,4,1,1,
2.024E+11,155 710 464,A01,1,7,4,0,1,1,1,
2.024E+11,155 710 463,B01,2,31,0,2,1,1,1,
2.024E+11,155 710 465,A01,1,7,0,2,3,15,1,
2.024E+11,155 710 462,A01,2,33,4,0,7,3,1,
2.024E+11,155 710 457,B01,1,7,0,2,4,1,1,
2.024E+11,155 710 460,A01,1,7,0,2,1,1,0,
2.024E+11,155 710 458,B01,1,33,0,2,3,2,1,
2.024E+11,155 710 461,A01,1,7,0,2,0,12,1,
2.024E+11,155 710 459,A01,2,33,3,0,1,1,1,
2.024E+11,155 710 454,A01,2,7,4,0,3,11,2,
2.024E+11,155 710 453,B01,3,7,0,2,2,15,1,
2.024E+11,155 710 456,A01,3,33,0,2,3,17,1,
2.024E+11,155 710 452,A01,2,15,0,1,1,1,1,
2.024E+11,155 710 455,B01,2,15,0,1,1,1,1,
2.024E+11,155 710 450,A01,2,7,0,0,0,1,1,
2.024E+11,155 710 448,B01,1,7,0,2,4,1,1,
2.024E+11,155 710 451,A01,1,7,0,2,1,1,1,
2.024E+11,155 710 447,A01,2,33,0,2,1,1,1,
2.024E+11,155 710 449,B01,2,10,0,2,4,1,1,
2.024E+11,155 710 446,A01,1,33,3,0,1,1,1,
2.024E+11,155 710 443,B01,1,7,0,2,3,1,0,
2.024E+11,155 710 444,A01,1,33,0,2,2,16,1,
2.024E+11,155 710 440,B01,2,10,0,2,2,2,1,
2.024E+11,155 710 442,A01,2,33,0,2,3,3,1,
2.024E+11,155 710 445,Z01,2,7,0,2,5,1,0,
2.024E+11,155 710 438,A01,1,7,0,2,7,12,1,
2.024E+11,155 710 439,C01,1,7,0,2,5,1,3,
2.024E+11,155 710 441,B01,1,33,0,2,8,1,1,
2.024E+11,155 710 437,A01,1,32,1,0,4,14,1,
2.024E+11,155 710 432,B01,2,7,0,2,4,2,1,
2.024E+11,155 710 434,C01,2,7,0,2,4,2,1,
2.024E+11,155 710 435,D01,2,7,0,2,4,2,1,
2.024E+11,155 710 436,A01,2,7,0,2,1,2,2,
2.024E+11,155 710 431,A01,2,34,0,2,8,3,1,
2.024E+11,155 710 433,B01,2,10,0,2,7,1,1,
2.024E+11,155 710 430,A01,1,7,0,1,1,1,2,
2.024E+11,155 710 427,A01,2,1,0,1,1,25,5,
2.024E+11,155 710 425,B01,2,7,0,2,4,2,1,
2.024E+11,155 710 428,A01,2,7,0,2,1,2,1,
2.024E+11,155 710 429,C01,2,10,0,2,4,2,1,
2.024E+11,155 710 424,B01,1,7,0,2,1,1,1,
2.024E+11,155 710 426,A01,2,10,0,2,1,5,1,
2.024E+11,155 710 423,A01,1,7,4,0,3,2,1,
2.024E+11,155 710 422,A01,1,33,0,1,1,1,1,
2.024E+11,155 710 421,A01,2,14,0,1,0,0,1,
2.024E+11,155 710 418,B01,3,7,0,2,4,26,1,
2.024E+11,155 710 420,A01,3,7,0,2,1,1,1,
2.024E+11,155 710 417,A01,3,7,0,2,2,16,1,
2.024E+11,155 710 419,B01,3,1,0,2,8,19,5,
2.024E+11,155 710 415,A01,1,7,0,2,7,15,1,
2.024E+11,155 710 416,B01,2,2,0,2,1,1,1,
2.024E+11,155 710 414,A01,1,7,2,0,0,0,1,
2.024E+11,155 710 411,A01,1,7,0,0,9,1,1,
2.024E+11,155 710 410,A01,1,7,1,2,3,3,1,
2.024E+11,155 710 413,D01,2,7,0,2,6,24,1,
2.024E+11,155 710 409,B01,2,7,0,2,0,5,1,
2.024E+11,155 710 412,A01,1,1,0,2,0,1,5,
2.024E+11,155 710 406,A01,2,10,0,2,1,13,1,
2.024E+11,155 710 408,B01,1,7,0,2,1,0,1,
2.024E+11,155 710 402,A01,2,33,0,0,0,26,1,
2.024E+11,155 710 405,B01,1,0,0,0,0,13,0,
2.024E+11,155 710 401,B01,3,10,0,2,2,1,1,
2.024E+11,155 710 403,C01,3,7,0,2,4,1,1,
2.024E+11,155 710 404,A01,3,10,0,2,3,13,1,
2.024E+11,155 710 407,D01,3,7,0,2,0,0,2,
2.024E+11,155 710 399,A01,1,7,0,2,4,2,1,
2.024E+11,155 710 400,B01,1,7,0,2,1,2,1,
2.024E+11,155 710 397,A01,2,7,0,2,8,24,1,
2.024E+11,155 710 398,B01,2,1,1,0,0,1,5,
2.024E+11,155 710 396,A01,2,7,0,1,1,1,3,
2.024E+11,155 710 394,A01,1,7,0,2,1,2,1,
2.024E+11,155 710 395,B01,1,7,0,2,4,2,1,
2.024E+11,155 710 391,B01,1,1,0,2,0,1,5,
2.024E+11,155 710 393,A01,1,7,0,2,0,0,1,
2.024E+11,155 710 390,A01,1,33,0,2,1,18,1,
2.024E+11,155 710 392,B01,1,7,0,2,2,16,1,
2.024E+11,155 710 388,A01,3,30,0,2,1,2,1,
2.024E+11,155 710 389,B01,3,7,0,2,6,23,1,
2.024E+11,155 710 386,A01,0,7,0,2,3,11,2,
2.024E+11,155 710 387,B01,0,33,0,2,7,3,1,
2.024E+11,155 710 385,A01,1,7,0,1,2,26,1,
2.024E+11,155 710 382,A01,1,7,6,0,0,21,1,
2.024E+11,155 710 381,A01,2,7,0,2,1,2,1,
2.024E+11,155 710 384,B01,2,7,0,0,4,2,1,
2.024E+11,155 710 380,A01,2,7,0,2,8,1,2,
2.024E+11,155 710 383,B01,2,1,0,2,8,16,5,
2.024E+11,155 710 378,A01,1,7,0,2,3,1,1,
2.024E+11,155 710 379,B01,2,33,0,2,7,1,1,
2.024E+11,155 710 376,A01,2,33,0,0,0,2,1,
2.024E+11,155 710 375,A01,1,30,0,2,7,14,1,
2.024E+11,155 710 377,B01,1,7,0,2,1,1,2,
2.024E+11,155 710 373,A01,1,33,0,2,1,2,1,
2.024E+11,155 710 374,B01,1,7,0,2,4,2,1,
2.024E+11,155 710 372,A01,2,7,0,1,1,2,0,
2.024E+11,155 710 371,A01,1,1,0,9,0,26,5,
2.024E+11,155 710 369,A01,2,2,1,0,2,1,1,
2.024E+11,155 710 367,A01,1,7,16,0,6,0,1,
2.024E+11,155 710 370,B01,1,7,1,2,1,2,0,
2.024E+11,155 710 366,A01,1,31,0,2,1,1,1,
2.024E+11,155 710 368,B01,1,7,0,2,5,1,1,
2.024E+11,155 710 364,B01,2,30,0,2,4,2,1,
2.024E+11,155 710 365,A01,2,7,0,2,1,2,1,
2.024E+11,155 710 361,A01,1,7,0,1,2,1,1,
2.024E+11,155 710 360,A01,1,30,0,2,0,18,1,
2.024E+11,155 710 362,B01,2,7,0,2,3,15,1,
2.024E+11,155 710 359,A01,1,7,0,9,2,1,1,
2.024E+11,155 710 363,B01,2,50,0,2,7,1,3,
2.024E+11,155 710 358,A01,3,7,7,0,1,14,1,
2.024E+11,155 710 357,A01,2,7,16,0,3,13,1,
2.024E+11,155 710 355,A01,2,33,0,2,7,15,1,
2.024E+11,155 710 356,B01,2,7,0,2,8,0,1,
2.024E+11,155 710 352,A01,3,7,0,2,3,9,1,
2.024E+11,155 710 354,B01,3,2,0,2,1,1,1,
2.024E+11,155 710 351,A01,1,7,12,2,1,1,1,
2.024E+11,155 710 353,B01,2,7,0,2,1,1,1,
2.024E+11,155 710 348,A01,3,7,4,0,1,14,1,
2.024E+11,155 710 347,B01,3,2,0,2,1,1,1,
2.024E+11,155 710 350,A01,3,7,0,2,7,9,1,
2.024E+11,155 710 346,B01,1,7,1,2,7,15,1,
2.024E+11,155 710 349,A01,2,30,0,2,7,1,1,
2.024E+11,155 710 343,A01,1,33,0,2,7,18,1,
2.024E+11,155 710 345,B01,1,7,0,2,8,2,1,
2.024E+11,155 710 342,A01,3,7,0,2,8,4,1,
2.024E+11,155 710 344,B01,1,80,0,2,1,1,3,
2.024E+11,155 710 341,A01,3,7,0,1,3,2,1,
2.024E+11,155 710 339,A01,1,7,0,2,1,1,1,
2.024E+11,155 710 340,B01,2,7,0,2,1,5,1,
2.024E+11,155 710 336,A01,3,7,0,9,2,17,1,
2.024E+11,155 710 338,B01,3,2,0,2,4,15,1,
2.024E+11,155 710 335,Z01,2,0,0,2,2,1,0,
2.024E+11,155 710 337,A01,1,7,0,2,4,23,1,
2.024E+11,155 710 332,B01,1,38,0,2,6,19,1,1
2.024E+11,155 710 334,A01,2,33,0,2,1,1,1,
2.024E+11,155 710 330,A01,3,50,0,2,1,1,3,
2.024E+11,155 710 333,B01,3,80,0,2,4,1,3,
2.024E+11,155 710 329,B01,0,37,0,2,3,1,1,2
2.024E+11,155 710 331,A01,0,7,0,2,8,9,2,
2.024E+11,155 710 326,A01,2,10,0,2,3,13,1,
2.024E+11,155 710 328,B01,1,7,0,2,3,1,1,
2.024E+11,155 710 322,A01,2,10,0,2,2,17,1,
2.024E+11,155 710 325,B01,2,7,0,2,8,15,1,
2.024E+11,155 710 323,C01,1,7,0,2,4,0,1,
2.024E+11,155 710 324,A01,1,7,0,2,2,0,1,
2.024E+11,155 710 327,B01,1,7,0,2,9,23,1,
2.024E+11,155 710 319,A01,2,7,0,2,3,13,1,
2.024E+11,155 710 321,B01,1,7,0,2,3,1,1,
2.024E+11,155 710 318,A01,1,7,0,1,2,14,1,
2.024E+11,155 710 317,C01,0,7,0,2,3,15,1,
2.024E+11,155 710 320,B01,2,7,0,2,2,26,1,
2.024E+11,155 710 315,A01,0,7,0,1,3,1,2,
2.024E+11,155 710 313,A01,0,7,0,2,3,1,1,
2.024E+11,155 710 316,B01,1,33,0,2,2,1,1,
2.024E+11,155 710 312,A01,2,7,0,2,1,1,1,
2.024E+11,155 710 314,B01,1,7,0,2,7,1,1,
2.024E+11,155 710 311,A01,3,30,15,0,2,14,1,
2.024E+11,155 710 310,A01,2,2,0,0,0,1,1,
2.024E+11,155 710 308,A01,2,7,0,1,1,1,3,
2.024E+11,155 710 307,A01,1,33,0,2,1,17,1,
2.024E+11,155 710 309,B01,1,7,0,2,8,15,1,
2.024E+11,155 710 305,B01,1,7,0,2,6,2,1,
2.024E+11,155 710 306,A01,1,30,0,2,1,2,1,
2.024E+11,155 710 304,A01,1,7,0,1,1,1,1,
2.024E+11,155 710 303,A01,3,7,0,1,1,15,1,
2.024E+11,155 710 299,A01,1,7,0,2,3,13,1,
2.024E+11,155 710 301,B01,2,7,0,2,3,1,1,
2.024E+11,155 710 302,C01,2,15,0,2,8,1,1,
2.024E+11,155 710 298,A01,1,33,9,0,2,14,1,
2.024E+11,155 710 294,A01,3,10,13,0,2,1,1,
2.024E+11,155 710 291,A01,2,2,2,0,1,14,1,
2.024E+11,155 710 292,A01,1,7,0,1,3,15,1,
2.024E+11,155 710 288,A01,1,7,0,2,1,13,1,
2.024E+11,155 710 290,B01,2,7,0,2,1,1,1,
2.024E+11,155 710 287,A01,2,7,0,1,1,1,1,
2.024E+11,155 710 285,B01,2,7,0,2,0,0,1,
2.024E+11,155 710 286,A01,2,7,0,2,0,0,0,
2.024E+11,155 710 289,C01,2,7,0,2,0,0,1,
2.024E+11,155 710 284,A01,2,7,1,0,1,1,1,
2.024E+11,155 710 281,A01,1,7,0,2,3,15,1,
2.024E+11,155 710 283,B01,1,10,0,2,3,1,1,
2.024E+11,155 710 280,B01,1,33,1,0,1,1,1,
2.024E+11,155 710 282,A01,1,7,0,2,8,22,1,
2.024E+11,155 710 279,A01,2,10,0,1,2,1,1,
2.024E+11,155 710 276,B01,3,7,0,2,1,21,1,
2.024E+11,155 710 278,Z01,0,7,0,2,1,5,2,
2.024E+11,155 710 275,A01,1,7,0,2,2,1,1,
2.024E+11,155 710 277,B01,3,1,0,2,1,25,5,
2.024E+11,155 710 273,A01,0,15,0,1,5,1,1,
2.024E+11,155 710 271,A01,1,7,8,0,7,0,1,
2.024E+11,155 710 272,A01,2,7,0,2,8,15,1,
2.024E+11,155 710 274,B01,2,10,0,2,2,2,1,
2.024E+11,155 710 267,A01,3,2,0,2,1,13,1,
2.024E+11,155 710 269,B01,3,10,0,2,3,21,1,
2.024E+11,155 710 266,A01,3,7,14,2,1,13,1,
2.024E+11,155 710 270,B01,3,1,0,2,7,0,5,
2.024E+11,155 710 265,Z01,3,7,0,2,0,1,0,
2.024E+11,155 710 268,A01,3,7,0,2,1,26,1,
2.024E+11,155 710 263,A01,2,7,17,0,1,1,1,
2.024E+11,155 710 261,A01,1,7,0,0,0,0,0,
2.024E+11,155 710 264,B01,3,7,0,2,4,24,1,
2.024E+11,155 710 260,A01,2,2,0,2,8,9,1,
2.024E+11,155 710 262,B01,3,7,0,2,1,1,1,
2.024E+11,155 710 259,A01,1,10,0,1,3,2,3,
2.024E+11,155 710 255,A01,3,7,0,1,2,1,1,
2.024E+11,155 710 256,A01,1,7,6,0,1,0,1,
2.024E+11,155 710 257,B01,1,7,0,2,2,1,1,
2.024E+11,155 710 258,A01,2,30,0,2,3,9,1,
2.024E+11,155 710 252,A01,0,7,0,2,3,26,2,
2.024E+11,155 710 254,B01,0,10,0,2,3,1,1,
2.024E+11,155 710 250,B01,1,33,0,2,3,1,1,
2.024E+11,155 710 253,A01,2,7,0,2,7,15,2,
2.024E+11,155 710 249,A01,1,7,0,2,2,16,1,
2.024E+11,155 710 251,B01,1,1,0,2,3,9,5,
2.024E+11,155 710 244,B01,0,32,0,2,1,1,1,
2.024E+11,155 710 248,A01,0,7,0,2,3,15,1,
2.024E+11,155 710 245,A01,3,7,8,0,1,26,1,
2.024E+11,155 710 246,B01,1,7,0,2,2,2,1,
2.024E+11,155 710 247,A01,3,7,0,2,3,9,1,
2.024E+11,155 710 240,B01,2,7,0,2,1,1,1,
2.024E+11,155 710 243,A01,2,1,0,2,7,1,5,
2.024E+11,155 710 239,A01,3,3,0,2,2,15,0,
2.024E+11,155 710 242,B01,3,30,0,2,1,1,1,
2.024E+11,155 710 241,Z01,2,7,0,1,2,16,1,
2.024E+11,155 710 238,A01,1,33,4,0,1,1,1,
2.024E+11,155 710 236,A01,3,0,0,1,0,0,0,
2.024E+11,155 710 234,A01,2,33,0,0,0,0,1,
2.024E+11,155 710 233,A01,2,50,0,1,1,1,3,
2.024E+11,155 710 230,A01,2,10,0,2,2,2,1,
2.024E+11,155 710 231,B01,2,10,0,2,6,15,1,
2.024E+11,155 710 229,A01,3,7,0,2,1,9,1,
2.024E+11,155 710 232,B01,3,7,0,2,7,1,1,
2.024E+11,155 710 228,A01,3,7,0,0,0,1,1,
2.024E+11,155 710 226,A01,2,31,0,0,8,1,1,
2.024E+11,155 710 224,A01,3,7,0,0,1,13,1,
2.024E+11,155 710 227,B01,3,7,0,2,1,1,1,
2.024E+11,155 710 223,A01,2,1,0,2,3,26,5,
2.024E+11,155 710 225,B01,2,7,0,2,2,1,1,
2.024E+11,155 710 220,A01,3,7,0,2,8,15,1,
2.024E+11,155 710 221,B01,3,2,0,2,2,17,3,
2.024E+11,155 710 219,B01,1,10,0,2,7,2,1,
2.024E+11,155 710 222,A01,1,30,0,2,3,15,1,
2.024E+11,155 710 217,A01,2,7,0,2,2,15,1,
2.024E+11,155 710 218,B01,2,7,0,2,1,1,2,
2.024E+11,155 710 215,A01,1,30,0,0,0,1,1,
2.024E+11,155 710 214,A01,1,50,0,0,0,2,3,
2.024E+11,155 710 210,A01,2,7,0,2,1,19,1,
2.024E+11,155 710 213,B01,2,7,0,2,7,1,1,