Num_Acc,id_vehicule,num_veh,senc,catv,obs,obsm,choc,manv,motor,occutc
2.024E+11,155 708 331,A01,1,43,12,0,2,1,1,
2.024E+11,155 708 327,A01,1,1,0,2,8,1,5,
2.024E+11,155 708 330,B01,1,32,0,2,7,14,1,
2.024E+11,155 708 326,A01,2,7,0,2,3,17,1,
2.024E+11,155 708 329,B01,2,7,3,0,6,1,1,
2.024E+11,155 708 325,A01,2,7,0,2,1,1,1,
2.024E+11,155 708 328,B01,2,7,0,2,4,1,1,
2.024E+11,155 708 334,C01,2,7,0,2,4,1,1,
2.024E+11,155 708 323,A01,1,1,16,0,0,26,5,
2.024E+11,155 708 320,C01,1,7,0,2,4,2,1,
2.024E+11,155 708 322,A01,1,7,0,2,1,2,1,
2.024E+11,155 708 324,B01,1,7,0,2,4,2,1,
2.024E+11,155 708 321,A01,3,31,0,0,0,0,1,
2.024E+11,155 708 317,C01,1,7,0,2,3,1,2,
2.024E+11,155 708 318,B01,2,7,0,2,2,1,1,
2.024E+11,155 708 319,A01,1,7,0,2,1,15,1,
2.024E+11,155 708 315,A01,1,14,0,2,2,12,1,
2.024E+11,155 708 316,B01,1,7,0,2,6,1,1,
2.024E+11,155 708 313,B01,2,1,0,2,1,1,5,
2.024E+11,155 708 314,A01,1,7,0,2,7,13,1,
2.024E+11,155 708 312,A01,1,17,0,0,8,1,1,
2.024E+11,155 708 308,A01,3,30,0,2,7,9,3,
2.024E+11,155 708 310,B01,3,7,0,2,3,9,2,
2.024E+11,155 708 309,A01,1,7,0,2,2,18,1,
2.024E+11,155 708 311,B01,2,1,0,2,4,12,5,
2.024E+11,155 708 304,A01,2,7,0,2,1,2,1,
2.024E+11,155 708 306,B01,2,7,0,2,1,2,1,
2.024E+11,155 708 307,C01,2,7,0,2,4,2,1,
2.024E+11,155 708 303,A01,1,10,0,9,8,24,1,
2.024E+11,155 708 305,B01,1,1,1,2,1,1,5,
2.024E+11,155 708 299,A01,0,7,0,1,1,0,-1,
2.024E+11,155 708 300,A01,1,33,0,2,1,2,1,
2.024E+11,155 708 302,B01,1,7,0,2,5,2,2,
2.024E+11,155 708 297,A01,2,7,0,2,1,2,1,
2.024E+11,155 708 298,B01,2,7,0,2,4,2,2,
2.024E+11,155 708 301,C01,2,7,0,2,1,2,1,
2.024E+11,155 708 296,A01,0,7,8,0,1,1,1,
2.024E+11,155 708 293,A01,2,7,0,2,1,12,1,
2.024E+11,155 708 294,C01,2,7,0,2,5,1,1,
2.024E+11,155 708 295,B01,2,7,0,2,4,2,1,
2.024E+11,155 708 289,A01,0,7,0,1,1,26,1,
2.024E+11,155 708 288,A01,1,7,4,0,0,0,1,
2.024E+11,155 708 286,B01,1,7,0,2,7,15,1,
2.024E+11,155 708 287,A01,1,7,0,2,0,1,1,
2.024E+11,155 708 285,A01,1,1,0,1,0,0,5,
2.024E+11,155 708 291,A01,3,7,0,0,7,15,0,
2.024E+11,155 708 292,B01,0,30,0,0,1,1,0,
2.024E+11,155 708 282,A01,3,7,0,2,8,9,1,
2.024E+11,155 708 284,B01,3,7,0,2,2,1,1,
2.024E+11,155 708 281,A01,1,7,0,2,4,23,1,
2.024E+11,155 708 290,B01,1,50,0,2,1,1,3,
2.024E+11,155 708 280,A01,1,33,0,2,1,17,1,
2.024E+11,155 708 283,B01,1,10,0,0,6,15,1,
2.024E+11,155 708 278,C01,1,7,0,2,8,24,1,
2.024E+11,155 708 279,B01,1,37,0,2,5,15,1,1
2.024E+11,155 708 276,A01,2,7,14,0,9,1,1,
2.024E+11,155 708 274,A01,3,31,0,2,7,3,1,
2.024E+11,155 708 275,B01,3,7,0,2,0,1,1,
2.024E+11,155 708 272,A01,2,1,1,0,0,0,5,
2.024E+11,155 708 271,A01,3,32,0,1,1,1,1,
2.024E+11,155 708 273,A01,2,7,0,2,7,16,1,
2.024E+11,155 708 277,B01,2,1,0,2,1,1,5,
2.024E+11,155 708 267,A01,1,7,0,2,3,15,1,
2.024E+11,155 708 269,B01,2,7,0,2,7,1,1,
2.024E+11,155 708 268,A01,1,7,0,0,2,16,1,
2.024E+11,155 708 270,B01,1,1,0,2,1,2,5,
2.024E+11,155 708 265,A01,1,1,0,2,1,13,5,
2.024E+11,155 708 266,B01,1,1,0,2,1,1,5,
2.024E+11,155 708 261,A01,1,21,0,2,1,19,1,
2.024E+11,155 708 264,B01,1,7,0,2,3,1,1,
2.024E+11,155 708 260,A01,1,7,0,2,4,15,1,
2.024E+11,155 708 262,B01,1,33,0,2,1,1,1,
2.024E+11,155 708 263,C01,1,33,0,2,1,1,1,
2.024E+11,155 708 258,A01,1,30,0,1,1,1,3,
2.024E+11,155 708 257,B01,2,7,0,2,6,15,1,
2.024E+11,155 708 259,A01,2,7,0,2,3,1,1,
2.024E+11,155 708 256,A01,1,33,13,0,7,1,1,
2.024E+11,155 708 255,A01,0,7,2,0,1,0,1,
2.024E+11,155 708 254,A01,3,36,0,0,9,10,1,
2.024E+11,155 708 252,B01,1,14,0,2,5,2,1,
2.024E+11,155 708 253,A01,1,10,14,2,3,2,1,
2.024E+11,155 708 245,A01,1,7,0,9,2,15,1,
2.024E+11,155 708 247,B01,1,50,0,2,2,0,3,
2.024E+11,155 708 246,A01,3,7,0,2,6,1,1,
2.024E+11,155 708 249,B01,3,30,8,2,1,1,1,
2.024E+11,155 708 242,A01,2,7,0,2,3,15,1,
2.024E+11,155 708 243,B01,2,33,0,2,3,1,1,
2.024E+11,155 708 238,A01,1,7,0,1,4,4,0,
2.024E+11,155 708 239,C01,3,7,0,2,4,1,1,
2.024E+11,155 708 241,D01,3,7,0,0,4,0,0,
2.024E+11,155 708 244,E01,3,7,0,0,0,0,0,
2.024E+11,155 708 248,B01,3,7,0,2,4,1,1,
2.024E+11,155 708 251,A01,3,10,0,2,1,1,1,
2.024E+11,155 708 237,A01,3,7,0,2,3,9,1,
2.024E+11,155 708 240,B01,3,80,0,2,2,1,3,
2.024E+11,155 708 236,A01,2,7,0,0,9,1,1,
2.024E+11,155 708 235,A01,2,33,15,0,8,1,1,
2.024E+11,155 708 229,B01,1,7,0,0,3,26,3,
2.024E+11,155 708 232,A01,2,34,0,0,6,21,1,
2.024E+11,155 708 230,A01,3,34,0,2,1,13,1,
2.024E+11,155 708 233,B01,3,3,0,2,1,1,1,
2.024E+11,155 708 231,B01,2,14,0,2,3,15,4,
2.024E+11,155 708 234,A01,2,30,0,2,2,17,1,
2.024E+11,155 708 228,A01,2,7,13,0,1,17,1,
2.024E+11,155 708 227,A01,1,32,12,0,1,13,1,
2.024E+11,155 708 223,A01,1,7,0,2,3,13,1,
2.024E+11,155 708 226,B01,2,7,0,2,3,1,1,
2.024E+11,155 708 222,B01,3,2,0,2,2,17,1,
2.024E+11,155 708 225,A01,3,7,0,2,6,15,1,
2.024E+11,155 708 224,A01,1,1,0,1,2,1,5,
2.024E+11,155 708 219,B01,2,50,0,2,1,1,3,
2.024E+11,155 708 221,A01,1,7,0,2,1,1,1,
2.024E+11,155 708 218,A01,3,7,0,2,1,1,1,
2.024E+11,155 708 220,B01,3,7,0,2,3,15,1,
2.024E+11,155 708 217,A01,2,7,2,0,9,14,1,
2.024E+11,155 708 215,A01,1,7,0,2,1,1,1,
2.024E+11,155 708 216,B01,1,7,0,2,2,9,1,
2.024E+11,155 708 212,A01,2,33,0,2,1,18,1,
2.024E+11,155 708 213,B01,2,7,0,2,5,16,1,
2.024E+11,155 708 211,A01,1,7,0,2,6,23,2,
2.024E+11,155 708 214,B01,1,2,1,0,1,1,3,
2.024E+11,155 708 210,A01,1,7,0,1,1,1,1,
2.024E+11,155 708 206,A01,2,7,2,0,1,1,1,
2.024E+11,155 708 205,B01,3,60,0,2,3,19,5,
2.024E+11,155 708 208,A01,3,7,0,2,2,2,1,
2.024E+11,155 708 207,A01,1,33,0,2,1,17,1,
2.024E+11,155 708 209,B01,1,7,0,2,6,11,1,
2.024E+11,155 708 201,A01,2,10,0,2,2,0,1,
2.024E+11,155 708 204,B01,2,1,0,2,4,2,5,
2.024E+11,155 708 202,A01,1,50,0,1,8,26,3,
2.024E+11,155 708 200,A01,3,0,0,2,0,19,0,
2.024E+11,155 708 203,B01,1,32,0,0,0,0,1,
2.024E+11,155 708 197,B01,1,33,0,2,6,1,1,
2.024E+11,155 708 199,A01,1,7,0,2,1,15,1,
2.024E+11,155 708 195,A01,3,7,0,2,1,0,1,
2.024E+11,155 708 196,B01,3,7,0,2,1,0,1,
2.024E+11,155 708 198,C01,3,7,0,2,4,0,1,
2.024E+11,155 708 193,A01,2,7,0,2,0,0,0,
2.024E+11,155 708 194,B01,2,7,0,2,6,1,1,
2.024E+11,155 708 192,A01,0,7,2,0,3,1,1,
2.024E+11,155 708 190,A01,1,33,0,2,3,3,1,
2.024E+11,155 708 191,B01,1,7,0,2,3,2,1,
2.024E+11,155 708 188,A01,1,50,0,1,1,1,3,
2.024E+11,155 708 187,A01,3,7,0,2,1,15,0,
2.024E+11,155 708 189,B01,3,7,0,2,1,1,0,
2.024E+11,155 708 185,Z01,3,7,0,2,1,1,1,
2.024E+11,155 708 186,B01,3,50,0,2,4,1,3,
2.024E+11,155 708 184,Z01,3,7,0,1,4,25,0,
2.024E+11,155 708 182,B01,1,33,0,2,1,1,1,
2.024E+11,155 708 183,A01,2,7,0,2,2,15,1,
2.024E+11,155 708 180,A01,2,50,0,2,2,1,3,
2.024E+11,155 708 181,B01,2,7,0,2,3,0,1,
2.024E+11,155 708 179,A01,3,7,0,1,1,16,1,
2.024E+11,155 708 178,Z01,1,0,0,1,1,1,0,
2.024E+11,155 708 177,A01,1,50,0,0,0,0,3,
2.024E+11,155 708 176,A01,1,7,0,1,1,9,1,
2.024E+11,155 708 174,A01,2,7,0,2,7,15,1,
2.024E+11,155 708 175,B01,1,33,0,2,1,1,1,
2.024E+11,155 708 173,A01,3,7,0,0,0,26,1,
2.024E+11,155 708 169,A01,0,7,0,2,3,26,1,
2.024E+11,155 708 171,B01,2,50,0,2,1,1,3,
2.024E+11,155 708 168,A01,1,7,16,0,3,1,1,
2.024E+11,155 708 170,B01,2,33,0,0,3,1,1,
2.024E+11,155 708 172,A01,1,1,0,2,1,1,5,
2.024E+11,155 708 166,A01,3,7,0,1,1,1,1,
2.024E+11,155 708 167,A01,1,2,14,0,1,6,1,
2.024E+11,155 708 164,A01,2,7,2,0,1,1,1,
2.024E+11,155 708 163,A01,1,7,0,2,2,17,1,
2.024E+11,155 708 165,B01,1,7,0,2,6,1,1,
2.024E+11,155 708 161,A01,2,33,3,0,0,14,1,
2.024E+11,155 708 160,A01,1,80,12,0,1,6,2,
2.024E+11,155 708 162,B01,2,7,0,9,1,9,1,
2.024E+11,155 708 157,A01,1,2,0,2,7,17,1,
2.024E+11,155 708 158,B01,1,7,0,2,8,15,3,
2.024E+11,155 708 156,B01,1,33,0,2,8,21,1,
2.024E+11,155 708 159,A01,2,7,0,2,8,15,2,
2.024E+11,155 708 154,A01,3,7,0,2,4,23,1,
2.024E+11,155 708 155,B01,3,32,0,2,1,2,1,
2.024E+11,155 708 151,B01,1,80,1,0,8,1,3,
2.024E+11,155 708 153,A01,1,7,0,2,7,22,1,
2.024E+11,155 708 150,B01,2,7,0,2,8,1,1,
2.024E+11,155 708 152,A01,2,7,0,2,9,17,1,
2.024E+11,155 708 149,A01,3,7,0,1,1,26,1,
2.024E+11,155 708 145,B01,3,50,0,0,0,0,3,
2.024E+11,155 708 147,A01,3,7,0,0,0,0,2,
2.024E+11,155 708 146,A01,1,33,0,2,1,13,1,
2.024E+11,155 708 148,B01,2,7,0,2,1,1,1,
2.024E+11,155 708 144,A01,2,7,0,1,1,14,1,
2.024E+11,155 708 142,B01,1,7,0,2,1,1,1,
2.024E+11,155 708 143,A01,2,10,0,2,1,1,1,
2.024E+11,155 708 141,A01,1,7,8,0,3,16,1,
2.024E+11,155 708 140,A01,3,7,13,0,1,2,1,
2.024E+11,155 708 138,A01,3,2,0,0,0,1,1,
2.024E+11,155 708 137,B01,3,7,0,2,2,1,0,
2.024E+11,155 708 139,A01,3,7,0,2,2,15,0,
2.024E+11,155 708 135,A01,1,7,0,1,1,1,1,
2.024E+11,155 708 134,B01,1,7,0,2,1,1,1,
2.024E+11,155 708 136,A01,1,7,0,2,3,9,1,
2.024E+11,155 708 132,A01,2,7,13,0,3,0,1,
2.024E+11,155 708 127,B01,3,33,0,2,2,2,0,
2.024E+11,155 708 130,A01,3,7,0,0,3,20,1,
2.024E+11,155 708 128,A01,2,7,0,2,1,13,1,
2.024E+11,155 708 131,B01,1,7,0,2,3,1,1,
2.024E+11,155 708 126,C01,2,7,0,2,0,15,2,
2.024E+11,155 708 129,B01,2,7,0,2,4,2,1,
2.024E+11,155 708 133,A01,2,10,0,2,2,2,3,
2.024E+11,155 708 124,B01,2,7,0,2,1,1,1,
2.024E+11,155 708 125,A01,2,1,0,2,5,9,5,
2.024E+11,155 708 122,A01,2,7,0,2,3,13,1,
2.024E+11,155 708 123,B01,1,7,0,2,3,1,1,
2.024E+11,155 708 117,A01,2,7,0,2,3,2,3,
2.024E+11,155 708 119,B01,2,1,0,2,4,17,5,
2.024E+11,155 708 118,A01,3,50,0,2,4,2,3,
2.024E+11,155 708 121,B01,3,7,0,2,1,1,1,
2.024E+11,155 708 115,A01,1,33,8,0,1,5,1,
2.024E+11,155 708 114,B01,1,7,0,2,1,1,1,
2.024E+11,155 708 116,A01,2,7,0,2,1,5,1,
2.024E+11,155 708 120,C01,2,7,0,2,1,21,2,
2.024E+11,155 708 112,A01,1,10,0,2,2,0,1,
2.024E+11,155 708 113,B01,1,7,0,2,6,1,1,
2.024E+11,155 708 109,B01,1,33,0,2,3,1,1,
2.024E+11,155 708 111,A01,2,7,0,2,3,9,1,
2.024E+11,155 708 108,B01,2,7,0,2,1,13,0,
2.024E+11,155 708 110,A01,1,7,14,2,1,1,1,
2.024E+11,155 708 107,A01,2,7,2,0,2,1,1,
2.024E+11,155 708 105,A01,2,7,0,2,2,26,1,
2.024E+11,155 708 106,B01,2,30,0,2,1,1,3,
2.024E+11,155 708 103,A01,1,7,6,0,3,14,1,
2.024E+11,155 708 102,A01,2,80,0,0,1,26,3,
2.024E+11,155 708 100,A01,2,7,4,0,1,14,1,
2.024E+11,155 708 098,A01,2,33,0,2,1,1,1,
2.024E+11,155 708 099,B01,1,7,0,2,5,15,1,
2.024E+11,155 708 097,A01,1,7,3,2,1,16,1,
2.024E+11,155 708 101,C01,2,7,0,2,1,1,1,
2.024E+11,155 708 104,B01,1,10,0,2,2,1,1,
2.024E+11,155 708 095,A01,1,7,0,2,4,23,1,
2.024E+11,155 708 096,B01,1,7,0,2,1,1,1,
2.024E+11,155 708 094,A01,2,7,1,0,3,1,1,
2.024E+11,155 708 091,A01,2,7,13,0,9,1,1,
2.024E+11,155 708 092,B01,1,7,0,2,1,1,1,
2.024E+11,155 708 093,A01,2,7,12,2,2,15,1,
2.024E+11,155 708 089,A01,1,7,9,0,2,14,1,
2.024E+11,155 708 088,B01,2,7,0,2,1,15,1,
2.024E+11,155 708 090,A01,1,30,0,2,2,1,1,
2.024E+11,155 708 085,A01,1,7,13,0,1,13,1,
2.024E+11,155 708 084,A01,2,7,0,0,8,15,1,
2.024E+11,155 708 087,B01,1,32,0,2,1,1,1,
2.024E+11,155 708 083,A01,3,7,1,0,4,20,0,
2.024E+11,155 708 086,B01,3,1,0,2,1,2,5,
2.024E+11,155 708 079,A01,1,33,0,6,1,2,1,
2.024E+11,155 708 081,B01,1,33,0,6,1,2,1,
2.024E+11,155 708 080,A01,2,3,0,2,3,1,1,
2.024E+11,155 708 082,B01,1,7,0,0,3,1,1,
2.024E+11,155 708 074,A01,3,7,0,2,1,1,1,
2.024E+11,155 708 076,B01,3,7,0,2,4,1,1,
2.024E+11,155 708 078,C01,3,7,0,2,4,1,1,
2.024E+11,155 708 073,B01,1,7,0,0,1,1,1,
2.024E+11,155 708 075,A01,1,7,0,0,7,1,1,
2.024E+11,155 708 071,A01,2,7,0,2,3,13,1,
2.024E+11,155 708 072,B01,1,10,0,2,3,1,1,
2.024E+11,155 708 068,A01,2,7,0,1,7,1,2,
2.024E+11,155 708 069,A01,1,7,0,2,1,2,1,
2.024E+11,155 708 070,B01,1,7,0,2,4,23,1,
2.024E+11,155 708 067,A01,3,2,0,0,0,1,1,
2.024E+11,155 708 064,A01,3,7,0,2,2,9,1,
2.024E+11,155 708 065,B01,3,7,0,2,0,0,1,
2.024E+11,155 708 062,B01,1,7,0,2,4,1,1,
2.024E+11,155 708 063,C01,1,7,0,2,4,1,1,
2.024E+11,155 708 066,A01,1,10,0,2,1,1,1,
2.024E+11,155 708 061,A01,1,7,13,0,8,0,1,
2.024E+11,155 708 060,A01,1,1,0,0,0,0,5,
2.024E+11,155 708 058,A01,2,7,13,0,9,1,1,
2.024E+11,155 708 055,C01,2,7,0,2,4,2,-1,
2.024E+11,155 708 056,A01,2,33,0,2,1,2,1,
2.024E+11,155 708 054,A01,2,33,0,0,0,16,1,
2.024E+11,155 708 052,A01,1,33,0,0,1,1,1,
2.024E+11,155 708 050,A01,3,7,13,0,6,1,2,
2.024E+11,155 708 053,B01,1,7,13,0,1,1,1,
2.024E+11,155 708 049,A01,1,7,0,2,2,17,1,
2.024E+11,155 708 051,B01,1,7,15,2,8,1,1,
2.024E+11,155 708 047,A01,1,30,0,2,2,17,3,
2.024E+11,155 708 048,B01,1,7,0,2,3,15,2,
2.024E+11,155 708 046,A01,1,33,4,0,1,1,1,
2.024E+11,155 708 043,A01,1,7,1,2,1,2,1,
2.024E+11,155 708 045,B01,1,7,1,0,4,0,1,
2.024E+11,155 708 042,A01,3,33,13,0,1,1,1,
2.024E+11,155 708 040,C01,3,7,0,2,2,1,1,
2.024E+11,155 708 041,B01,3,7,0,2,6,23,3,
2.024E+11,155 708 044,A01,3,43,0,2,2,16,1,
2.024E+11,155 708 036,B01,1,7,0,2,1,2,1,
2.024E+11,155 708 038,A01,1,10,0,2,1,2,1,
2.024E+11,155 708 039,C01,1,10,0,2,4,23,1,
2.024E+11,155 708 037,A01,1,7,4,0,2,13,1,
2.024E+11,155 708 034,A01,3,15,0,2,2,1,1,
2.024E+11,155 708 035,B01,3,33,0,2,4,23,1,
2.024E+11,155 708 032,A01,2,7,13,0,1,16,1,
2.024E+11,155 708 031,B01,2,7,0,2,1,1,1,
2.024E+11,155 708 033,A01,2,2,0,2,8,19,1,
2.024E+11,155 708 028,A01,2,33,0,2,1,0,1,
2.024E+11,155 708 030,Z01,2,10,0,2,0,0,0,
2.024E+11,155 708 027,A01,2,7,0,2,2,15,2,
2.024E+11,155 708 029,B01,1,32,0,2,8,1,1,
2.024E+11,155 708 026,A01,1,31,0,0,0,0,1,
2.024E+11,155 708 025,A01,2,7,0,2,1,17,1,
2.024E+11,155 708 022,A01,2,7,2,0,3,19,1,
2.024E+11,155 708 023,B01,2,50,0,2,7,19,3,
2.024E+11,155 708 024,A01,2,1,0,2,1,1,5,
2.024E+11,155 708 019,B01,2,7,0,2,4,23,1,
2.024E+11,155 708 020,C01,2,7,0,2,0,23,2,
2.024E+11,155 708 021,A01,2,10,0,2,1,1,1,
2.024E+11,155 708 018,A01,2,33,0,0,1,1,1,
2.024E+11,155 708 017,A01,2,50,0,1,1,1,3,
2.024E+11,155 708 010,A01,1,7,0,2,7,1,1,
2.024E+11,155 708 011,B01,1,7,0,2,6,0,2,
2.024E+11,155 708 014,C01,1,7,0,2,1,1,1,
2.024E+11,155 708 015,D01,1,7,0,2,1,1,1,
2.024E+11,155 708 009,A01,1,7,0,2,1,1,1,
2.024E+11,155 708 013,B01,1,10,0,0,4,23,1,
2.024E+11,155 708 008,B01,1,10,0,2,4,23,1,
2.024E+11,155 708 012,A01,1,80,0,2,1,1,3,
2.024E+11,155 708 005,B01,1,7,0,2,5,1,1,
2.024E+11,155 708 007,A01,1,7,0,2,0,1,1,
2.024E+11,155 708 004,B01,1,7,0,2,2,15,1,
2.024E+11,155 708 006,A01,2,33,0,2,1,17,0,
2.024E+11,155 708 002,A01,1,1,0,2,8,9,5,
2.024E+11,155 708 003,B01,1,1,0,2,7,1,5,
2.024E+11,155 708 001,A01,2,7,0,2,1,26,1,
2.024E+11,155 707 999,A01,1,7,0,0,4,2,1,
2.024E+11,155 708 000,B01,1,0,0,2,1,1,1,
2.024E+11,155 707 997,A01,1,7,0,2,1,1,1,
2.024E+11,155 707 998,B01,1,7,0,2,4,1,1,
2.024E+11,155 707 996,A01,1,43,0,1,1,5,1,
2.024E+11,155 707 994,A01,3,30,0,2,1,15,1,
2.024E+11,155 707 995,B01,2,7,0,2,3,1,1,
2.024E+11,155 707 992,A01,2,7,0,2,1,2,1,
2.024E+11,155 707 993,B01,2,7,0,2,3,0,1,
2.024E+11,155 707 991,Z01,2,7,0,1,7,1,1,
2.024E+11,155 707 989,A01,2,7,2,0,7,14,1,
2.024E+11,155 707 990,A01,1,7,6,0,8,1,1,
2.024E+11,155 707 987,A01,1,7,4,0,6,1,1,
2.024E+11,155 707 985,A01,2,7,17,0,1,1,1,
2.024E+11,155 707 986,A01,2,7,0,2,1,1,1,
2.024E+11,155 707 988,B01,2,7,0,2,4,1,2,
2.024E+11,155 707 983,A01,1,50,1,0,0,26,3,
2.024E+11,155 707 982,A01,1,33,4,2,1,3,1,
2.024E+11,155 707 984,B01,1,7,4,2,5,1,1,
2.024E+11,155 707 981,A01,1,7,2,0,9,14,1,
2.024E+11,155 707 980,A01,1,33,0,0,7,14,1,
2.024E+11,155 707 978,A01,3,34,0,0,0,0,1,
2.024E+11,155 707 977,B01,2,7,0,2,2,17,1,
2.024E+11,155 707 979,A01,2,1,0,2,4,13,5,
2.024E+11,155 707 975,B01,1,43,0,2,0,2,1,
2.024E+11,155 707 976,A01,1,7,0,2,4,11,2,
2.024E+11,155 707 971,A01,3,7,0,2,1,15,3,
2.024E+11,155 707 973,B01,3,33,0,2,1,1,1,
2.024E+11,155 707 972,A01,2,13,0,0,6,15,1,
2.024E+11,155 707 974,B01,2,34,0,2,2,2,1,
2.024E+11,155 707 970,A01,1,7,13,0,1,21,1,
2.024E+11,155 707 969,A01,1,33,3,0,1,1,1,
2.024E+11,155 707 967,A01,1,7,3,0,3,0,1,
2.024E+11,155 707 966,B01,3,33,0,2,2,1,1,
2.024E+11,155 707 968,A01,3,7,0,2,3,20,1,
2.024E+11,155 707 963,B01,2,30,0,9,0,1,0,
2.024E+11,155 707 964,OA01,1,30,0,9,0,15,0,
2.024E+11,155 707 961,A01,2,7,0,0,9,0,1,
2.024E+11,155 707 957,A01,3,33,0,2,1,2,1,
2.024E+11,155 707 959,B01,3,7,0,2,4,2,1,
2.024E+11,155 707 960,B01,3,7,0,2,3,1,1,
2.024E+11,155 707 962,A01,2,43,0,2,2,15,1,
2.024E+11,155 707 956,A01,1,7,0,2,5,17,1,
2.024E+11,155 707 958,B01,1,1,0,2,9,1,5,
2.024E+11,155 707 952,A01,3,7,0,2,4,1,1,
2.024E+11,155 707 955,B01,3,7,0,2,2,2,1,
2.024E+11,155 707 953,A01,2,7,0,0,0,0,1,
2.024E+11,155 707 949,B01,1,7,0,2,4,1,1,
2.024E+11,155 707 951,A01,1,10,0,2,1,2,1,
2.024E+11,155 707 950,B01,1,15,0,2,3,1,1,
2.024E+11,155 707 954,A01,2,7,0,2,1,13,1,
2.024E+11,155 707 948,A01,1,33,3,0,2,1,1,
2.024E+11,155 707 946,A01,1,7,0,1,1,1,1,
2.024E+11,155 707 944,A01,3,7,2,0,8,1,1,
2.024E+11,155 707 945,B01,2,2,0,2,1,1,1,
2.024E+11,155 707 947,A01,1,7,0,2,6,15,1,
2.024E+11,155 707 942,A01,3,7,16,0,9,1,1,
2.024E+11,155 707 941,B01,1,1,0,2,1,1,5,
2.024E+11,155 707 943,A01,2,7,0,9,2,15,1,
2.024E+11,155 707 937,A01,1,33,0,2,2,15,1,
2.024E+11,155 707 940,B01,1,7,0,2,1,1,1,
2.024E+11,155 707 935,A01,3,7,0,2,2,1,1,
2.024E+11,155 707 939,B01,0,80,0,2,1,9,3,
2.024E+11,155 707 936,B01,3,7,0,2,8,9,1,
2.024E+11,155 707 938,A01,3,7,0,2,1,1,1,
2.024E+11,155 707 930,B01,0,7,0,2,1,3,1,
2.024E+11,155 707 932,A01,0,31,0,0,4,1,1,
2.024E+11,155 707 931,A01,1,7,0,2,3,15,1,
2.024E+11,155 707 934,B01,1,30,0,2,1,1,1,
2.024E+11,155 707 929,B01,1,1,0,2,1,19,5,
2.024E+11,155 707 933,A01,1,7,0,2,3,1,1,
2.024E+11,155 707 926,A01,1,1,0,1,1,1,5,
2.024E+11,155 707 925,A01,1,7,0,2,7,25,1,
2.024E+11,155 707 927,B01,2,31,0,2,1,1,1,
2.024E+11,155 707 924,B01,1,2,0,2,1,1,0,
2.024E+11,155 707 928,A01,1,7,0,2,3,15,0,
2.024E+11,155 707 923,A01,3,7,10,0,1,1,1,
2.024E+11,155 707 921,A01,3,7,0,1,7,26,1,
2.024E+11,155 707 920,A01,2,7,0,2,6,0,2,
2.024E+11,155 707 922,B01,2,33,0,2,1,2,1,
2.024E+11,155 707 919,A01,3,33,0,0,7,0,1,
2.024E+11,155 707 918,A01,2,7,9,0,1,13,1,
2.024E+11,155 707 916,A01,3,7,0,1,1,19,4,
2.024E+11,155 707 914,A01,1,7,0,2,6,2,3,
2.024E+11,155 707 917,B01,1,33,0,2,7,2,1,
2.024E+11,155 707 913,A01,1,10,0,2,6,13,6,
2.024E+11,155 707 915,B01,1,7,0,2,6,23,0,
2.024E+11,155 707 910,A01,2,33,0,2,8,1,1,
2.024E+11,155 707 912,Z01,2,7,0,2,7,14,0,
2.024E+11,155 707 908,A01,1,1,0,1,1,1,5,
2.024E+11,155 707 909,B01,2,1,0,2,1,1,5,
2.024E+11,155 707 911,A01,1,7,0,2,2,15,1,
2.024E+11,155 707 907,A01,1,2,0,0,8,1,3,
2.024E+11,155 707 904,A01,1,7,0,2,1,1,2,
2.024E+11,155 707 905,B01,1,7,0,2,5,1,2,
2.024E+11,155 707 903,A01,1,7,1,2,7,13,1,
2.024E+11,155 707 906,B01,1,7,0,2,7,23,2,
2.024E+11,155 707 901,A01,1,7,0,2,1,1,1,
2.024E+11,155 707 902,B01,1,32,0,2,8,1,3,
2.024E+11,155 707 899,A01,2,2,0,0,0,1,0,
2.024E+11,155 707 898,A01,3,7,0,2,5,1,1,
2.024E+11,155 707 900,Z01,0,7,0,2,1,1,0,
2.024E+11,155 707 897,A01,3,32,0,0,2,1,1,
2.024E+11,155 707 896,A01,2,2,0,1,1,6,1,
2.024E+11,155 707 895,A01,1,43,3,0,7,1,1,
2.024E+11,155 707 890,A01,2,7,0,2,7,21,1,
2.024E+11,155 707 891,B01,2,1,0,2,8,2,5,
2.024E+11,155 707 893,C01,2,1,0,2,8,2,5,
2.024E+11,155 707 889,B01,1,7,0,2,1,26,1,
2.024E+11,155 707 892,A01,1,10,0,2,1,2,1,
2.024E+11,155 707 888,B01,3,7,0,2,3,15,1,
2.024E+11,155 707 894,A01,3,7,0,2,1,1,1,
2.024E+11,155 707 886,B01,2,7,0,2,4,2,1,
2.024E+11,155 707 887,A01,2,7,0,2,1,2,1,
2.024E+11,155 707 885,A01,2,33,17,0,1,14,1,
2.024E+11,155 707 884,A01,1,7,13,0,3,1,1,
2.024E+11,155 707 881,A01,2,33,0,2,1,3,1,
2.024E+11,155 707 883,B01,2,7,0,2,6,11,1,
2.024E+11,155 707 880,A01,1,33,0,0,9,1,1,
2.024E+11,155 707 878,A01,1,7,0,2,1,1,1,
2.024E+11,155 707 879,B01,1,2,0,2,4,1,1,
2.024E+11,155 707 876,A01,2,7,0,1,3,1,1,
2.024E+11,155 707 875,A01,1,2,0,2,1,1,1,