Num_Acc,id_vehicule,num_veh,senc,catv,obs,obsm,choc,manv,motor,occutc
2.024E+11,155 706 953,A01,1,7,8,0,1,2,1,
2.024E+11,155 706 954,A01,1,7,0,1,2,1,1,
2.024E+11,155 706 951,B01,1,2,0,2,3,26,1,
2.024E+11,155 706 952,A01,1,7,0,2,3,0,1,
2.024E+11,155 706 950,A01,0,36,13,0,3,1,1,
2.024E+11,155 706 949,A01,2,7,1,1,3,1,1,
2.024E+11,155 706 946,A01,1,33,0,2,8,10,1,
2.024E+11,155 706 947,B01,1,2,0,2,1,1,1,
2.024E+11,155 706 945,A01,3,50,0,2,1,1,3,
2.024E+11,155 706 948,B01,3,7,0,2,3,16,0,
2.024E+11,155 706 944,A01,1,7,0,1,1,18,0,
2.024E+11,155 706 942,A01,0,7,0,2,1,15,1,
2.024E+11,155 706 943,B01,3,1,0,2,1,1,5,
2.024E+11,155 706 941,Z01,2,7,0,1,3,1,1,
2.024E+11,155 706 940,A01,0,10,0,1,3,15,1,
2.024E+11,155 706 935,A01,2,7,0,2,1,2,1,
2.024E+11,155 706 938,B01,2,7,3,0,4,2,1,
2.024E+11,155 706 937,A01,1,32,0,2,1,11,1,
2.024E+11,155 706 939,B01,1,7,0,9,0,15,2,
2.024E+11,155 706 934,B01,2,7,0,2,1,1,1,
2.024E+11,155 706 936,A01,2,7,0,2,8,1,1,
2.024E+11,155 706 933,A01,2,33,0,0,0,17,1,
2.024E+11,155 706 932,A01,1,50,1,0,1,13,3,
2.024E+11,155 706 931,A01,1,7,0,1,3,9,1,
2.024E+11,155 706 930,A01,3,21,0,6,8,1,1,
2.024E+11,155 706 923,A01,2,7,0,2,3,13,1,
2.024E+11,155 706 928,C01,1,15,0,2,0,0,1,
2.024E+11,155 706 929,B01,1,7,0,2,8,21,2,
2.024E+11,155 706 922,C01,1,7,0,0,1,0,0,
2.024E+11,155 706 925,A01,1,7,0,0,4,1,1,
2.024E+11,155 706 927,B01,1,7,0,2,1,1,0,
2.024E+11,155 706 921,A01,2,7,0,2,1,2,1,
2.024E+11,155 706 924,B01,2,1,0,2,4,2,5,
2.024E+11,155 706 926,C01,2,1,0,2,4,2,5,
2.024E+11,155 706 920,A01,0,10,0,1,2,1,1,
2.024E+11,155 706 919,A01,2,7,13,0,1,1,1,
2.024E+11,155 706 918,A01,0,7,0,0,0,0,-1,
2.024E+11,155 706 914,A01,1,7,0,2,8,17,2,
2.024E+11,155 706 917,B01,3,1,0,2,1,1,5,
2.024E+11,155 706 913,A01,2,7,0,9,3,1,1,
2.024E+11,155 706 916,B01,1,1,0,2,7,1,5,
2.024E+11,155 706 911,A01,3,7,0,2,1,1,2,
2.024E+11,155 706 915,B01,1,32,0,2,4,23,1,
2.024E+11,155 706 908,A01,0,2,0,2,4,1,1,
2.024E+11,155 706 910,B01,0,7,0,0,1,1,0,
2.024E+11,155 706 909,B01,0,1,0,2,7,19,5,
2.024E+11,155 706 912,A01,0,7,0,2,1,1,1,
2.024E+11,155 706 905,A01,3,7,0,1,2,1,1,
2.024E+11,155 706 904,A01,1,7,0,2,2,2,1,
2.024E+11,155 706 907,B01,1,1,0,2,4,2,5,
2.024E+11,155 706 903,B01,2,7,0,0,3,1,0,
2.024E+11,155 706 906,A01,1,7,0,2,3,13,1,
2.024E+11,155 706 902,A01,1,7,0,1,3,0,1,
2.024E+11,155 706 899,B01,2,7,0,2,1,9,1,
2.024E+11,155 706 901,A01,1,7,0,2,7,1,1,
2.024E+11,155 706 897,B01,2,7,0,2,1,1,1,
2.024E+11,155 706 900,A01,1,7,0,2,2,19,1,
2.024E+11,155 706 896,B01,0,2,0,2,3,1,3,
2.024E+11,155 706 898,A01,0,10,0,2,3,15,1,
2.024E+11,155 706 894,B01,1,80,0,2,0,1,3,
2.024E+11,155 706 895,A01,1,10,0,2,7,17,1,
2.024E+11,155 706 893,A01,1,7,13,0,3,9,1,
2.024E+11,155 706 892,A01,2,15,0,1,2,1,1,
2.024E+11,155 706 890,A01,1,7,6,0,2,14,1,
2.024E+11,155 706 888,A01,1,2,0,2,1,1,1,
2.024E+11,155 706 889,B01,2,7,0,0,5,15,1,
2.024E+11,155 706 891,C01,2,7,0,2,3,1,1,
2.024E+11,155 706 886,A01,2,3,0,1,3,18,3,
2.024E+11,155 706 887,A01,2,33,14,6,1,1,1,
2.024E+11,155 706 885,A01,3,7,1,0,2,1,1,
2.024E+11,155 706 884,A01,1,7,2,0,1,1,1,
2.024E+11,155 706 882,A01,1,1,13,0,0,13,5,
2.024E+11,155 706 881,A01,1,10,13,0,9,1,1,
2.024E+11,155 706 880,B01,2,7,0,2,3,1,1,
2.024E+11,155 706 883,A01,1,7,0,2,1,1,1,
2.024E+11,155 706 879,A01,1,2,1,0,7,1,1,
2.024E+11,155 706 877,A01,1,2,7,0,1,1,1,
2.024E+11,155 706 875,A01,2,7,0,2,1,2,1,
2.024E+11,155 706 878,B01,2,2,0,0,4,2,1,
2.024E+11,155 706 874,A01,2,7,0,2,2,15,1,
2.024E+11,155 706 876,B01,1,30,0,2,1,1,0,
2.024E+11,155 706 871,A01,2,7,6,0,1,16,1,
2.024E+11,155 706 869,B01,1,7,0,2,1,23,1,
2.024E+11,155 706 872,A01,2,1,0,2,1,17,5,
2.024E+11,155 706 868,A01,2,33,0,0,7,1,1,
2.024E+11,155 706 865,B01,1,33,0,2,1,2,1,
2.024E+11,155 706 867,A01,1,7,0,2,3,10,1,
2.024E+11,155 706 864,A01,3,7,0,2,1,15,1,
2.024E+11,155 706 866,B01,3,7,0,2,1,1,1,
2.024E+11,155 706 861,A01,1,7,13,0,2,0,1,
2.024E+11,155 706 860,A01,1,33,0,2,7,15,1,
2.024E+11,155 706 863,B01,1,7,0,2,1,1,1,
2.024E+11,155 706 858,A01,2,7,0,2,7,13,1,
2.024E+11,155 706 859,C01,2,7,0,2,4,1,1,
2.024E+11,155 706 862,B01,1,7,0,2,3,15,1,
2.024E+11,155 706 855,A01,1,7,0,2,8,15,1,
2.024E+11,155 706 857,B01,2,7,0,2,1,1,1,
2.024E+11,155 706 854,A01,1,7,0,2,1,1,1,
2.024E+11,155 706 856,B01,2,7,0,2,8,11,1,
2.024E+11,155 706 853,A01,2,10,0,1,3,15,1,
2.024E+11,155 706 851,A01,1,21,7,0,1,1,1,
2.024E+11,155 706 850,A01,3,7,0,2,1,1,2,
2.024E+11,155 706 852,B01,3,7,0,2,1,13,1,
2.024E+11,155 706 849,A01,2,7,0,1,3,1,1,
2.024E+11,155 706 846,A01,1,7,0,2,3,13,1,
2.024E+11,155 706 848,B01,2,2,0,2,1,13,1,
2.024E+11,155 706 847,A01,2,10,13,0,2,1,1,
2.024E+11,155 706 843,A01,1,7,0,1,4,20,1,
2.024E+11,155 706 842,A01,1,1,0,2,0,1,5,
2.024E+11,155 706 844,B01,2,7,0,2,0,1,0,
2.024E+11,155 706 841,B01,2,10,0,2,3,9,3,
2.024E+11,155 706 845,A01,2,50,0,2,1,15,3,
2.024E+11,155 706 840,A01,2,33,13,0,2,2,1,
2.024E+11,155 706 837,A01,1,21,0,2,1,15,1,
2.024E+11,155 706 839,B01,2,7,0,2,8,1,1,
2.024E+11,155 706 836,A01,1,33,13,0,1,1,1,
2.024E+11,155 706 835,B01,3,1,0,2,7,1,5,
2.024E+11,155 706 838,A01,3,7,0,2,1,1,1,
2.024E+11,155 706 831,B01,2,7,0,2,1,1,1,
2.024E+11,155 706 834,A01,1,7,0,2,1,11,1,
2.024E+11,155 706 830,A01,2,7,0,2,3,13,1,
2.024E+11,155 706 833,B01,1,7,0,2,3,1,1,
2.024E+11,155 706 829,A01,2,50,0,2,1,1,3,
2.024E+11,155 706 832,B01,1,50,0,2,8,1,3,
2.024E+11,155 706 825,A01,1,7,13,0,1,1,1,
2.024E+11,155 706 824,B01,1,7,0,2,7,1,2,
2.024E+11,155 706 827,A01,1,2,0,2,1,1,1,
2.024E+11,155 706 822,A01,2,7,4,0,9,1,1,
2.024E+11,155 706 823,B01,2,7,4,2,3,13,1,
2.024E+11,155 706 826,C01,2,7,0,0,6,1,3,
2.024E+11,155 706 828,D01,2,10,0,9,0,1,1,
2.024E+11,155 706 819,A01,1,7,17,0,1,17,1,
2.024E+11,155 706 818,A01,2,7,0,2,1,13,1,
2.024E+11,155 706 821,B01,1,10,0,2,1,1,1,
2.024E+11,155 706 817,B01,1,7,0,2,8,16,1,
2.024E+11,155 706 820,A01,1,7,0,2,1,1,1,
2.024E+11,155 706 814,B01,1,7,3,2,0,1,1,
2.024E+11,155 706 816,A01,1,7,3,2,0,17,1,
2.024E+11,155 706 815,A01,1,7,2,0,3,13,1,
2.024E+11,155 706 813,A01,3,7,0,1,2,15,1,
2.024E+11,155 706 811,A01,1,7,16,0,0,1,1,
2.024E+11,155 706 812,A01,2,2,0,0,0,21,1,
2.024E+11,155 706 810,A01,3,50,0,0,0,1,3,
2.024E+11,155 706 809,A01,1,7,6,0,8,13,1,
2.024E+11,155 706 808,A01,2,7,15,0,3,13,1,
2.024E+11,155 706 805,A01,1,7,0,0,0,1,1,
2.024E+11,155 706 804,A01,2,7,0,2,2,1,2,
2.024E+11,155 706 806,B01,1,7,0,2,1,13,1,
2.024E+11,155 706 803,B01,3,3,0,2,2,9,1,
2.024E+11,155 706 807,A01,3,30,0,2,2,17,1,
2.024E+11,155 706 800,A01,2,1,0,2,1,2,5,
2.024E+11,155 706 802,B01,2,7,0,0,4,2,1,
2.024E+11,155 706 799,B01,1,7,0,2,1,1,1,
2.024E+11,155 706 801,A01,2,33,0,2,1,1,1,
2.024E+11,155 706 798,A01,1,7,8,0,1,1,1,
2.024E+11,155 706 797,A01,1,7,3,1,3,2,1,
2.024E+11,155 706 796,A01,2,7,6,0,1,1,1,
2.024E+11,155 706 794,A01,3,7,0,2,7,15,1,
2.024E+11,155 706 795,B01,3,33,0,2,1,8,1,
2.024E+11,155 706 793,A01,3,31,0,0,0,1,1,
2.024E+11,155 706 790,B01,2,2,0,2,1,1,1,
2.024E+11,155 706 792,A01,2,7,0,2,3,11,1,
2.024E+11,155 706 788,A01,1,33,0,2,1,11,1,
2.024E+11,155 706 791,B01,2,10,0,2,3,1,1,
2.024E+11,155 706 787,A01,3,31,0,2,8,26,3,
2.024E+11,155 706 789,B01,3,7,0,2,3,26,1,
2.024E+11,155 706 786,A01,2,33,1,0,1,1,1,
2.024E+11,155 706 785,A01,2,7,0,1,2,1,1,
2.024E+11,155 706 783,A01,1,7,0,0,3,1,1,
2.024E+11,155 706 784,B01,2,50,0,0,1,1,3,
2.024E+11,155 706 781,A01,1,7,0,0,1,15,1,
2.024E+11,155 706 779,A01,1,7,0,2,1,9,1,
2.024E+11,155 706 782,B01,1,50,0,2,7,26,3,
2.024E+11,155 706 777,A01,2,7,0,2,1,1,1,
2.024E+11,155 706 780,B01,2,7,0,0,7,1,3,
2.024E+11,155 706 774,A01,0,10,0,2,3,1,1,
2.024E+11,155 706 778,B01,0,7,0,0,1,1,1,
2.024E+11,155 706 775,A01,2,33,0,2,1,2,1,
2.024E+11,155 706 776,B01,2,7,0,0,4,2,1,
2.024E+11,155 706 771,A01,1,31,0,0,8,1,1,
2.024E+11,155 706 770,A01,0,7,0,1,1,15,1,
2.024E+11,155 706 769,A01,3,7,0,2,1,0,1,
2.024E+11,155 706 772,B01,3,10,14,2,2,0,1,
2.024E+11,155 706 767,A01,1,7,0,1,1,1,2,
2.024E+11,155 706 765,A01,1,7,0,1,2,1,1,
2.024E+11,155 706 764,A01,1,7,0,2,1,2,1,
2.024E+11,155 706 766,B01,1,7,0,2,5,2,1,
2.024E+11,155 706 768,C01,1,7,0,0,4,2,1,
2.024E+11,155 706 762,B01,1,33,0,2,3,1,1,
2.024E+11,155 706 763,A01,2,7,0,0,1,1,1,
2.024E+11,155 706 759,A01,1,7,0,0,4,2,1,
2.024E+11,155 706 760,B01,1,7,0,0,4,2,1,
2.024E+11,155 706 758,B01,2,33,0,2,1,1,0,
2.024E+11,155 706 761,A01,2,30,0,2,1,9,1,
2.024E+11,155 706 754,B01,1,7,0,2,5,2,1,
2.024E+11,155 706 757,A01,1,33,0,2,1,2,1,
2.024E+11,155 706 753,B01,1,7,13,2,3,15,1,
2.024E+11,155 706 755,A01,1,7,13,2,2,0,1,
2.024E+11,155 706 752,A01,3,7,0,2,2,19,1,
2.024E+11,155 706 756,B01,2,31,0,2,1,1,1,
2.024E+11,155 706 751,A01,2,7,4,0,8,0,1,
2.024E+11,155 706 749,B01,2,33,0,2,1,1,1,
2.024E+11,155 706 750,A01,1,7,0,2,2,15,1,
2.024E+11,155 706 746,A01,1,3,0,2,2,1,1,
2.024E+11,155 706 748,B01,2,7,0,2,2,1,1,
2.024E+11,155 706 745,A01,1,15,0,0,6,1,1,
2.024E+11,155 706 747,B01,1,10,0,2,2,17,1,
2.024E+11,155 706 744,A01,0,3,1,0,1,14,1,
2.024E+11,155 706 741,A01,1,7,0,9,7,15,1,
2.024E+11,155 706 743,B01,2,99,0,2,1,1,3,
2.024E+11,155 706 740,A01,1,2,0,0,2,26,1,
2.024E+11,155 706 742,B01,1,99,0,0,6,26,3,
2.024E+11,155 706 737,A01,1,7,10,0,1,13,1,
2.024E+11,155 706 735,A01,2,34,0,2,1,1,1,
2.024E+11,155 706 738,B01,2,7,0,2,6,15,1,
2.024E+11,155 706 733,A01,3,10,16,0,9,26,1,
2.024E+11,155 706 730,A01,1,33,1,1,1,14,0,
2.024E+11,155 706 729,B01,2,7,0,2,8,1,1,
2.024E+11,155 706 731,A01,2,7,0,2,1,3,3,
2.024E+11,155 706 732,D01,2,7,4,0,1,21,1,
2.024E+11,155 706 734,E01,2,7,4,0,4,1,1,
2.024E+11,155 706 736,C01,2,7,4,0,7,1,1,
2.024E+11,155 706 727,B01,1,80,0,0,4,1,3,
2.024E+11,155 706 728,A01,2,7,0,2,2,1,1,
2.024E+11,155 706 725,A01,2,10,0,1,1,1,1,
2.024E+11,155 706 723,A01,1,7,0,2,2,12,1,
2.024E+11,155 706 726,B01,1,7,0,2,4,1,1,
2.024E+11,155 706 722,A01,2,7,0,0,3,11,1,
2.024E+11,155 706 724,B01,2,33,0,0,7,17,1,
2.024E+11,155 706 720,A01,2,80,0,1,1,1,3,
2.024E+11,155 706 717,A01,1,7,0,2,3,0,1,
2.024E+11,155 706 719,B01,1,7,0,2,5,1,2,
2.024E+11,155 706 721,C01,1,7,0,2,2,17,1,
2.024E+11,155 706 714,A01,1,1,0,1,1,1,5,
2.024E+11,155 706 713,A01,1,7,0,2,1,1,1,
2.024E+11,155 706 716,B01,1,7,0,2,1,1,1,
2.024E+11,155 706 718,C01,2,7,0,2,3,1,1,
2.024E+11,155 706 712,A01,1,7,0,2,7,12,1,
2.024E+11,155 706 715,B01,1,34,0,2,8,3,1,
2.024E+11,155 706 710,A01,2,7,1,0,3,26,1,
2.024E+11,155 706 709,A01,1,7,1,0,1,2,1,
2.024E+11,155 706 711,Z01,1,50,0,1,1,1,3,
2.024E+11,155 706 708,A01,1,7,1,2,1,13,1,
2.024E+11,155 706 706,A01,3,7,0,1,1,19,1,
2.024E+11,155 706 703,A01,2,7,0,2,1,1,1,
2.024E+11,155 706 705,C01,2,7,0,2,4,1,1,
2.024E+11,155 706 707,B01,2,7,0,2,4,1,2,
2.024E+11,155 706 702,A01,2,7,0,1,2,1,2,
2.024E+11,155 706 699,A01,2,7,13,0,2,15,1,
2.024E+11,155 706 701,B01,1,7,0,0,1,1,1,
2.024E+11,155 706 704,C01,1,10,0,0,1,26,1,
2.024E+11,155 706 698,A01,2,7,0,2,1,2,1,
2.024E+11,155 706 700,B01,2,7,0,2,4,2,1,
2.024E+11,155 706 697,A01,2,10,0,1,7,1,1,
2.024E+11,155 706 694,A01,2,31,0,2,8,0,1,
2.024E+11,155 706 696,B01,1,7,0,2,8,1,2,
2.024E+11,155 706 693,A01,2,7,4,2,2,1,1,
2.024E+11,155 706 695,Z01,2,7,0,2,0,0,0,
2.024E+11,155 706 692,A01,1,33,0,1,3,1,1,
2.024E+11,155 706 691,A01,2,7,15,9,1,14,1,
2.024E+11,155 706 688,Z01,1,7,0,2,0,2,0,
2.024E+11,155 706 690,A01,1,7,0,2,6,2,1,
2.024E+11,155 706 687,A01,1,7,0,0,1,14,1,
2.024E+11,155 706 686,B01,2,1,0,2,1,1,5,
2.024E+11,155 706 689,A01,2,13,0,9,2,16,1,
2.024E+11,155 706 681,B01,2,7,0,2,4,9,1,
2.024E+11,155 706 683,C01,2,7,0,2,1,9,3,
2.024E+11,155 706 685,A01,2,7,0,2,1,2,1,
2.024E+11,155 706 680,B01,2,7,0,2,1,1,2,
2.024E+11,155 706 682,C01,1,7,0,2,1,1,1,
2.024E+11,155 706 684,A01,1,7,0,2,1,13,1,
2.024E+11,155 706 678,B01,3,32,0,2,8,15,1,
2.024E+11,155 706 679,A01,1,7,0,2,1,1,2,
2.024E+11,155 706 674,A01,1,7,0,2,8,9,1,
2.024E+11,155 706 676,B01,1,7,0,2,1,0,1,
2.024E+11,155 706 673,B01,1,7,0,2,4,1,1,
2.024E+11,155 706 675,C01,1,7,0,2,4,2,1,
2.024E+11,155 706 677,A01,1,7,0,2,1,0,1,
2.024E+11,155 706 672,A01,1,7,0,1,1,16,1,
2.024E+11,155 706 668,A01,3,7,0,1,3,10,1,
2.024E+11,155 706 667,B01,1,1,0,9,1,21,5,
2.024E+11,155 706 670,A01,2,1,0,0,0,8,5,
2.024E+11,155 706 666,A01,0,7,1,0,1,0,1,
2.024E+11,155 706 664,A01,2,7,0,1,4,4,1,
2.024E+11,155 706 662,A01,1,17,0,1,8,1,1,
2.024E+11,155 706 663,A01,3,33,0,2,1,1,1,
2.024E+11,155 706 665,B01,3,10,0,2,6,15,1,
2.024E+11,155 706 660,B01,1,7,0,2,3,10,1,
2.024E+11,155 706 661,A01,1,30,0,2,3,1,3,
2.024E+11,155 706 657,A01,2,50,0,2,4,1,3,
2.024E+11,155 706 658,Z01,0,7,0,2,1,0,1,
2.024E+11,155 706 654,A01,2,7,0,0,4,2,1,
2.024E+11,155 706 656,B01,2,7,0,2,1,2,3,
2.024E+11,155 706 653,B01,1,80,0,0,8,26,3,
2.024E+11,155 706 655,A01,1,7,0,2,7,7,2,
2.024E+11,155 706 651,A01,2,7,0,2,3,13,0,
2.024E+11,155 706 652,B01,1,7,0,2,4,1,0,
2.024E+11,155 706 649,A01,1,7,0,2,3,2,1,
2.024E+11,155 706 650,B01,1,7,3,2,5,1,1,
2.024E+11,155 706 647,B01,1,1,0,2,1,16,5,
2.024E+11,155 706 648,A01,2,7,0,2,3,15,3,
2.024E+11,155 706 646,A01,3,7,3,0,9,1,1,
2.024E+11,155 706 645,A01,2,7,4,0,2,1,1,
2.024E+11,155 706 643,A01,2,3,9,0,2,13,1,
2.024E+11,155 706 642,B01,2,7,0,2,6,15,1,
2.024E+11,155 706 644,A01,2,34,0,2,1,17,1,
2.024E+11,155 706 640,B01,1,7,0,2,1,2,1,
2.024E+11,155 706 641,A01,1,7,0,2,4,2,1,
2.024E+11,155 706 639,A01,1,7,0,1,1,1,1,
2.024E+11,155 706 636,B01,3,10,0,2,8,23,1,
2.024E+11,155 706 638,A01,3,33,0,2,7,16,1,
2.024E+11,155 706 634,B01,1,7,0,2,4,1,1,
2.024E+11,155 706 635,C01,2,10,3,2,3,21,1,
2.024E+11,155 706 637,A01,1,7,0,2,1,2,1,
2.024E+11,155 706 631,A01,1,7,0,1,8,1,1,
2.024E+11,155 706 629,C01,2,7,0,2,1,26,1,
2.024E+11,155 706 632,A01,1,7,0,2,3,16,1,
2.024E+11,155 706 633,B01,1,7,0,2,3,16,1,
2.024E+11,155 706 626,D01,1,7,0,2,1,2,1,
2.024E+11,155 706 627,B01,1,7,0,2,5,2,1,
2.024E+11,155 706 628,A01,1,7,1,2,1,1,1,
2.024E+11,155 706 630,C01,1,7,0,2,4,24,1,
2.024E+11,155 706 625,A01,2,40,2,1,2,1,3,
2.024E+11,155 706 622,Z01,1,10,0,2,3,18,1,
2.024E+11,155 706 623,B01,1,7,4,2,5,12,1,
2.024E+11,155 706 621,A01,1,33,15,2,1,12,1,
2.024E+11,155 706 624,B01,2,7,0,2,5,14,2,
2.024E+11,155 706 620,A01,1,7,0,0,9,26,1,
2.024E+11,155 706 618,A01,1,31,0,2,7,17,1,
2.024E+11,155 706 619,B01,1,7,0,2,8,15,1,
2.024E+11,155 706 616,B01,1,7,6,2,8,2,1,
2.024E+11,155 706 617,A01,1,10,0,2,2,14,1,
2.024E+11,155 706 614,A01,1,7,4,0,6,1,1,
2.024E+11,155 706 613,A01,3,7,0,2,2,1,1,
2.024E+11,155 706 615,Z01,3,7,0,2,1,19,1,
2.024E+11,155 706 610,A01,1,33,0,2,1,13,1,
2.024E+11,155 706 612,B01,2,15,0,2,3,1,1,
2.024E+11,155 706 609,B01,0,7,0,2,7,0,1,
2.024E+11,155 706 611,A01,0,7,0,2,0,0,0,
2.024E+11,155 706 605,A01,1,7,0,2,4,1,-1,
2.024E+11,155 706 606,B01,1,33,0,2,1,1,1,
2.024E+11,155 706 608,C01,1,33,0,2,1,1,1,
2.024E+11,155 706 604,A01,1,7,0,2,3,13,1,
2.024E+11,155 706 607,B01,2,7,0,2,3,1,1,
2.024E+11,155 706 601,B01,1,33,0,2,1,17,1,
2.024E+11,155 706 603,A01,1,10,0,2,8,15,1,
2.024E+11,155 706 602,A01,3,7,6,2,2,1,1,
2.024E+11,155 706 599,A01,0,2,0,1,0,0,1,
2.024E+11,155 706 598,B01,2,7,0,2,2,1,1,
2.024E+11,155 706 600,A01,3,50,0,2,1,25,3,
2.024E+11,155 706 597,A01,3,7,0,1,2,0,1,
2.024E+11,155 706 593,A01,2,7,0,2,7,1,1,
2.024E+11,155 706 596,B01,1,7,0,2,1,1,1,
2.024E+11,155 706 594,A01,2,7,0,0,5,23,1,
2.024E+11,155 706 595,B01,2,32,0,2,1,0,1,
2.024E+11,155 706 592,A01,3,7,2,0,1,14,1,
2.024E+11,155 706 591,A01,1,7,0,1,1,13,1,
2.024E+11,155 706 589,A01,2,7,0,1,2,16,1,
2.024E+11,155 706 588,A01,1,7,0,2,7,13,1,
2.024E+11,155 706 590,B01,2,7,0,2,1,1,1,
2.024E+11,155 706 587,A01,1,33,3,0,7,14,1,
2.024E+11,155 706 585,B01,1,33,0,2,2,1,1,
2.024E+11,155 706 586,A01,2,7,0,2,2,15,3,
2.024E+11,155 706 584,A01,1,7,0,1,0,4,1,
2.024E+11,155 706 582,B01,2,33,0,2,1,21,1,
2.024E+11,155 706 583,A01,1,10,0,2,2,9,1,
2.024E+11,155 706 580,B01,2,7,0,2,1,2,1,
2.024E+11,155 706 581,A01,2,7,0,0,4,2,1,
2.024E+11,155 706 578,A01,1,7,0,2,1,16,2,
2.024E+11,155 706 579,B01,1,50,0,2,8,5,3,
2.024E+11,155 706 575,A01,1,7,0,2,1,1,1,
2.024E+11,155 706 576,B01,2,7,0,2,1,1,1,
2.024E+11,155 706 577,C01,2,7,0,2,3,1,1,
2.024E+11,155 706 574,A01,1,33,0,0,0,4,1,
2.024E+11,155 706 572,A01,1,7,6,0,1,13,1,
2.024E+11,155 706 571,A01,2,7,0,2,8,2,1,
2.024E+11,155 706 573,B01,2,50,0,2,7,15,3,
2.024E+11,155 706 569,A01,1,7,0,2,1,1,1,
2.024E+11,155 706 570,B01,1,7,0,2,4,23,1,
2.024E+11,155 706 567,A01,3,7,0,2,2,2,1,
2.024E+11,155 706 568,B01,1,10,0,2,4,2,1,
2.024E+11,155 706 566,A01,1,7,0,1,1,19,0,
2.024E+11,155 706 565,A01,1,7,0,1,1,1,1,
2.024E+11,155 706 563,A01,1,1,0,2,8,1,5,
2.024E+11,155 706 564,B01,2,7,0,2,1,15,1,
2.024E+11,155 706 562,A01,1,7,0,1,2,1,1,
2.024E+11,155 706 561,A01,2,33,12,0,1,1,1,
2.024E+11,155 706 560,A01,3,7,0,1,1,19,1,
2.024E+11,155 706 559,A01,1,50,0,1,1,2,3,
2.024E+11,155 706 557,A01,3,7,0,2,3,13,1,
2.024E+11,155 706 558,B01,3,7,0,2,2,1,1,
2.024E+11,155 706 554,A01,2,33,0,2,8,1,1,
2.024E+11,155 706 556,B01,1,7,0,2,1,1,1,
2.024E+11,155 706 552,B01,3,7,0,2,3,1,1,
2.024E+11,155 706 553,A01,3,7,0,2,1,19,1,
2.024E+11,155 706 555,C01,3,7,0,2,3,1,2,
2.024E+11,155 706 551,A01,3,7,14,0,2,21,1,
2.024E+11,155 706 549,A01,2,50,0,1,1,1,3,
2.024E+11,155 706 548,B01,2,10,0,2,4,0,0,
2.024E+11,155 706 550,A01,2,7,0,2,1,1,1,
2.024E+11,155 706 546,A01,2,7,0,2,1,1,1,
2.024E+11,155 706 547,B01,2,7,0,2,6,1,1,
2.024E+11,155 706 543,A01,1,7,0,2,1,17,1,
2.024E+11,155 706 545,B01,1,7,0,2,3,2,1,
2.024E+11,155 706 542,B01,1,31,0,2,1,0,1,
2.024E+11,155 706 544,A01,1,7,0,2,0,10,1,
2.024E+11,155 706 541,A01,2,7,0,1,2,0,1,
2.024E+11,155 706 539,B01,1,30,0,0,0,0,1,
2.024E+11,155 706 540,A01,1,43,0,2,2,15,1,
2.024E+11,155 706 538,A01,0,10,0,1,1,16,1,
2.024E+11,155 706 535,B01,1,10,0,2,3,1,1,
2.024E+11,155 706 537,A01,2,34,0,2,3,15,1,
2.024E+11,155 706 536,A01,3,7,0,1,3,15,1,
2.024E+11,155 706 532,A01,2,37,0,2,3,17,1,1
2.024E+11,155 706 533,B01,1,7,0,2,3,0,1,
2.024E+11,155 706 531,A01,2,7,0,2,2,1,1,
2.024E+11,155 706 534,B01,3,7,0,2,8,1,1,
2.024E+11,155 706 528,A01,1,7,0,1,1,1,1,
2.024E+11,155 706 529,A01,3,0,0,2,0,16,0,
2.024E+11,155 706 530,B01,3,43,0,2,8,1,1,
2.024E+11,155 706 525,A01,1,7,0,2,1,15,1,
2.024E+11,155 706 526,B01,2,30,0,2,2,1,3,
2.024E+11,155 706 524,A01,2,10,6,0,9,1,1,
2.024E+11,155 706 522,A01,1,7,0,2,2,0,1,
2.024E+11,155 706 523,B01,1,7,0,2,5,11,1,
2.024E+11,155 706 521,A01,1,33,12,0,7,14,1,
2.024E+11,155 706 519,A01,2,33,0,2,1,1,1,
2.024E+11,155 706 520,B01,1,7,0,2,3,16,1,
2.024E+11,155 706 517,B01,3,13,0,2,7,16,1,
2.024E+11,155 706 518,A01,3,33,0,2,3,18,1,
2.024E+11,155 706 515,A01,3,34,0,2,3,10,1,
2.024E+11,155 706 516,B01,3,7,0,2,3,1,1,
2.024E+11,155 706 513,A01,2,7,0,2,2,15,1,
2.024E+11,155 706 514,B01,1,33,0,2,1,1,1,
2.024E+11,155 706 511,B01,2,1,0,2,1,12,5,
2.024E+11,155 706 512,A01,2,10,0,2,5,20,1,
2.024E+11,155 706 509,A01,3,7,0,2,1,1,1,
2.024E+11,155 706 510,B01,3,7,0,2,4,1,3,
2.024E+11,155 706 508,A01,3,7,8,0,1,14,1,
2.024E+11,155 706 507,A01,1,37,0,1,5,1,2,1
2.024E+11,155 706 505,A01,3,7,0,2,4,23,1,
2.024E+11,155 706 506,B01,3,7,0,2,1,2,1,
2.024E+11,155 706 501,A01,2,7,0,2,1,1,1,
2.024E+11,155 706 502,B01,1,7,0,2,5,1,1,
2.024E+11,155 706 503,C01,1,7,0,2,8,1,1,
2.024E+11,155 706 504,D01,1,7,0,2,8,1,1,
2.024E+11,155 706 499,A01,3,7,0,2,2,26,1,
2.024E+11,155 706 500,Z01,1,7,0,2,1,1,1,
2.024E+11,155 706 498,Z01,0,30,0,1,2,1,0,
2.024E+11,155 706 496,A01,1,33,0,2,1,1,1,