Num_Acc,id_vehicule,num_veh,senc,catv,obs,obsm,choc,manv,motor,occutc
2.024E+11,155 705 571,A01,1,1,3,0,2,14,5,
2.024E+11,155 705 564,A01,3,33,0,2,1,17,1,
2.024E+11,155 705 567,B01,3,7,0,2,5,15,1,
2.024E+11,155 705 568,A01,2,50,0,2,1,1,3,
2.024E+11,155 705 570,B01,2,7,0,2,2,16,1,
2.024E+11,155 705 563,A01,2,7,0,2,1,1,1,
2.024E+11,155 705 565,B01,1,7,0,2,3,15,1,
2.024E+11,155 705 561,A01,2,7,0,2,4,2,1,
2.024E+11,155 705 562,B01,2,7,0,2,4,2,1,
2.024E+11,155 705 566,C01,2,7,0,2,1,2,1,
2.024E+11,155 705 558,A01,1,7,0,2,1,1,0,
2.024E+11,155 705 560,B01,2,7,0,2,8,1,0,
2.024E+11,155 705 556,A01,1,32,12,1,1,1,1,
2.024E+11,155 705 557,B01,1,10,0,2,1,1,1,
2.024E+11,155 705 559,A01,2,7,0,2,1,5,1,
2.024E+11,155 705 554,A01,1,3,1,0,3,1,1,
2.024E+11,155 705 555,A01,1,7,2,0,9,2,1,
2.024E+11,155 705 550,A01,2,7,0,2,1,2,1,
2.024E+11,155 705 552,B01,2,7,0,0,6,2,1,
2.024E+11,155 705 549,A01,1,17,0,0,9,1,1,
2.024E+11,155 705 547,A01,3,50,0,2,3,19,3,
2.024E+11,155 705 551,B01,1,7,0,2,1,1,1,
2.024E+11,155 705 548,A01,1,7,0,2,2,13,1,
2.024E+11,155 705 553,B01,1,7,0,2,6,2,1,
2.024E+11,155 705 544,B01,1,7,0,2,3,1,0,
2.024E+11,155 705 546,A01,2,7,0,2,1,17,1,
2.024E+11,155 705 541,B01,1,7,0,2,3,0,1,
2.024E+11,155 705 543,A01,2,1,0,2,1,15,5,
2.024E+11,155 705 540,A01,3,7,0,2,5,23,1,
2.024E+11,155 705 542,B01,3,33,1,0,1,18,1,
2.024E+11,155 705 537,B01,1,7,0,2,8,1,1,
2.024E+11,155 705 539,A01,1,33,0,2,7,17,1,
2.024E+11,155 705 535,A01,2,33,0,1,4,25,1,
2.024E+11,155 705 538,A01,1,7,2,0,1,0,1,
2.024E+11,155 705 533,A01,1,33,13,0,8,1,1,
2.024E+11,155 705 534,B01,2,7,0,2,4,2,1,
2.024E+11,155 705 536,A01,2,7,0,2,1,2,1,
2.024E+11,155 705 531,A01,2,7,6,2,3,16,1,
2.024E+11,155 705 532,B01,2,1,0,2,1,1,5,
2.024E+11,155 705 529,A01,1,7,0,0,1,5,1,
2.024E+11,155 705 530,B01,2,7,0,0,1,1,1,
2.024E+11,155 705 527,A01,1,7,0,1,8,1,1,
2.024E+11,155 705 526,A01,1,7,0,1,7,1,1,
2.024E+11,155 705 525,B01,2,2,0,2,1,1,1,
2.024E+11,155 705 528,A01,3,7,0,2,3,26,1,
2.024E+11,155 705 522,B01,3,33,0,2,8,1,1,
2.024E+11,155 705 524,A01,3,10,0,2,0,12,1,
2.024E+11,155 705 523,A01,1,33,0,0,1,1,0,
2.024E+11,155 705 519,A01,2,33,15,0,9,14,1,
2.024E+11,155 705 518,A01,1,7,0,9,3,24,2,
2.024E+11,155 705 521,B01,1,80,1,0,7,3,3,
2.024E+11,155 705 517,A01,2,7,0,2,1,13,1,
2.024E+11,155 705 520,B01,1,7,0,2,1,1,1,
2.024E+11,155 705 516,A01,1,7,0,1,2,0,1,
2.024E+11,155 705 514,A01,-1,7,7,0,1,26,1,
2.024E+11,155 705 515,B01,-1,7,0,0,5,26,0,
2.024E+11,155 705 512,A01,1,7,2,0,2,1,0,
2.024E+11,155 705 511,A01,1,1,4,0,0,1,5,
2.024E+11,155 705 509,A01,1,7,0,2,7,15,1,
2.024E+11,155 705 510,B01,2,7,0,2,1,1,1,
2.024E+11,155 705 506,A01,1,1,0,0,0,1,5,
2.024E+11,155 705 505,B01,1,7,0,2,1,1,1,
2.024E+11,155 705 508,A01,0,7,0,2,1,15,1,
2.024E+11,155 705 504,B01,3,50,0,2,1,19,3,
2.024E+11,155 705 507,A01,1,7,0,2,7,9,1,
2.024E+11,155 705 503,A01,0,7,2,0,1,0,1,
2.024E+11,155 705 500,A01,3,7,0,2,2,1,1,
2.024E+11,155 705 502,A01,1,7,0,0,0,1,1,
2.024E+11,155 705 498,B01,2,7,0,2,1,1,1,
2.024E+11,155 705 501,A01,1,7,0,0,8,15,1,
2.024E+11,155 705 497,A01,3,33,0,0,0,14,1,
2.024E+11,155 705 496,B01,1,7,0,2,1,1,1,
2.024E+11,155 705 499,A01,2,7,0,2,7,15,1,
2.024E+11,155 705 493,A01,1,7,0,2,3,13,1,
2.024E+11,155 705 495,B01,2,7,0,2,3,1,1,
2.024E+11,155 705 491,A01,0,7,0,2,3,15,1,
2.024E+11,155 705 494,B01,0,33,0,2,9,1,1,
2.024E+11,155 705 490,A01,3,7,0,1,0,1,0,
2.024E+11,155 705 489,A01,1,2,0,2,8,15,1,
2.024E+11,155 705 492,B01,1,7,0,2,8,1,1,
2.024E+11,155 705 487,A01,3,10,0,1,5,26,1,
2.024E+11,155 705 486,A01,1,7,0,2,1,15,1,
2.024E+11,155 705 488,B01,2,7,0,2,1,1,1,
2.024E+11,155 705 485,A01,2,7,0,1,6,1,2,
2.024E+11,155 705 482,A01,0,10,0,2,0,0,1,
2.024E+11,155 705 484,B01,0,50,0,2,1,1,3,
2.024E+11,155 705 480,B01,2,36,0,2,3,1,1,
2.024E+11,155 705 483,A01,2,7,0,2,1,17,1,
2.024E+11,155 705 481,A01,3,1,0,0,0,1,5,
2.024E+11,155 705 478,A01,1,32,0,2,7,1,1,
2.024E+11,155 705 479,B01,2,7,0,2,7,10,1,
2.024E+11,155 705 477,A01,3,10,0,1,2,3,0,
2.024E+11,155 705 475,A01,0,2,0,1,1,1,1,
2.024E+11,155 705 473,A01,2,7,0,2,2,21,1,
2.024E+11,155 705 476,B01,1,7,0,2,2,5,1,
2.024E+11,155 705 471,A01,2,7,0,1,4,2,1,
2.024E+11,155 705 474,B01,2,7,0,0,0,0,2,
2.024E+11,155 705 468,A01,0,7,0,0,9,9,1,
2.024E+11,155 705 467,A01,1,7,0,2,1,1,1,
2.024E+11,155 705 470,B01,1,1,0,2,7,19,5,
2.024E+11,155 705 465,A01,3,2,0,2,2,26,0,
2.024E+11,155 705 469,C01,3,7,0,2,6,26,0,
2.024E+11,155 705 472,B01,0,7,0,2,2,0,0,
2.024E+11,155 705 464,A01,1,7,0,2,1,15,1,
2.024E+11,155 705 466,B01,1,7,0,2,8,1,1,
2.024E+11,155 705 460,Z01,0,7,0,2,1,0,0,
2.024E+11,155 705 463,A01,1,30,0,2,1,1,1,
2.024E+11,155 705 459,A01,1,14,0,2,1,1,1,
2.024E+11,155 705 462,B01,1,7,0,2,8,1,1,
2.024E+11,155 705 456,B01,2,7,0,2,8,1,1,
2.024E+11,155 705 458,A01,1,7,0,2,1,13,1,
2.024E+11,155 705 452,A01,2,7,0,2,7,1,1,
2.024E+11,155 705 457,B01,3,10,0,2,1,1,1,
2.024E+11,155 705 453,A01,1,7,0,0,4,23,1,
2.024E+11,155 705 455,B01,1,7,0,2,1,1,1,
2.024E+11,155 705 451,A01,1,7,0,2,2,1,1,
2.024E+11,155 705 454,B01,1,50,0,2,3,1,3,
2.024E+11,155 705 450,A01,1,7,0,1,1,15,1,
2.024E+11,155 705 446,A01,2,30,0,2,1,1,1,
2.024E+11,155 705 449,B01,1,7,0,2,3,1,1,
2.024E+11,155 705 444,A01,1,7,0,2,3,1,1,
2.024E+11,155 705 447,B01,2,30,0,2,1,1,1,
2.024E+11,155 705 438,A01,2,7,0,2,7,10,1,
2.024E+11,155 705 441,B01,2,33,0,2,1,1,1,
2.024E+11,155 705 435,B01,3,80,0,2,2,19,3,
2.024E+11,155 705 439,A01,3,17,0,2,2,16,1,
2.024E+11,155 705 432,A01,1,7,0,2,3,17,1,
2.024E+11,155 705 434,B01,2,7,0,2,3,1,1,
2.024E+11,155 705 436,C01,1,7,0,9,2,1,1,
2.024E+11,155 705 440,D01,1,7,14,9,1,1,2,
2.024E+11,155 705 428,A01,0,10,0,0,1,0,1,
2.024E+11,155 705 430,B01,2,1,0,2,1,0,5,
2.024E+11,155 705 426,A01,3,30,8,2,7,26,1,
2.024E+11,155 705 429,B01,3,7,0,2,3,1,1,
2.024E+11,155 705 425,B01,1,1,0,9,4,2,5,
2.024E+11,155 705 427,C01,1,1,0,9,4,2,5,
2.024E+11,155 705 431,D01,1,1,0,9,4,2,5,
2.024E+11,155 705 433,E01,1,1,0,2,4,2,5,
2.024E+11,155 705 437,G01,1,1,0,0,4,2,5,
2.024E+11,155 705 442,H01,1,1,0,0,4,2,5,
2.024E+11,155 705 443,F01,1,1,0,2,4,2,5,
2.024E+11,155 705 445,I01,1,1,0,2,4,2,5,
2.024E+11,155 705 448,A01,1,7,0,9,1,2,1,
2.024E+11,155 705 423,A01,1,7,6,0,1,1,2,
2.024E+11,155 705 424,A01,1,7,2,0,1,26,1,
2.024E+11,155 705 420,A01,2,31,13,0,3,16,1,
2.024E+11,155 705 421,A01,0,33,3,0,2,1,1,
2.024E+11,155 705 418,B01,1,7,15,2,6,1,1,
2.024E+11,155 705 422,A01,1,7,1,2,1,26,1,
2.024E+11,155 705 416,A01,2,7,0,2,3,26,1,
2.024E+11,155 705 419,B01,2,33,0,2,2,26,1,
2.024E+11,155 705 414,A01,2,33,0,2,1,2,1,
2.024E+11,155 705 417,B01,2,10,0,2,4,2,1,
2.024E+11,155 705 412,A01,1,7,6,0,1,1,1,
2.024E+11,155 705 413,B01,1,33,0,2,7,3,1,
2.024E+11,155 705 415,A01,1,7,0,2,8,11,1,
2.024E+11,155 705 409,A01,2,33,0,2,8,1,1,
2.024E+11,155 705 410,Z01,2,7,0,2,2,13,0,
2.024E+11,155 705 408,A01,0,7,0,2,8,1,1,
2.024E+11,155 705 411,B01,0,7,0,2,8,1,1,
2.024E+11,155 705 405,B01,2,10,0,2,4,1,0,
2.024E+11,155 705 406,A01,2,7,0,2,2,1,3,
2.024E+11,155 705 407,A01,1,31,12,0,5,1,1,
2.024E+11,155 705 403,A01,1,7,10,9,1,1,1,
2.024E+11,155 705 401,A01,2,7,0,2,1,1,1,
2.024E+11,155 705 404,B01,2,7,0,2,3,1,1,
2.024E+11,155 705 397,B01,1,14,0,2,4,1,1,
2.024E+11,155 705 400,A01,1,7,0,2,1,1,1,
2.024E+11,155 705 396,A01,1,33,0,2,1,3,1,
2.024E+11,155 705 398,C01,1,7,0,2,7,1,1,
2.024E+11,155 705 399,D01,1,7,0,2,8,1,1,
2.024E+11,155 705 402,B01,1,33,0,2,4,3,1,
2.024E+11,155 705 395,A01,1,7,4,0,1,1,1,
2.024E+11,155 705 394,A01,1,7,6,0,3,1,1,
2.024E+11,155 705 389,A01,1,33,0,2,2,18,1,
2.024E+11,155 705 392,B01,1,7,0,2,3,13,1,
2.024E+11,155 705 390,A01,2,7,0,2,2,12,1,
2.024E+11,155 705 393,B01,2,33,0,2,2,11,1,
2.024E+11,155 705 386,A01,1,33,4,0,7,1,1,
2.024E+11,155 705 388,A01,2,7,0,2,1,0,1,
2.024E+11,155 705 391,B01,2,7,0,0,4,0,1,
2.024E+11,155 705 379,A01,3,1,0,2,1,1,5,
2.024E+11,155 705 383,B01,2,10,0,2,3,1,1,
2.024E+11,155 705 380,A01,2,10,0,2,1,2,1,
2.024E+11,155 705 384,B01,2,10,0,2,4,2,1,
2.024E+11,155 705 378,A01,1,7,3,2,2,1,1,
2.024E+11,155 705 382,B01,1,7,0,0,6,1,1,
2.024E+11,155 705 377,A01,2,7,0,2,1,2,1,
2.024E+11,155 705 381,B01,2,7,0,2,4,23,1,
2.024E+11,155 705 385,C01,2,7,0,2,4,23,1,
2.024E+11,155 705 387,D01,2,7,0,2,4,23,1,
2.024E+11,155 705 374,A01,3,7,0,2,4,1,1,
2.024E+11,155 705 376,B01,3,7,0,2,3,23,2,
2.024E+11,155 705 369,A01,1,7,4,2,1,0,1,
2.024E+11,155 705 372,B01,1,7,0,2,6,1,1,
2.024E+11,155 705 365,A01,1,1,14,1,1,1,5,
2.024E+11,155 705 366,A01,1,10,0,2,4,2,1,
2.024E+11,155 705 368,D01,1,7,0,2,1,2,1,
2.024E+11,155 705 370,C01,1,7,0,2,4,1,1,
2.024E+11,155 705 373,B01,1,7,0,2,1,2,1,
2.024E+11,155 705 375,E01,1,10,0,2,1,1,1,
2.024E+11,155 705 363,A01,1,7,6,0,1,13,1,
2.024E+11,155 705 357,A01,3,7,8,2,6,15,2,
2.024E+11,155 705 360,B01,3,7,0,2,6,1,1,
2.024E+11,155 705 354,A01,1,7,0,2,1,13,1,
2.024E+11,155 705 356,B01,2,7,0,2,1,0,1,
2.024E+11,155 705 355,A01,2,7,2,2,2,14,1,
2.024E+11,155 705 358,B01,2,32,0,2,7,17,1,
2.024E+11,155 705 362,C01,1,7,0,2,8,1,1,
2.024E+11,155 705 364,D01,2,7,0,2,2,1,1,
2.024E+11,155 705 353,A01,3,37,0,1,2,7,1,1
2.024E+11,155 705 347,A01,3,7,15,4,2,26,0,
2.024E+11,155 705 349,B01,3,39,0,2,2,1,3,
2.024E+11,155 705 350,A01,3,7,0,2,8,15,1,
2.024E+11,155 705 352,B01,3,31,0,2,1,2,1,
2.024E+11,155 705 346,A01,2,7,0,2,3,13,1,
2.024E+11,155 705 348,B01,1,7,0,2,3,1,1,
2.024E+11,155 705 345,B01,1,7,0,2,6,15,1,
2.024E+11,155 705 351,A01,2,50,0,2,1,26,3,
2.024E+11,155 705 342,A01,3,37,0,2,3,1,2,2
2.024E+11,155 705 344,B01,3,7,0,2,2,9,1,
2.024E+11,155 705 340,A01,1,7,2,0,1,13,1,
2.024E+11,155 705 341,A01,1,31,0,2,2,17,1,
2.024E+11,155 705 343,B01,1,7,0,2,3,15,1,
2.024E+11,155 705 337,A01,2,30,0,2,1,2,1,
2.024E+11,155 705 339,B01,2,7,0,2,5,2,2,
2.024E+11,155 705 334,B01,2,33,0,2,3,1,1,
2.024E+11,155 705 338,A01,1,7,0,2,0,15,0,
2.024E+11,155 705 333,A01,3,7,0,0,2,0,1,
2.024E+11,155 705 335,B01,3,60,0,2,2,9,5,
2.024E+11,155 705 327,A01,1,7,0,1,1,14,1,
2.024E+11,155 705 328,A01,1,7,0,2,3,13,1,
2.024E+11,155 705 331,B01,1,7,0,2,5,1,1,
2.024E+11,155 705 330,A01,1,31,0,2,1,2,1,
2.024E+11,155 705 332,B01,1,7,0,0,4,2,2,
2.024E+11,155 705 324,A01,0,7,0,2,3,1,1,
2.024E+11,155 705 329,B01,3,7,0,2,1,1,1,
2.024E+11,155 705 325,B01,0,50,0,2,7,1,3,
2.024E+11,155 705 326,A01,0,7,0,2,3,13,0,
2.024E+11,155 705 320,A01,2,1,0,1,1,1,5,
2.024E+11,155 705 319,A01,2,7,0,2,3,13,1,
2.024E+11,155 705 321,B01,1,7,0,2,3,1,1,
2.024E+11,155 705 317,A01,3,33,0,0,1,2,1,
2.024E+11,155 705 316,B01,2,7,0,2,3,16,2,
2.024E+11,155 705 318,A01,2,50,0,2,1,1,3,
2.024E+11,155 705 314,A01,2,7,4,2,3,13,1,
2.024E+11,155 705 322,B01,2,15,0,2,2,1,1,
2.024E+11,155 705 313,A01,2,37,7,0,1,15,1,2
2.024E+11,155 705 312,A01,2,7,0,2,3,1,1,
2.024E+11,155 705 315,B01,1,7,0,2,3,1,1,
2.024E+11,155 705 309,A01,1,10,0,2,3,1,1,
2.024E+11,155 705 311,Z01,2,20,0,2,1,1,5,
2.024E+11,155 705 308,A01,1,7,8,0,1,1,1,
2.024E+11,155 705 306,B01,1,33,0,2,8,1,1,
2.024E+11,155 705 310,A01,1,7,0,2,1,1,1,
2.024E+11,155 705 305,A01,1,7,0,1,2,1,1,
2.024E+11,155 705 303,A01,3,7,0,0,1,9,1,
2.024E+11,155 705 307,B01,3,80,0,2,1,1,3,
2.024E+11,155 705 301,A01,0,7,3,0,3,13,1,
2.024E+11,155 705 302,B01,1,7,0,2,0,0,1,
2.024E+11,155 705 304,A01,1,7,0,2,0,0,1,
2.024E+11,155 705 298,A01,2,10,0,2,1,1,3,
2.024E+11,155 705 300,B01,1,10,0,2,8,1,1,
2.024E+11,155 705 296,A01,1,7,0,0,1,13,1,
2.024E+11,155 705 297,B01,1,1,0,2,8,1,5,
2.024E+11,155 705 299,A01,1,7,0,2,2,1,1,
2.024E+11,155 705 293,A01,2,7,2,0,9,13,1,
2.024E+11,155 705 288,A01,1,2,0,0,9,1,1,
2.024E+11,155 705 289,A01,1,7,0,2,4,1,1,
2.024E+11,155 705 291,Z01,1,0,0,2,0,0,0,
2.024E+11,155 705 290,B01,1,7,0,2,1,1,3,
2.024E+11,155 705 292,A01,1,3,0,2,1,15,3,
2.024E+11,155 705 295,C01,2,7,0,2,3,1,1,
2.024E+11,155 705 283,A01,1,33,0,0,1,1,1,
2.024E+11,155 705 284,A01,2,10,0,2,1,13,0,
2.024E+11,155 705 286,B01,1,10,0,2,1,23,0,
2.024E+11,155 705 281,A01,1,7,0,2,2,15,1,
2.024E+11,155 705 282,B01,2,31,0,2,3,1,1,
2.024E+11,155 705 278,A01,3,31,0,0,8,21,1,
2.024E+11,155 705 276,A01,2,7,0,9,2,2,1,
2.024E+11,155 705 280,B01,2,1,0,0,4,2,5,
2.024E+11,155 705 275,B01,3,50,0,2,0,0,3,
2.024E+11,155 705 279,A01,2,7,0,2,0,16,1,
2.024E+11,155 705 271,B01,2,21,0,2,3,15,1,
2.024E+11,155 705 274,A01,2,33,0,2,7,17,1,
2.024E+11,155 705 273,A01,3,33,0,2,7,15,1,
2.024E+11,155 705 277,B01,1,7,0,2,1,9,1,
2.024E+11,155 705 272,A01,1,7,0,1,2,25,1,
2.024E+11,155 705 268,A01,1,33,0,0,7,1,1,
2.024E+11,155 705 264,A01,1,7,0,2,1,1,1,
2.024E+11,155 705 269,B01,1,7,0,2,4,1,1,
2.024E+11,155 705 263,B01,1,7,0,2,1,0,1,
2.024E+11,155 705 266,A01,1,99,0,2,3,0,1,
2.024E+11,155 705 262,A01,1,7,0,2,8,15,2,
2.024E+11,155 705 265,B01,1,33,0,2,7,2,1,
2.024E+11,155 705 261,A01,1,1,13,0,0,1,5,
2.024E+11,155 705 257,A01,0,7,0,1,1,1,1,
2.024E+11,155 705 258,A01,2,31,0,0,7,14,1,
2.024E+11,155 705 254,A01,2,14,0,2,8,1,1,
2.024E+11,155 705 255,B01,1,2,0,2,9,1,1,
2.024E+11,155 705 253,B01,1,7,0,2,3,10,1,
2.024E+11,155 705 256,A01,1,2,0,2,1,14,3,
2.024E+11,155 705 251,A01,1,7,2,0,2,0,1,
2.024E+11,155 705 250,B01,1,7,0,2,5,1,1,
2.024E+11,155 705 252,A01,1,32,0,2,8,18,1,
2.024E+11,155 705 247,A01,2,7,0,2,1,17,1,
2.024E+11,155 705 249,B01,2,7,0,2,3,1,2,
2.024E+11,155 705 248,A01,2,7,0,1,1,26,1,
2.024E+11,155 705 246,A01,0,7,1,0,2,0,1,
2.024E+11,155 705 242,A01,2,7,0,1,1,1,1,
2.024E+11,155 705 244,A01,1,7,0,1,2,1,1,
2.024E+11,155 705 241,B01,2,80,0,2,7,1,3,
2.024E+11,155 705 245,A01,2,7,0,2,3,15,1,
2.024E+11,155 705 239,A01,3,32,0,2,1,17,1,
2.024E+11,155 705 243,B01,2,7,0,2,0,0,0,
2.024E+11,155 705 236,A01,1,10,0,2,5,1,1,
2.024E+11,155 705 240,B01,2,2,0,2,1,1,1,
2.024E+11,155 705 235,B01,3,1,0,0,0,0,5,
2.024E+11,155 705 238,A01,0,0,0,0,1,15,0,
2.024E+11,155 705 232,A01,2,2,6,0,8,1,1,
2.024E+11,155 705 237,B01,2,2,0,0,7,1,1,
2.024E+11,155 705 231,A01,1,7,0,2,1,2,1,
2.024E+11,155 705 233,B01,1,31,0,2,4,2,1,
2.024E+11,155 705 225,A01,1,7,0,2,1,1,1,
2.024E+11,155 705 230,B01,1,7,0,2,4,1,1,
2.024E+11,155 705 234,C01,1,7,0,2,4,1,1,
2.024E+11,155 705 224,B01,2,10,0,2,4,1,1,
2.024E+11,155 705 228,C01,2,7,0,2,4,1,1,
2.024E+11,155 705 229,A01,2,7,0,2,9,1,1,
2.024E+11,155 705 223,B01,1,7,0,2,2,2,1,
2.024E+11,155 705 227,A01,1,7,0,2,3,15,1,
2.024E+11,155 705 221,A01,1,7,0,2,3,1,1,
2.024E+11,155 705 226,B01,1,31,0,2,2,2,1,
2.024E+11,155 705 219,A01,2,7,9,0,2,1,1,
2.024E+11,155 705 220,A01,2,7,0,2,8,13,0,
2.024E+11,155 705 222,B01,1,7,0,2,1,1,1,
2.024E+11,155 705 217,A01,2,2,0,1,1,0,1,
2.024E+11,155 705 216,A01,1,7,0,1,1,1,1,
2.024E+11,155 705 214,A01,2,33,13,0,0,1,1,
2.024E+11,155 705 215,B01,1,7,0,2,5,1,1,
2.024E+11,155 705 218,A01,1,31,0,2,1,14,1,
2.024E+11,155 705 209,A01,2,33,0,2,8,15,1,
2.024E+11,155 705 211,B01,2,33,0,2,7,17,1,
2.024E+11,155 705 208,A01,1,7,0,1,3,15,1,
2.024E+11,155 705 206,B01,1,7,0,2,4,23,0,
2.024E+11,155 705 212,A01,1,10,0,2,3,2,3,
2.024E+11,155 705 205,A01,0,7,0,1,3,17,1,
2.024E+11,155 705 202,D01,2,1,0,2,1,1,5,
2.024E+11,155 705 204,B01,2,1,0,2,1,1,5,
2.024E+11,155 705 207,E01,2,1,0,2,1,1,5,
2.024E+11,155 705 210,A01,1,33,0,2,1,17,1,
2.024E+11,155 705 213,C01,2,1,0,2,1,1,5,
2.024E+11,155 705 196,A01,1,7,0,2,5,20,1,
2.024E+11,155 705 199,B01,1,32,0,2,1,2,1,
2.024E+11,155 705 197,A01,2,1,0,2,1,5,5,
2.024E+11,155 705 201,B01,1,33,0,2,1,1,1,
2.024E+11,155 705 189,A01,2,7,1,0,3,5,1,
2.024E+11,155 705 192,B01,2,1,0,2,5,16,5,
2.024E+11,155 705 193,A01,2,7,0,2,1,2,2,
2.024E+11,155 705 188,B01,3,7,0,2,4,0,1,
2.024E+11,155 705 190,A01,3,7,0,2,1,26,1,
2.024E+11,155 705 187,C01,2,7,0,2,1,23,1,
2.024E+11,155 705 191,A01,1,7,0,2,5,1,1,
2.024E+11,155 705 194,B01,1,7,7,2,1,1,1,
2.024E+11,155 705 182,A01,3,2,0,2,2,12,1,
2.024E+11,155 705 185,B01,3,7,0,2,3,0,1,
2.024E+11,155 705 180,A01,1,0,0,2,3,1,0,
2.024E+11,155 705 183,B01,2,0,6,2,3,1,1,
2.024E+11,155 705 181,A01,3,7,3,0,1,14,1,
2.024E+11,155 705 179,A01,1,10,0,2,1,2,1,
2.024E+11,155 705 184,B01,1,7,0,2,1,24,1,
2.024E+11,155 705 186,C01,1,7,0,0,4,24,1,
2.024E+11,155 705 174,A01,1,10,0,1,3,15,1,
2.024E+11,155 705 172,A01,3,33,0,2,3,0,1,
2.024E+11,155 705 175,B01,3,33,0,2,3,1,1,
2.024E+11,155 705 171,C01,1,7,0,2,4,2,1,
2.024E+11,155 705 176,A01,1,7,0,0,0,0,1,
2.024E+11,155 705 178,B01,1,7,0,2,4,2,1,
2.024E+11,155 705 173,A01,1,2,0,2,1,1,1,
2.024E+11,155 705 177,B01,2,7,0,2,3,15,1,
2.024E+11,155 705 169,A01,3,33,0,2,1,17,1,
2.024E+11,155 705 170,B01,3,7,0,2,3,15,1,
2.024E+11,155 705 168,A01,2,30,0,1,1,17,1,
2.024E+11,155 705 167,A01,1,7,0,1,2,1,1,
2.024E+11,155 705 163,A01,1,7,8,0,2,1,1,
2.024E+11,155 705 161,A01,0,7,0,2,1,9,2,
2.024E+11,155 705 164,B01,0,33,0,2,7,1,1,
2.024E+11,155 705 160,A01,2,7,0,2,3,15,1,
2.024E+11,155 705 165,B01,1,2,0,2,7,21,1,
2.024E+11,155 705 162,A01,2,7,0,0,1,13,1,
2.024E+11,155 705 166,B01,1,7,0,0,1,1,0,
2.024E+11,155 705 159,A01,0,33,6,0,1,1,1,
2.024E+11,155 705 156,A01,1,7,3,2,3,13,2,
2.024E+11,155 705 158,B01,2,7,0,2,3,1,1,
2.024E+11,155 705 157,A01,1,34,0,0,8,1,1,
2.024E+11,155 705 154,A01,2,7,2,0,3,1,1,
2.024E+11,155 705 153,B01,1,7,13,0,6,2,1,
2.024E+11,155 705 155,A01,1,7,0,2,2,2,1,
2.024E+11,155 705 150,B01,2,1,0,9,0,1,5,
2.024E+11,155 705 152,A01,1,50,0,2,0,1,3,
2.024E+11,155 705 151,A01,1,7,1,1,2,14,1,
2.024E+11,155 705 148,B01,3,2,0,2,1,1,1,
2.024E+11,155 705 149,A01,3,7,0,2,3,19,1,
2.024E+11,155 705 145,A01,1,2,0,0,0,1,1,
2.024E+11,155 705 144,B01,2,7,0,2,1,1,1,
2.024E+11,155 705 147,A01,1,7,0,2,1,5,2,
2.024E+11,155 705 143,B01,1,10,0,2,7,26,1,
2.024E+11,155 705 146,A01,1,34,0,2,1,26,1,
2.024E+11,155 705 142,A01,1,7,4,0,3,21,1,
2.024E+11,155 705 139,B01,2,33,0,2,8,1,1,
2.024E+11,155 705 140,A01,2,10,0,2,7,12,1,
2.024E+11,155 705 138,A01,3,7,0,2,2,15,1,
2.024E+11,155 705 141,B01,3,32,0,2,1,1,1,
2.024E+11,155 705 137,A01,1,7,0,0,1,1,1,
2.024E+11,155 705 134,A01,2,10,0,1,5,4,3,
2.024E+11,155 705 133,B01,1,7,0,2,2,1,1,
2.024E+11,155 705 136,A01,1,7,0,2,2,26,2,
2.024E+11,155 705 132,A01,3,7,0,2,3,8,1,
2.024E+11,155 705 135,B01,3,1,0,2,1,1,5,
2.024E+11,155 705 128,Z01,2,7,0,1,1,2,1,
2.024E+11,155 705 126,B01,2,2,0,2,1,1,1,
2.024E+11,155 705 130,A01,1,7,0,2,2,15,1,
2.024E+11,155 705 129,A01,1,7,0,2,4,15,1,
2.024E+11,155 705 131,B01,1,10,0,2,1,2,3,
2.024E+11,155 705 123,A01,2,7,2,0,2,1,1,
2.024E+11,155 705 117,B01,1,33,0,2,1,1,1,
2.024E+11,155 705 120,C01,1,33,0,2,1,1,1,
2.024E+11,155 705 122,A01,2,7,0,2,3,13,1,
2.024E+11,155 705 116,B01,2,2,0,0,4,2,1,
2.024E+11,155 705 121,A01,2,7,3,2,1,2,1,
2.024E+11,155 705 118,B01,1,37,0,2,3,1,1,5
2.024E+11,155 705 124,A01,1,7,0,2,2,17,1,
2.024E+11,155 705 113,A01,2,7,2,0,1,1,1,
2.024E+11,155 705 112,A01,2,7,0,1,3,1,1,
2.024E+11,155 705 110,B01,1,1,0,2,7,2,5,
2.024E+11,155 705 111,A01,1,7,0,2,3,15,1,
2.024E+11,155 705 107,A01,2,7,0,2,8,15,1,
2.024E+11,155 705 109,B01,2,2,0,0,7,2,1,
2.024E+11,155 705 106,A01,1,7,0,1,3,1,1,
2.024E+11,155 705 105,A01,3,33,0,0,3,21,1,
2.024E+11,155 705 104,A01,1,10,0,1,2,1,1,
2.024E+11,155 705 102,A01,1,7,0,2,3,0,1,
2.024E+11,155 705 103,B01,2,7,0,2,3,0,1,
2.024E+11,155 705 101,A01,1,7,13,0,2,14,1,
2.024E+11,155 705 098,A01,0,10,0,2,1,1,1,
2.024E+11,155 705 100,B01,0,7,0,2,4,1,1,
2.024E+11,155 705 097,A01,1,7,0,2,7,15,1,
2.024E+11,155 705 099,B01,1,1,0,2,1,1,5,
2.024E+11,155 705 096,A01,0,7,13,0,1,0,1,
2.024E+11,155 705 095,A01,1,7,0,1,1,15,1,