Num_Acc,id_vehicule,num_veh,senc,catv,obs,obsm,choc,manv,motor,occutc
2.024E+11,155 704 637,B01,2,7,0,2,6,1,1,
2.024E+11,155 704 638,C01,2,7,0,2,4,1,1,
2.024E+11,155 704 631,A01,1,7,13,0,0,13,1,
2.024E+11,155 704 632,A01,3,10,0,2,5,15,1,
2.024E+11,155 704 635,B01,3,33,0,2,1,1,1,
2.024E+11,155 704 630,B01,2,30,0,0,1,2,1,
2.024E+11,155 704 634,A01,2,7,0,0,0,15,1,
2.024E+11,155 704 627,A01,1,80,0,0,0,1,3,
2.024E+11,155 704 626,A01,3,7,0,1,3,1,1,
2.024E+11,155 704 625,B01,1,7,0,2,4,2,3,
2.024E+11,155 704 628,C01,1,7,0,2,4,2,1,
2.024E+11,155 704 629,A01,1,10,0,2,1,2,1,
2.024E+11,155 704 623,A01,2,7,0,2,1,2,1,
2.024E+11,155 704 624,B01,2,7,0,2,5,23,1,
2.024E+11,155 704 620,A01,1,7,0,2,1,2,1,
2.024E+11,155 704 622,B01,1,7,0,2,4,2,1,
2.024E+11,155 704 617,A01,2,7,13,0,5,13,1,
2.024E+11,155 704 615,Z01,1,7,0,2,1,19,1,
2.024E+11,155 704 619,B01,1,31,0,2,7,1,1,
2.024E+11,155 704 616,B01,1,10,0,2,4,2,1,
2.024E+11,155 704 618,C01,1,7,0,2,4,2,1,
2.024E+11,155 704 621,A01,1,7,0,2,1,2,1,
2.024E+11,155 704 612,A01,1,7,0,2,1,2,1,
2.024E+11,155 704 613,B01,1,7,0,2,4,2,1,
2.024E+11,155 704 614,C01,1,7,0,2,4,2,3,
2.024E+11,155 704 609,A01,0,7,3,0,1,0,1,
2.024E+11,155 704 607,B01,1,7,0,2,4,2,1,
2.024E+11,155 704 610,A01,1,43,0,2,1,2,1,
2.024E+11,155 704 608,A01,2,50,0,2,1,1,3,
2.024E+11,155 704 611,B01,2,7,0,0,7,16,1,
2.024E+11,155 704 606,A01,3,7,9,0,3,1,1,
2.024E+11,155 704 604,A01,0,7,4,0,2,17,0,
2.024E+11,155 704 605,B01,0,7,4,0,6,1,1,
2.024E+11,155 704 599,A01,3,7,13,0,2,1,2,
2.024E+11,155 704 597,A01,1,7,0,2,2,15,1,
2.024E+11,155 704 600,B01,2,32,0,2,1,1,1,
2.024E+11,155 704 598,B01,2,31,0,2,1,17,1,
2.024E+11,155 704 602,A01,2,7,0,2,3,15,2,
2.024E+11,155 704 596,B01,1,7,0,2,7,1,3,
2.024E+11,155 704 601,C01,1,33,0,2,8,1,1,
2.024E+11,155 704 603,A01,1,33,0,2,7,12,1,
2.024E+11,155 704 593,B01,3,7,0,0,8,1,1,
2.024E+11,155 704 595,A01,3,10,0,2,2,9,1,
2.024E+11,155 704 589,A01,3,50,0,2,1,26,3,
2.024E+11,155 704 594,B01,2,7,0,2,1,1,1,
2.024E+11,155 704 590,B01,1,7,0,2,5,2,1,
2.024E+11,155 704 592,A01,1,31,0,2,1,2,1,
2.024E+11,155 704 588,A01,3,50,16,0,1,1,3,
2.024E+11,155 704 587,A01,0,10,0,1,1,16,3,
2.024E+11,155 704 585,B01,2,80,0,2,3,11,3,
2.024E+11,155 704 591,A01,2,7,0,9,2,2,1,
2.024E+11,155 704 583,B01,1,1,0,2,6,19,5,
2.024E+11,155 704 586,A01,2,7,0,2,2,1,2,
2.024E+11,155 704 584,A01,1,7,0,1,2,16,2,
2.024E+11,155 704 580,A01,1,7,2,0,8,1,1,
2.024E+11,155 704 578,A01,2,7,0,1,3,1,1,
2.024E+11,155 704 577,B01,2,32,0,2,1,0,1,
2.024E+11,155 704 579,A01,2,14,0,2,6,0,1,
2.024E+11,155 704 576,A01,0,7,0,0,0,1,1,
2.024E+11,155 704 573,B01,2,7,3,2,8,1,2,
2.024E+11,155 704 575,A01,2,7,0,2,3,16,1,
2.024E+11,155 704 571,A01,1,1,0,0,1,1,5,
2.024E+11,155 704 574,A01,1,33,12,0,0,13,1,
2.024E+11,155 704 570,B01,3,7,0,2,3,15,1,
2.024E+11,155 704 572,A01,2,7,0,2,3,1,3,
2.024E+11,155 704 569,A01,1,7,0,1,2,1,1,
2.024E+11,155 704 566,A01,1,7,0,1,8,21,1,
2.024E+11,155 704 567,Z01,2,30,0,1,1,1,3,
2.024E+11,155 704 565,B01,2,7,0,2,3,1,1,
2.024E+11,155 704 568,A01,1,7,0,2,3,13,1,
2.024E+11,155 704 563,B01,1,7,0,2,7,1,1,
2.024E+11,155 704 564,A01,1,7,0,2,8,12,1,
2.024E+11,155 704 562,A01,3,33,4,0,3,0,0,
2.024E+11,155 704 560,A01,0,40,0,1,1,1,3,
2.024E+11,155 704 559,B01,3,32,0,2,7,2,1,
2.024E+11,155 704 561,A01,3,7,0,2,8,11,1,
2.024E+11,155 704 556,A01,1,2,0,2,6,2,1,
2.024E+11,155 704 558,B01,1,7,0,2,5,2,1,
2.024E+11,155 704 554,A01,2,7,8,0,3,15,1,
2.024E+11,155 704 557,B01,2,7,0,2,1,17,1,
2.024E+11,155 704 551,B01,1,7,0,2,3,23,2,
2.024E+11,155 704 553,A01,1,1,0,2,2,13,5,
2.024E+11,155 704 550,B01,3,7,0,2,4,23,1,
2.024E+11,155 704 555,A01,3,7,0,2,1,2,1,
2.024E+11,155 704 549,A01,3,10,0,2,3,13,1,
2.024E+11,155 704 552,B01,3,7,0,2,3,1,1,
2.024E+11,155 704 545,B01,1,7,0,2,1,1,1,
2.024E+11,155 704 547,A01,2,10,0,2,1,1,1,
2.024E+11,155 704 548,C01,1,7,0,2,1,1,1,
2.024E+11,155 704 544,A01,1,7,0,1,2,1,1,
2.024E+11,155 704 542,B01,2,7,0,2,1,1,1,
2.024E+11,155 704 546,A01,1,1,0,2,1,5,5,
2.024E+11,155 704 543,A01,2,7,14,0,1,13,1,
2.024E+11,155 704 539,A01,1,7,0,0,2,16,1,
2.024E+11,155 704 541,B01,1,2,0,2,1,1,1,
2.024E+11,155 704 536,A01,3,1,0,2,7,19,5,
2.024E+11,155 704 540,B01,3,7,0,2,3,1,1,
2.024E+11,155 704 535,A01,2,50,0,2,1,5,3,
2.024E+11,155 704 538,B01,1,7,0,2,3,1,1,
2.024E+11,155 704 534,A01,1,33,0,2,1,1,1,
2.024E+11,155 704 537,B01,1,32,0,2,8,1,1,
2.024E+11,155 704 533,Z01,1,0,0,1,0,1,0,
2.024E+11,155 704 530,A01,3,32,0,2,1,1,1,
2.024E+11,155 704 532,B01,3,10,0,0,6,23,1,
2.024E+11,155 704 531,A01,2,33,0,0,0,1,1,
2.024E+11,155 704 529,A01,1,7,0,1,1,15,1,
2.024E+11,155 704 525,A01,1,36,0,2,0,16,1,
2.024E+11,155 704 524,A01,1,7,0,2,1,7,1,
2.024E+11,155 704 527,B01,1,37,0,2,4,7,3,3
2.024E+11,155 704 526,B01,1,33,0,2,1,17,1,
2.024E+11,155 704 528,A01,1,7,0,2,3,13,2,
2.024E+11,155 704 522,A01,2,1,0,0,0,1,5,
2.024E+11,155 704 521,A01,2,7,0,2,7,16,1,
2.024E+11,155 704 520,A01,1,7,0,2,1,2,1,
2.024E+11,155 704 523,B01,1,7,0,2,4,1,1,
2.024E+11,155 704 519,A01,3,7,0,1,1,1,1,
2.024E+11,155 704 517,A01,1,7,1,0,7,1,0,
2.024E+11,155 704 516,B01,2,1,1,2,1,1,5,
2.024E+11,155 704 518,A01,2,7,0,2,8,24,1,
2.024E+11,155 704 513,A01,3,7,0,2,1,1,1,
2.024E+11,155 704 515,B01,3,7,0,2,4,1,1,
2.024E+11,155 704 512,B01,2,3,0,2,1,1,1,
2.024E+11,155 704 514,A01,1,7,0,2,7,11,2,
2.024E+11,155 704 510,A01,2,30,0,0,1,1,1,
2.024E+11,155 704 511,B01,3,7,0,2,3,1,2,
2.024E+11,155 704 507,A01,2,7,0,2,1,13,1,
2.024E+11,155 704 509,B01,1,7,0,2,1,1,1,
2.024E+11,155 704 505,B01,3,10,0,2,4,2,1,
2.024E+11,155 704 508,A01,3,37,0,2,2,2,0,1
2.024E+11,155 704 504,A01,1,7,0,1,1,1,1,
2.024E+11,155 704 498,A01,1,50,0,2,8,11,3,
2.024E+11,155 704 501,B01,1,10,0,2,7,1,1,
2.024E+11,155 704 499,B01,2,7,0,2,4,2,1,
2.024E+11,155 704 503,A01,2,7,0,2,1,2,1,
2.024E+11,155 704 497,C01,1,7,0,2,4,23,1,
2.024E+11,155 704 500,A01,1,7,0,2,1,1,1,
2.024E+11,155 704 502,B01,1,7,0,2,4,1,0,
2.024E+11,155 704 506,D01,1,7,0,2,0,1,1,
2.024E+11,155 704 495,A01,3,10,0,1,2,9,3,
2.024E+11,155 704 494,B01,1,7,0,2,3,1,1,
2.024E+11,155 704 496,A01,3,50,0,2,8,1,3,
2.024E+11,155 704 492,A01,1,7,0,1,1,1,1,
2.024E+11,155 704 489,C01,1,7,0,2,5,1,1,
2.024E+11,155 704 491,B01,1,1,0,2,1,1,5,
2.024E+11,155 704 493,A01,1,7,0,2,8,24,2,
2.024E+11,155 704 488,B01,2,7,0,2,3,13,1,
2.024E+11,155 704 490,A01,1,7,0,2,3,1,1,
2.024E+11,155 704 487,A01,3,50,0,0,0,1,3,
2.024E+11,155 704 484,A01,1,10,0,2,1,2,1,
2.024E+11,155 704 486,B01,1,32,0,2,4,2,1,
2.024E+11,155 704 485,A01,3,2,0,0,3,0,1,
2.024E+11,155 704 482,A01,3,10,0,2,1,2,1,
2.024E+11,155 704 483,B01,3,7,0,0,0,16,0,
2.024E+11,155 704 481,A01,2,33,0,1,5,1,1,
2.024E+11,155 704 480,A01,3,7,0,1,2,1,1,
2.024E+11,155 704 479,A01,3,7,0,1,6,20,3,
2.024E+11,155 704 476,B01,3,33,0,2,0,0,0,
2.024E+11,155 704 478,A01,1,7,0,2,4,10,1,
2.024E+11,155 704 477,A01,1,50,0,0,1,1,3,
2.024E+11,155 704 475,A01,2,7,1,1,3,1,1,
2.024E+11,155 704 471,A01,1,3,0,2,7,1,1,
2.024E+11,155 704 470,B01,0,1,0,2,1,19,5,
2.024E+11,155 704 473,A01,1,10,0,2,2,19,1,
2.024E+11,155 704 472,B01,1,13,0,2,4,23,1,
2.024E+11,155 704 474,A01,1,7,0,2,1,2,1,
2.024E+11,155 704 466,A01,2,7,0,1,2,1,1,
2.024E+11,155 704 468,X01,1,7,0,2,3,15,1,
2.024E+11,155 704 469,A01,1,50,0,2,1,17,3,
2.024E+11,155 704 465,B01,1,7,0,2,4,0,0,
2.024E+11,155 704 467,A01,1,7,0,2,1,26,0,
2.024E+11,155 704 464,A01,1,7,0,1,7,1,1,
2.024E+11,155 704 463,A01,1,7,0,1,1,1,0,
2.024E+11,155 704 460,B01,3,31,0,2,1,3,1,
2.024E+11,155 704 462,A01,1,10,0,2,6,11,1,
2.024E+11,155 704 458,A01,3,7,0,2,1,2,1,
2.024E+11,155 704 461,B01,3,7,0,2,4,2,1,
2.024E+11,155 704 457,B01,1,10,0,2,1,1,1,
2.024E+11,155 704 459,A01,2,10,0,2,8,9,1,
2.024E+11,155 704 455,B01,2,34,0,2,6,1,1,
2.024E+11,155 704 456,A01,2,31,0,2,2,21,1,
2.024E+11,155 704 452,A01,2,7,0,2,8,1,1,
2.024E+11,155 704 454,B01,2,10,0,2,1,1,1,
2.024E+11,155 704 451,B01,1,7,0,2,4,0,1,
2.024E+11,155 704 453,A01,3,33,0,2,4,23,1,
2.024E+11,155 704 448,B01,3,7,0,2,3,1,1,
2.024E+11,155 704 450,A01,3,7,0,2,0,0,2,
2.024E+11,155 704 446,B01,3,7,0,2,3,19,1,
2.024E+11,155 704 449,A01,3,10,0,2,2,1,1,
2.024E+11,155 704 445,A01,0,10,0,2,1,2,1,
2.024E+11,155 704 447,B01,0,7,0,2,4,1,1,
2.024E+11,155 704 441,A01,2,2,0,2,1,1,1,
2.024E+11,155 704 443,B01,1,7,0,2,8,1,1,
2.024E+11,155 704 440,A01,1,13,0,0,1,1,1,
2.024E+11,155 704 442,B01,2,7,0,2,1,1,1,
2.024E+11,155 704 444,A01,2,7,0,2,4,23,1,
2.024E+11,155 704 437,A01,1,13,0,2,8,15,1,
2.024E+11,155 704 439,B01,1,33,0,2,1,1,1,
2.024E+11,155 704 435,B01,1,7,0,2,2,9,1,
2.024E+11,155 704 436,A01,2,80,0,2,1,1,3,
2.024E+11,155 704 434,A01,2,33,0,2,1,1,1,
2.024E+11,155 704 438,B01,2,7,0,2,3,15,3,
2.024E+11,155 704 433,A01,2,30,0,9,1,17,1,
2.024E+11,155 704 432,A01,2,7,1,0,1,13,1,
2.024E+11,155 704 430,A01,2,7,2,0,1,21,1,
2.024E+11,155 704 431,A01,1,33,0,1,1,1,1,
2.024E+11,155 704 427,B01,2,7,0,2,2,5,1,
2.024E+11,155 704 429,A01,1,33,0,2,2,5,1,
2.024E+11,155 704 426,A01,1,30,0,2,1,17,1,
2.024E+11,155 704 428,B01,2,7,0,2,3,10,1,
2.024E+11,155 704 425,A01,1,34,0,0,0,26,0,
2.024E+11,155 704 423,A01,1,33,0,2,1,1,1,
2.024E+11,155 704 424,B01,1,7,0,2,7,15,1,
2.024E+11,155 704 420,A01,0,31,0,0,0,0,0,
2.024E+11,155 704 422,B01,0,7,0,0,0,0,0,
2.024E+11,155 704 418,A01,1,33,0,1,1,1,1,
2.024E+11,155 704 419,B01,1,30,0,2,2,13,1,
2.024E+11,155 704 421,A01,1,7,0,2,3,15,2,
2.024E+11,155 704 417,A01,2,7,0,1,2,1,1,
2.024E+11,155 704 414,B01,2,7,0,2,4,1,1,
2.024E+11,155 704 416,A01,2,10,0,2,1,1,1,
2.024E+11,155 704 412,B01,2,33,0,2,7,2,0,
2.024E+11,155 704 413,A01,2,7,0,2,1,15,0,
2.024E+11,155 704 411,A01,2,7,0,1,2,17,1,
2.024E+11,155 704 415,A01,0,10,8,0,2,0,1,
2.024E+11,155 704 409,B01,3,1,0,2,3,9,5,
2.024E+11,155 704 410,A01,2,10,0,9,3,9,1,
2.024E+11,155 704 406,A01,3,7,0,2,1,1,1,
2.024E+11,155 704 408,B01,3,7,0,2,1,1,2,
2.024E+11,155 704 405,A01,1,33,3,0,2,21,1,
2.024E+11,155 704 399,A01,1,7,0,2,1,15,1,
2.024E+11,155 704 401,B01,2,30,0,2,8,1,1,
2.024E+11,155 704 403,A01,1,7,0,2,1,1,1,
2.024E+11,155 704 407,B01,1,7,8,0,4,1,1,
2.024E+11,155 704 398,A01,2,7,0,2,1,15,1,
2.024E+11,155 704 400,B01,1,33,0,2,1,1,1,
2.024E+11,155 704 402,A01,0,7,0,2,3,15,1,
2.024E+11,155 704 404,B01,0,33,0,2,1,1,1,
2.024E+11,155 704 397,A01,3,30,5,0,1,9,1,
2.024E+11,155 704 394,A01,2,3,0,2,1,1,1,
2.024E+11,155 704 396,B01,2,10,0,2,4,1,1,
2.024E+11,155 704 393,A01,1,7,13,0,2,1,1,
2.024E+11,155 704 391,B01,2,33,8,2,1,2,1,
2.024E+11,155 704 392,A01,3,30,0,2,4,19,1,
2.024E+11,155 704 388,B01,1,7,0,2,4,2,1,
2.024E+11,155 704 390,A01,1,7,0,2,1,2,1,
2.024E+11,155 704 387,A01,0,30,0,2,2,26,1,
2.024E+11,155 704 389,B01,3,7,0,0,2,21,1,
2.024E+11,155 704 395,A01,3,32,12,0,1,26,1,
2.024E+11,155 704 385,B01,2,7,0,2,4,2,2,
2.024E+11,155 704 386,A01,2,7,0,2,1,2,1,
2.024E+11,155 704 382,A01,1,31,0,2,1,2,1,
2.024E+11,155 704 384,B01,1,7,0,2,4,2,2,
2.024E+11,155 704 381,B01,1,7,0,2,3,1,1,
2.024E+11,155 704 383,A01,1,33,0,2,3,3,1,
2.024E+11,155 704 378,A01,2,33,0,2,1,3,1,
2.024E+11,155 704 380,B01,2,7,0,2,4,1,1,
2.024E+11,155 704 377,A01,0,7,0,1,1,15,1,
2.024E+11,155 704 374,A01,3,1,0,0,0,23,5,
2.024E+11,155 704 375,A01,1,1,0,2,8,15,5,
2.024E+11,155 704 376,B01,1,7,0,2,7,2,2,
2.024E+11,155 704 373,A01,2,10,0,2,4,4,3,
2.024E+11,155 704 379,B01,1,30,0,2,1,1,1,
2.024E+11,155 704 371,B01,1,60,0,2,3,1,5,
2.024E+11,155 704 372,A01,1,10,0,2,7,1,1,
2.024E+11,155 704 370,A01,2,7,2,0,2,1,1,
2.024E+11,155 704 367,A01,2,7,0,1,5,1,1,
2.024E+11,155 704 368,A01,2,50,0,1,1,25,3,
2.024E+11,155 704 366,A01,2,7,0,1,1,19,2,
2.024E+11,155 704 369,A01,1,7,0,1,1,19,1,
2.024E+11,155 704 363,A01,1,10,0,1,1,19,1,
2.024E+11,155 704 364,A01,1,7,0,2,7,16,2,
2.024E+11,155 704 365,B01,3,50,0,2,2,1,3,
2.024E+11,155 704 360,A01,1,33,10,0,3,1,1,
2.024E+11,155 704 359,B01,2,1,0,0,0,15,5,
2.024E+11,155 704 362,A01,1,7,0,0,3,1,1,
2.024E+11,155 704 358,B01,1,14,0,1,7,7,3,
2.024E+11,155 704 361,A01,0,7,0,2,4,20,3,
2.024E+11,155 704 357,A01,2,7,0,0,0,1,1,
2.024E+11,155 704 356,A01,2,33,1,0,7,16,1,
2.024E+11,155 704 354,A01,1,2,0,0,0,1,1,
2.024E+11,155 704 355,Z01,1,1,0,1,1,25,5,
2.024E+11,155 704 351,A01,3,1,0,0,0,1,5,
2.024E+11,155 704 353,A01,3,50,15,0,1,1,3,
2.024E+11,155 704 350,A01,1,10,0,2,2,16,1,
2.024E+11,155 704 352,B01,1,1,0,2,1,18,5,
2.024E+11,155 704 349,A01,1,31,14,0,2,14,1,
2.024E+11,155 704 343,B01,1,1,0,2,7,1,5,
2.024E+11,155 704 348,A01,2,7,0,2,1,9,1,
2.024E+11,155 704 342,A01,1,30,9,0,1,14,1,
2.024E+11,155 704 345,A01,3,7,0,9,0,0,0,
2.024E+11,155 704 347,B01,3,50,0,2,0,0,3,
2.024E+11,155 704 341,A01,2,32,0,2,1,1,1,
2.024E+11,155 704 344,B01,2,7,0,2,5,23,1,
2.024E+11,155 704 346,C01,2,37,0,2,8,23,1,1
2.024E+11,155 704 340,A01,1,32,12,0,1,1,1,
2.024E+11,155 704 337,A01,1,80,0,2,2,9,3,
2.024E+11,155 704 339,B01,1,7,0,9,2,1,2,
2.024E+11,155 704 335,A01,2,7,0,0,3,1,2,
2.024E+11,155 704 338,A01,1,7,1,0,4,2,2,
2.024E+11,155 704 332,B01,2,7,0,2,4,1,1,
2.024E+11,155 704 334,C01,2,7,0,2,4,1,1,
2.024E+11,155 704 336,A01,2,7,0,2,1,1,1,
2.024E+11,155 704 333,A01,2,1,14,0,2,5,5,
2.024E+11,155 704 330,B01,1,7,14,0,4,23,1,
2.024E+11,155 704 331,A01,2,10,0,2,1,1,1,
2.024E+11,155 704 329,A01,3,7,0,1,3,1,1,
2.024E+11,155 704 327,A01,2,2,0,2,1,5,1,
2.024E+11,155 704 328,B01,1,7,0,2,3,5,1,
2.024E+11,155 704 326,Z01,0,50,0,1,1,16,3,
2.024E+11,155 704 324,A01,3,7,0,1,1,26,1,
2.024E+11,155 704 323,A01,0,7,1,1,2,4,1,
2.024E+11,155 704 322,B01,0,1,0,2,7,1,5,
2.024E+11,155 704 325,A01,0,7,0,2,1,19,1,
2.024E+11,155 704 320,A01,1,33,13,0,1,13,1,
2.024E+11,155 704 319,A01,1,32,12,0,8,1,1,
2.024E+11,155 704 321,B01,3,7,12,0,1,19,1,
2.024E+11,155 704 318,B01,2,80,0,1,1,21,3,
2.024E+11,155 704 315,A01,2,10,15,0,1,1,1,
2.024E+11,155 704 314,A01,2,1,0,0,7,2,5,
2.024E+11,155 704 312,A01,1,7,0,1,1,16,1,
2.024E+11,155 704 311,A01,1,7,0,2,3,24,1,
2.024E+11,155 704 313,B01,1,1,0,2,1,1,5,
2.024E+11,155 704 308,A01,3,7,0,1,2,1,3,
2.024E+11,155 704 309,A01,2,80,0,1,8,14,3,
2.024E+11,155 704 307,A01,1,80,0,2,7,1,3,
2.024E+11,155 704 310,Z01,1,10,0,2,8,13,3,
2.024E+11,155 704 304,A01,1,43,0,2,4,23,1,
2.024E+11,155 704 306,B01,1,7,0,2,1,23,2,
2.024E+11,155 704 302,A01,3,7,0,9,1,9,1,
2.024E+11,155 704 305,B01,1,1,0,2,8,1,5,
2.024E+11,155 704 303,A01,3,32,0,1,1,1,1,
2.024E+11,155 704 300,A01,3,14,8,0,1,16,1,
2.024E+11,155 704 299,B01,2,7,0,2,4,2,0,
2.024E+11,155 704 301,A01,2,31,0,2,1,0,0,
2.024E+11,155 704 295,B01,2,30,0,0,1,1,1,
2.024E+11,155 704 297,A01,1,7,0,2,3,5,1,
2.024E+11,155 704 296,A01,2,7,16,0,3,2,1,
2.024E+11,155 704 292,A01,2,7,2,0,4,14,1,
2.024E+11,155 704 291,A01,2,7,1,2,2,1,1,
2.024E+11,155 704 294,C01,2,7,0,2,6,24,1,
2.024E+11,155 704 298,B01,2,7,1,2,3,16,1,
2.024E+11,155 704 290,B01,2,33,0,2,2,3,0,
2.024E+11,155 704 293,A01,3,7,0,2,1,9,0,
2.024E+11,155 704 289,A01,1,33,2,0,2,0,1,
2.024E+11,155 704 285,B01,1,2,0,2,1,1,0,
2.024E+11,155 704 287,A01,1,7,0,2,4,23,1,
2.024E+11,155 704 286,A01,1,33,8,2,1,26,1,
2.024E+11,155 704 288,B01,2,7,0,2,0,0,1,
2.024E+11,155 704 283,A01,1,7,5,2,3,13,1,
2.024E+11,155 704 284,B01,2,80,5,2,3,1,3,
2.024E+11,155 704 280,A01,3,7,0,2,3,11,3,
2.024E+11,155 704 282,B01,3,33,0,2,5,1,1,
2.024E+11,155 704 279,B01,0,7,0,2,3,9,1,
2.024E+11,155 704 281,A01,0,33,0,2,1,1,1,
2.024E+11,155 704 278,A01,1,10,0,0,1,1,1,
2.024E+11,155 704 275,A01,1,7,6,0,1,1,1,
2.024E+11,155 704 277,B01,2,7,6,0,2,9,1,
2.024E+11,155 704 274,A01,1,7,8,0,7,19,1,
2.024E+11,155 704 273,A01,3,15,0,2,1,1,1,
2.024E+11,155 704 276,B01,3,2,9,2,7,1,1,
2.024E+11,155 704 272,A01,3,7,17,0,1,1,1,
2.024E+11,155 704 271,A01,2,7,14,0,1,1,1,
2.024E+11,155 704 269,A01,1,1,0,0,0,1,5,
2.024E+11,155 704 268,A01,3,7,0,2,0,26,0,
2.024E+11,155 704 270,B01,3,7,0,2,6,26,1,
2.024E+11,155 704 266,A01,1,7,2,0,1,0,1,
2.024E+11,155 704 265,A01,2,7,0,2,8,13,1,
2.024E+11,155 704 267,B01,1,15,0,2,6,0,1,
2.024E+11,155 704 263,A01,2,7,0,0,1,0,1,
2.024E+11,155 704 262,A01,1,32,0,2,1,15,0,
2.024E+11,155 704 264,B01,2,37,0,2,2,1,0,2
2.024E+11,155 704 258,A01,1,7,8,0,1,14,1,
2.024E+11,155 704 259,A01,1,10,0,2,2,2,1,
2.024E+11,155 704 260,B01,1,7,0,2,4,2,1,
2.024E+11,155 704 261,C01,1,7,13,0,4,2,1,
2.024E+11,155 704 257,V01,3,1,0,0,0,2,5,
2.024E+11,155 704 254,A01,0,99,0,2,0,1,6,
2.024E+11,155 704 256,B01,0,7,0,9,0,0,1,
2.024E+11,155 704 253,B01,1,33,4,2,7,1,0,
2.024E+11,155 704 255,A01,1,10,0,2,8,13,1,
2.024E+11,155 704 251,A01,1,7,0,2,4,0,1,
2.024E+11,155 704 252,B01,1,7,0,2,1,2,1,
2.024E+11,155 704 250,A01,1,7,3,0,2,14,1,
2.024E+11,155 704 247,A01,1,7,1,2,3,1,1,
2.024E+11,155 704 249,B01,1,7,6,2,3,1,1,
2.024E+11,155 704 246,A01,1,32,0,2,1,1,1,
2.024E+11,155 704 248,B01,1,10,0,2,4,1,1,
2.024E+11,155 704 243,A01,2,7,2,0,1,14,1,
2.024E+11,155 704 242,A01,0,7,0,1,1,1,1,
2.024E+11,155 704 241,A01,3,7,13,2,3,19,1,
2.024E+11,155 704 244,B01,1,7,13,2,1,1,1,
2.024E+11,155 704 239,A01,2,7,13,0,9,1,1,
2.024E+11,155 704 235,A01,1,0,0,2,7,9,0,
2.024E+11,155 704 238,B01,1,50,0,2,2,15,3,
2.024E+11,155 704 236,A01,2,10,13,0,7,1,1,
2.024E+11,155 704 233,A01,1,7,0,1,3,1,1,
2.024E+11,155 704 232,A01,1,30,0,2,7,2,1,
2.024E+11,155 704 234,B01,1,7,0,2,6,1,1,
2.024E+11,155 704 229,B01,1,2,0,2,1,17,1,
2.024E+11,155 704 231,A01,2,7,0,2,1,15,1,
2.024E+11,155 704 227,A01,2,7,3,2,1,1,1,
2.024E+11,155 704 228,B01,2,7,13,0,4,1,1,
2.024E+11,155 704 230,C01,2,7,0,0,4,1,1,
2.024E+11,155 704 225,A01,3,7,0,1,1,1,1,
2.024E+11,155 704 226,A01,2,7,0,1,2,1,1,
2.024E+11,155 704 221,A01,0,33,0,2,2,1,1,
2.024E+11,155 704 224,B01,0,7,0,2,3,15,1,
2.024E+11,155 704 219,A01,2,7,8,2,1,1,1,
2.024E+11,155 704 222,B01,2,7,0,2,1,1,1,
2.024E+11,155 704 220,A01,3,33,0,2,1,18,1,
2.024E+11,155 704 223,B01,3,7,0,2,2,12,1,
2.024E+11,155 704 216,A01,1,7,0,2,4,2,2,
2.024E+11,155 704 218,B01,1,7,0,2,1,2,1,
2.024E+11,155 704 215,A01,1,7,0,2,5,13,1,
2.024E+11,155 704 217,B01,2,10,0,2,1,0,1,
2.024E+11,155 704 212,A01,1,31,0,2,3,17,1,
2.024E+11,155 704 214,B01,2,7,0,2,3,1,1,
2.024E+11,155 704 210,A01,2,7,0,1,1,1,1,
2.024E+11,155 704 211,IB01,0,31,0,2,1,19,0,
2.024E+11,155 704 213,A01,0,7,0,2,3,26,0,
2.024E+11,155 704 207,B01,1,7,0,2,1,1,1,
2.024E+11,155 704 209,A01,2,7,0,2,1,5,1,
2.024E+11,155 704 205,A01,1,14,0,0,0,1,1,
2.024E+11,155 704 208,B01,2,7,14,0,1,1,1,
2.024E+11,155 704 202,A01,2,7,0,2,7,15,1,
2.024E+11,155 704 204,B01,1,33,0,2,3,1,1,
2.024E+11,155 704 200,A01,3,33,16,0,8,1,1,
2.024E+11,155 704 201,A01,1,3,2,0,2,0,3,
2.024E+11,155 704 197,A01,1,37,1,1,3,1,2,1
2.024E+11,155 704 198,A01,3,7,0,2,1,15,0,
2.024E+11,155 704 199,B01,0,30,0,2,9,1,1,
2.024E+11,155 704 194,A01,2,7,0,2,2,15,1,
2.024E+11,155 704 196,B01,1,33,0,2,1,1,1,
2.024E+11,155 704 195,A01,2,7,8,0,2,1,1,
2.024E+11,155 704 191,A01,2,7,2,0,2,14,1,
2.024E+11,155 704 192,Y01,1,1,0,2,8,1,5,
2.024E+11,155 704 193,B01,1,7,0,9,7,14,1,
2.024E+11,155 704 189,B01,2,7,0,2,3,1,1,
2.024E+11,155 704 190,A01,1,7,0,2,3,17,1,
2.024E+11,155 704 188,A01,1,10,2,0,1,13,1,
2.024E+11,155 704 186,Z01,3,50,0,1,1,1,3,
2.024E+11,155 704 185,B01,3,33,0,2,0,0,1,
2.024E+11,155 704 187,A01,3,7,0,2,1,15,1,
2.024E+11,155 704 182,B01,3,32,0,2,1,1,1,
2.024E+11,155 704 183,A01,3,7,0,2,2,1,1,
2.024E+11,155 704 181,A01,3,36,0,0,0,0,1,
2.024E+11,155 704 180,A01,2,7,0,2,3,0,1,
2.024E+11,155 704 184,B01,2,7,0,2,3,13,1,
2.024E+11,155 704 179,A01,3,7,0,1,1,1,1,