Num_Acc,id_vehicule,num_veh,senc,catv,obs,obsm,choc,manv,motor,occutc
2.024E+11,155 704 175,A01,3,33,0,2,1,1,1,
2.024E+11,155 704 178,B01,3,7,0,2,4,1,2,
2.024E+11,155 704 173,B01,1,7,0,2,3,1,1,
2.024E+11,155 704 177,A01,2,7,0,2,3,13,1,
2.024E+11,155 704 174,A01,1,7,2,0,5,1,1,
2.024E+11,155 704 172,A01,3,50,0,2,1,2,3,
2.024E+11,155 704 176,B01,3,7,0,2,4,23,1,
2.024E+11,155 704 168,A01,3,7,0,2,1,1,1,
2.024E+11,155 704 171,B01,3,7,0,2,4,1,2,
2.024E+11,155 704 170,A01,1,1,0,0,0,0,5,
2.024E+11,155 704 167,A01,1,7,0,0,7,2,1,
2.024E+11,155 704 169,B01,1,50,0,0,7,0,3,
2.024E+11,155 704 165,A01,1,50,0,2,3,13,3,
2.024E+11,155 704 166,B01,1,7,0,9,5,1,1,
2.024E+11,155 704 164,A01,2,1,0,0,1,1,5,
2.024E+11,155 704 161,A01,1,7,0,2,3,21,1,
2.024E+11,155 704 163,B01,1,7,0,2,4,9,1,
2.024E+11,155 704 162,A01,2,7,6,0,8,1,1,
2.024E+11,155 704 159,A01,2,7,0,0,9,1,1,
2.024E+11,155 704 160,A01,2,43,0,1,1,2,1,
2.024E+11,155 704 155,A01,1,1,0,2,5,19,5,
2.024E+11,155 704 158,B01,1,7,0,2,2,1,1,
2.024E+11,155 704 154,A01,1,32,0,1,1,1,1,
2.024E+11,155 704 153,B01,2,34,0,0,1,1,1,
2.024E+11,155 704 156,A01,2,7,0,2,1,15,1,
2.024E+11,155 704 152,B01,2,7,0,2,3,15,1,
2.024E+11,155 704 157,A01,1,7,0,2,3,1,1,
2.024E+11,155 704 150,A01,3,1,13,0,0,17,5,
2.024E+11,155 704 147,A01,2,1,0,2,1,2,5,
2.024E+11,155 704 151,B01,2,7,0,9,3,15,0,
2.024E+11,155 704 146,A01,2,7,1,0,2,14,1,
2.024E+11,155 704 148,B01,1,7,0,2,2,24,0,
2.024E+11,155 704 142,A01,2,7,0,2,2,19,1,
2.024E+11,155 704 144,B01,1,10,0,2,1,1,1,
2.024E+11,155 704 141,A01,2,7,0,2,1,1,1,
2.024E+11,155 704 143,B01,1,1,0,2,3,19,5,
2.024E+11,155 704 137,A01,2,33,0,0,0,1,1,
2.024E+11,155 704 138,A01,1,33,0,2,1,3,1,
2.024E+11,155 704 140,B01,1,7,0,2,6,17,1,
2.024E+11,155 704 136,A01,3,7,0,2,2,1,1,
2.024E+11,155 704 139,B01,3,7,0,2,1,1,1,
2.024E+11,155 704 130,A01,1,7,4,0,8,13,1,
2.024E+11,155 704 127,A01,1,7,13,0,2,14,1,
2.024E+11,155 704 132,B01,1,7,13,0,2,14,1,
2.024E+11,155 704 124,A01,1,7,0,2,1,2,1,
2.024E+11,155 704 128,B01,1,7,0,2,4,2,1,
2.024E+11,155 704 131,C01,1,7,0,2,4,2,1,
2.024E+11,155 704 122,B01,1,10,0,2,7,1,1,
2.024E+11,155 704 126,A01,2,33,0,2,1,1,1,
2.024E+11,155 704 120,B01,1,7,0,2,2,1,1,
2.024E+11,155 704 123,A01,1,1,0,2,7,19,5,
2.024E+11,155 704 121,A01,2,7,0,2,1,1,1,
2.024E+11,155 704 125,B01,0,7,0,0,3,19,2,
2.024E+11,155 704 119,A01,1,7,0,0,9,1,0,
2.024E+11,155 704 118,A01,1,7,0,1,3,1,2,
2.024E+11,155 704 111,A01,3,10,13,0,1,0,1,
2.024E+11,155 704 112,B01,1,7,0,2,4,2,1,
2.024E+11,155 704 115,C01,1,7,0,2,4,2,1,
2.024E+11,155 704 117,A01,1,7,0,2,1,1,1,
2.024E+11,155 704 114,B01,3,7,0,2,6,15,1,
2.024E+11,155 704 116,A01,3,33,0,2,1,17,1,
2.024E+11,155 704 109,B01,1,7,15,0,2,1,1,
2.024E+11,155 704 113,A01,2,7,0,0,1,5,1,
2.024E+11,155 704 108,Z01,1,7,0,1,1,19,0,
2.024E+11,155 704 107,A01,1,3,0,0,6,1,1,
2.024E+11,155 704 110,B01,2,7,2,0,2,1,1,
2.024E+11,155 704 104,A01,3,7,2,0,1,1,1,
2.024E+11,155 704 103,A01,2,7,0,0,2,17,1,
2.024E+11,155 704 105,B01,1,1,0,0,1,13,5,
2.024E+11,155 704 102,A01,0,7,0,2,1,0,1,
2.024E+11,155 704 106,B01,0,2,0,2,1,16,0,
2.024E+11,155 704 100,A01,2,2,15,0,1,19,1,
2.024E+11,155 704 099,A01,1,7,0,2,0,9,1,
2.024E+11,155 704 101,B01,1,2,0,2,0,2,3,
2.024E+11,155 704 096,A01,1,33,0,0,8,15,1,
2.024E+11,155 704 093,A01,1,7,4,0,3,1,1,
2.024E+11,155 704 094,B01,3,1,0,2,0,19,5,
2.024E+11,155 704 098,A01,3,10,0,1,5,1,1,
2.024E+11,155 704 092,A01,1,7,0,2,1,13,1,
2.024E+11,155 704 095,B01,2,7,0,2,1,1,3,
2.024E+11,155 704 090,A01,1,33,3,0,8,1,1,
2.024E+11,155 704 088,A01,2,7,1,0,3,17,1,
2.024E+11,155 704 089,A01,1,7,0,2,3,15,1,
2.024E+11,155 704 091,B01,2,33,0,2,1,1,1,
2.024E+11,155 704 085,A01,1,1,0,2,1,3,5,
2.024E+11,155 704 087,B01,1,1,0,2,1,26,5,
2.024E+11,155 704 083,A01,3,7,0,1,1,0,1,
2.024E+11,155 704 082,B01,2,7,4,2,1,5,1,
2.024E+11,155 704 086,A01,1,38,0,2,1,1,1,1
2.024E+11,155 704 081,A01,2,1,12,2,1,2,5,
2.024E+11,155 704 084,B01,2,1,12,2,4,2,5,
2.024E+11,155 704 080,A01,1,7,13,0,0,0,1,
2.024E+11,155 704 078,A01,0,7,2,0,1,5,1,
2.024E+11,155 704 075,A01,1,7,0,1,2,2,1,
2.024E+11,155 704 074,A01,3,30,0,2,1,19,1,
2.024E+11,155 704 079,B01,3,7,0,2,8,1,1,
2.024E+11,155 704 073,A01,1,7,0,2,1,2,1,
2.024E+11,155 704 076,B01,1,1,0,0,4,1,5,
2.024E+11,155 704 072,B01,1,1,0,0,4,26,5,
2.024E+11,155 704 077,A01,1,10,0,9,2,26,1,
2.024E+11,155 704 071,A01,1,7,8,0,3,0,1,
2.024E+11,155 704 068,A01,1,33,3,0,3,17,1,
2.024E+11,155 704 066,A01,2,2,0,2,1,17,1,
2.024E+11,155 704 070,B01,2,7,0,2,3,15,1,
2.024E+11,155 704 065,A01,3,7,0,2,3,19,1,
2.024E+11,155 704 069,B01,2,7,0,2,2,1,1,
2.024E+11,155 704 064,B01,2,7,0,2,3,1,1,
2.024E+11,155 704 067,A01,1,7,0,2,1,1,1,
2.024E+11,155 704 062,A01,1,7,10,0,2,14,1,
2.024E+11,155 704 061,B01,1,1,0,0,4,1,5,
2.024E+11,155 704 063,A01,1,7,0,0,1,2,1,
2.024E+11,155 704 058,A01,1,7,0,2,3,13,1,
2.024E+11,155 704 060,B01,2,7,0,2,3,1,1,
2.024E+11,155 704 056,A01,2,7,13,0,3,14,1,
2.024E+11,155 704 054,A01,3,33,0,1,1,1,1,
2.024E+11,155 704 052,A01,1,7,0,2,8,10,2,
2.024E+11,155 704 055,B01,1,33,0,2,7,17,1,
2.024E+11,155 704 051,C01,1,7,0,2,4,23,1,
2.024E+11,155 704 053,D01,1,7,0,0,4,23,1,
2.024E+11,155 704 057,A01,1,10,0,2,1,2,1,
2.024E+11,155 704 059,B01,1,7,0,2,4,2,1,
2.024E+11,155 704 050,A01,1,7,13,0,9,26,1,
2.024E+11,155 704 049,A01,3,7,0,1,4,20,1,
2.024E+11,155 704 043,A01,2,7,0,0,3,1,1,
2.024E+11,155 704 045,B01,1,7,0,2,3,1,1,
2.024E+11,155 704 046,A01,3,7,0,1,3,15,1,
2.024E+11,155 704 042,A01,3,7,0,9,2,9,1,
2.024E+11,155 704 044,B01,3,1,0,2,1,1,5,
2.024E+11,155 704 041,A01,1,31,7,0,1,1,1,
2.024E+11,155 704 038,A01,1,7,0,2,3,9,1,
2.024E+11,155 704 040,B01,2,2,0,2,1,1,1,
2.024E+11,155 704 037,B01,1,7,0,2,1,1,1,
2.024E+11,155 704 039,A01,2,7,0,2,1,13,1,
2.024E+11,155 704 035,A01,1,7,4,0,1,17,1,
2.024E+11,155 704 034,A01,1,80,0,2,1,0,3,
2.024E+11,155 704 036,B01,1,7,0,0,8,0,1,
2.024E+11,155 704 030,A01,3,33,0,0,0,1,1,
2.024E+11,155 704 027,B01,2,7,0,2,3,21,1,
2.024E+11,155 704 032,A01,1,7,0,2,3,13,1,
2.024E+11,155 704 029,A01,3,15,0,2,8,1,1,
2.024E+11,155 704 031,B01,3,7,0,2,3,1,1,
2.024E+11,155 704 023,A01,0,7,0,2,1,1,1,
2.024E+11,155 704 026,B01,0,7,0,2,8,1,2,
2.024E+11,155 704 022,A01,1,7,8,0,1,1,1,
2.024E+11,155 704 025,C01,2,17,0,0,6,1,1,
2.024E+11,155 704 028,A01,2,7,0,0,4,9,1,
2.024E+11,155 704 033,B01,2,7,0,2,2,17,1,
2.024E+11,155 704 020,A01,3,7,13,2,3,15,1,
2.024E+11,155 704 024,B01,2,7,0,2,1,1,1,
2.024E+11,155 704 018,A01,2,7,0,1,1,1,1,
2.024E+11,155 704 015,A01,2,33,0,2,1,2,1,
2.024E+11,155 704 019,B01,2,14,0,2,4,23,1,
2.024E+11,155 704 014,A01,3,7,13,0,9,1,1,
2.024E+11,155 704 012,A01,2,7,0,2,3,13,1,
2.024E+11,155 704 016,B01,1,7,0,2,3,21,1,
2.024E+11,155 704 011,A01,1,2,0,0,1,1,1,
2.024E+11,155 704 010,C01,1,7,0,2,2,1,1,
2.024E+11,155 704 013,A01,2,7,0,2,2,15,1,
2.024E+11,155 704 017,B01,1,7,0,2,3,1,2,
2.024E+11,155 704 007,A01,1,7,13,0,6,1,1,
2.024E+11,155 704 006,A01,1,15,0,2,1,1,1,
2.024E+11,155 704 009,B01,2,1,0,2,1,21,5,
2.024E+11,155 704 005,A01,2,7,0,2,1,5,1,
2.024E+11,155 704 008,B01,1,7,0,2,1,1,2,
2.024E+11,155 704 002,A01,1,7,0,0,5,19,1,
2.024E+11,155 704 004,B01,2,33,0,2,1,21,1,
2.024E+11,155 704 001,A01,1,17,3,0,0,9,1,
2.024E+11,155 703 998,B01,3,33,0,2,8,1,1,
2.024E+11,155 704 003,A01,3,7,0,2,2,15,1,
2.024E+11,155 703 999,A01,2,7,3,0,3,1,3,
2.024E+11,155 703 997,A01,1,7,0,2,2,15,1,
2.024E+11,155 704 000,B01,2,7,0,2,3,1,1,
2.024E+11,155 703 994,A01,2,50,0,2,7,15,3,
2.024E+11,155 703 996,B01,1,7,0,2,1,1,1,
2.024E+11,155 703 992,A01,2,7,0,1,3,15,1,
2.024E+11,155 703 989,A01,2,7,0,2,1,2,1,
2.024E+11,155 703 995,B01,2,17,0,2,6,2,1,
2.024E+11,155 703 988,A01,3,7,0,2,6,9,1,
2.024E+11,155 703 991,B01,3,33,0,2,1,1,1,
2.024E+11,155 703 987,A01,0,7,0,2,1,2,1,
2.024E+11,155 703 990,B01,0,7,1,0,4,2,1,
2.024E+11,155 703 993,C01,0,7,0,0,4,2,1,
2.024E+11,155 703 985,A01,1,7,4,0,1,0,1,
2.024E+11,155 703 984,A01,1,7,6,0,3,1,1,
2.024E+11,155 703 983,A01,2,10,0,2,3,13,1,
2.024E+11,155 703 986,B01,1,33,0,2,6,1,1,
2.024E+11,155 703 980,A01,3,33,0,2,1,17,1,
2.024E+11,155 703 982,B01,3,7,0,2,8,15,1,
2.024E+11,155 703 979,A01,0,2,1,0,1,14,1,
2.024E+11,155 703 978,A01,1,7,0,1,1,1,1,
2.024E+11,155 703 977,A01,3,2,0,2,0,1,1,
2.024E+11,155 703 981,B01,3,21,0,2,3,1,1,
2.024E+11,155 703 975,A01,1,7,0,2,1,2,1,
2.024E+11,155 703 976,B01,1,34,0,0,4,2,1,
2.024E+11,155 703 973,A01,3,10,0,0,9,1,1,
2.024E+11,155 703 972,A01,1,7,0,2,3,1,1,
2.024E+11,155 703 974,B01,1,7,0,2,3,1,1,
2.024E+11,155 703 971,A01,0,7,8,1,3,6,1,
2.024E+11,155 703 969,A01,1,33,0,2,1,1,1,
2.024E+11,155 703 970,B01,2,10,0,2,8,1,1,
2.024E+11,155 703 967,A01,1,7,0,1,7,1,1,
2.024E+11,155 703 965,A01,2,7,0,2,5,12,1,
2.024E+11,155 703 968,B01,2,7,0,2,3,1,1,
2.024E+11,155 703 962,A01,1,10,0,1,3,9,1,
2.024E+11,155 703 961,B01,3,2,0,2,1,1,1,
2.024E+11,155 703 964,A01,3,7,0,2,7,15,3,
2.024E+11,155 703 963,A01,2,7,0,2,3,11,1,
2.024E+11,155 703 966,B01,2,7,0,2,2,1,1,
2.024E+11,155 703 960,A01,2,7,5,0,2,0,1,
2.024E+11,155 703 957,A01,1,99,0,0,6,0,1,
2.024E+11,155 703 959,C01,2,33,0,0,3,1,1,
2.024E+11,155 703 955,A01,2,15,0,1,1,1,1,
2.024E+11,155 703 954,A01,1,7,0,2,1,13,0,
2.024E+11,155 703 958,B01,2,7,0,2,1,1,1,
2.024E+11,155 703 950,A01,2,10,0,0,3,15,1,
2.024E+11,155 703 952,B01,2,43,0,2,1,17,1,
2.024E+11,155 703 951,Z01,2,14,0,2,7,12,1,
2.024E+11,155 703 953,B01,2,7,3,2,6,1,1,
2.024E+11,155 703 956,C01,2,7,0,2,1,0,1,
2.024E+11,155 703 947,A01,0,7,0,2,0,0,2,
2.024E+11,155 703 949,B01,1,32,0,2,0,0,1,
2.024E+11,155 703 946,B01,0,7,0,2,1,1,1,
2.024E+11,155 703 948,A01,3,33,0,2,7,1,1,
2.024E+11,155 703 944,A01,2,7,0,2,8,13,1,
2.024E+11,155 703 945,B01,1,10,0,2,8,1,1,
2.024E+11,155 703 942,Z01,1,15,0,1,1,2,0,
2.024E+11,155 703 940,B01,3,7,0,2,8,1,1,
2.024E+11,155 703 943,A01,3,10,0,2,1,1,1,
2.024E+11,155 703 939,A01,1,2,0,2,0,9,1,
2.024E+11,155 703 941,B01,1,7,0,2,2,14,1,
2.024E+11,155 703 937,A01,1,32,0,2,1,1,1,
2.024E+11,155 703 938,B01,1,7,0,0,4,1,1,
2.024E+11,155 703 934,A01,1,7,13,0,9,19,1,
2.024E+11,155 703 933,B01,3,7,0,2,3,1,1,
2.024E+11,155 703 936,A01,3,7,0,2,2,1,1,
2.024E+11,155 703 929,A01,2,7,0,9,9,1,1,
2.024E+11,155 703 928,B01,3,7,0,2,1,1,1,
2.024E+11,155 703 931,A01,3,1,0,2,7,1,5,
2.024E+11,155 703 925,B01,1,33,0,2,1,1,1,
2.024E+11,155 703 927,A01,0,10,0,2,2,15,1,
2.024E+11,155 703 924,B01,1,7,14,0,4,23,1,
2.024E+11,155 703 926,C01,1,7,0,2,4,26,1,
2.024E+11,155 703 930,D01,1,7,0,2,5,2,1,
2.024E+11,155 703 932,E01,1,7,0,2,1,2,3,
2.024E+11,155 703 935,A01,1,7,0,2,1,2,2,
2.024E+11,155 703 921,A01,3,10,0,1,1,1,1,
2.024E+11,155 703 920,A01,1,2,0,2,1,1,1,
2.024E+11,155 703 922,B01,2,7,0,2,3,1,1,
2.024E+11,155 703 919,B01,2,7,0,2,1,15,1,
2.024E+11,155 703 923,A01,2,33,0,2,7,1,1,
2.024E+11,155 703 916,A01,1,7,2,0,1,0,1,
2.024E+11,155 703 910,A01,1,7,0,2,3,1,1,
2.024E+11,155 703 913,B01,2,7,0,2,3,1,1,
2.024E+11,155 703 912,A01,2,10,0,2,1,1,1,
2.024E+11,155 703 914,B01,2,7,0,2,4,1,1,
2.024E+11,155 703 917,C01,2,7,0,2,4,1,1,
2.024E+11,155 703 909,A01,1,13,0,2,8,13,4,
2.024E+11,155 703 911,B01,1,10,0,2,7,1,3,
2.024E+11,155 703 915,C01,1,7,0,2,4,2,2,
2.024E+11,155 703 918,D01,1,10,0,2,4,2,1,
2.024E+11,155 703 908,A01,2,7,0,1,2,1,1,
2.024E+11,155 703 907,A01,1,7,13,0,2,1,1,
2.024E+11,155 703 906,A01,2,7,0,2,2,9,1,
2.024E+11,155 703 903,A01,2,7,0,2,5,12,1,
2.024E+11,155 703 905,B01,2,33,0,2,3,3,1,
2.024E+11,155 703 901,A01,1,7,0,2,1,1,1,
2.024E+11,155 703 904,B01,2,14,0,2,1,1,1,
2.024E+11,155 703 896,B01,1,10,0,2,1,1,1,
2.024E+11,155 703 902,A01,2,7,0,2,7,1,1,
2.024E+11,155 703 897,A01,2,34,0,2,2,2,1,
2.024E+11,155 703 900,B01,2,7,0,2,4,23,1,
2.024E+11,155 703 898,A01,1,7,0,2,2,16,1,
2.024E+11,155 703 899,B01,2,1,0,2,7,1,5,
2.024E+11,155 703 893,Z01,1,50,0,1,0,1,3,
2.024E+11,155 703 892,A01,2,7,15,0,1,17,1,
2.024E+11,155 703 890,B01,1,7,2,2,4,2,1,
2.024E+11,155 703 894,C01,1,7,0,0,5,2,1,
2.024E+11,155 703 895,A01,1,15,0,2,2,2,1,
2.024E+11,155 703 889,A01,2,7,7,2,2,15,1,
2.024E+11,155 703 891,B01,1,7,7,2,3,1,1,
2.024E+11,155 703 884,A01,3,31,0,2,7,21,1,
2.024E+11,155 703 888,B01,3,7,0,2,6,4,1,
2.024E+11,155 703 882,A01,0,31,0,0,0,26,1,
2.024E+11,155 703 883,A01,0,33,0,2,1,1,1,
2.024E+11,155 703 886,B01,0,7,0,0,4,15,1,
2.024E+11,155 703 881,C01,1,17,0,2,7,24,1,
2.024E+11,155 703 885,B01,1,33,0,2,8,1,1,
2.024E+11,155 703 887,A01,1,10,0,2,7,12,1,
2.024E+11,155 703 878,A01,1,33,3,0,2,1,1,
2.024E+11,155 703 877,B01,1,34,0,2,1,1,1,
2.024E+11,155 703 879,A01,1,7,0,0,8,22,1,
2.024E+11,155 703 876,B01,1,7,0,0,4,23,1,
2.024E+11,155 703 880,A01,1,7,1,0,1,1,1,
2.024E+11,155 703 874,A01,1,7,13,0,9,12,1,
2.024E+11,155 703 875,A01,1,7,0,2,1,1,2,
2.024E+11,155 703 871,Z01,2,7,0,2,0,0,0,
2.024E+11,155 703 873,B01,2,7,0,2,6,1,1,
2.024E+11,155 703 870,B01,0,7,0,2,3,1,1,
2.024E+11,155 703 872,A01,0,30,0,2,1,15,1,
2.024E+11,155 703 865,A01,2,10,0,2,1,2,1,
2.024E+11,155 703 868,B01,2,7,0,0,4,2,1,
2.024E+11,155 703 866,A01,2,7,4,0,4,26,1,
2.024E+11,155 703 869,B01,2,7,0,2,4,1,1,
2.024E+11,155 703 863,A01,2,7,0,2,4,2,1,
2.024E+11,155 703 867,B01,2,7,0,2,1,2,1,
2.024E+11,155 703 862,A01,1,7,0,2,8,22,1,
2.024E+11,155 703 864,B01,1,1,0,2,1,1,5,
2.024E+11,155 703 858,A01,1,7,4,2,1,12,1,
2.024E+11,155 703 861,B01,1,7,0,0,4,1,1,
2.024E+11,155 703 857,A01,2,40,0,1,3,1,3,
2.024E+11,155 703 856,A01,1,7,0,2,1,11,1,
2.024E+11,155 703 860,B01,1,13,0,2,2,1,1,
2.024E+11,155 703 855,A01,2,33,0,2,1,1,1,
2.024E+11,155 703 859,B01,2,7,0,2,5,1,1,
2.024E+11,155 703 853,A01,2,7,2,0,1,14,1,
2.024E+11,155 703 852,A01,1,33,0,0,8,1,1,
2.024E+11,155 703 851,A01,0,7,0,2,3,15,1,
2.024E+11,155 703 854,B01,0,1,0,2,3,1,5,
2.024E+11,155 703 848,A01,2,7,0,2,1,1,1,
2.024E+11,155 703 850,B01,2,10,0,2,4,1,1,
2.024E+11,155 703 846,A01,2,7,0,2,3,1,1,
2.024E+11,155 703 849,B01,1,7,0,2,1,5,1,
2.024E+11,155 703 845,A01,2,7,0,2,5,16,1,
2.024E+11,155 703 847,B01,2,1,0,2,1,1,5,
2.024E+11,155 703 843,A01,2,33,12,2,1,18,1,
2.024E+11,155 703 844,B01,2,1,12,2,7,7,5,
2.024E+11,155 703 840,A01,2,33,0,2,7,5,1,
2.024E+11,155 703 842,B01,0,7,1,2,1,1,1,
2.024E+11,155 703 837,A01,3,7,0,2,1,26,1,
2.024E+11,155 703 839,B01,3,7,0,2,3,0,1,
2.024E+11,155 703 832,B01,1,33,0,2,2,1,1,
2.024E+11,155 703 835,A01,1,7,0,2,3,15,2,
2.024E+11,155 703 833,A01,2,10,0,2,1,2,1,
2.024E+11,155 703 836,B01,2,10,0,2,4,2,1,
2.024E+11,155 703 838,C01,2,10,0,2,4,2,1,
2.024E+11,155 703 841,D01,2,7,0,2,5,2,3,
2.024E+11,155 703 830,B01,2,1,0,2,2,1,5,
2.024E+11,155 703 834,A01,2,7,0,2,3,16,1,
2.024E+11,155 703 829,B01,1,1,0,2,4,1,5,
2.024E+11,155 703 831,A01,1,7,0,2,3,1,2,
2.024E+11,155 703 826,A01,0,33,0,0,0,0,1,
2.024E+11,155 703 823,A01,1,1,0,2,1,15,5,
2.024E+11,155 703 827,B01,1,33,0,2,8,1,1,
2.024E+11,155 703 822,A01,2,10,0,2,1,2,1,
2.024E+11,155 703 825,B01,2,7,0,2,1,2,1,
2.024E+11,155 703 828,C01,2,7,0,2,4,23,2,
2.024E+11,155 703 821,A01,1,2,0,2,1,1,1,
2.024E+11,155 703 824,B01,3,2,0,2,1,1,1,
2.024E+11,155 703 820,A01,1,33,8,0,1,0,1,
2.024E+11,155 703 816,A01,1,10,0,9,7,16,1,
2.024E+11,155 703 819,B01,1,1,0,2,8,1,5,
2.024E+11,155 703 815,A01,2,7,0,0,1,1,1,
2.024E+11,155 703 814,A01,1,15,0,2,1,2,1,
2.024E+11,155 703 818,B01,1,7,0,2,4,2,1,
2.024E+11,155 703 813,A01,1,1,0,2,1,3,5,
2.024E+11,155 703 817,B01,1,7,0,2,2,1,1,
2.024E+11,155 703 812,A01,1,32,0,1,1,1,1,
2.024E+11,155 703 809,A01,1,7,0,0,4,15,1,
2.024E+11,155 703 811,B01,1,7,0,0,1,2,1,
2.024E+11,155 703 806,A01,1,32,0,2,1,2,1,
2.024E+11,155 703 810,B01,2,7,0,2,3,2,2,
2.024E+11,155 703 804,A01,2,33,0,2,2,3,1,
2.024E+11,155 703 808,B01,2,7,0,2,3,11,2,
2.024E+11,155 703 805,A01,1,33,0,2,1,1,1,
2.024E+11,155 703 807,B01,2,7,0,2,2,15,1,
2.024E+11,155 703 801,B01,1,7,0,1,4,2,1,
2.024E+11,155 703 803,A01,1,10,0,2,1,2,1,
2.024E+11,155 703 800,A01,2,10,0,1,0,0,1,
2.024E+11,155 703 798,A01,1,7,0,2,1,2,1,
2.024E+11,155 703 802,B01,1,7,13,0,4,15,1,
2.024E+11,155 703 795,C01,2,7,0,2,4,2,1,
2.024E+11,155 703 797,A01,2,7,0,2,1,2,2,
2.024E+11,155 703 799,B01,2,7,0,2,4,2,1,
2.024E+11,155 703 792,A01,2,10,0,0,6,1,1,
2.024E+11,155 703 794,B01,2,33,0,0,1,2,1,
2.024E+11,155 703 791,A01,2,7,0,2,2,15,1,
2.024E+11,155 703 793,B01,3,80,0,2,1,25,3,
2.024E+11,155 703 790,A01,2,7,0,2,1,1,1,
2.024E+11,155 703 796,B01,1,7,0,2,3,1,2,
2.024E+11,155 703 788,A01,1,7,0,1,3,1,1,
2.024E+11,155 703 784,A01,2,7,1,0,3,1,1,
2.024E+11,155 703 786,B01,1,7,0,2,8,24,1,
2.024E+11,155 703 783,C01,2,7,0,2,6,15,1,
2.024E+11,155 703 787,A01,2,7,0,2,1,0,1,
2.024E+11,155 703 789,B01,2,7,0,2,4,0,1,
2.024E+11,155 703 782,B01,1,34,0,2,1,2,1,
2.024E+11,155 703 785,A01,1,7,0,2,7,11,1,
2.024E+11,155 703 781,A01,1,7,0,1,2,26,1,
2.024E+11,155 703 780,A01,2,50,0,0,1,1,3,
2.024E+11,155 703 778,A01,1,7,2,0,1,21,1,
2.024E+11,155 703 776,A01,1,33,0,2,3,3,1,
2.024E+11,155 703 779,B01,1,7,0,2,2,12,1,
2.024E+11,155 703 773,A01,2,80,0,1,1,5,3,
2.024E+11,155 703 775,A01,3,7,0,2,3,15,1,
2.024E+11,155 703 777,B01,0,33,0,2,1,1,1,
2.024E+11,155 703 772,A01,2,7,0,2,8,19,1,
2.024E+11,155 703 774,B01,2,33,0,2,1,1,1,
2.024E+11,155 703 768,B01,1,7,0,2,5,2,1,
2.024E+11,155 703 769,A01,1,7,0,2,1,2,1,
2.024E+11,155 703 766,A01,3,7,0,1,3,15,1,
2.024E+11,155 703 767,A01,2,7,0,2,3,15,0,
2.024E+11,155 703 770,B01,2,32,0,2,3,17,1,
2.024E+11,155 703 765,A01,1,7,0,2,1,1,1,
2.024E+11,155 703 771,B01,2,7,0,2,5,1,1,
2.024E+11,155 703 761,A01,1,30,0,2,2,11,1,
2.024E+11,155 703 764,B01,1,7,0,2,3,11,2,
2.024E+11,155 703 760,B01,1,7,0,2,1,2,1,
2.024E+11,155 703 763,A01,1,7,0,2,4,2,1,
2.024E+11,155 703 759,B01,1,7,0,2,5,1,1,
2.024E+11,155 703 762,A01,1,7,0,2,2,1,1,
2.024E+11,155 703 755,A01,3,7,0,2,1,1,1,
2.024E+11,155 703 757,B01,3,10,0,2,4,10,1,
2.024E+11,155 703 754,A01,1,7,0,2,1,9,1,
2.024E+11,155 703 758,B01,1,7,0,2,8,1,1,
2.024E+11,155 703 753,A01,1,7,0,2,3,15,1,
2.024E+11,155 703 756,B01,1,30,0,2,1,1,1,
2.024E+11,155 703 751,A01,1,33,12,0,2,26,1,
2.024E+11,155 703 747,A01,2,7,0,2,1,1,3,
2.024E+11,155 703 750,B01,2,7,0,0,4,1,1,
2.024E+11,155 703 752,C01,1,7,0,2,8,1,1,
2.024E+11,155 703 745,A01,1,10,0,2,3,1,1,
2.024E+11,155 703 749,B01,1,7,0,2,3,1,1,
2.024E+11,155 703 743,A01,2,7,4,1,3,1,1,
2.024E+11,155 703 738,A01,1,7,0,2,2,16,1,
2.024E+11,155 703 741,B01,1,32,0,2,8,1,1,
2.024E+11,155 703 740,D01,1,7,0,2,4,2,1,
2.024E+11,155 703 744,B01,1,7,0,2,4,2,1,
2.024E+11,155 703 746,C01,1,7,0,2,0,0,1,
2.024E+11,155 703 748,A01,1,7,0,2,1,2,1,
2.024E+11,155 703 739,A01,1,7,0,2,3,15,1,
2.024E+11,155 703 742,B01,1,1,0,2,1,1,5,
2.024E+11,155 703 735,A01,1,2,0,2,1,1,1,
2.024E+11,155 703 737,B01,1,50,0,2,0,9,3,
2.024E+11,155 703 733,A01,1,10,0,1,1,15,1,
2.024E+11,155 703 732,B01,1,7,0,2,4,23,1,
2.024E+11,155 703 734,C01,1,7,0,2,4,23,1,
2.024E+11,155 703 736,A01,1,7,0,2,1,2,1,
2.024E+11,155 703 730,B01,1,7,1,0,1,1,1,
2.024E+11,155 703 731,A01,3,7,1,0,4,24,1,
2.024E+11,155 703 728,A01,3,7,0,1,1,2,1,
2.024E+11,155 703 725,B01,3,1,0,2,1,19,5,
2.024E+11,155 703 727,A01,2,7,0,9,2,2,1,
2.024E+11,155 703 726,A01,2,1,0,2,1,21,5,
2.024E+11,155 703 729,B01,2,7,0,2,4,23,1,
2.024E+11,155 703 724,A01,0,7,0,2,3,1,1,
2.024E+11,155 703 723,A01,1,7,0,1,2,16,1,
2.024E+11,155 703 720,A01,2,7,0,2,1,2,1,
2.024E+11,155 703 721,C01,2,10,0,2,4,23,1,
2.024E+11,155 703 722,B01,2,7,0,2,4,23,1,
2.024E+11,155 703 717,A01,1,7,2,2,3,1,1,
2.024E+11,155 703 719,B01,1,7,0,2,1,9,1,