Num_Acc,id_vehicule,num_veh,senc,catv,obs,obsm,choc,manv,motor,occutc
2.024E+11,155 702 779,A01,1,7,0,2,1,1,1,
2.024E+11,155 702 776,A01,3,1,0,2,7,15,5,
2.024E+11,155 702 778,B01,3,7,0,9,2,1,1,
2.024E+11,155 702 773,B01,3,7,0,2,3,0,0,
2.024E+11,155 702 775,A01,3,2,0,2,0,0,1,
2.024E+11,155 702 771,A01,1,7,4,0,4,23,1,
2.024E+11,155 702 774,B01,1,7,1,0,1,2,2,
2.024E+11,155 702 768,A01,1,7,3,0,0,0,1,
2.024E+11,155 702 767,B01,1,15,0,2,3,1,1,
2.024E+11,155 702 769,C01,1,15,0,2,4,23,1,
2.024E+11,155 702 770,D01,1,14,0,2,1,2,1,
2.024E+11,155 702 772,A01,2,7,0,2,3,13,1,
2.024E+11,155 702 765,A01,1,33,0,2,3,2,1,
2.024E+11,155 702 766,Z01,2,10,0,0,0,0,0,
2.024E+11,155 702 762,B01,1,14,0,2,2,1,1,
2.024E+11,155 702 764,A01,2,7,0,2,1,13,3,
2.024E+11,155 702 760,A01,1,7,0,2,8,15,0,
2.024E+11,155 702 763,B01,1,33,0,2,7,17,1,
2.024E+11,155 702 761,A01,1,7,4,0,1,26,1,
2.024E+11,155 702 759,A01,2,10,6,0,1,1,1,
2.024E+11,155 702 756,A01,2,7,4,0,1,1,1,
2.024E+11,155 702 755,A01,1,7,0,2,1,9,0,
2.024E+11,155 702 757,B01,1,2,0,2,1,1,0,
2.024E+11,155 702 752,A01,0,7,0,0,3,2,1,
2.024E+11,155 702 753,B01,0,50,0,0,1,2,3,
2.024E+11,155 702 749,A01,2,2,0,2,0,13,1,
2.024E+11,155 702 750,B01,1,7,0,2,3,1,0,
2.024E+11,155 702 748,A01,2,15,0,2,2,21,1,
2.024E+11,155 702 751,B01,2,7,0,2,4,2,1,
2.024E+11,155 702 754,C01,2,7,0,2,4,2,1,
2.024E+11,155 702 758,D01,2,10,0,2,5,2,1,
2.024E+11,155 702 745,A01,2,10,8,0,1,0,1,
2.024E+11,155 702 746,A01,3,7,0,2,1,1,1,
2.024E+11,155 702 747,B01,3,80,0,2,7,1,3,
2.024E+11,155 702 743,A01,1,7,0,1,1,2,1,
2.024E+11,155 702 739,A01,1,7,0,2,1,1,1,
2.024E+11,155 702 740,B01,1,17,0,0,4,1,1,
2.024E+11,155 702 741,A01,2,7,0,2,0,1,1,
2.024E+11,155 702 744,B01,1,30,0,2,0,0,1,
2.024E+11,155 702 735,A01,3,7,0,2,8,19,1,
2.024E+11,155 702 737,B01,2,32,0,2,1,1,1,
2.024E+11,155 702 734,B01,1,7,0,2,3,1,1,
2.024E+11,155 702 736,C01,1,7,8,2,3,1,1,
2.024E+11,155 702 738,A01,2,10,0,2,3,1,1,
2.024E+11,155 702 733,A01,3,7,13,0,3,0,1,
2.024E+11,155 702 729,A01,1,7,0,2,3,19,1,
2.024E+11,155 702 732,B01,2,31,0,2,1,1,1,
2.024E+11,155 702 728,A01,3,15,0,2,1,1,6,
2.024E+11,155 702 730,B01,3,7,0,2,1,1,6,
2.024E+11,155 702 731,A01,1,37,0,9,1,19,1,5
2.024E+11,155 702 727,A01,2,7,2,0,9,0,2,
2.024E+11,155 702 725,A01,1,7,0,1,2,15,1,
2.024E+11,155 702 726,A01,1,7,0,1,2,1,1,
2.024E+11,155 702 723,B01,1,1,0,2,4,0,5,
2.024E+11,155 702 724,A01,1,7,0,2,1,1,1,
2.024E+11,155 702 721,A01,1,33,0,2,2,17,1,
2.024E+11,155 702 722,B01,1,2,0,2,6,17,1,
2.024E+11,155 702 720,A01,1,7,0,1,2,1,1,
2.024E+11,155 702 717,B01,1,7,0,2,1,1,1,
2.024E+11,155 702 718,A01,2,7,0,2,1,5,1,
2.024E+11,155 702 716,B01,1,33,0,2,0,0,1,
2.024E+11,155 702 719,A01,2,7,0,2,0,1,1,
2.024E+11,155 702 714,A01,1,7,0,2,3,1,2,
2.024E+11,155 702 715,B01,2,7,0,2,3,1,1,
2.024E+11,155 702 712,B01,1,1,0,0,0,21,5,
2.024E+11,155 702 713,A01,2,1,0,0,0,21,5,
2.024E+11,155 702 711,A01,1,7,0,1,0,1,1,
2.024E+11,155 702 708,A01,1,7,2,0,3,15,1,
2.024E+11,155 702 709,B01,2,7,0,2,1,1,1,
2.024E+11,155 702 710,A01,3,7,9,2,8,15,1,
2.024E+11,155 702 703,B01,2,33,0,2,1,1,1,
2.024E+11,155 702 706,A01,1,10,0,2,1,1,3,
2.024E+11,155 702 702,B01,1,7,0,2,1,1,1,
2.024E+11,155 702 704,A01,1,10,0,2,4,1,1,
2.024E+11,155 702 701,B01,2,7,0,2,1,1,1,
2.024E+11,155 702 705,A01,3,7,0,2,3,9,1,
2.024E+11,155 702 700,A01,3,1,0,1,1,25,5,
2.024E+11,155 702 698,A01,1,10,0,1,2,26,1,
2.024E+11,155 702 697,A01,3,33,0,1,8,1,1,
2.024E+11,155 702 696,B01,1,7,0,2,3,0,2,
2.024E+11,155 702 699,A01,2,7,0,2,3,13,1,
2.024E+11,155 702 691,A01,1,7,0,2,3,1,1,
2.024E+11,155 702 694,B01,2,50,0,2,1,8,3,
2.024E+11,155 702 693,A01,1,7,0,2,2,1,1,
2.024E+11,155 702 695,B01,0,1,0,2,1,19,5,
2.024E+11,155 702 690,B01,1,7,0,2,1,0,1,
2.024E+11,155 702 692,A01,2,7,0,0,8,0,1,
2.024E+11,155 702 685,A01,1,33,0,2,1,2,1,
2.024E+11,155 702 688,B01,1,33,0,2,4,21,1,
2.024E+11,155 702 681,B01,1,7,0,2,1,0,1,
2.024E+11,155 702 682,A01,1,7,0,2,4,1,1,
2.024E+11,155 702 680,B01,2,7,0,2,3,1,1,
2.024E+11,155 702 683,C01,2,7,0,2,1,1,1,
2.024E+11,155 702 684,D01,1,7,0,2,1,1,3,
2.024E+11,155 702 686,A01,1,7,0,2,3,13,1,
2.024E+11,155 702 677,A01,1,7,0,2,4,1,1,
2.024E+11,155 702 676,A01,2,7,1,0,4,23,1,
2.024E+11,155 702 678,B01,2,10,1,0,1,1,1,
2.024E+11,155 702 675,A01,1,7,0,0,9,13,1,
2.024E+11,155 702 672,B01,2,33,0,2,7,1,1,
2.024E+11,155 702 674,A01,2,7,0,2,6,13,1,
2.024E+11,155 702 670,C01,2,7,16,2,4,2,1,
2.024E+11,155 702 671,A01,2,7,0,2,1,2,1,
2.024E+11,155 702 673,B01,2,7,0,2,4,2,1,
2.024E+11,155 702 667,A01,1,7,0,2,5,16,1,
2.024E+11,155 702 668,B01,1,1,0,2,8,1,5,
2.024E+11,155 702 663,A01,2,7,0,2,1,5,1,
2.024E+11,155 702 665,B01,1,7,0,2,3,1,1,
2.024E+11,155 702 664,C01,2,7,0,2,4,2,1,
2.024E+11,155 702 666,B01,2,13,0,2,4,2,1,
2.024E+11,155 702 669,A01,1,10,0,2,1,2,1,
2.024E+11,155 702 661,A01,2,7,0,2,3,1,1,
2.024E+11,155 702 662,B01,2,1,0,2,1,16,5,
2.024E+11,155 702 658,A01,1,7,0,2,4,2,1,
2.024E+11,155 702 659,B01,1,7,0,2,4,2,1,
2.024E+11,155 702 660,C01,1,7,0,2,1,1,1,
2.024E+11,155 702 656,A01,2,7,8,0,1,14,1,
2.024E+11,155 702 657,A01,1,7,13,0,9,11,1,
2.024E+11,155 702 654,B01,1,7,0,2,1,2,2,
2.024E+11,155 702 655,A01,1,7,0,2,4,23,1,
2.024E+11,155 702 651,A01,0,7,0,2,3,26,1,
2.024E+11,155 702 653,B01,0,2,0,2,7,15,3,
2.024E+11,155 702 650,A01,1,33,3,0,7,0,1,
2.024E+11,155 702 649,A01,1,7,0,2,2,1,1,
2.024E+11,155 702 652,B01,1,7,0,2,4,1,1,
2.024E+11,155 702 644,A01,2,33,0,2,2,2,1,
2.024E+11,155 702 647,B01,2,33,0,0,6,15,1,
2.024E+11,155 702 643,B01,1,10,0,2,1,2,1,
2.024E+11,155 702 646,C01,1,7,0,2,4,2,1,
2.024E+11,155 702 648,A01,1,7,0,2,4,2,1,
2.024E+11,155 702 640,A01,1,7,0,2,4,12,1,
2.024E+11,155 702 641,B01,1,10,0,2,1,1,1,
2.024E+11,155 702 642,C01,1,7,0,2,4,1,1,
2.024E+11,155 702 645,D01,1,14,0,2,1,11,1,
2.024E+11,155 702 637,A01,2,7,4,2,2,26,1,
2.024E+11,155 702 638,B01,2,15,4,0,8,0,1,
2.024E+11,155 702 636,B01,2,33,0,2,1,1,1,
2.024E+11,155 702 639,A01,2,7,0,2,5,15,1,
2.024E+11,155 702 634,A01,1,7,0,2,1,14,1,
2.024E+11,155 702 635,B01,1,7,0,2,8,1,1,
2.024E+11,155 702 631,A01,2,7,4,2,3,2,1,
2.024E+11,155 702 633,B01,2,15,4,2,2,2,1,
2.024E+11,155 702 630,A01,1,7,0,2,1,1,1,
2.024E+11,155 702 632,B01,1,7,0,2,3,1,1,
2.024E+11,155 702 628,A01,2,7,0,2,4,11,1,
2.024E+11,155 702 629,B01,2,7,0,2,1,1,1,
2.024E+11,155 702 627,A01,2,7,0,2,4,1,1,
2.024E+11,155 702 623,B01,3,30,0,0,9,1,1,
2.024E+11,155 702 626,A01,3,7,0,2,2,15,1,
2.024E+11,155 702 624,B01,1,7,4,2,8,1,1,
2.024E+11,155 702 625,A01,1,7,0,2,2,12,2,
2.024E+11,155 702 622,A01,1,33,0,0,8,9,0,
2.024E+11,155 702 621,A01,2,10,13,0,9,16,1,
2.024E+11,155 702 620,A01,3,99,0,0,0,23,5,
2.024E+11,155 702 616,B01,1,7,0,2,6,0,2,
2.024E+11,155 702 619,A01,1,10,0,2,2,14,1,
2.024E+11,155 702 617,A01,2,33,0,2,0,0,1,
2.024E+11,155 702 618,B01,2,7,0,2,3,2,1,
2.024E+11,155 702 613,C01,2,7,0,2,6,3,1,
2.024E+11,155 702 614,A01,2,33,0,2,1,3,1,
2.024E+11,155 702 615,B01,2,7,0,2,6,1,1,
2.024E+11,155 702 609,A01,2,33,13,2,8,14,1,
2.024E+11,155 702 610,B01,2,7,0,9,3,1,2,
2.024E+11,155 702 612,A01,1,10,4,0,3,0,1,
2.024E+11,155 702 607,B01,0,1,0,2,5,0,5,
2.024E+11,155 702 608,A01,3,3,0,9,3,9,1,
2.024E+11,155 702 606,A01,2,7,0,2,1,15,1,
2.024E+11,155 702 611,B01,1,10,0,2,1,1,1,
2.024E+11,155 702 604,A01,1,32,2,2,0,17,1,
2.024E+11,155 702 603,A01,2,7,0,1,2,1,1,
2.024E+11,155 702 602,A01,2,7,0,2,3,1,1,
2.024E+11,155 702 605,B01,1,7,0,2,3,13,1,
2.024E+11,155 702 601,A01,1,7,0,0,1,1,1,
2.024E+11,155 702 598,B01,1,33,0,2,7,1,1,
2.024E+11,155 702 600,A01,1,7,0,2,1,15,1,
2.024E+11,155 702 596,A01,1,7,0,2,2,14,1,
2.024E+11,155 702 599,B01,1,7,0,2,1,0,1,
2.024E+11,155 702 595,A01,1,7,0,2,2,13,1,
2.024E+11,155 702 597,B01,2,17,0,2,1,23,1,
2.024E+11,155 702 594,A01,2,7,0,2,1,26,1,
2.024E+11,155 702 592,A01,1,7,4,0,1,1,1,
2.024E+11,155 702 590,A01,1,7,0,2,1,19,1,
2.024E+11,155 702 593,B01,1,7,0,2,7,1,1,
2.024E+11,155 702 588,A01,1,7,3,0,6,1,1,
2.024E+11,155 702 587,A01,2,7,2,2,1,1,2,
2.024E+11,155 702 591,B01,1,7,0,2,3,15,1,
2.024E+11,155 702 586,A01,2,7,0,2,1,7,1,
2.024E+11,155 702 589,B01,2,7,0,2,5,16,1,
2.024E+11,155 702 585,A01,2,33,2,0,0,1,1,
2.024E+11,155 702 583,A01,1,7,15,0,1,13,1,
2.024E+11,155 702 582,A01,3,7,0,2,7,1,2,
2.024E+11,155 702 584,B01,3,7,0,2,1,1,2,
2.024E+11,155 702 580,A01,1,33,0,2,7,17,1,
2.024E+11,155 702 581,B01,1,7,0,2,3,15,1,
2.024E+11,155 702 575,A01,3,30,0,2,1,1,1,
2.024E+11,155 702 579,B01,1,7,0,2,2,1,1,
2.024E+11,155 702 573,A01,1,7,1,0,2,1,1,
2.024E+11,155 702 574,B01,1,1,0,9,1,21,5,
2.024E+11,155 702 577,A01,1,50,0,9,1,5,3,
2.024E+11,155 702 571,A01,1,7,0,2,8,2,1,
2.024E+11,155 702 572,B01,1,7,0,2,1,2,1,
2.024E+11,155 702 576,C01,1,7,0,2,1,2,1,
2.024E+11,155 702 578,D01,1,7,0,2,1,2,1,
2.024E+11,155 702 569,A01,1,7,4,0,1,12,1,
2.024E+11,155 702 565,A01,1,7,0,2,8,9,1,
2.024E+11,155 702 568,B01,1,7,0,2,2,0,1,
2.024E+11,155 702 567,B01,2,2,0,2,1,1,1,
2.024E+11,155 702 570,A01,2,7,0,9,3,15,1,
2.024E+11,155 702 563,A01,1,30,0,2,1,2,3,
2.024E+11,155 702 564,B01,1,7,0,2,5,2,1,
2.024E+11,155 702 562,A01,2,14,0,2,2,11,1,
2.024E+11,155 702 566,B01,2,17,0,0,6,1,1,
2.024E+11,155 702 560,A01,1,33,0,2,7,17,1,
2.024E+11,155 702 561,B01,1,7,0,2,5,2,3,
2.024E+11,155 702 558,B01,1,21,0,2,3,15,1,
2.024E+11,155 702 559,A01,1,32,0,2,1,17,1,
2.024E+11,155 702 555,A01,1,33,0,2,1,13,1,
2.024E+11,155 702 556,B01,2,7,0,2,3,1,1,
2.024E+11,155 702 557,A01,3,30,14,0,1,1,1,
2.024E+11,155 702 551,B01,2,10,0,2,3,1,1,
2.024E+11,155 702 554,A01,1,10,0,2,2,1,1,
2.024E+11,155 702 550,A01,2,7,0,2,2,1,1,
2.024E+11,155 702 553,B01,1,7,0,2,1,1,1,
2.024E+11,155 702 549,A01,1,7,2,0,1,1,1,
2.024E+11,155 702 552,A01,1,7,15,0,2,1,1,
2.024E+11,155 702 544,A01,1,7,0,2,1,1,1,
2.024E+11,155 702 548,B01,2,7,0,2,8,1,1,
2.024E+11,155 702 541,A01,1,7,14,2,1,1,1,
2.024E+11,155 702 545,B01,1,7,0,2,4,1,1,
2.024E+11,155 702 547,C01,1,7,0,2,0,0,1,
2.024E+11,155 702 540,A01,2,37,0,2,6,1,2,1
2.024E+11,155 702 543,B01,3,1,0,2,1,19,5,
2.024E+11,155 702 542,A01,1,10,0,2,1,19,1,
2.024E+11,155 702 546,B01,2,1,0,0,7,15,5,
2.024E+11,155 702 539,A01,3,37,0,1,2,26,4,1
2.024E+11,155 702 537,A01,1,7,0,2,1,0,1,
2.024E+11,155 702 536,A01,3,7,15,1,5,1,1,
2.024E+11,155 702 534,A01,1,7,2,0,1,1,1,
2.024E+11,155 702 533,C01,3,7,0,2,4,1,1,
2.024E+11,155 702 535,B01,3,7,0,2,4,2,1,
2.024E+11,155 702 538,A01,0,7,0,2,1,2,2,
2.024E+11,155 702 532,A01,0,7,0,1,0,0,0,
2.024E+11,155 702 530,A01,3,1,0,0,0,1,5,
2.024E+11,155 702 531,A01,2,7,1,0,1,1,1,
2.024E+11,155 702 524,A01,1,3,13,0,1,21,1,
2.024E+11,155 702 526,C01,3,7,0,2,1,26,1,
2.024E+11,155 702 528,A01,3,7,0,2,4,0,1,
2.024E+11,155 702 529,B01,3,7,0,2,1,0,1,
2.024E+11,155 702 523,B01,3,7,0,2,7,1,1,
2.024E+11,155 702 527,A01,3,7,0,2,2,15,1,
2.024E+11,155 702 522,B01,2,7,0,2,1,1,1,
2.024E+11,155 702 525,A01,0,7,0,2,3,15,1,
2.024E+11,155 702 520,A01,1,7,0,0,0,1,1,
2.024E+11,155 702 517,B01,0,1,0,2,3,1,5,
2.024E+11,155 702 521,A01,1,7,0,2,1,15,1,
2.024E+11,155 702 515,A01,3,30,0,2,1,1,1,
2.024E+11,155 702 518,B01,3,7,0,2,1,15,1,
2.024E+11,155 702 516,A01,1,7,0,2,3,19,1,
2.024E+11,155 702 519,B01,1,1,0,2,4,1,5,
2.024E+11,155 702 511,B01,3,7,0,2,3,15,1,
2.024E+11,155 702 513,A01,3,7,0,2,1,1,1,
2.024E+11,155 702 509,A01,1,7,2,0,2,1,1,
2.024E+11,155 702 506,A01,2,7,0,1,3,1,1,
2.024E+11,155 702 504,B01,3,7,0,2,2,0,0,
2.024E+11,155 702 508,A01,3,7,0,2,3,15,0,
2.024E+11,155 702 507,A01,3,33,0,0,1,14,1,
2.024E+11,155 702 500,A01,1,7,0,2,1,2,1,
2.024E+11,155 702 503,B01,1,7,0,2,6,26,1,
2.024E+11,155 702 505,C01,1,7,0,2,4,26,1,
2.024E+11,155 702 499,A01,1,7,0,9,1,16,1,
2.024E+11,155 702 502,B01,1,1,0,2,5,1,5,
2.024E+11,155 702 501,A01,0,33,1,0,2,1,1,
2.024E+11,155 702 497,A01,1,7,0,1,4,4,2,
2.024E+11,155 702 496,A01,0,10,8,0,3,0,1,
2.024E+11,155 702 494,B01,3,33,1,0,3,13,1,
2.024E+11,155 702 492,A01,1,7,0,2,5,16,1,
2.024E+11,155 702 493,B01,1,30,0,2,3,1,1,
2.024E+11,155 702 490,A01,2,7,4,0,5,26,1,
2.024E+11,155 702 489,A01,1,33,0,2,1,13,1,
2.024E+11,155 702 491,B01,2,7,0,2,2,1,1,
2.024E+11,155 702 485,A01,3,7,0,2,2,0,1,
2.024E+11,155 702 487,B01,3,80,0,2,1,19,2,
2.024E+11,155 702 486,A01,2,7,0,2,1,15,1,
2.024E+11,155 702 488,B01,1,33,0,2,1,1,1,
2.024E+11,155 702 482,A01,1,7,0,2,2,15,1,
2.024E+11,155 702 484,B01,2,30,0,2,1,1,3,
2.024E+11,155 702 479,A01,2,7,0,2,2,20,1,
2.024E+11,155 702 483,B01,1,2,0,2,1,1,1,
2.024E+11,155 702 478,A01,2,7,3,2,1,1,1,
2.024E+11,155 702 480,B01,1,7,0,2,1,1,1,
2.024E+11,155 702 477,A01,1,7,0,2,1,1,1,
2.024E+11,155 702 481,B01,1,7,0,0,0,0,1,
2.024E+11,155 702 474,A01,0,7,0,2,4,2,1,
2.024E+11,155 702 475,B01,0,7,14,2,1,2,0,
2.024E+11,155 702 473,A01,3,30,0,1,1,1,1,
2.024E+11,155 702 471,A01,2,7,0,2,1,1,1,
2.024E+11,155 702 476,B01,2,30,0,2,3,0,1,
2.024E+11,155 702 465,B01,1,50,0,2,1,1,3,
2.024E+11,155 702 468,A01,1,7,0,2,3,1,1,
2.024E+11,155 702 464,A01,1,34,0,2,1,17,1,
2.024E+11,155 702 467,B01,1,7,0,2,6,15,1,
2.024E+11,155 702 462,A01,1,7,5,2,0,17,1,
2.024E+11,155 702 466,B01,1,7,5,2,0,1,1,
2.024E+11,155 702 461,A01,2,7,0,2,3,1,1,
2.024E+11,155 702 463,B01,2,7,14,2,2,12,1,
2.024E+11,155 702 459,A01,3,33,13,9,1,17,1,
2.024E+11,155 702 458,A01,2,7,0,2,3,16,2,
2.024E+11,155 702 470,B01,2,7,0,2,2,1,1,
2.024E+11,155 702 457,A01,2,7,0,2,1,19,2,
2.024E+11,155 702 460,B01,1,1,0,2,7,1,5,
2.024E+11,155 702 455,A01,0,2,0,0,0,1,3,
2.024E+11,155 702 453,B01,1,30,0,2,1,5,1,
2.024E+11,155 702 456,A01,2,7,0,2,2,1,1,
2.024E+11,155 702 454,A01,2,7,3,0,8,2,1,
2.024E+11,155 702 451,A01,1,1,0,1,2,9,5,
2.024E+11,155 702 449,B01,2,10,0,2,1,1,1,
2.024E+11,155 702 452,A01,1,10,0,2,3,15,1,
2.024E+11,155 702 447,A01,3,7,0,1,1,16,1,
2.024E+11,155 702 446,A01,1,7,2,2,1,17,1,
2.024E+11,155 702 450,B01,2,33,0,2,1,1,1,
2.024E+11,155 702 445,A01,1,15,0,2,7,16,1,
2.024E+11,155 702 448,B01,1,7,0,2,8,1,3,
2.024E+11,155 702 442,A01,1,38,0,0,7,14,1,1
2.024E+11,155 702 439,A01,1,7,3,2,1,17,1,
2.024E+11,155 702 444,B01,1,7,3,2,4,1,1,
2.024E+11,155 702 437,A01,2,33,0,2,2,17,1,
2.024E+11,155 702 440,B01,2,7,0,2,3,15,1,
2.024E+11,155 702 441,A01,2,7,12,0,3,26,2,
2.024E+11,155 702 443,B01,1,2,0,2,1,5,1,
2.024E+11,155 702 432,A01,1,7,13,0,3,1,1,
2.024E+11,155 702 431,A01,3,7,0,2,1,1,1,
2.024E+11,155 702 435,B01,3,7,0,2,8,1,1,
2.024E+11,155 702 430,A01,2,7,1,2,1,1,1,
2.024E+11,155 702 433,B01,2,7,1,2,4,1,1,
2.024E+11,155 702 436,D01,2,7,0,2,4,1,1,
2.024E+11,155 702 438,C01,2,7,1,2,4,1,1,
2.024E+11,155 702 428,B01,2,1,0,2,1,1,5,
2.024E+11,155 702 434,C01,1,7,0,2,7,15,1,
2.024E+11,155 702 426,A01,1,31,0,0,8,13,1,
2.024E+11,155 702 425,A01,3,7,0,2,5,1,1,
2.024E+11,155 702 429,B01,3,33,0,2,1,1,1,
2.024E+11,155 702 424,A01,1,7,4,0,3,0,1,
2.024E+11,155 702 423,B01,3,7,0,2,7,1,1,
2.024E+11,155 702 427,A01,2,10,0,2,1,19,1,
2.024E+11,155 702 418,A01,2,30,0,2,1,2,1,
2.024E+11,155 702 421,B01,2,7,0,2,4,2,2,
2.024E+11,155 702 417,A01,1,7,0,2,2,2,1,
2.024E+11,155 702 420,B01,1,33,7,2,1,2,1,
2.024E+11,155 702 416,A01,1,7,0,2,4,26,2,
2.024E+11,155 702 419,B01,1,7,0,2,1,2,1,
2.024E+11,155 702 415,A01,2,7,0,2,3,13,1,
2.024E+11,155 702 422,B01,1,7,0,2,3,1,1,
2.024E+11,155 702 410,B01,2,7,0,2,3,15,1,
2.024E+11,155 702 413,A01,2,33,0,2,2,17,1,
2.024E+11,155 702 409,A01,1,7,0,2,9,17,1,
2.024E+11,155 702 414,B01,1,7,0,2,4,1,1,
2.024E+11,155 702 408,A01,2,7,0,2,6,1,1,
2.024E+11,155 702 411,B01,2,31,0,2,2,3,1,
2.024E+11,155 702 407,B01,1,33,0,2,1,1,1,
2.024E+11,155 702 412,A01,0,7,0,2,7,19,2,
2.024E+11,155 702 405,A01,2,7,0,0,9,1,1,
2.024E+11,155 702 401,A01,1,33,0,0,8,26,1,
2.024E+11,155 702 398,A01,1,7,8,2,1,0,1,
2.024E+11,155 702 403,B01,1,7,0,2,6,0,1,
2.024E+11,155 702 394,B01,3,7,0,2,3,19,1,
2.024E+11,155 702 399,A01,1,7,0,2,2,1,1,
2.024E+11,155 702 392,A01,2,33,0,2,1,2,1,
2.024E+11,155 702 396,B01,2,7,0,2,4,2,1,
2.024E+11,155 702 391,A01,3,7,0,0,2,1,1,
2.024E+11,155 702 395,B01,3,1,0,2,1,19,5,
2.024E+11,155 702 387,A01,1,7,0,0,4,1,1,
2.024E+11,155 702 390,B01,1,7,0,2,1,1,1,
2.024E+11,155 702 393,C01,1,7,0,2,3,21,1,
2.024E+11,155 702 397,D01,1,7,0,2,1,21,1,
2.024E+11,155 702 400,E01,1,7,0,2,6,24,1,
2.024E+11,155 702 404,F01,1,0,0,2,1,0,0,
2.024E+11,155 702 385,A01,2,7,0,2,8,13,1,
2.024E+11,155 702 386,B01,2,33,0,2,1,3,1,
2.024E+11,155 702 384,B01,2,33,0,2,1,1,1,
2.024E+11,155 702 389,A01,1,7,0,2,2,0,3,
2.024E+11,155 702 383,A01,3,7,0,2,5,10,1,
2.024E+11,155 702 388,B01,3,7,0,2,3,1,1,
2.024E+11,155 702 380,A01,1,21,0,2,3,5,0,
2.024E+11,155 702 382,B01,1,10,0,2,3,1,0,
2.024E+11,155 702 376,A01,1,7,0,2,4,17,1,
2.024E+11,155 702 379,C01,1,1,0,9,6,1,5,
2.024E+11,155 702 381,B01,1,99,0,2,1,1,1,
2.024E+11,155 702 374,A01,1,7,4,0,3,1,1,
2.024E+11,155 702 372,A01,2,7,13,0,3,13,1,
2.024E+11,155 702 373,A01,1,50,0,2,1,13,3,
2.024E+11,155 702 375,B01,1,7,0,2,2,1,0,
2.024E+11,155 702 371,A01,2,1,0,0,0,0,5,
2.024E+11,155 702 377,A01,0,7,0,2,3,9,1,
2.024E+11,155 702 378,B01,1,33,0,2,2,0,1,
2.024E+11,155 702 367,A01,1,7,8,0,2,1,1,
2.024E+11,155 702 365,A01,2,7,0,2,2,2,1,
2.024E+11,155 702 369,B01,2,1,0,2,4,1,5,
2.024E+11,155 702 363,A01,2,10,8,2,1,9,1,
2.024E+11,155 702 366,B01,2,7,8,2,4,0,1,
2.024E+11,155 702 370,C01,2,33,8,2,1,1,1,
2.024E+11,155 702 364,B01,0,7,0,2,4,23,1,
2.024E+11,155 702 368,A01,0,30,0,2,1,2,1,
2.024E+11,155 702 361,A01,2,36,0,0,8,26,1,
2.024E+11,155 702 360,A01,0,7,0,1,1,1,1,
2.024E+11,155 702 356,B01,3,7,0,2,8,1,1,
2.024E+11,155 702 362,A01,3,50,0,2,1,1,3,
2.024E+11,155 702 353,B01,2,7,0,2,1,2,1,
2.024E+11,155 702 357,A01,1,7,13,2,1,13,1,
2.024E+11,155 702 354,A01,2,50,8,2,1,15,3,
2.024E+11,155 702 358,B01,1,7,0,2,3,1,1,
2.024E+11,155 702 352,A01,1,7,0,2,4,2,3,
2.024E+11,155 702 355,B01,1,7,0,2,1,2,1,
2.024E+11,155 702 359,C01,1,7,0,2,4,2,1,
2.024E+11,155 702 350,A01,1,7,0,9,8,1,1,
2.024E+11,155 702 351,B01,1,1,0,2,1,1,5,
2.024E+11,155 702 349,A01,2,7,2,0,0,13,1,
2.024E+11,155 702 348,A01,0,10,0,1,5,4,1,
2.024E+11,155 702 343,A01,0,10,0,2,1,1,1,
2.024E+11,155 702 347,B01,0,7,0,2,3,1,1,
2.024E+11,155 702 341,A01,1,43,0,2,1,2,1,
2.024E+11,155 702 344,B01,1,33,0,2,4,2,1,
2.024E+11,155 702 345,Z01,0,7,0,1,0,15,0,
2.024E+11,155 702 342,B01,1,7,0,2,7,1,1,
2.024E+11,155 702 346,A01,2,7,0,2,1,9,1,
2.024E+11,155 702 337,A01,3,7,0,2,5,0,1,
2.024E+11,155 702 339,B01,3,10,0,2,1,0,1,
2.024E+11,155 702 338,A01,1,7,0,2,1,9,1,
2.024E+11,155 702 340,B01,1,7,0,2,8,1,1,
2.024E+11,155 702 336,A01,1,10,0,1,3,1,1,
2.024E+11,155 702 332,A01,1,7,0,1,0,1,0,
2.024E+11,155 702 331,A01,3,7,0,2,7,11,1,
2.024E+11,155 702 335,B01,2,33,0,2,1,1,1,
2.024E+11,155 702 329,A01,2,10,0,2,1,15,1,
2.024E+11,155 702 333,B01,2,31,0,2,1,1,1,
2.024E+11,155 702 327,B01,2,2,0,2,1,1,1,
2.024E+11,155 702 334,A01,1,7,0,2,5,15,1,
2.024E+11,155 702 328,B01,2,1,0,2,3,2,5,
2.024E+11,155 702 330,A01,1,14,0,2,8,1,1,
2.024E+11,155 702 324,A01,1,1,0,2,1,1,5,
2.024E+11,155 702 326,B01,2,1,0,2,1,1,5,
2.024E+11,155 702 325,A01,1,7,0,1,1,1,1,
2.024E+11,155 702 322,A01,3,31,0,2,2,1,1,
2.024E+11,155 702 323,Z01,3,7,0,2,0,0,0,
2.024E+11,155 702 318,A01,2,7,0,2,2,1,1,
2.024E+11,155 702 321,B01,2,7,0,2,4,16,1,
2.024E+11,155 702 317,A01,2,7,0,2,1,5,2,
2.024E+11,155 702 319,B01,1,10,0,2,8,1,1,
2.024E+11,155 702 315,B01,2,33,0,2,1,1,1,
2.024E+11,155 702 316,A01,1,7,0,2,8,0,1,
2.024E+11,155 702 313,A01,2,7,4,0,2,1,1,
2.024E+11,155 702 311,A01,2,7,8,0,1,1,1,