Num_Acc,id_vehicule,num_veh,senc,catv,obs,obsm,choc,manv,motor,occutc
2.024E+11,155 702 312,A01,2,30,0,1,1,1,1,
2.024E+11,155 702 308,A01,1,7,0,2,1,1,1,
2.024E+11,155 702 310,B01,2,7,0,2,2,19,1,
2.024E+11,155 702 309,A01,2,7,0,2,4,2,1,
2.024E+11,155 702 314,B01,2,7,0,2,4,1,1,
2.024E+11,155 702 302,A01,1,1,0,2,2,1,5,
2.024E+11,155 702 306,B01,2,10,0,2,3,15,0,
2.024E+11,155 702 301,A01,1,7,8,0,1,1,1,
2.024E+11,155 702 304,A01,1,10,0,2,1,13,1,
2.024E+11,155 702 305,B01,2,7,0,2,3,1,1,
2.024E+11,155 702 307,C01,2,7,0,2,1,1,1,
2.024E+11,155 702 303,A01,3,7,8,0,1,1,1,
2.024E+11,155 702 300,A01,2,10,0,1,2,17,1,
2.024E+11,155 702 298,A01,1,14,15,0,3,0,0,
2.024E+11,155 702 297,A01,1,7,0,2,4,9,1,
2.024E+11,155 702 299,B01,1,7,0,2,1,9,2,
2.024E+11,155 702 296,A01,2,1,0,0,0,23,5,
2.024E+11,155 702 293,B01,2,7,0,2,1,1,0,
2.024E+11,155 702 295,A01,1,1,0,2,2,15,5,
2.024E+11,155 702 290,A01,0,2,0,2,3,11,1,
2.024E+11,155 702 294,B01,0,7,0,2,7,1,1,
2.024E+11,155 702 289,B01,1,37,0,2,4,23,1,1
2.024E+11,155 702 291,A01,1,7,0,2,1,1,1,
2.024E+11,155 702 287,A01,2,2,3,0,7,1,1,
2.024E+11,155 702 288,A01,2,34,0,2,1,1,1,
2.024E+11,155 702 292,B01,3,7,0,2,1,15,1,
2.024E+11,155 702 285,A01,1,7,0,2,4,4,1,
2.024E+11,155 702 286,B01,1,2,0,2,1,2,1,
2.024E+11,155 702 281,A01,1,7,0,9,6,23,1,
2.024E+11,155 702 284,B01,1,1,0,2,1,2,5,
2.024E+11,155 702 279,A01,1,7,13,0,1,0,1,
2.024E+11,155 702 278,A01,1,7,0,9,3,1,0,
2.024E+11,155 702 282,B01,2,33,0,2,3,1,1,
2.024E+11,155 702 280,A01,1,33,0,2,3,17,1,
2.024E+11,155 702 283,B01,2,7,0,2,3,1,1,
2.024E+11,155 702 274,A01,3,7,0,2,6,10,2,
2.024E+11,155 702 276,B01,3,43,0,2,1,1,1,
2.024E+11,155 702 273,A01,2,1,0,2,0,0,5,
2.024E+11,155 702 277,B01,3,50,0,2,0,0,3,
2.024E+11,155 702 271,B01,1,33,0,2,1,1,1,
2.024E+11,155 702 275,A01,2,7,0,2,8,9,2,
2.024E+11,155 702 272,A01,1,31,0,0,9,21,1,
2.024E+11,155 702 270,A01,1,7,0,1,8,1,1,
2.024E+11,155 702 269,A01,1,7,0,1,1,1,1,
2.024E+11,155 702 265,B01,1,14,0,0,4,2,1,
2.024E+11,155 702 267,A01,1,10,0,2,1,17,1,
2.024E+11,155 702 264,A01,0,7,0,2,7,9,1,
2.024E+11,155 702 266,B01,0,33,0,2,1,1,1,
2.024E+11,155 702 263,A01,2,7,0,2,8,1,1,
2.024E+11,155 702 268,B01,1,33,0,2,1,1,1,
2.024E+11,155 702 262,A01,1,0,0,1,8,2,0,
2.024E+11,155 702 259,A01,2,7,0,1,3,1,1,
2.024E+11,155 702 258,A01,0,7,14,0,1,1,1,
2.024E+11,155 702 256,A01,1,7,0,2,7,15,1,
2.024E+11,155 702 260,B01,2,32,0,2,1,0,1,
2.024E+11,155 702 255,B01,2,50,0,2,0,0,3,
2.024E+11,155 702 261,A01,2,7,0,9,3,0,1,
2.024E+11,155 702 254,A01,1,7,0,2,6,15,1,
2.024E+11,155 702 257,B01,2,34,0,2,2,21,1,
2.024E+11,155 702 253,A01,1,1,12,0,0,14,5,
2.024E+11,155 702 251,B01,1,80,0,2,1,1,3,
2.024E+11,155 702 252,A01,2,7,0,2,1,26,1,
2.024E+11,155 702 249,B01,2,10,0,2,1,1,1,
2.024E+11,155 702 250,A01,2,1,0,2,1,5,5,
2.024E+11,155 702 241,B01,2,32,0,2,3,1,1,
2.024E+11,155 702 244,A01,2,7,0,2,5,2,1,
2.024E+11,155 702 242,B01,1,2,0,2,2,1,1,
2.024E+11,155 702 246,A01,2,7,0,2,3,9,1,
2.024E+11,155 702 239,A01,1,7,0,0,4,23,1,
2.024E+11,155 702 247,B01,1,7,1,0,1,2,1,
2.024E+11,155 702 238,D01,0,10,0,2,4,1,1,
2.024E+11,155 702 240,A01,3,7,0,2,1,1,0,
2.024E+11,155 702 245,B01,3,7,0,2,6,1,1,
2.024E+11,155 702 248,C01,3,7,0,2,4,1,1,
2.024E+11,155 702 237,A01,2,7,0,2,1,2,1,
2.024E+11,155 702 243,B01,2,7,0,2,4,15,1,
2.024E+11,155 702 236,A01,1,50,0,0,0,0,3,
2.024E+11,155 702 233,A01,1,7,0,9,1,15,1,
2.024E+11,155 702 235,B01,2,99,0,2,8,1,0,
2.024E+11,155 702 229,A01,1,43,0,2,3,17,1,
2.024E+11,155 702 232,B01,1,10,0,2,6,15,1,
2.024E+11,155 702 228,A01,2,33,13,0,7,1,1,
2.024E+11,155 702 226,A01,0,80,0,0,0,0,3,
2.024E+11,155 702 225,B01,1,15,0,2,7,12,0,
2.024E+11,155 702 227,A01,1,33,0,2,8,1,1,
2.024E+11,155 702 230,C01,1,7,0,2,7,1,2,
2.024E+11,155 702 231,D01,1,7,0,2,7,1,1,
2.024E+11,155 702 234,E01,1,10,0,2,4,1,1,
2.024E+11,155 702 224,A01,3,40,0,1,5,1,3,
2.024E+11,155 702 221,B01,2,80,0,2,2,5,3,
2.024E+11,155 702 223,A01,1,7,0,2,2,16,1,
2.024E+11,155 702 217,B01,3,7,0,2,1,1,1,
2.024E+11,155 702 222,A01,2,7,0,2,2,1,1,
2.024E+11,155 702 218,A01,1,14,0,2,1,15,1,
2.024E+11,155 702 220,B01,2,1,0,2,1,1,5,
2.024E+11,155 702 213,A01,0,7,0,2,1,1,1,
2.024E+11,155 702 214,B01,0,7,0,2,4,23,1,
2.024E+11,155 702 210,A01,3,7,0,1,1,1,1,
2.024E+11,155 702 211,A01,1,7,13,0,3,13,1,
2.024E+11,155 702 208,A01,1,7,0,2,1,17,2,
2.024E+11,155 702 215,B01,1,7,0,2,1,1,1,
2.024E+11,155 702 216,C01,2,15,0,2,1,1,1,
2.024E+11,155 702 219,D01,2,7,0,2,1,1,1,
2.024E+11,155 702 204,A01,1,33,13,0,2,1,1,
2.024E+11,155 702 205,A01,3,10,0,1,3,15,1,
2.024E+11,155 702 202,A01,0,10,0,2,1,9,1,
2.024E+11,155 702 207,B01,0,7,0,2,7,1,1,
2.024E+11,155 702 200,B01,1,50,0,2,1,19,3,
2.024E+11,155 702 203,A01,1,10,0,2,7,1,1,
2.024E+11,155 702 199,A01,2,7,16,0,0,1,1,
2.024E+11,155 702 201,A01,3,36,0,2,3,13,1,
2.024E+11,155 702 206,B01,3,31,0,2,1,1,1,
2.024E+11,155 702 198,A01,3,30,0,0,7,1,3,
2.024E+11,155 702 193,A01,1,33,0,0,2,21,1,
2.024E+11,155 702 191,A01,2,20,0,0,1,0,1,
2.024E+11,155 702 192,A01,1,7,0,2,7,12,1,
2.024E+11,155 702 196,B01,1,32,0,2,8,1,1,
2.024E+11,155 702 195,A01,1,7,0,1,1,1,1,
2.024E+11,155 702 188,A01,2,34,0,2,2,1,1,
2.024E+11,155 702 190,B01,3,7,0,2,3,1,1,
2.024E+11,155 702 186,A01,1,2,0,1,1,2,1,
2.024E+11,155 702 182,A01,1,7,0,2,4,1,1,
2.024E+11,155 702 183,B01,1,7,0,2,6,2,1,
2.024E+11,155 702 187,C01,1,7,0,2,1,2,1,
2.024E+11,155 702 189,D01,1,7,0,2,1,2,1,
2.024E+11,155 702 179,A01,1,1,0,0,0,1,5,
2.024E+11,155 702 176,A01,3,7,0,2,2,15,1,
2.024E+11,155 702 184,B01,2,33,0,2,7,2,1,
2.024E+11,155 702 180,A01,1,7,4,0,1,1,1,
2.024E+11,155 702 175,B01,1,50,0,2,1,1,3,
2.024E+11,155 702 178,A01,2,7,0,2,8,15,1,
2.024E+11,155 702 174,A01,2,7,0,2,1,2,1,
2.024E+11,155 702 177,D01,2,7,0,2,4,2,1,
2.024E+11,155 702 181,B01,2,7,0,2,4,2,1,
2.024E+11,155 702 185,C01,2,7,0,2,4,23,1,
2.024E+11,155 702 169,A01,1,31,16,0,7,13,1,
2.024E+11,155 702 166,A01,1,7,0,2,4,1,1,
2.024E+11,155 702 171,B01,1,7,0,2,4,1,1,
2.024E+11,155 702 172,C01,1,7,0,2,4,1,1,
2.024E+11,155 702 173,D01,1,7,0,2,1,1,1,
2.024E+11,155 702 164,B01,3,7,0,2,3,1,1,
2.024E+11,155 702 167,A01,3,7,0,2,3,1,1,
2.024E+11,155 702 163,A01,2,7,0,1,1,1,1,
2.024E+11,155 702 165,A01,2,30,0,2,1,1,1,
2.024E+11,155 702 170,B01,1,7,0,2,2,15,1,
2.024E+11,155 702 162,A01,3,7,1,0,8,0,1,
2.024E+11,155 702 168,B01,3,7,0,2,1,24,1,
2.024E+11,155 702 161,A01,2,17,0,0,8,1,1,
2.024E+11,155 702 160,A01,2,7,2,0,4,1,1,
2.024E+11,155 702 158,A01,2,7,2,0,1,1,1,
2.024E+11,155 702 157,A01,3,33,0,2,8,1,1,
2.024E+11,155 702 159,B01,3,7,0,2,2,12,1,
2.024E+11,155 702 152,A01,1,7,2,0,1,1,1,
2.024E+11,155 702 154,B01,2,33,0,2,8,3,1,
2.024E+11,155 702 156,A01,2,7,0,2,2,12,1,
2.024E+11,155 702 151,A01,1,33,12,0,8,16,1,
2.024E+11,155 702 153,A01,1,7,0,1,2,1,1,
2.024E+11,155 702 150,A01,2,7,0,2,1,1,1,
2.024E+11,155 702 155,B01,2,20,0,2,4,1,1,
2.024E+11,155 702 148,A01,2,10,0,2,4,1,0,
2.024E+11,155 702 149,B01,2,14,0,2,1,0,0,
2.024E+11,155 702 146,A01,1,34,0,0,0,1,1,
2.024E+11,155 702 143,A01,1,7,0,2,1,13,1,
2.024E+11,155 702 147,B01,2,7,0,2,1,13,1,
2.024E+11,155 702 142,A01,1,33,0,2,7,1,1,
2.024E+11,155 702 145,B01,1,7,0,2,8,15,2,
2.024E+11,155 702 141,A01,1,7,0,1,2,15,1,
2.024E+11,155 702 140,B01,1,32,0,2,1,1,1,
2.024E+11,155 702 144,A01,1,7,0,2,5,1,1,
2.024E+11,155 702 136,A01,2,30,0,2,7,12,1,
2.024E+11,155 702 139,B01,2,10,0,2,6,1,1,
2.024E+11,155 702 132,A01,3,7,0,0,2,1,1,
2.024E+11,155 702 130,B01,1,7,0,1,3,24,1,
2.024E+11,155 702 134,A01,1,10,1,0,2,1,1,
2.024E+11,155 702 131,A01,3,21,0,0,9,0,1,
2.024E+11,155 702 137,B01,3,7,0,0,2,1,1,
2.024E+11,155 702 129,A01,2,7,0,2,1,1,1,
2.024E+11,155 702 135,B01,2,7,0,2,4,1,1,
2.024E+11,155 702 138,C01,2,7,0,2,1,1,1,
2.024E+11,155 702 128,A01,1,7,0,0,1,15,1,
2.024E+11,155 702 133,B01,2,33,0,0,8,2,1,
2.024E+11,155 702 124,B01,1,7,0,2,8,1,1,
2.024E+11,155 702 127,A01,1,33,0,2,7,15,1,
2.024E+11,155 702 125,A01,2,10,0,2,7,2,3,
2.024E+11,155 702 126,B01,2,33,0,2,1,0,1,
2.024E+11,155 702 123,A01,1,33,0,0,1,21,1,
2.024E+11,155 702 122,A01,1,7,13,0,3,1,1,
2.024E+11,155 702 119,B01,1,33,0,2,1,3,1,
2.024E+11,155 702 121,A01,1,10,0,2,6,12,1,
2.024E+11,155 702 117,A01,1,7,0,2,7,1,1,
2.024E+11,155 702 120,B01,2,10,0,2,1,1,1,
2.024E+11,155 702 116,A01,2,7,17,0,1,0,1,
2.024E+11,155 702 115,A01,2,7,6,0,1,14,1,
2.024E+11,155 702 110,A01,2,7,0,2,6,15,1,
2.024E+11,155 702 114,B01,2,33,0,2,1,17,1,
2.024E+11,155 702 112,A01,1,7,0,2,3,11,2,
2.024E+11,155 702 113,B01,1,31,0,2,7,3,1,
2.024E+11,155 702 118,C01,1,7,0,2,4,1,1,
2.024E+11,155 702 109,A01,2,17,8,0,7,2,1,
2.024E+11,155 702 108,A01,2,43,0,2,1,3,1,
2.024E+11,155 702 111,B01,2,7,0,2,5,12,1,
2.024E+11,155 702 106,A01,2,7,0,1,3,1,1,
2.024E+11,155 702 105,B01,1,7,0,2,1,0,1,
2.024E+11,155 702 107,A01,2,3,0,2,2,15,1,
2.024E+11,155 702 101,A01,2,7,0,9,2,1,1,
2.024E+11,155 702 103,B01,2,1,0,0,4,1,5,
2.024E+11,155 702 100,A01,2,7,4,0,1,14,1,
2.024E+11,155 702 099,A01,1,7,0,2,1,2,1,
2.024E+11,155 702 104,B01,1,7,0,2,4,2,1,
2.024E+11,155 702 096,A01,2,1,0,1,2,1,5,
2.024E+11,155 702 093,B01,1,7,0,2,4,23,1,
2.024E+11,155 702 095,A01,1,7,0,2,1,1,1,
2.024E+11,155 702 098,A01,0,14,0,2,5,16,1,
2.024E+11,155 702 102,B01,0,1,0,2,1,1,5,
2.024E+11,155 702 094,A01,1,7,6,0,3,1,1,
2.024E+11,155 702 097,A01,0,7,0,1,3,15,1,
2.024E+11,155 702 091,B01,2,17,0,2,4,2,1,
2.024E+11,155 702 092,A01,2,37,0,2,1,2,1,1
2.024E+11,155 702 089,A01,1,7,13,0,1,1,1,
2.024E+11,155 702 087,A01,1,7,0,2,1,15,1,
2.024E+11,155 702 090,B01,2,31,0,2,2,1,1,
2.024E+11,155 702 082,A01,1,33,3,0,5,1,1,
2.024E+11,155 702 086,B01,2,33,0,2,0,1,1,
2.024E+11,155 702 080,A01,0,7,0,2,1,13,1,
2.024E+11,155 702 085,B01,0,7,0,2,1,1,1,
2.024E+11,155 702 083,A01,2,10,13,0,1,13,1,
2.024E+11,155 702 078,A01,2,7,0,2,2,1,1,
2.024E+11,155 702 081,B01,2,7,0,2,6,11,1,
2.024E+11,155 702 088,C01,2,7,0,2,1,2,2,
2.024E+11,155 702 075,A01,2,42,0,2,8,3,1,
2.024E+11,155 702 079,B01,2,7,0,2,7,12,1,
2.024E+11,155 702 084,C01,2,7,0,2,4,1,2,
2.024E+11,155 702 073,A01,2,7,0,2,5,22,2,
2.024E+11,155 702 077,B01,3,1,0,2,1,1,5,
2.024E+11,155 702 071,A01,1,7,2,0,1,1,1,
2.024E+11,155 702 070,A01,2,7,0,2,3,17,1,
2.024E+11,155 702 072,B01,1,33,0,2,1,1,1,
2.024E+11,155 702 068,A01,1,7,6,0,1,1,1,
2.024E+11,155 702 069,B01,2,99,7,2,3,1,0,
2.024E+11,155 702 074,C01,2,7,0,0,1,23,2,
2.024E+11,155 702 076,A01,1,10,9,2,1,1,1,
2.024E+11,155 702 065,B01,2,7,0,2,4,1,1,
2.024E+11,155 702 067,A01,2,7,0,2,1,1,1,
2.024E+11,155 702 064,A01,2,7,0,2,1,1,1,
2.024E+11,155 702 066,B01,1,7,0,2,1,1,1,
2.024E+11,155 702 063,A01,2,7,4,0,1,13,1,
2.024E+11,155 702 062,A01,1,1,12,0,1,2,5,
2.024E+11,155 702 059,A01,2,7,14,0,3,1,1,
2.024E+11,155 702 058,A01,1,7,0,2,1,1,1,
2.024E+11,155 702 060,B01,1,7,0,0,4,1,1,
2.024E+11,155 702 055,A01,2,7,0,2,3,9,1,
2.024E+11,155 702 061,B01,2,7,0,2,1,1,1,
2.024E+11,155 702 057,A01,3,7,0,1,2,15,1,
2.024E+11,155 702 054,A01,2,7,3,0,1,26,1,
2.024E+11,155 702 053,A01,1,7,4,0,1,21,1,
2.024E+11,155 702 051,A01,1,7,5,2,1,1,1,
2.024E+11,155 702 056,B01,1,7,0,2,6,1,1,
2.024E+11,155 702 052,A01,2,10,0,1,4,4,1,
2.024E+11,155 702 048,B01,1,7,0,2,3,1,1,
2.024E+11,155 702 050,A01,1,33,0,2,1,5,1,
2.024E+11,155 702 045,A01,1,7,1,0,0,0,1,
2.024E+11,155 702 044,A01,1,7,0,2,8,10,3,
2.024E+11,155 702 049,B01,1,7,0,2,6,1,2,
2.024E+11,155 702 042,Z01,2,7,0,2,7,16,1,
2.024E+11,155 702 046,B01,2,34,0,2,8,3,1,
2.024E+11,155 702 039,A01,1,7,0,2,3,11,1,
2.024E+11,155 702 041,B01,1,7,0,2,1,2,1,
2.024E+11,155 702 043,A01,2,7,0,2,7,15,1,
2.024E+11,155 702 047,B01,1,2,0,2,1,1,1,
2.024E+11,155 702 037,A01,1,30,0,0,0,0,1,
2.024E+11,155 702 036,B01,1,7,0,2,1,1,2,
2.024E+11,155 702 040,A01,3,31,0,2,3,19,1,
2.024E+11,155 702 033,A01,3,2,0,2,1,13,1,
2.024E+11,155 702 035,B01,3,7,0,2,1,1,1,
2.024E+11,155 702 034,A01,1,10,0,2,3,13,1,
2.024E+11,155 702 038,B01,2,7,0,2,3,1,1,
2.024E+11,155 702 032,A01,1,7,3,0,2,1,1,
2.024E+11,155 702 030,A01,1,7,0,1,3,1,1,
2.024E+11,155 702 026,B01,3,10,0,2,6,24,1,
2.024E+11,155 702 029,A01,3,7,1,0,2,14,2,
2.024E+11,155 702 028,A01,1,32,0,2,3,3,1,
2.024E+11,155 702 031,B01,1,7,0,2,2,12,1,
2.024E+11,155 702 023,A01,2,33,13,0,1,13,1,
2.024E+11,155 702 027,B01,2,33,13,0,1,13,1,
2.024E+11,155 702 022,A01,1,7,7,0,1,1,1,
2.024E+11,155 702 024,A01,1,7,0,1,1,1,1,
2.024E+11,155 702 020,A01,1,33,0,0,0,0,1,
2.024E+11,155 702 019,A01,1,7,0,9,8,23,1,
2.024E+11,155 702 021,B01,1,7,0,9,4,23,1,
2.024E+11,155 702 025,C01,1,7,0,2,7,2,1,
2.024E+11,155 702 015,A01,1,31,0,2,8,3,3,
2.024E+11,155 702 018,B01,1,7,0,2,7,14,1,
2.024E+11,155 702 013,A01,1,30,0,2,3,11,3,
2.024E+11,155 702 016,B01,1,32,0,2,2,1,1,
2.024E+11,155 702 011,A01,1,1,1,0,2,1,5,
2.024E+11,155 702 014,A01,2,7,0,1,1,1,1,
2.024E+11,155 702 012,B01,2,1,0,2,2,16,5,
2.024E+11,155 702 017,A01,2,7,0,2,3,15,1,
2.024E+11,155 702 008,A01,2,7,0,0,0,14,1,
2.024E+11,155 702 009,A01,3,7,2,0,1,1,1,
2.024E+11,155 702 005,B01,3,30,0,2,1,1,1,
2.024E+11,155 702 010,A01,3,7,0,2,6,19,1,
2.024E+11,155 702 003,A01,2,33,12,0,1,1,1,
2.024E+11,155 702 000,A01,-1,7,0,2,1,1,2,
2.024E+11,155 702 004,B01,-1,7,0,0,4,-1,1,
2.024E+11,155 701 999,A01,2,7,0,0,4,26,1,
2.024E+11,155 702 002,B01,2,7,0,2,4,26,1,
2.024E+11,155 702 007,C01,2,7,0,2,1,26,1,
2.024E+11,155 702 001,A01,1,7,0,2,2,19,1,
2.024E+11,155 702 006,B01,2,7,0,2,1,1,1,
2.024E+11,155 701 996,A01,1,7,6,9,2,2,1,
2.024E+11,155 701 995,A01,3,33,0,0,0,0,1,
2.024E+11,155 701 993,B01,1,32,0,2,1,2,1,
2.024E+11,155 701 997,A01,1,7,0,2,2,1,1,
2.024E+11,155 701 990,A01,2,15,0,2,1,2,1,
2.024E+11,155 701 994,B01,2,7,0,2,4,2,1,
2.024E+11,155 701 998,C01,2,14,0,2,4,2,1,
2.024E+11,155 701 989,A01,3,10,0,2,1,17,1,
2.024E+11,155 701 992,B01,3,7,0,2,1,1,1,
2.024E+11,155 701 988,A01,1,7,0,2,1,15,1,
2.024E+11,155 701 991,B01,2,2,0,2,2,1,1,
2.024E+11,155 701 987,A01,2,7,0,1,3,11,2,
2.024E+11,155 701 985,A01,2,7,0,0,0,1,1,
2.024E+11,155 701 981,A01,2,43,0,2,1,3,1,
2.024E+11,155 701 984,B01,2,7,0,2,8,2,1,
2.024E+11,155 701 980,A01,1,10,0,2,4,26,1,
2.024E+11,155 701 983,B01,1,7,0,2,4,0,1,
2.024E+11,155 701 986,C01,1,7,0,2,4,0,1,
2.024E+11,155 701 979,A01,1,7,0,1,1,1,1,
2.024E+11,155 701 977,A01,1,7,0,2,3,13,1,
2.024E+11,155 701 982,B01,2,15,0,2,3,1,1,
2.024E+11,155 701 974,B01,1,7,0,2,8,1,1,
2.024E+11,155 701 976,A01,1,50,0,2,1,16,3,
2.024E+11,155 701 973,A01,1,7,8,2,1,13,1,
2.024E+11,155 701 975,A01,1,21,0,2,3,15,1,
2.024E+11,155 701 978,B01,2,33,0,2,1,1,1,
2.024E+11,155 701 972,A01,1,33,8,0,1,0,1,
2.024E+11,155 701 967,A01,1,7,6,0,3,1,1,
2.024E+11,155 701 965,A01,1,7,6,0,1,0,1,
2.024E+11,155 701 963,C01,1,7,0,2,4,23,1,
2.024E+11,155 701 969,A01,1,7,0,2,1,1,1,
2.024E+11,155 701 971,B01,1,10,0,2,4,23,1,
2.024E+11,155 701 964,B01,3,33,0,2,8,16,1,
2.024E+11,155 701 968,A01,1,7,0,2,2,1,1,
2.024E+11,155 701 966,A01,3,7,0,1,4,26,1,
2.024E+11,155 701 962,B01,2,7,0,2,1,1,1,
2.024E+11,155 701 970,A01,1,7,0,2,7,19,1,
2.024E+11,155 701 957,A01,1,7,4,0,1,26,1,
2.024E+11,155 701 959,B01,1,7,0,2,8,15,1,
2.024E+11,155 701 961,A01,1,33,0,2,0,0,1,
2.024E+11,155 701 956,A01,1,33,0,2,2,3,1,
2.024E+11,155 701 960,B01,1,7,0,2,5,1,2,
2.024E+11,155 701 953,A01,1,10,0,2,2,2,1,
2.024E+11,155 701 958,B01,1,80,0,2,4,2,3,
2.024E+11,155 701 954,A01,1,7,0,1,1,1,1,
2.024E+11,155 701 952,A01,1,7,0,1,1,1,1,
2.024E+11,155 701 955,B01,2,7,0,0,-1,23,1,
2.024E+11,155 701 948,A01,2,7,0,1,1,16,1,
2.024E+11,155 701 945,A01,2,33,0,2,1,1,1,
2.024E+11,155 701 950,B01,2,7,0,2,6,1,1,
2.024E+11,155 701 944,A01,2,7,0,0,4,1,1,
2.024E+11,155 701 949,B01,2,7,0,0,1,2,0,
2.024E+11,155 701 946,A01,2,7,0,1,3,1,1,
2.024E+11,155 701 947,A01,2,33,0,2,1,11,1,
2.024E+11,155 701 951,B01,2,21,0,2,6,15,1,
2.024E+11,155 701 942,A01,2,10,4,0,1,1,1,
2.024E+11,155 701 940,B01,1,7,0,2,1,2,1,
2.024E+11,155 701 943,A01,1,7,0,2,4,2,1,
2.024E+11,155 701 938,A01,2,7,13,0,2,1,1,
2.024E+11,155 701 937,A01,3,7,0,1,1,1,1,
2.024E+11,155 701 934,B01,2,7,0,2,4,2,1,
2.024E+11,155 701 939,A01,2,7,0,2,1,2,1,
2.024E+11,155 701 941,C01,2,10,0,2,4,2,1,
2.024E+11,155 701 936,A01,2,7,0,0,9,1,1,
2.024E+11,155 701 931,A01,1,33,0,2,8,1,1,
2.024E+11,155 701 933,A01,1,7,0,2,6,16,1,
2.024E+11,155 701 935,B01,2,1,0,2,1,17,5,
2.024E+11,155 701 932,A01,1,1,0,5,1,1,5,
2.024E+11,155 701 928,A01,2,33,3,0,9,1,1,
2.024E+11,155 701 929,A01,1,7,3,0,1,0,1,
2.024E+11,155 701 927,A01,1,33,4,0,8,17,1,
2.024E+11,155 701 925,B01,3,50,0,2,1,1,3,
2.024E+11,155 701 930,A01,3,7,0,2,0,26,0,
2.024E+11,155 701 924,A01,3,7,0,9,1,1,1,
2.024E+11,155 701 926,B01,3,50,0,2,1,13,3,
2.024E+11,155 701 921,A01,2,33,4,0,8,16,1,
2.024E+11,155 701 917,A01,2,7,0,2,4,1,1,
2.024E+11,155 701 922,B01,2,10,0,2,1,1,1,
2.024E+11,155 701 916,A01,1,33,0,2,1,2,1,
2.024E+11,155 701 920,B01,1,7,0,2,6,0,1,
2.024E+11,155 701 919,A01,1,7,0,2,1,5,1,
2.024E+11,155 701 923,B01,2,7,0,2,2,1,1,
2.024E+11,155 701 915,A01,0,30,0,2,1,17,1,
2.024E+11,155 701 918,B01,0,7,0,2,3,9,1,
2.024E+11,155 701 911,A01,1,7,0,2,4,1,1,
2.024E+11,155 701 914,B01,1,10,0,2,1,1,1,
2.024E+11,155 701 908,A01,1,13,0,2,2,12,1,
2.024E+11,155 701 913,B01,1,7,0,2,6,1,0,
2.024E+11,155 701 909,A01,1,7,13,0,8,1,1,
2.024E+11,155 701 906,A01,0,7,0,2,1,26,1,
2.024E+11,155 701 912,B01,0,7,0,2,1,0,1,
2.024E+11,155 701 904,A01,1,7,0,2,1,2,1,
2.024E+11,155 701 907,B01,1,7,0,2,4,2,1,
2.024E+11,155 701 910,C01,1,7,0,2,4,2,1,
2.024E+11,155 701 899,A01,2,7,0,2,2,16,1,
2.024E+11,155 701 903,B01,2,1,0,2,1,1,5,
2.024E+11,155 701 898,B01,3,7,0,2,4,23,1,
2.024E+11,155 701 905,A01,1,7,0,2,1,2,1,
2.024E+11,155 701 894,A01,1,30,0,0,0,0,1,
2.024E+11,155 701 895,B01,1,1,0,0,9,1,5,
2.024E+11,155 701 897,A01,1,10,0,0,0,18,1,
2.024E+11,155 701 902,C01,1,1,0,2,1,1,5,
2.024E+11,155 701 888,A01,3,31,0,2,1,1,1,
2.024E+11,155 701 892,B01,1,7,0,2,0,0,1,
2.024E+11,155 701 885,C01,1,7,0,2,4,2,1,
2.024E+11,155 701 889,D01,1,7,0,2,5,2,2,
2.024E+11,155 701 890,E01,1,7,0,2,8,1,1,
2.024E+11,155 701 893,F01,1,7,0,2,4,1,1,
2.024E+11,155 701 896,A01,1,7,0,2,1,2,1,
2.024E+11,155 701 900,B01,1,33,0,2,4,2,1,
2.024E+11,155 701 886,A01,3,7,13,0,1,13,1,
2.024E+11,155 701 882,B01,0,1,0,2,1,1,5,
2.024E+11,155 701 887,A01,0,7,0,2,1,16,1,
2.024E+11,155 701 884,A01,1,7,4,2,6,18,1,
2.024E+11,155 701 891,B01,1,7,4,2,5,0,1,
2.024E+11,155 701 901,C01,1,7,4,2,0,0,2,
2.024E+11,155 701 881,B01,1,60,0,2,8,19,5,
2.024E+11,155 701 883,A01,1,7,0,2,2,0,1,
2.024E+11,155 701 878,A01,2,7,13,0,1,13,1,
2.024E+11,155 701 877,A01,1,7,0,1,2,1,1,
2.024E+11,155 701 876,A01,0,7,0,2,1,1,1,
2.024E+11,155 701 880,B01,0,7,0,2,1,13,1,
2.024E+11,155 701 872,A01,3,7,0,1,3,1,1,
2.024E+11,155 701 871,A01,1,7,0,2,1,1,1,
2.024E+11,155 701 879,B01,1,3,0,2,8,1,3,
2.024E+11,155 701 874,A01,1,10,0,1,2,0,1,
2.024E+11,155 701 873,A01,2,10,0,2,0,0,1,
2.024E+11,155 701 875,B01,2,32,0,2,1,1,1,
2.024E+11,155 701 868,A01,1,32,0,2,5,17,1,
2.024E+11,155 701 870,B01,1,15,0,2,5,1,1,
2.024E+11,155 701 867,B01,1,33,0,2,1,1,1,
2.024E+11,155 701 869,A01,2,7,0,2,3,15,1,
2.024E+11,155 701 864,A01,2,33,0,0,0,3,1,
2.024E+11,155 701 863,A01,1,7,8,2,1,13,1,
2.024E+11,155 701 865,B01,2,32,0,2,1,1,1,
2.024E+11,155 701 861,A01,1,7,7,2,2,5,1,
2.024E+11,155 701 866,B01,2,7,12,2,1,1,1,
2.024E+11,155 701 859,A01,2,7,0,1,7,2,1,
2.024E+11,155 701 858,B01,3,7,0,9,3,0,1,
2.024E+11,155 701 860,A01,3,50,0,2,3,26,3,