Num_Acc,id_vehicule,num_veh,senc,catv,obs,obsm,choc,manv,motor,occutc
2.024E+11,155 701 857,A01,2,7,5,0,4,1,1,
2.024E+11,155 701 856,B01,0,7,1,0,3,13,1,
2.024E+11,155 701 862,A01,0,7,0,2,3,24,1,
2.024E+11,155 701 855,A01,2,7,0,1,0,0,2,
2.024E+11,155 701 853,A01,0,36,8,0,2,0,1,
2.024E+11,155 701 852,A01,1,7,0,0,2,0,1,
2.024E+11,155 701 850,A01,3,7,0,1,6,26,2,
2.024E+11,155 701 849,A01,1,33,1,2,7,14,1,
2.024E+11,155 701 851,C01,1,7,0,2,2,1,1,
2.024E+11,155 701 844,B01,2,50,0,2,7,1,3,
2.024E+11,155 701 847,A01,2,7,0,2,1,9,1,
2.024E+11,155 701 845,B01,1,33,0,2,2,2,1,
2.024E+11,155 701 848,A01,1,7,0,0,3,10,1,
2.024E+11,155 701 842,A01,1,7,0,2,3,19,1,
2.024E+11,155 701 843,B01,1,7,0,2,1,1,1,
2.024E+11,155 701 846,A01,1,7,0,0,3,0,1,
2.024E+11,155 701 835,A01,1,33,0,0,8,1,1,
2.024E+11,155 701 836,A01,1,7,0,9,1,1,1,
2.024E+11,155 701 841,B01,1,1,0,2,6,9,5,
2.024E+11,155 701 837,B01,2,10,0,2,1,1,1,
2.024E+11,155 701 840,A01,2,32,0,2,4,2,-1,
2.024E+11,155 701 831,D01,1,7,1,2,4,0,1,
2.024E+11,155 701 834,A01,1,7,1,0,2,14,1,
2.024E+11,155 701 839,B01,1,7,1,0,3,24,1,
2.024E+11,155 701 830,A01,2,7,0,2,2,12,1,
2.024E+11,155 701 833,B01,2,7,1,2,6,9,1,
2.024E+11,155 701 838,C01,2,15,0,2,9,24,1,
2.024E+11,155 701 826,A01,2,33,0,2,8,13,1,
2.024E+11,155 701 829,B01,1,10,0,2,8,1,1,
2.024E+11,155 701 825,A01,1,37,0,1,5,1,1,1
2.024E+11,155 701 827,A01,3,7,0,2,8,15,1,
2.024E+11,155 701 828,B01,3,33,0,2,1,1,1,
2.024E+11,155 701 823,A01,2,10,0,1,4,26,1,
2.024E+11,155 701 818,A01,2,7,4,2,1,12,1,
2.024E+11,155 701 821,B01,2,7,0,0,5,12,1,
2.024E+11,155 701 820,A01,2,31,0,2,1,17,1,
2.024E+11,155 701 822,B01,1,7,0,2,3,1,1,
2.024E+11,155 701 817,A01,0,7,0,2,8,9,1,
2.024E+11,155 701 824,B01,1,7,0,2,1,1,1,
2.024E+11,155 701 813,A01,2,7,0,2,3,13,2,
2.024E+11,155 701 815,B01,1,7,0,2,3,1,1,
2.024E+11,155 701 814,A01,1,7,0,2,7,2,1,
2.024E+11,155 701 819,B01,1,33,0,2,8,2,1,
2.024E+11,155 701 812,B01,3,1,0,0,0,0,5,
2.024E+11,155 701 816,A01,3,3,0,9,2,12,0,
2.024E+11,155 701 811,A01,1,15,3,0,7,1,1,
2.024E+11,155 701 810,A01,2,2,3,0,7,0,1,
2.024E+11,155 701 809,A01,1,7,0,1,3,1,1,
2.024E+11,155 701 804,A01,2,7,0,2,8,13,1,
2.024E+11,155 701 807,B01,1,1,3,2,9,1,5,
2.024E+11,155 701 805,A01,2,7,0,2,3,2,1,
2.024E+11,155 701 808,B01,2,33,0,2,4,23,1,
2.024E+11,155 701 803,A01,2,15,3,0,8,0,1,
2.024E+11,155 701 800,A01,2,7,0,2,1,2,1,
2.024E+11,155 701 802,B01,2,7,0,0,4,2,1,
2.024E+11,155 701 801,B01,0,31,0,2,1,2,1,
2.024E+11,155 701 806,A01,0,7,0,2,3,10,1,
2.024E+11,155 701 798,A01,2,15,6,0,1,1,1,
2.024E+11,155 701 796,A01,1,1,0,2,1,2,5,
2.024E+11,155 701 799,B01,1,7,0,2,4,2,1,
2.024E+11,155 701 793,B01,1,7,0,2,6,1,1,
2.024E+11,155 701 797,A01,2,30,0,2,1,1,1,
2.024E+11,155 701 791,A01,2,7,0,2,5,15,1,
2.024E+11,155 701 795,B01,1,7,0,2,1,1,1,
2.024E+11,155 701 789,A01,1,7,0,2,1,13,1,
2.024E+11,155 701 792,B01,2,14,0,2,1,26,1,
2.024E+11,155 701 787,B01,3,30,0,2,1,0,3,
2.024E+11,155 701 794,A01,3,7,0,2,5,15,1,
2.024E+11,155 701 788,B01,2,7,0,2,4,1,1,
2.024E+11,155 701 790,A01,2,7,0,2,1,17,3,
2.024E+11,155 701 784,B01,3,7,0,2,1,1,1,
2.024E+11,155 701 786,A01,3,7,0,2,3,13,1,
2.024E+11,155 701 783,A01,1,10,0,2,3,9,1,
2.024E+11,155 701 785,B01,1,33,0,2,1,1,1,
2.024E+11,155 701 778,A01,2,7,0,0,4,1,1,
2.024E+11,155 701 781,B01,2,33,0,2,1,2,1,
2.024E+11,155 701 775,A01,2,2,0,0,0,1,1,
2.024E+11,155 701 776,A01,1,33,0,2,3,13,1,
2.024E+11,155 701 780,B01,2,7,0,2,3,1,1,
2.024E+11,155 701 782,C01,2,7,0,2,8,1,1,
2.024E+11,155 701 779,A01,1,7,0,1,1,15,6,
2.024E+11,155 701 773,B01,2,33,0,2,3,1,1,
2.024E+11,155 701 777,A01,2,7,0,2,2,12,2,
2.024E+11,155 701 772,A01,1,7,0,2,1,17,1,
2.024E+11,155 701 774,B01,1,1,0,2,1,15,5,
2.024E+11,155 701 771,A01,3,2,0,0,2,14,1,
2.024E+11,155 701 767,A01,1,14,0,2,3,13,1,
2.024E+11,155 701 770,B01,2,14,0,2,3,21,1,
2.024E+11,155 701 766,A01,3,10,13,2,3,15,1,
2.024E+11,155 701 769,B01,0,33,0,2,5,17,1,
2.024E+11,155 701 765,A01,1,7,0,1,2,1,1,
2.024E+11,155 701 764,A01,3,10,0,1,3,15,1,
2.024E+11,155 701 762,A01,2,7,0,2,1,1,1,
2.024E+11,155 701 768,B01,2,7,0,2,4,23,1,
2.024E+11,155 701 761,A01,0,7,0,1,1,9,1,
2.024E+11,155 701 760,A01,1,33,10,0,3,16,1,
2.024E+11,155 701 755,B01,1,7,0,9,1,1,1,
2.024E+11,155 701 758,A01,2,50,0,2,1,15,3,
2.024E+11,155 701 757,A01,1,7,0,1,1,1,-1,
2.024E+11,155 701 756,A01,1,7,0,2,1,15,1,
2.024E+11,155 701 759,B01,2,33,0,2,1,1,1,
2.024E+11,155 701 750,A01,1,7,0,2,1,1,1,
2.024E+11,155 701 753,B01,2,7,0,0,4,1,1,
2.024E+11,155 701 748,A01,1,30,0,0,0,1,1,
2.024E+11,155 701 749,A01,1,7,0,2,1,13,1,
2.024E+11,155 701 752,B01,2,17,0,2,1,1,1,
2.024E+11,155 701 746,A01,1,7,0,0,9,1,1,
2.024E+11,155 701 745,A01,1,7,0,1,1,1,0,
2.024E+11,155 701 741,C01,2,33,0,2,3,1,1,
2.024E+11,155 701 744,B01,2,33,0,2,3,1,1,
2.024E+11,155 701 747,A01,1,7,0,2,3,13,1,
2.024E+11,155 701 740,A01,1,7,8,0,1,1,1,
2.024E+11,155 701 743,A01,3,7,0,1,3,16,1,
2.024E+11,155 701 739,B01,3,7,0,2,3,20,1,
2.024E+11,155 701 742,A01,2,33,0,2,5,1,1,
2.024E+11,155 701 738,A01,1,7,0,1,2,1,1,
2.024E+11,155 701 734,A01,1,2,0,2,2,5,1,
2.024E+11,155 701 736,B01,1,2,0,2,3,1,1,
2.024E+11,155 701 731,B01,1,37,0,1,4,1,1,1
2.024E+11,155 701 730,B01,1,10,0,2,1,1,2,
2.024E+11,155 701 737,A01,1,10,0,2,4,1,2,
2.024E+11,155 701 728,A01,1,10,0,9,2,1,1,
2.024E+11,155 701 733,B01,2,1,0,2,1,5,5,
2.024E+11,155 701 725,A01,2,7,0,2,1,9,1,
2.024E+11,155 701 732,B01,1,33,0,2,1,1,1,
2.024E+11,155 701 727,A01,1,7,0,9,3,1,1,
2.024E+11,155 701 729,B01,2,7,0,9,1,1,1,
2.024E+11,155 701 735,C01,3,1,0,2,8,19,5,
2.024E+11,155 701 720,A01,3,30,0,2,1,2,1,
2.024E+11,155 701 724,B01,3,7,0,9,5,26,1,
2.024E+11,155 701 719,A01,1,7,0,9,2,26,1,
2.024E+11,155 701 723,B01,2,1,0,2,1,5,5,
2.024E+11,155 701 718,A01,3,33,0,0,7,1,1,
2.024E+11,155 701 716,A01,1,7,0,1,1,1,1,
2.024E+11,155 701 717,A01,1,10,0,2,1,1,1,
2.024E+11,155 701 721,B01,1,10,0,0,0,0,0,
2.024E+11,155 701 715,A01,1,7,0,2,3,15,1,
2.024E+11,155 701 722,B01,2,33,15,2,1,1,1,
2.024E+11,155 701 714,A01,1,7,0,1,3,1,1,
2.024E+11,155 701 711,A01,3,10,0,1,4,4,1,
2.024E+11,155 701 710,A01,1,7,0,0,3,10,1,
2.024E+11,155 701 713,B01,1,7,13,2,1,1,1,
2.024E+11,155 701 712,A01,0,7,0,1,8,1,3,
2.024E+11,155 701 708,A01,1,35,8,0,1,0,0,
2.024E+11,155 701 707,A01,3,7,0,1,1,1,2,
2.024E+11,155 701 705,A01,0,7,13,0,3,1,1,
2.024E+11,155 701 702,B01,1,30,0,2,2,2,1,
2.024E+11,155 701 709,A01,2,7,0,2,3,9,1,
2.024E+11,155 701 699,A01,1,7,0,1,2,0,1,
2.024E+11,155 701 701,B01,1,33,0,2,1,1,1,
2.024E+11,155 701 706,A01,1,7,0,2,6,9,1,
2.024E+11,155 701 698,A01,2,7,0,2,3,9,1,
2.024E+11,155 701 703,B01,2,3,0,2,1,2,1,
2.024E+11,155 701 697,A01,1,7,13,0,1,13,1,
2.024E+11,155 701 700,A01,1,2,0,2,1,18,1,
2.024E+11,155 701 704,B01,1,7,0,2,7,16,3,
2.024E+11,155 701 696,A01,1,10,4,0,1,1,1,
2.024E+11,155 701 693,A01,1,7,13,0,9,0,1,
2.024E+11,155 701 691,A01,1,7,0,2,1,1,1,
2.024E+11,155 701 695,B01,1,7,0,2,3,26,1,
2.024E+11,155 701 688,A01,1,7,0,2,7,15,1,
2.024E+11,155 701 690,B01,2,30,0,2,1,1,1,
2.024E+11,155 701 689,A01,1,32,0,2,0,0,1,
2.024E+11,155 701 692,B01,2,7,0,2,2,21,1,
2.024E+11,155 701 687,A01,2,7,0,2,1,16,1,
2.024E+11,155 701 694,B01,1,7,9,2,7,9,1,
2.024E+11,155 701 683,A01,1,31,0,2,2,12,1,
2.024E+11,155 701 686,B01,1,10,0,2,6,23,1,
2.024E+11,155 701 682,A01,1,7,0,2,3,1,1,
2.024E+11,155 701 685,B01,1,33,7,2,1,1,1,
2.024E+11,155 701 680,B01,3,10,0,2,8,15,1,
2.024E+11,155 701 684,A01,3,10,0,2,2,5,1,
2.024E+11,155 701 679,B01,2,3,0,2,4,1,1,
2.024E+11,155 701 681,A01,2,7,0,2,1,1,0,
2.024E+11,155 701 675,B01,3,1,0,2,4,1,5,
2.024E+11,155 701 678,A01,3,7,0,2,3,9,1,
2.024E+11,155 701 673,A01,1,7,0,2,4,23,2,
2.024E+11,155 701 674,B01,1,33,0,2,1,12,1,
2.024E+11,155 701 671,A01,2,31,0,2,1,1,1,
2.024E+11,155 701 677,B01,2,7,2,2,3,1,2,
2.024E+11,155 701 670,A01,1,33,0,2,1,3,1,
2.024E+11,155 701 672,B01,2,7,0,2,1,15,1,
2.024E+11,155 701 666,B01,2,33,4,0,6,1,1,
2.024E+11,155 701 668,Z01,2,7,0,0,0,0,0,
2.024E+11,155 701 663,C01,2,7,0,2,3,18,1,
2.024E+11,155 701 665,A01,2,7,3,2,5,1,1,
2.024E+11,155 701 667,B01,2,7,1,0,2,1,1,
2.024E+11,155 701 660,B01,1,50,0,2,1,1,3,
2.024E+11,155 701 664,A01,3,1,0,2,3,19,5,
2.024E+11,155 701 659,A01,3,7,0,2,1,17,1,
2.024E+11,155 701 669,B01,3,7,0,2,1,7,1,
2.024E+11,155 701 657,A01,2,7,0,2,4,1,1,
2.024E+11,155 701 661,B01,2,7,0,2,1,2,1,
2.024E+11,155 701 654,B01,1,33,0,2,1,2,1,
2.024E+11,155 701 656,A01,1,7,0,2,4,1,1,
2.024E+11,155 701 653,A01,1,30,0,0,7,16,1,
2.024E+11,155 701 650,C01,1,7,0,2,1,2,2,
2.024E+11,155 701 652,B01,1,17,0,2,6,2,0,
2.024E+11,155 701 655,A01,1,7,0,2,1,2,1,
2.024E+11,155 701 658,D01,1,10,0,2,1,2,1,
2.024E+11,155 701 649,A01,0,7,0,0,1,1,1,
2.024E+11,155 701 648,A01,1,1,0,2,1,19,5,
2.024E+11,155 701 651,B01,1,7,0,2,1,1,1,
2.024E+11,155 701 646,A01,1,33,4,0,3,13,1,
2.024E+11,155 701 647,A01,2,10,0,0,3,1,1,
2.024E+11,155 701 644,A01,1,7,0,1,3,15,1,
2.024E+11,155 701 641,B01,3,7,0,2,0,17,6,
2.024E+11,155 701 643,A01,3,34,0,2,1,18,6,
2.024E+11,155 701 639,A01,1,33,0,2,1,3,1,
2.024E+11,155 701 642,B01,1,33,0,2,4,3,1,
2.024E+11,155 701 645,C01,1,10,0,2,4,1,1,
2.024E+11,155 701 638,A01,1,7,0,1,2,1,0,
2.024E+11,155 701 635,A01,3,7,0,1,1,9,1,
2.024E+11,155 701 631,B01,1,7,0,2,4,1,1,
2.024E+11,155 701 636,A01,3,7,0,2,1,1,1,
2.024E+11,155 701 626,C01,1,10,0,2,4,2,1,
2.024E+11,155 701 630,A01,1,17,0,2,1,2,1,
2.024E+11,155 701 634,B01,1,14,0,2,4,2,1,
2.024E+11,155 701 628,A01,1,7,11,0,1,13,1,
2.024E+11,155 701 625,A01,3,0,0,2,1,1,0,
2.024E+11,155 701 629,B01,3,7,0,2,4,20,1,
2.024E+11,155 701 632,C01,3,7,0,2,1,24,1,
2.024E+11,155 701 623,A01,1,33,0,2,7,17,1,
2.024E+11,155 701 627,B01,1,7,0,2,3,15,1,
2.024E+11,155 701 622,B01,2,1,0,2,7,1,5,
2.024E+11,155 701 624,A01,2,10,0,9,3,15,1,
2.024E+11,155 701 620,A01,2,7,3,0,1,1,1,
2.024E+11,155 701 617,A01,3,7,0,1,2,1,1,
2.024E+11,155 701 616,B01,1,7,0,2,6,1,2,
2.024E+11,155 701 621,A01,1,15,0,2,2,12,1,
2.024E+11,155 701 618,A01,1,7,1,0,1,13,1,
2.024E+11,155 701 614,A01,2,7,0,2,3,2,1,
2.024E+11,155 701 619,B01,2,7,14,0,5,0,1,
2.024E+11,155 701 615,A01,0,7,0,1,1,1,0,
2.024E+11,155 701 610,B01,3,7,0,0,6,23,1,
2.024E+11,155 701 613,A01,3,30,0,2,1,17,1,
2.024E+11,155 701 609,A01,1,7,0,2,8,15,1,
2.024E+11,155 701 612,B01,1,31,0,2,7,15,1,
2.024E+11,155 701 607,A01,2,7,0,1,3,15,1,
2.024E+11,155 701 605,B01,1,50,0,2,1,21,3,
2.024E+11,155 701 608,A01,3,7,0,2,3,21,1,
2.024E+11,155 701 603,A01,1,7,13,0,0,14,1,
2.024E+11,155 701 602,A01,1,14,0,2,0,0,1,
2.024E+11,155 701 604,B01,1,7,0,2,1,1,1,
2.024E+11,155 701 606,C01,1,38,0,2,4,1,1,1
2.024E+11,155 701 611,D01,1,15,0,2,1,1,1,
2.024E+11,155 701 600,A01,1,33,0,1,1,0,1,
2.024E+11,155 701 601,A01,1,7,0,1,3,1,1,
2.024E+11,155 701 598,A01,1,30,0,0,0,1,1,
2.024E+11,155 701 592,A01,1,13,0,2,4,1,1,
2.024E+11,155 701 594,B01,1,10,0,2,4,15,1,
2.024E+11,155 701 593,B01,2,33,0,2,3,3,1,
2.024E+11,155 701 597,A01,2,7,0,2,7,12,1,
2.024E+11,155 701 595,A01,1,7,0,2,2,2,1,
2.024E+11,155 701 599,B01,1,1,0,2,4,2,5,
2.024E+11,155 701 590,A01,2,7,0,2,0,0,1,
2.024E+11,155 701 596,B01,1,32,0,2,1,1,1,
2.024E+11,155 701 588,A01,3,7,0,2,8,15,1,
2.024E+11,155 701 591,B01,1,33,0,2,2,1,1,
2.024E+11,155 701 586,A01,3,31,0,0,0,1,1,
2.024E+11,155 701 582,A01,1,33,0,2,1,13,1,
2.024E+11,155 701 584,B01,1,10,0,0,6,1,1,
2.024E+11,155 701 587,C01,1,10,0,0,5,1,1,
2.024E+11,155 701 581,A01,2,7,0,2,7,15,1,
2.024E+11,155 701 585,B01,2,2,0,2,1,26,1,
2.024E+11,155 701 580,B01,1,33,0,2,7,1,1,
2.024E+11,155 701 589,A01,1,30,0,2,1,16,1,
2.024E+11,155 701 579,A01,1,7,0,2,2,22,1,
2.024E+11,155 701 583,B01,1,1,0,2,3,1,5,
2.024E+11,155 701 574,A01,3,1,0,2,4,2,5,
2.024E+11,155 701 576,B01,3,1,0,2,1,2,5,
2.024E+11,155 701 572,B01,2,2,0,2,7,0,1,
2.024E+11,155 701 575,A01,2,7,0,9,8,15,2,
2.024E+11,155 701 573,A01,1,30,0,2,2,26,1,
2.024E+11,155 701 578,B01,3,7,0,2,3,9,1,
2.024E+11,155 701 571,A01,2,10,6,0,1,2,1,
2.024E+11,155 701 567,A01,1,7,0,1,2,1,1,
2.024E+11,155 701 569,A01,1,7,15,2,2,3,1,
2.024E+11,155 701 577,B01,1,7,0,2,6,2,1,
2.024E+11,155 701 563,B01,2,7,0,2,3,1,1,
2.024E+11,155 701 568,A01,2,2,0,2,1,9,1,
2.024E+11,155 701 566,A01,2,7,0,0,1,0,1,
2.024E+11,155 701 570,B01,1,7,14,0,0,15,1,
2.024E+11,155 701 564,A01,1,7,0,1,4,4,1,
2.024E+11,155 701 561,A01,1,33,4,0,2,21,1,
2.024E+11,155 701 562,A01,1,31,0,2,1,1,0,
2.024E+11,155 701 565,Z01,1,3,0,2,1,1,0,
2.024E+11,155 701 557,A01,1,7,0,2,1,2,1,
2.024E+11,155 701 560,B01,1,7,0,0,4,23,1,
2.024E+11,155 701 554,CA01,2,7,0,2,3,26,0,
2.024E+11,155 701 556,B01,1,7,0,2,2,15,1,
2.024E+11,155 701 553,A01,1,7,0,0,1,1,1,
2.024E+11,155 701 555,B01,1,7,0,0,1,1,1,
2.024E+11,155 701 558,C01,1,7,0,2,4,1,1,
2.024E+11,155 701 550,B01,0,1,0,2,1,1,5,
2.024E+11,155 701 559,A01,1,7,0,9,3,16,1,
2.024E+11,155 701 547,B01,3,31,0,9,1,1,0,
2.024E+11,155 701 552,A01,3,30,0,2,3,15,1,
2.024E+11,155 701 544,A01,2,34,0,2,1,1,1,
2.024E+11,155 701 546,B01,1,7,0,2,3,15,1,
2.024E+11,155 701 541,A01,3,33,12,0,1,18,1,
2.024E+11,155 701 545,B01,3,17,0,0,0,1,1,
2.024E+11,155 701 542,B01,2,7,0,2,4,23,1,
2.024E+11,155 701 548,C01,2,10,0,2,4,23,1,
2.024E+11,155 701 549,A01,2,7,0,2,1,1,1,
2.024E+11,155 701 539,A01,1,7,0,9,8,10,1,
2.024E+11,155 701 543,B01,1,33,0,2,1,17,1,
2.024E+11,155 701 538,A01,1,37,0,2,2,16,2,1
2.024E+11,155 701 540,B01,1,1,0,2,6,1,5,
2.024E+11,155 701 535,A01,1,10,0,1,7,1,1,
2.024E+11,155 701 551,A01,3,32,0,1,1,1,1,
2.024E+11,155 701 536,A01,1,1,0,2,1,1,5,
2.024E+11,155 701 537,B01,2,10,0,2,7,15,1,
2.024E+11,155 701 534,A01,1,7,6,0,0,0,1,
2.024E+11,155 701 531,A01,2,30,0,2,8,7,1,
2.024E+11,155 701 533,B01,2,7,0,2,2,16,1,
2.024E+11,155 701 527,A01,2,50,0,2,1,21,3,
2.024E+11,155 701 532,B01,2,1,0,2,1,26,5,
2.024E+11,155 701 526,A01,3,50,0,2,8,26,3,
2.024E+11,155 701 529,B01,1,7,0,9,5,0,3,
2.024E+11,155 701 524,A01,2,7,0,2,3,13,2,
2.024E+11,155 701 530,B01,2,10,0,2,8,1,1,
2.024E+11,155 701 525,A01,2,7,0,9,0,15,1,
2.024E+11,155 701 528,B01,1,33,0,2,0,21,1,
2.024E+11,155 701 519,B01,3,34,0,2,7,1,1,
2.024E+11,155 701 521,A01,3,7,0,2,3,10,1,
2.024E+11,155 701 522,A01,1,10,16,0,1,13,1,
2.024E+11,155 701 520,B01,2,7,0,2,1,1,1,
2.024E+11,155 701 523,A01,1,7,0,2,2,15,2,
2.024E+11,155 701 515,A01,1,7,1,2,1,0,1,
2.024E+11,155 701 518,B01,2,2,0,2,1,0,1,
2.024E+11,155 701 514,A01,2,7,0,2,1,1,1,
2.024E+11,155 701 516,B01,2,7,0,2,3,1,2,
2.024E+11,155 701 513,A01,2,7,0,2,7,15,1,
2.024E+11,155 701 517,B01,1,7,0,2,1,1,1,
2.024E+11,155 701 511,A01,3,37,9,1,2,7,1,1
2.024E+11,155 701 505,A01,1,7,0,2,4,24,1,
2.024E+11,155 701 508,B01,1,60,1,0,1,2,5,
2.024E+11,155 701 502,A01,1,7,0,2,1,1,0,
2.024E+11,155 701 506,B01,1,10,0,2,7,1,0,
2.024E+11,155 701 501,B01,1,7,0,2,8,1,1,
2.024E+11,155 701 509,C01,1,7,0,2,8,1,1,
2.024E+11,155 701 512,A01,1,7,0,2,3,13,1,
2.024E+11,155 701 500,A01,0,32,0,2,1,1,1,
2.024E+11,155 701 504,B01,0,7,0,2,2,15,1,
2.024E+11,155 701 496,A01,1,1,0,2,1,1,5,
2.024E+11,155 701 498,B01,1,7,0,2,8,24,1,
2.024E+11,155 701 495,A01,2,7,0,2,1,15,1,
2.024E+11,155 701 499,B01,1,7,0,2,1,1,1,
2.024E+11,155 701 497,Z01,3,7,0,0,0,0,1,
2.024E+11,155 701 503,A01,3,7,0,2,1,1,1,
2.024E+11,155 701 507,C01,3,7,0,2,4,1,1,
2.024E+11,155 701 510,B01,3,7,0,2,4,1,1,
2.024E+11,155 701 493,A01,1,7,0,2,1,1,0,
2.024E+11,155 701 494,B01,1,7,0,2,4,1,1,
2.024E+11,155 701 491,A01,1,30,8,0,2,26,3,
2.024E+11,155 701 487,A01,1,7,0,2,2,20,1,
2.024E+11,155 701 489,B01,1,50,0,2,1,1,3,
2.024E+11,155 701 490,B01,3,50,0,2,1,1,3,
2.024E+11,155 701 492,A01,3,7,0,2,3,15,1,
2.024E+11,155 701 483,A01,0,10,0,1,8,15,1,
2.024E+11,155 701 482,A01,1,43,0,2,1,2,1,
2.024E+11,155 701 485,B01,1,7,0,2,4,23,1,
2.024E+11,155 701 486,A01,1,10,0,1,1,15,1,
2.024E+11,155 701 480,A01,1,7,0,2,2,2,1,
2.024E+11,155 701 481,B01,1,50,0,2,3,2,3,
2.024E+11,155 701 484,A01,1,30,0,2,1,1,1,
2.024E+11,155 701 488,B01,2,7,0,2,8,15,1,
2.024E+11,155 701 476,A01,3,7,0,1,1,15,1,
2.024E+11,155 701 472,A01,1,7,0,2,1,9,1,
2.024E+11,155 701 477,B01,3,33,0,2,1,1,1,
2.024E+11,155 701 471,A01,2,33,9,2,3,17,1,
2.024E+11,155 701 475,B01,2,10,0,2,3,15,1,
2.024E+11,155 701 470,C01,2,7,0,2,1,1,1,
2.024E+11,155 701 473,A01,1,7,0,2,1,1,1,
2.024E+11,155 701 479,B01,1,7,0,2,1,15,1,
2.024E+11,155 701 469,B01,0,7,0,2,2,1,1,
2.024E+11,155 701 478,A01,0,7,0,2,3,9,2,
2.024E+11,155 701 467,C01,0,7,0,2,0,0,0,
2.024E+11,155 701 468,A01,0,7,0,2,3,26,0,
2.024E+11,155 701 474,B01,0,10,0,2,2,0,0,
2.024E+11,155 701 465,A01,1,34,0,2,8,17,1,
2.024E+11,155 701 466,B01,1,7,0,2,3,13,0,
2.024E+11,155 701 463,A01,1,7,4,0,8,13,1,
2.024E+11,155 701 462,A01,1,50,0,1,1,5,3,
2.024E+11,155 701 459,A01,2,7,0,2,1,19,1,
2.024E+11,155 701 464,B01,1,7,0,2,8,1,1,
2.024E+11,155 701 456,B01,2,7,0,2,3,10,1,
2.024E+11,155 701 461,A01,2,32,0,2,1,17,1,
2.024E+11,155 701 458,A01,2,7,0,2,2,1,1,
2.024E+11,155 701 460,B01,2,7,0,2,6,1,1,
2.024E+11,155 701 453,Z01,1,7,0,2,0,1,1,
2.024E+11,155 701 457,B01,2,7,0,2,1,1,1,
2.024E+11,155 701 452,A01,3,33,16,0,7,1,1,
2.024E+11,155 701 451,B01,0,7,0,2,8,11,0,
2.024E+11,155 701 454,A01,3,7,0,2,1,1,1,
2.024E+11,155 701 455,C01,3,7,0,2,6,1,0,
2.024E+11,155 701 450,A01,3,7,0,1,1,1,1,
2.024E+11,155 701 448,A01,3,7,0,1,6,1,2,
2.024E+11,155 701 447,A01,1,2,12,0,0,0,1,
2.024E+11,155 701 444,A01,1,30,0,2,0,13,1,
2.024E+11,155 701 445,B01,1,30,0,2,0,1,1,
2.024E+11,155 701 446,A01,2,7,0,2,1,1,1,
2.024E+11,155 701 449,B01,2,30,0,2,4,1,1,
2.024E+11,155 701 439,B01,0,50,0,2,8,2,3,
2.024E+11,155 701 442,A01,0,7,0,2,7,16,1,
2.024E+11,155 701 440,A01,3,7,0,2,0,26,0,
2.024E+11,155 701 443,B01,3,32,0,2,7,3,3,
2.024E+11,155 701 437,B01,2,33,0,2,1,1,1,
2.024E+11,155 701 441,A01,2,7,0,2,8,20,1,
2.024E+11,155 701 433,A01,3,7,0,2,1,1,3,
2.024E+11,155 701 436,B01,3,7,0,2,3,1,1,
2.024E+11,155 701 435,A01,2,33,13,0,0,1,1,
2.024E+11,155 701 434,A01,2,7,0,2,3,9,1,
2.024E+11,155 701 438,B01,2,33,0,2,1,1,1,
2.024E+11,155 701 431,B01,0,7,0,2,3,1,1,
2.024E+11,155 701 432,A01,0,7,0,2,3,1,1,
2.024E+11,155 701 427,A01,3,7,0,2,6,1,1,
2.024E+11,155 701 430,B01,3,7,0,2,2,2,1,
2.024E+11,155 701 429,A01,2,7,6,0,1,0,1,
2.024E+11,155 701 426,A01,3,30,0,2,2,12,1,
2.024E+11,155 701 428,B01,3,7,0,2,3,1,1,
2.024E+11,155 701 425,A01,3,7,0,0,0,0,1,
2.024E+11,155 701 422,A01,1,7,2,0,1,1,1,
2.024E+11,155 701 417,A01,1,7,2,0,1,13,1,
2.024E+11,155 701 415,A01,1,30,0,2,8,13,1,
2.024E+11,155 701 418,B01,2,7,0,2,3,1,1,
2.024E+11,155 701 416,A01,3,7,0,2,2,20,1,
2.024E+11,155 701 420,B01,3,30,0,2,0,1,1,
2.024E+11,155 701 414,A01,3,7,6,0,1,1,1,
2.024E+11,155 701 412,Z01,2,7,0,1,0,0,0,
2.024E+11,155 701 408,B01,3,1,0,2,1,5,5,
2.024E+11,155 701 410,A01,3,7,0,2,1,9,1,
2.024E+11,155 701 406,B01,2,7,0,2,3,1,1,
2.024E+11,155 701 409,A01,1,7,0,2,3,13,1,
2.024E+11,155 701 405,A01,1,7,0,2,4,1,1,
2.024E+11,155 701 407,Z01,1,7,0,2,1,2,1,
2.024E+11,155 701 403,B01,3,1,0,2,1,1,5,
2.024E+11,155 701 404,A01,3,10,0,2,5,12,1,
2.024E+11,155 701 402,A01,1,7,17,0,3,13,1,
2.024E+11,155 701 399,B01,2,7,0,2,1,5,1,
2.024E+11,155 701 400,A01,1,7,0,2,1,1,1,
2.024E+11,155 701 401,A01,3,7,0,1,1,16,1,
2.024E+11,155 701 396,A01,1,2,0,2,1,25,1,
2.024E+11,155 701 397,B01,2,7,0,0,5,15,1,
2.024E+11,155 701 395,B01,2,2,0,2,8,26,1,
2.024E+11,155 701 398,A01,2,7,0,2,1,19,1,
2.024E+11,155 701 393,B01,2,7,0,2,3,21,1,
2.024E+11,155 701 394,A01,1,7,0,2,3,13,1,