Num_Acc,id_vehicule,num_veh,senc,catv,obs,obsm,choc,manv,motor,occutc
2.024E+11,155 700 009,B01,1,7,0,0,4,12,1,
2.024E+11,155 700 005,B01,1,7,0,2,0,14,0,
2.024E+11,155 700 008,A01,1,7,15,2,9,1,1,
2.024E+11,155 700 004,A01,0,3,6,9,8,13,1,
2.024E+11,155 699 999,B01,3,33,0,2,1,1,1,
2.024E+11,155 700 002,A01,3,7,0,9,8,9,1,
2.024E+11,155 699 998,B01,2,7,0,2,1,13,-1,
2.024E+11,155 700 001,A01,1,7,0,2,1,1,-1,
2.024E+11,155 699 997,A01,1,7,0,2,2,26,1,
2.024E+11,155 700 000,B01,1,7,0,2,1,21,1,
2.024E+11,155 700 003,C01,1,15,0,0,6,2,1,
2.024E+11,155 699 995,A01,1,37,0,2,1,1,1,1
2.024E+11,155 699 996,B01,1,7,0,2,4,2,1,
2.024E+11,155 699 990,A01,1,7,0,1,1,16,1,
2.024E+11,155 699 991,B01,2,7,0,2,6,19,1,
2.024E+11,155 699 993,A01,1,2,0,2,2,2,6,
2.024E+11,155 699 989,A01,1,7,0,2,1,1,1,
2.024E+11,155 699 992,B01,2,7,0,2,4,1,1,
2.024E+11,155 699 994,C01,2,7,0,2,7,1,1,
2.024E+11,155 699 985,A01,2,7,0,2,6,1,1,
2.024E+11,155 699 987,B01,1,7,0,2,1,1,1,
2.024E+11,155 699 984,A01,-1,7,-1,-1,-1,-1,-1,
2.024E+11,155 699 983,A01,3,7,1,0,1,16,1,
2.024E+11,155 699 986,B01,3,7,0,2,0,0,1,
2.024E+11,155 699 988,C01,3,7,0,0,0,0,1,
2.024E+11,155 699 980,A01,3,34,1,0,1,14,1,
2.024E+11,155 699 979,B01,2,7,0,2,0,0,1,
2.024E+11,155 699 981,A01,2,32,0,2,1,26,1,
2.024E+11,155 699 978,A01,1,7,0,0,6,15,1,
2.024E+11,155 699 982,B01,1,33,0,2,1,1,1,
2.024E+11,155 699 975,A01,1,7,0,2,4,0,0,
2.024E+11,155 699 976,B01,1,7,0,2,1,0,0,
2.024E+11,155 699 974,A01,1,33,15,0,0,1,1,
2.024E+11,155 699 973,B01,1,7,0,2,2,0,1,
2.024E+11,155 699 977,A01,1,30,0,2,6,0,1,
2.024E+11,155 699 969,A01,3,32,0,2,1,7,1,
2.024E+11,155 699 972,B01,3,7,0,2,5,16,2,
2.024E+11,155 699 966,A01,2,7,0,2,1,5,1,
2.024E+11,155 699 967,B01,1,7,0,2,1,17,1,
2.024E+11,155 699 970,C01,1,7,0,2,1,17,1,
2.024E+11,155 699 965,A01,2,7,0,2,3,9,1,
2.024E+11,155 699 968,B01,2,17,0,2,3,1,1,
2.024E+11,155 699 971,C01,2,15,0,0,2,17,1,
2.024E+11,155 699 962,B01,3,7,0,2,1,0,1,
2.024E+11,155 699 963,C01,3,7,0,2,1,1,1,
2.024E+11,155 699 964,A01,3,7,0,2,4,1,0,
2.024E+11,155 699 961,A01,2,7,16,0,9,1,1,
2.024E+11,155 699 958,A01,1,7,0,2,3,9,1,
2.024E+11,155 699 960,B01,1,7,0,2,2,1,1,
2.024E+11,155 699 959,A01,3,7,0,1,1,1,1,
2.024E+11,155 699 957,A01,1,7,2,0,1,1,6,
2.024E+11,155 699 955,A01,1,7,0,0,1,1,1,
2.024E+11,155 699 954,A01,2,7,0,2,1,9,1,
2.024E+11,155 699 956,B01,1,32,0,2,7,16,3,
2.024E+11,155 699 952,A01,2,37,0,2,2,15,1,1
2.024E+11,155 699 953,B01,1,33,0,2,1,1,1,
2.024E+11,155 699 948,A01,2,7,0,2,6,11,1,
2.024E+11,155 699 950,B01,2,17,0,2,1,1,1,
2.024E+11,155 699 949,B01,1,33,0,0,1,1,1,
2.024E+11,155 699 951,A01,2,7,0,2,8,19,1,
2.024E+11,155 699 947,A01,3,7,0,1,7,19,1,
2.024E+11,155 699 946,A01,1,7,6,0,7,1,1,
2.024E+11,155 699 945,A01,2,7,13,0,1,1,1,
2.024E+11,155 699 944,A01,3,7,2,0,1,0,1,
2.024E+11,155 699 943,A01,3,7,2,0,1,1,1,
2.024E+11,155 699 942,A01,2,36,0,0,1,21,1,
2.024E+11,155 699 940,A01,2,33,0,6,1,1,1,
2.024E+11,155 699 938,A01,2,33,0,2,7,17,1,
2.024E+11,155 699 941,B01,2,20,0,2,8,1,1,
2.024E+11,155 699 937,A01,1,33,0,2,3,1,1,
2.024E+11,155 699 939,B01,2,10,0,2,8,10,1,
2.024E+11,155 699 934,A01,3,80,0,1,1,1,3,
2.024E+11,155 699 936,A01,2,33,0,0,0,1,1,
2.024E+11,155 699 933,B01,1,7,0,2,2,1,1,
2.024E+11,155 699 935,A01,1,7,0,2,1,19,1,
2.024E+11,155 699 932,A01,2,7,13,0,9,14,1,
2.024E+11,155 699 928,A01,2,7,6,0,1,14,1,
2.024E+11,155 699 927,B01,3,1,0,2,1,1,5,
2.024E+11,155 699 930,A01,0,7,0,2,2,15,1,
2.024E+11,155 699 923,A01,1,7,0,1,3,21,1,
2.024E+11,155 699 921,B01,3,7,1,0,3,1,1,
2.024E+11,155 699 922,C01,3,0,0,2,0,1,0,
2.024E+11,155 699 924,A01,3,1,0,0,5,1,5,
2.024E+11,155 699 918,B01,2,13,0,2,8,1,1,
2.024E+11,155 699 919,A01,1,7,0,2,3,13,1,
2.024E+11,155 699 915,A01,1,1,0,2,1,19,5,
2.024E+11,155 699 916,B01,1,7,0,9,2,1,1,
2.024E+11,155 699 910,A01,1,7,13,0,1,1,1,
2.024E+11,155 699 907,A01,2,7,0,2,1,14,1,
2.024E+11,155 699 908,B01,2,7,0,2,4,1,1,
2.024E+11,155 699 904,B01,1,7,0,2,3,2,1,
2.024E+11,155 699 905,A01,2,7,0,2,3,13,1,
2.024E+11,155 699 903,Z01,2,15,0,2,0,0,0,
2.024E+11,155 699 906,B01,1,33,0,2,2,1,1,
2.024E+11,155 699 902,A01,2,33,4,0,7,1,1,
2.024E+11,155 699 900,A01,1,32,0,1,0,1,1,
2.024E+11,155 699 898,A01,1,7,14,0,1,26,1,
2.024E+11,155 699 901,B01,1,7,0,2,4,23,2,
2.024E+11,155 699 897,A01,2,33,0,2,7,11,1,
2.024E+11,155 699 899,B01,2,10,0,2,7,11,1,
2.024E+11,155 699 896,A01,1,7,0,0,9,26,1,
2.024E+11,155 699 895,A01,1,7,0,0,3,0,1,
2.024E+11,155 699 894,A01,2,7,4,0,1,1,1,
2.024E+11,155 699 893,A01,0,50,0,0,1,1,3,
2.024E+11,155 699 892,A01,1,7,0,1,3,1,1,
2.024E+11,155 699 890,A01,2,33,0,2,1,12,1,
2.024E+11,155 699 891,B01,2,7,0,2,6,1,1,
2.024E+11,155 699 889,A01,1,7,3,0,7,14,1,
2.024E+11,155 699 888,A01,0,7,0,1,1,1,1,
2.024E+11,155 699 886,A01,2,10,0,2,1,2,0,
2.024E+11,155 699 887,B01,2,15,0,2,4,2,1,
2.024E+11,155 699 885,A01,3,7,0,1,1,15,1,
2.024E+11,155 699 881,B01,2,7,0,2,7,12,1,
2.024E+11,155 699 884,A01,2,43,0,2,3,3,1,
2.024E+11,155 699 880,A01,1,7,0,2,1,1,1,
2.024E+11,155 699 883,B01,2,1,0,2,7,1,5,
2.024E+11,155 699 879,A01,2,7,13,2,2,14,2,
2.024E+11,155 699 882,B01,2,15,0,2,8,1,1,
2.024E+11,155 699 876,A01,2,7,0,2,1,1,1,
2.024E+11,155 699 878,B01,2,7,0,2,4,23,1,
2.024E+11,155 699 874,A01,1,7,0,2,1,1,1,
2.024E+11,155 699 875,B01,2,7,0,2,1,13,1,
2.024E+11,155 699 871,B01,1,7,0,2,3,1,1,
2.024E+11,155 699 872,A01,1,33,14,2,1,12,1,
2.024E+11,155 699 866,A01,1,13,0,0,2,24,1,
2.024E+11,155 699 868,B01,2,7,1,0,1,21,1,
2.024E+11,155 699 865,A01,2,32,6,0,2,0,3,
2.024E+11,155 699 864,B01,1,7,0,2,4,2,1,
2.024E+11,155 699 867,D01,1,7,0,2,4,2,1,
2.024E+11,155 699 869,A01,1,7,0,2,1,2,1,
2.024E+11,155 699 870,C01,1,7,0,2,4,2,1,
2.024E+11,155 699 862,A01,2,7,0,9,2,1,1,
2.024E+11,155 699 863,B01,2,1,0,2,4,1,5,
2.024E+11,155 699 860,A01,1,7,3,0,1,1,2,
2.024E+11,155 699 859,A01,1,7,0,2,1,1,1,
2.024E+11,155 699 861,B01,1,7,0,2,4,1,1,
2.024E+11,155 699 856,B01,2,7,0,2,3,15,1,
2.024E+11,155 699 858,A01,2,33,0,2,1,0,1,
2.024E+11,155 699 855,B01,2,10,0,2,3,1,1,
2.024E+11,155 699 857,A01,2,7,0,2,7,12,1,
2.024E+11,155 699 853,A01,2,7,0,2,1,2,1,
2.024E+11,155 699 854,B01,2,7,0,2,4,2,1,
2.024E+11,155 699 850,B01,1,99,0,2,8,9,1,
2.024E+11,155 699 852,A01,2,43,0,2,1,1,1,
2.024E+11,155 699 851,A01,1,50,0,1,1,25,3,
2.024E+11,155 699 847,B01,1,7,0,2,4,1,1,
2.024E+11,155 699 848,C01,1,7,0,2,4,1,2,
2.024E+11,155 699 849,A01,1,10,0,2,1,1,1,
2.024E+11,155 699 846,A01,1,7,0,1,1,1,1,
2.024E+11,155 699 844,A01,1,7,0,2,1,16,1,
2.024E+11,155 699 845,A01,1,7,0,1,1,1,1,
2.024E+11,155 699 843,A01,2,7,0,0,9,1,1,
2.024E+11,155 699 840,A01,1,33,0,2,2,1,1,
2.024E+11,155 699 842,B01,1,7,0,2,3,11,1,
2.024E+11,155 699 838,A01,2,7,0,2,8,15,1,
2.024E+11,155 699 839,B01,2,30,0,2,1,17,1,
2.024E+11,155 699 835,A01,2,10,1,0,2,1,1,
2.024E+11,155 699 841,B01,2,7,0,0,6,23,1,
2.024E+11,155 699 834,B01,1,7,0,2,8,1,1,
2.024E+11,155 699 837,A01,2,7,0,2,3,13,1,
2.024E+11,155 699 833,B01,3,2,0,2,8,21,1,
2.024E+11,155 699 836,A01,3,7,0,2,1,1,1,
2.024E+11,155 699 831,A01,2,7,0,1,1,1,1,
2.024E+11,155 699 830,A01,2,3,8,0,7,1,3,
2.024E+11,155 699 829,A01,2,10,0,2,4,1,1,
2.024E+11,155 699 832,B01,2,7,0,2,1,1,1,
2.024E+11,155 699 828,A01,2,7,6,0,3,17,1,
2.024E+11,155 699 826,A01,1,7,0,1,3,12,1,
2.024E+11,155 699 823,A01,2,10,0,1,1,16,1,
2.024E+11,155 699 822,A01,2,7,0,0,0,0,1,
2.024E+11,155 699 820,A01,3,10,0,1,1,7,1,
2.024E+11,155 699 819,A01,1,7,1,0,3,0,1,
2.024E+11,155 699 818,A01,1,7,0,2,1,2,1,
2.024E+11,155 699 821,B01,1,7,0,0,5,10,1,
2.024E+11,155 699 816,A01,2,2,0,0,0,0,1,
2.024E+11,155 699 815,B01,2,37,0,1,2,1,0,1
2.024E+11,155 699 817,A01,1,60,0,2,2,14,5,
2.024E+11,155 699 813,B01,3,1,0,2,1,19,5,
2.024E+11,155 699 814,A01,3,7,0,9,2,1,1,
2.024E+11,155 699 811,A01,3,7,13,0,1,6,2,
2.024E+11,155 699 812,A01,2,7,0,1,1,16,1,
2.024E+11,155 699 808,Z01,3,7,0,1,0,1,0,
2.024E+11,155 699 807,C01,0,10,0,0,3,23,1,
2.024E+11,155 699 809,A01,3,7,0,0,1,15,1,
2.024E+11,155 699 810,B01,0,2,0,2,3,1,1,
2.024E+11,155 699 806,A01,3,7,0,1,1,16,1,
2.024E+11,155 699 805,A01,1,10,0,1,4,26,1,
2.024E+11,155 699 803,B01,2,7,0,2,1,1,1,
2.024E+11,155 699 804,A01,2,7,0,2,7,1,1,
2.024E+11,155 699 802,A01,2,7,0,1,2,1,1,
2.024E+11,155 699 801,A01,3,7,12,0,7,14,1,
2.024E+11,155 699 799,A01,1,7,0,1,1,1,1,
2.024E+11,155 699 798,A01,1,7,0,2,5,19,1,
2.024E+11,155 699 800,B01,2,7,0,2,1,1,1,
2.024E+11,155 699 797,A01,2,33,0,0,2,15,1,
2.024E+11,155 699 793,A01,1,10,0,2,1,2,1,
2.024E+11,155 699 796,B01,1,7,0,0,4,1,2,
2.024E+11,155 699 792,A01,1,7,0,2,2,1,1,
2.024E+11,155 699 795,B01,1,50,0,2,1,19,3,
2.024E+11,155 699 790,A01,2,7,0,2,1,1,1,
2.024E+11,155 699 791,B01,2,10,0,2,4,2,1,
2.024E+11,155 699 794,C01,2,10,0,2,4,2,1,
2.024E+11,155 699 789,A01,1,7,2,0,1,1,1,
2.024E+11,155 699 787,A01,1,7,0,2,3,1,1,
2.024E+11,155 699 788,A01,3,3,12,0,1,26,3,
2.024E+11,155 699 786,A01,1,10,8,0,2,1,1,
2.024E+11,155 699 782,A01,3,1,0,2,8,19,5,
2.024E+11,155 699 784,B01,3,7,0,2,1,1,0,
2.024E+11,155 699 783,A01,1,34,0,2,1,17,1,
2.024E+11,155 699 785,B01,1,17,0,2,3,1,1,
2.024E+11,155 699 781,A01,2,7,2,0,7,13,1,
2.024E+11,155 699 779,A01,2,7,0,1,2,1,1,
2.024E+11,155 699 777,A01,1,1,0,0,0,0,5,
2.024E+11,155 699 778,A01,1,7,0,2,1,16,1,
2.024E+11,155 699 780,B01,1,7,3,0,8,13,1,
2.024E+11,155 699 774,A01,1,1,13,0,1,1,5,
2.024E+11,155 699 773,A01,2,7,0,2,2,15,1,
2.024E+11,155 699 776,B01,1,7,0,2,1,1,1,
2.024E+11,155 699 771,B01,2,10,0,0,0,0,1,
2.024E+11,155 699 772,C01,2,7,0,2,4,2,1,
2.024E+11,155 699 775,A01,2,7,0,2,1,2,1,
2.024E+11,155 699 769,A01,1,31,0,0,7,1,1,
2.024E+11,155 699 768,A01,1,7,0,1,1,20,1,
2.024E+11,155 699 767,B01,1,7,0,2,0,0,3,
2.024E+11,155 699 770,A01,1,7,0,2,1,1,1,
2.024E+11,155 699 764,A01,3,1,0,0,0,1,5,
2.024E+11,155 699 762,A01,1,7,0,2,3,9,1,
2.024E+11,155 699 765,B01,1,7,0,2,1,1,1,
2.024E+11,155 699 761,B01,2,7,0,2,4,2,1,
2.024E+11,155 699 763,C01,2,7,0,2,1,2,1,
2.024E+11,155 699 766,A01,2,7,0,2,4,2,1,
2.024E+11,155 699 756,B01,3,60,0,2,3,1,5,
2.024E+11,155 699 759,A01,3,7,0,2,2,16,1,
2.024E+11,155 699 757,A01,1,7,0,2,3,13,1,
2.024E+11,155 699 760,B01,2,38,0,2,3,21,1,1
2.024E+11,155 699 755,A01,3,3,0,2,1,2,1,
2.024E+11,155 699 758,B01,3,50,0,0,4,1,3,
2.024E+11,155 699 753,A01,1,7,0,1,2,1,1,
2.024E+11,155 699 751,B01,3,7,0,2,2,1,1,
2.024E+11,155 699 754,A01,3,10,0,2,3,1,1,
2.024E+11,155 699 749,A01,1,7,13,0,2,1,1,
2.024E+11,155 699 747,B01,1,7,0,2,1,1,1,
2.024E+11,155 699 750,C01,1,7,0,2,1,1,1,
2.024E+11,155 699 752,A01,2,7,0,2,1,13,1,
2.024E+11,155 699 746,A01,1,50,0,2,1,1,3,
2.024E+11,155 699 748,B01,2,7,0,0,7,1,1,
2.024E+11,155 699 743,B01,1,10,0,2,5,1,1,
2.024E+11,155 699 744,A01,3,30,0,2,5,11,1,
2.024E+11,155 699 742,A01,2,7,0,2,3,1,1,
2.024E+11,155 699 745,B01,1,7,0,2,3,1,1,
2.024E+11,155 699 740,B01,1,1,9,4,1,1,5,
2.024E+11,155 699 741,A01,2,40,9,2,3,1,3,
2.024E+11,155 699 738,A01,1,10,0,0,0,0,1,
2.024E+11,155 699 736,A01,1,7,0,2,7,1,1,
2.024E+11,155 699 739,B01,1,33,1,2,1,3,1,
2.024E+11,155 699 735,A01,2,7,0,2,2,15,1,
2.024E+11,155 699 737,B01,1,50,0,2,8,15,3,
2.024E+11,155 699 733,A01,1,50,0,2,8,1,3,
2.024E+11,155 699 734,B01,2,7,0,2,1,15,1,
2.024E+11,155 699 729,A01,1,7,0,2,1,2,1,
2.024E+11,155 699 732,B01,1,2,0,0,9,1,1,
2.024E+11,155 699 728,A01,3,7,0,2,1,9,1,
2.024E+11,155 699 731,B01,1,1,0,2,2,1,5,
2.024E+11,155 699 727,B01,3,1,0,2,1,1,5,
2.024E+11,155 699 730,A01,3,7,0,2,6,1,1,
2.024E+11,155 699 723,B01,2,7,0,2,7,1,1,
2.024E+11,155 699 726,A01,1,2,0,2,7,15,1,
2.024E+11,155 699 721,A01,2,1,0,2,1,1,5,
2.024E+11,155 699 724,B01,2,7,0,2,3,15,1,
2.024E+11,155 699 716,B01,2,7,0,2,8,1,1,
2.024E+11,155 699 718,C01,2,7,0,2,6,24,1,
2.024E+11,155 699 720,A01,2,10,0,2,1,9,1,
2.024E+11,155 699 717,B01,2,33,0,2,3,1,1,
2.024E+11,155 699 719,A01,1,7,0,2,1,5,1,
2.024E+11,155 699 713,A01,1,2,0,2,1,17,1,
2.024E+11,155 699 714,B01,1,7,0,2,8,15,1,
2.024E+11,155 699 712,B01,2,2,0,2,4,1,1,
2.024E+11,155 699 715,A01,2,7,0,2,2,12,1,
2.024E+11,155 699 710,A01,1,7,1,0,2,1,1,
2.024E+11,155 699 711,B01,3,7,1,0,3,26,1,
2.024E+11,155 699 708,A01,0,7,0,2,3,15,2,
2.024E+11,155 699 709,B01,0,33,0,2,1,17,1,
2.024E+11,155 699 707,Z01,1,32,0,1,1,17,0,
2.024E+11,155 699 704,A01,0,7,0,2,1,0,1,
2.024E+11,155 699 706,B01,0,7,0,2,1,1,1,
2.024E+11,155 699 703,A01,1,50,0,2,7,19,3,
2.024E+11,155 699 705,B01,1,7,0,2,2,1,1,
2.024E+11,155 699 702,A01,2,7,13,0,1,17,1,
2.024E+11,155 699 698,A01,1,7,0,2,4,23,1,
2.024E+11,155 699 700,B01,1,7,0,2,1,1,1,
2.024E+11,155 699 699,A01,1,30,0,2,1,17,1,
2.024E+11,155 699 701,B01,2,7,0,2,3,15,1,
2.024E+11,155 699 695,B01,1,7,0,2,3,0,0,
2.024E+11,155 699 696,A01,2,7,0,2,2,13,1,
2.024E+11,155 699 692,A01,1,7,0,2,8,15,1,
2.024E+11,155 699 694,B01,1,7,0,2,1,1,1,
2.024E+11,155 699 690,A01,1,7,0,1,1,1,1,
2.024E+11,155 699 689,A01,1,7,0,2,6,10,1,
2.024E+11,155 699 691,B01,1,33,0,2,1,21,1,
2.024E+11,155 699 688,A01,3,7,0,1,3,16,1,
2.024E+11,155 699 686,B01,1,31,0,2,1,1,1,
2.024E+11,155 699 687,A01,1,10,0,2,8,15,1,
2.024E+11,155 699 684,B01,2,50,0,2,8,1,3,
2.024E+11,155 699 685,A01,1,7,0,2,1,15,1,
2.024E+11,155 699 682,B01,1,13,0,2,1,0,1,
2.024E+11,155 699 683,A01,1,7,0,2,4,26,1,
2.024E+11,155 699 678,A01,1,7,0,2,1,1,1,
2.024E+11,155 699 681,B01,2,7,0,2,3,1,1,
2.024E+11,155 699 676,B01,2,7,0,2,4,1,0,
2.024E+11,155 699 677,C01,2,7,0,2,4,1,1,
2.024E+11,155 699 679,A01,2,10,0,2,4,1,1,
2.024E+11,155 699 680,D01,2,7,0,2,4,1,1,
2.024E+11,155 699 675,A01,3,7,12,0,1,13,1,
2.024E+11,155 699 671,B01,3,7,0,2,1,0,0,
2.024E+11,155 699 672,A01,3,7,0,2,1,13,0,
2.024E+11,155 699 670,A01,3,7,0,1,1,0,1,
2.024E+11,155 699 668,A01,2,7,0,2,7,15,3,
2.024E+11,155 699 669,B01,1,33,0,2,1,1,1,
2.024E+11,155 699 667,A01,0,7,0,1,1,0,1,
2.024E+11,155 699 666,A01,0,7,2,0,0,14,1,
2.024E+11,155 699 662,A01,1,10,0,2,4,1,1,
2.024E+11,155 699 663,D01,1,10,0,2,1,1,1,
2.024E+11,155 699 664,B01,1,7,0,2,1,1,1,
2.024E+11,155 699 665,C01,1,10,0,2,1,1,1,
2.024E+11,155 699 661,A01,1,7,0,1,3,19,1,
2.024E+11,155 699 659,A01,2,7,0,2,8,22,1,
2.024E+11,155 699 660,B01,2,50,1,0,1,1,3,
2.024E+11,155 699 658,A01,2,7,0,1,2,1,1,
2.024E+11,155 699 656,A01,1,37,0,2,5,1,1,1
2.024E+11,155 699 657,B01,2,1,0,2,1,2,5,
2.024E+11,155 699 653,B01,1,7,0,2,1,1,1,
2.024E+11,155 699 655,A01,1,7,0,2,3,9,1,
2.024E+11,155 699 652,A01,1,1,0,2,1,1,5,
2.024E+11,155 699 654,B01,2,7,0,2,2,1,1,
2.024E+11,155 699 650,A01,1,7,13,0,3,1,1,
2.024E+11,155 699 649,A01,1,7,0,2,1,15,1,
2.024E+11,155 699 651,B01,2,43,0,2,1,1,1,
2.024E+11,155 699 646,B01,2,30,0,2,1,3,1,
2.024E+11,155 699 648,A01,1,7,0,2,3,15,1,
2.024E+11,155 699 645,B01,1,7,0,2,8,15,1,
2.024E+11,155 699 647,A01,1,33,0,2,1,17,1,
2.024E+11,155 699 643,A01,3,7,0,1,1,1,1,
2.024E+11,155 699 642,B01,1,1,0,2,1,1,5,
2.024E+11,155 699 644,A01,1,10,0,9,6,10,1,
2.024E+11,155 699 639,B01,2,1,0,2,4,2,5,
2.024E+11,155 699 641,A01,2,7,0,2,1,2,1,
2.024E+11,155 699 638,B01,2,7,0,2,8,15,1,
2.024E+11,155 699 640,A01,2,31,0,2,1,17,1,
2.024E+11,155 699 637,A01,1,33,0,1,1,1,1,
2.024E+11,155 699 636,A01,2,7,0,1,3,1,1,
2.024E+11,155 699 634,B01,3,7,0,2,1,1,1,
2.024E+11,155 699 635,A01,3,1,0,2,6,19,5,
2.024E+11,155 699 632,B01,1,7,0,2,3,15,2,
2.024E+11,155 699 633,A01,1,30,0,2,7,17,3,
2.024E+11,155 699 631,A01,2,7,0,1,1,1,2,
2.024E+11,155 699 629,A01,3,1,0,2,5,26,5,
2.024E+11,155 699 630,B01,3,33,0,2,1,1,1,
2.024E+11,155 699 627,B01,0,7,0,2,1,2,1,
2.024E+11,155 699 628,A01,0,7,0,2,6,21,1,
2.024E+11,155 699 625,A01,1,10,0,2,3,20,1,
2.024E+11,155 699 626,B01,1,30,0,2,7,1,1,
2.024E+11,155 699 624,A01,1,10,4,0,2,1,0,
2.024E+11,155 699 622,B01,2,7,0,0,0,0,1,
2.024E+11,155 699 623,A01,2,30,0,2,1,1,1,
2.024E+11,155 699 620,A01,0,7,0,2,7,12,1,
2.024E+11,155 699 621,B01,0,1,0,2,8,1,5,
2.024E+11,155 699 619,A01,3,7,0,1,1,13,1,
2.024E+11,155 699 618,A01,2,14,0,1,3,15,1,
2.024E+11,155 699 616,A01,1,33,0,2,1,2,1,
2.024E+11,155 699 617,B01,1,10,0,2,5,2,1,
2.024E+11,155 699 615,A01,1,7,1,1,1,1,1,
2.024E+11,155 699 613,A01,3,7,0,9,1,9,1,
2.024E+11,155 699 614,B01,3,50,0,2,0,16,3,
2.024E+11,155 699 612,A01,1,7,0,1,2,16,1,
2.024E+11,155 699 611,A01,3,7,0,1,1,1,1,
2.024E+11,155 699 610,A01,2,7,1,1,3,2,1,
2.024E+11,155 699 608,B01,1,7,0,2,1,1,1,
2.024E+11,155 699 609,A01,2,7,0,2,1,13,1,
2.024E+11,155 699 607,A01,2,7,17,0,3,26,1,
2.024E+11,155 699 605,A01,0,7,0,1,2,1,1,
2.024E+11,155 699 604,A01,2,43,0,2,7,1,1,
2.024E+11,155 699 606,Z01,2,7,0,2,6,11,0,
2.024E+11,155 699 602,A01,1,7,0,1,3,1,1,
2.024E+11,155 699 601,A01,1,7,0,2,1,1,1,
2.024E+11,155 699 603,B01,3,7,0,2,2,1,1,
2.024E+11,155 699 599,B01,1,7,0,2,5,1,1,
2.024E+11,155 699 600,A01,1,31,0,2,1,1,1,
2.024E+11,155 699 596,A01,3,99,0,1,0,15,0,
2.024E+11,155 699 595,A01,2,7,4,2,2,14,1,
2.024E+11,155 699 597,C01,2,7,0,2,3,1,1,
2.024E+11,155 699 598,B01,2,15,0,0,8,14,1,
2.024E+11,155 699 593,A01,1,0,0,0,0,0,0,
2.024E+11,155 699 592,A01,3,7,0,1,6,15,0,
2.024E+11,155 699 591,B01,1,7,0,2,0,18,2,
2.024E+11,155 699 594,A01,1,31,0,2,0,1,1,
2.024E+11,155 699 587,B01,2,7,0,2,1,1,1,
2.024E+11,155 699 590,A01,1,3,0,2,7,15,1,
2.024E+11,155 699 585,A01,1,7,0,2,1,2,1,
2.024E+11,155 699 586,B01,1,7,0,2,4,2,1,
2.024E+11,155 699 589,C01,1,7,0,2,4,2,1,
2.024E+11,155 699 584,B01,1,7,0,2,2,1,1,
2.024E+11,155 699 588,A01,2,31,0,2,1,1,1,
2.024E+11,155 699 580,B01,1,33,1,2,1,1,1,
2.024E+11,155 699 583,A01,1,7,0,2,7,16,1,
2.024E+11,155 699 579,A01,2,7,0,2,1,13,1,
2.024E+11,155 699 581,B01,1,10,0,2,1,1,1,
2.024E+11,155 699 577,A01,2,7,0,1,1,1,1,
2.024E+11,155 699 578,B01,1,60,0,2,7,19,5,
2.024E+11,155 699 582,A01,2,7,0,2,2,16,1,
2.024E+11,155 699 576,A01,1,7,4,0,1,14,6,
2.024E+11,155 699 575,A01,3,7,1,0,1,13,1,
2.024E+11,155 699 572,A01,0,7,0,9,0,10,1,
2.024E+11,155 699 574,B01,0,50,0,2,0,5,3,
2.024E+11,155 699 570,A01,1,7,0,2,2,14,0,
2.024E+11,155 699 573,B01,1,2,0,2,3,1,1,
2.024E+11,155 699 568,B01,1,7,0,2,3,1,1,
2.024E+11,155 699 569,A01,2,7,0,2,3,5,1,
2.024E+11,155 699 571,A01,1,7,0,1,1,15,0,
2.024E+11,155 699 567,A01,1,7,0,1,1,1,1,
2.024E+11,155 699 566,A01,3,7,6,0,1,1,1,
2.024E+11,155 699 563,A01,1,7,0,2,3,10,1,
2.024E+11,155 699 564,B01,2,32,1,2,3,1,1,
2.024E+11,155 699 565,A01,2,7,14,0,1,1,3,
2.024E+11,155 699 562,A01,3,21,0,0,0,16,0,
2.024E+11,155 699 560,B01,2,40,0,2,3,26,3,
2.024E+11,155 699 561,A01,3,7,0,4,2,15,1,
2.024E+11,155 699 558,A01,1,7,0,1,1,9,2,
2.024E+11,155 699 556,A01,1,7,0,2,3,13,1,
2.024E+11,155 699 559,B01,2,7,0,2,3,1,1,
2.024E+11,155 699 553,B01,1,7,0,2,9,2,1,
2.024E+11,155 699 554,C01,1,7,0,2,9,2,1,
2.024E+11,155 699 555,A01,1,7,0,2,1,2,1,
2.024E+11,155 699 557,D01,1,7,0,2,4,2,1,
2.024E+11,155 699 550,A01,2,7,2,0,1,1,1,
2.024E+11,155 699 548,A01,2,7,0,2,1,1,1,
2.024E+11,155 699 549,B01,1,7,0,2,1,1,1,
2.024E+11,155 699 551,A01,1,1,0,0,2,18,5,
2.024E+11,155 699 552,B01,1,7,0,0,7,1,1,
2.024E+11,155 699 545,A01,2,2,0,2,1,13,1,
2.024E+11,155 699 547,B01,1,38,0,2,3,1,1,1
2.024E+11,155 699 542,A01,1,7,0,2,2,1,1,
2.024E+11,155 699 544,B01,1,7,0,2,8,1,1,
2.024E+11,155 699 543,A01,1,7,0,2,1,2,1,
2.024E+11,155 699 546,B01,1,7,0,2,4,2,1,
2.024E+11,155 699 540,A01,3,7,0,1,1,15,1,
2.024E+11,155 699 539,A01,1,7,13,0,6,19,1,
2.024E+11,155 699 541,B01,2,7,0,0,1,1,1,
2.024E+11,155 699 536,A01,3,7,0,0,9,1,1,
2.024E+11,155 699 535,B01,3,7,0,2,8,9,3,
2.024E+11,155 699 537,A01,3,50,0,2,1,25,3,