Num_Acc,id_vehicule,num_veh,senc,catv,obs,obsm,choc,manv,motor,occutc
2.024E+11,155 699 538,A01,2,7,1,0,2,1,1,
2.024E+11,155 699 533,A01,1,30,0,0,7,9,1,
2.024E+11,155 699 532,A01,2,7,0,2,2,1,1,
2.024E+11,155 699 534,B01,1,7,0,2,1,1,1,
2.024E+11,155 699 531,A01,1,7,0,1,2,1,1,
2.024E+11,155 699 530,A01,1,7,0,1,3,2,2,
2.024E+11,155 699 527,A01,1,33,1,0,5,1,1,
2.024E+11,155 699 528,B01,1,7,0,2,1,1,1,
2.024E+11,155 699 529,A01,2,7,0,2,1,13,1,
2.024E+11,155 699 523,A01,2,7,0,2,2,19,1,
2.024E+11,155 699 525,B01,1,10,0,2,1,1,1,
2.024E+11,155 699 521,A01,3,50,0,9,2,0,3,
2.024E+11,155 699 524,B01,3,1,0,9,3,0,5,
2.024E+11,155 699 522,A01,2,7,0,2,1,1,1,
2.024E+11,155 699 526,B01,1,7,0,2,7,1,1,
2.024E+11,155 699 519,A01,2,15,0,0,4,1,1,
2.024E+11,155 699 520,B01,2,10,0,2,1,2,1,
2.024E+11,155 699 518,A01,3,7,1,1,1,1,1,
2.024E+11,155 699 514,A01,3,7,0,9,3,15,1,
2.024E+11,155 699 516,B01,3,33,0,2,1,2,1,
2.024E+11,155 699 512,A01,2,15,0,2,2,12,1,
2.024E+11,155 699 515,B01,2,7,0,2,6,1,1,
2.024E+11,155 699 510,A01,3,10,9,0,2,1,1,
2.024E+11,155 699 511,A01,3,33,0,2,1,17,1,
2.024E+11,155 699 513,B01,3,7,0,2,3,16,1,
2.024E+11,155 699 517,C01,3,2,0,2,6,2,1,
2.024E+11,155 699 507,A01,1,7,1,0,3,1,1,
2.024E+11,155 699 506,A01,3,32,0,2,7,3,1,
2.024E+11,155 699 505,A01,2,10,0,1,4,4,1,
2.024E+11,155 699 502,A01,1,7,3,2,1,2,1,
2.024E+11,155 699 504,B01,1,7,3,2,4,1,1,
2.024E+11,155 699 500,A01,2,7,0,2,1,1,1,
2.024E+11,155 699 503,B01,1,7,0,2,1,1,2,
2.024E+11,155 699 499,A01,1,7,0,2,1,2,1,
2.024E+11,155 699 501,B01,1,7,0,0,4,2,1,
2.024E+11,155 699 497,A01,1,33,0,2,7,1,1,
2.024E+11,155 699 498,B01,1,7,0,2,3,15,1,
2.024E+11,155 699 496,A01,0,2,0,0,4,26,3,
2.024E+11,155 699 494,A01,1,7,0,0,3,0,1,
2.024E+11,155 699 495,B01,2,7,0,0,3,0,1,
2.024E+11,155 699 493,A01,1,7,0,1,1,1,1,
2.024E+11,155 699 489,A01,2,7,0,2,2,17,1,
2.024E+11,155 699 491,B01,2,2,0,2,3,26,1,
2.024E+11,155 699 490,A01,3,7,0,2,1,26,1,
2.024E+11,155 699 492,B01,3,10,0,2,4,26,1,
2.024E+11,155 699 488,A01,3,50,0,0,0,1,3,
2.024E+11,155 699 486,A01,1,7,2,0,2,14,1,
2.024E+11,155 699 485,A01,1,7,0,2,7,19,1,
2.024E+11,155 699 487,B01,2,34,0,2,1,1,1,
2.024E+11,155 699 484,A01,0,7,0,1,1,15,1,
2.024E+11,155 699 483,A01,1,33,1,0,8,1,1,
2.024E+11,155 699 482,A01,1,7,13,0,1,13,1,
2.024E+11,155 699 480,A01,1,7,0,2,8,24,1,
2.024E+11,155 699 481,B01,1,1,1,0,2,1,5,
2.024E+11,155 699 478,A01,1,7,0,2,1,2,1,
2.024E+11,155 699 479,B01,1,17,0,2,4,2,1,
2.024E+11,155 699 476,B01,1,7,0,1,2,1,2,
2.024E+11,155 699 474,A01,2,7,0,2,3,1,1,
2.024E+11,155 699 477,B01,3,7,0,2,1,1,1,
2.024E+11,155 699 475,A01,1,7,0,1,2,1,1,
2.024E+11,155 699 473,A01,2,33,0,0,1,15,1,
2.024E+11,155 699 472,A01,2,7,0,0,9,14,1,
2.024E+11,155 699 470,A01,2,80,10,0,1,1,3,
2.024E+11,155 699 469,A01,0,7,0,4,8,15,1,
2.024E+11,155 699 471,B01,2,40,0,2,2,1,3,
2.024E+11,155 699 466,A01,1,7,0,2,1,2,1,
2.024E+11,155 699 468,B01,1,7,0,2,4,2,1,
2.024E+11,155 699 465,B01,1,1,0,2,1,1,5,
2.024E+11,155 699 467,A01,2,7,0,9,2,26,1,
2.024E+11,155 699 464,A01,0,7,11,0,2,15,1,
2.024E+11,155 699 461,B01,1,1,0,2,0,2,5,
2.024E+11,155 699 463,A01,1,14,0,2,0,2,1,
2.024E+11,155 699 454,B01,3,7,0,2,2,1,1,
2.024E+11,155 699 457,A01,3,50,0,2,1,5,3,
2.024E+11,155 699 453,C01,2,7,0,2,4,2,1,
2.024E+11,155 699 456,E01,2,7,0,2,4,2,1,
2.024E+11,155 699 458,A01,2,7,0,2,1,2,1,
2.024E+11,155 699 459,B01,2,7,0,2,9,2,1,
2.024E+11,155 699 462,D01,2,7,0,2,1,2,1,
2.024E+11,155 699 455,A01,2,0,0,1,1,1,0,
2.024E+11,155 699 448,C01,1,7,0,2,4,1,1,
2.024E+11,155 699 450,A01,1,7,0,2,1,1,1,
2.024E+11,155 699 451,B01,1,7,0,2,4,1,1,
2.024E+11,155 699 447,A01,1,7,0,2,1,2,1,
2.024E+11,155 699 449,B01,1,7,0,2,4,2,1,
2.024E+11,155 699 452,C01,1,7,0,2,4,2,1,
2.024E+11,155 699 444,A01,2,30,0,0,1,1,1,
2.024E+11,155 699 443,B01,1,7,0,2,4,23,1,
2.024E+11,155 699 445,A01,1,32,0,2,1,2,1,
2.024E+11,155 699 441,A01,2,10,0,2,3,1,1,
2.024E+11,155 699 442,B01,1,2,0,2,1,1,1,
2.024E+11,155 699 438,A01,2,10,0,2,1,1,1,
2.024E+11,155 699 440,B01,2,7,0,2,4,23,1,
2.024E+11,155 699 437,B01,0,80,0,2,1,26,3,
2.024E+11,155 699 439,A01,2,7,0,2,5,15,1,
2.024E+11,155 699 436,A01,0,7,0,1,3,15,1,
2.024E+11,155 699 434,B01,1,7,0,2,4,1,1,
2.024E+11,155 699 435,A01,1,7,0,2,1,9,1,
2.024E+11,155 699 429,A01,1,7,4,2,4,1,1,
2.024E+11,155 699 430,Z01,1,7,4,2,0,2,1,
2.024E+11,155 699 428,A01,1,7,1,0,2,1,1,
2.024E+11,155 699 431,B01,2,7,0,2,2,24,1,
2.024E+11,155 699 426,A01,1,99,0,2,4,1,1,
2.024E+11,155 699 427,B01,1,33,0,2,1,2,1,
2.024E+11,155 699 423,A01,2,7,14,0,1,6,1,
2.024E+11,155 699 421,A01,2,13,6,0,1,1,1,
2.024E+11,155 699 417,B01,1,7,0,2,1,1,1,
2.024E+11,155 699 422,A01,1,7,0,2,1,13,1,
2.024E+11,155 699 419,A01,3,7,9,0,1,1,1,
2.024E+11,155 699 418,A01,2,32,0,2,1,1,1,
2.024E+11,155 699 420,B01,1,32,0,2,1,1,1,
2.024E+11,155 699 416,A01,1,7,0,0,9,0,1,
2.024E+11,155 699 414,B01,1,7,0,2,6,2,2,
2.024E+11,155 699 415,A01,1,33,0,2,1,2,1,
2.024E+11,155 699 413,A01,0,33,0,0,0,1,1,
2.024E+11,155 699 412,A01,3,7,6,0,1,1,1,
2.024E+11,155 699 411,A01,1,33,0,0,0,0,1,
2.024E+11,155 699 409,A01,1,7,2,0,1,14,1,
2.024E+11,155 699 407,A01,3,7,0,2,1,19,1,
2.024E+11,155 699 410,B01,3,7,0,2,2,1,1,
2.024E+11,155 699 406,A01,1,7,0,9,1,13,1,
2.024E+11,155 699 408,B01,2,2,0,2,1,2,1,
2.024E+11,155 699 405,A01,3,7,0,0,0,0,1,
2.024E+11,155 699 402,B01,1,7,0,2,0,0,0,
2.024E+11,155 699 403,A01,1,1,0,2,0,0,5,
2.024E+11,155 699 401,A01,2,32,0,2,1,17,1,
2.024E+11,155 699 404,B01,2,7,0,2,3,19,1,
2.024E+11,155 699 396,A01,1,30,0,2,5,1,1,
2.024E+11,155 699 399,B01,1,7,0,2,2,1,1,
2.024E+11,155 699 395,A01,1,7,0,2,1,1,1,
2.024E+11,155 699 397,B01,1,2,0,2,0,10,1,
2.024E+11,155 699 391,A01,1,7,0,2,2,9,3,
2.024E+11,155 699 393,B01,1,30,0,2,8,1,1,
2.024E+11,155 699 392,A01,1,7,0,2,1,1,1,
2.024E+11,155 699 394,B01,2,7,0,2,1,1,1,
2.024E+11,155 699 390,A01,1,7,0,1,1,1,1,
2.024E+11,155 699 388,A01,2,7,0,2,3,15,1,
2.024E+11,155 699 389,B01,2,50,0,2,0,0,3,
2.024E+11,155 699 386,A01,1,7,0,1,0,26,1,
2.024E+11,155 699 385,A01,1,7,0,2,2,2,0,
2.024E+11,155 699 387,B01,1,2,0,2,4,0,1,
2.024E+11,155 699 384,A01,2,33,15,0,1,1,1,
2.024E+11,155 699 382,A01,1,10,0,2,8,15,1,
2.024E+11,155 699 383,B01,1,33,0,2,1,17,1,
2.024E+11,155 699 381,A01,0,7,0,0,2,0,1,
2.024E+11,155 699 378,A01,1,7,4,2,4,1,1,
2.024E+11,155 699 380,B01,1,7,4,2,1,1,1,
2.024E+11,155 699 377,A01,1,31,8,0,3,1,1,
2.024E+11,155 699 376,A01,1,10,0,2,4,19,1,
2.024E+11,155 699 379,B01,2,33,0,2,1,1,1,
2.024E+11,155 699 375,A01,1,7,1,0,2,1,1,
2.024E+11,155 699 371,A01,1,7,0,2,8,26,1,
2.024E+11,155 699 373,B01,1,33,0,2,1,1,1,
2.024E+11,155 699 372,B01,1,7,4,0,2,13,1,
2.024E+11,155 699 374,A01,1,10,4,0,3,15,1,
2.024E+11,155 699 370,A01,1,31,0,0,0,16,1,
2.024E+11,155 699 368,B01,1,7,0,2,8,1,1,
2.024E+11,155 699 369,A01,1,16,0,2,2,21,1,
2.024E+11,155 699 361,B01,1,33,0,2,3,3,1,
2.024E+11,155 699 364,A01,1,7,0,2,2,12,1,
2.024E+11,155 699 358,D01,1,7,0,1,1,1,1,
2.024E+11,155 699 360,B01,1,7,0,1,2,1,1,
2.024E+11,155 699 362,A01,1,7,0,1,3,0,1,
2.024E+11,155 699 365,C01,1,7,0,1,1,1,1,
2.024E+11,155 699 355,B01,2,33,0,2,1,3,1,
2.024E+11,155 699 357,A01,2,7,0,2,7,12,1,
2.024E+11,155 699 353,A01,2,37,0,9,3,26,2,1
2.024E+11,155 699 354,B01,1,31,0,9,1,1,0,
2.024E+11,155 699 356,A01,1,7,0,0,4,1,1,
2.024E+11,155 699 359,B01,1,7,0,2,7,1,1,
2.024E+11,155 699 363,C01,1,7,0,0,5,1,1,
2.024E+11,155 699 366,D01,1,33,0,2,8,18,1,
2.024E+11,155 699 367,E01,1,33,0,2,9,17,1,
2.024E+11,155 699 350,A01,2,43,0,2,2,3,1,
2.024E+11,155 699 352,Z01,2,7,0,2,6,2,0,
2.024E+11,155 699 347,B01,1,80,1,0,2,1,3,
2.024E+11,155 699 348,A01,1,10,0,2,3,24,1,
2.024E+11,155 699 345,A01,1,7,0,2,3,2,1,
2.024E+11,155 699 346,B01,1,7,0,2,5,2,1,
2.024E+11,155 699 340,A01,3,7,1,1,1,1,1,
2.024E+11,155 699 339,D01,2,10,0,2,8,23,1,
2.024E+11,155 699 341,B01,1,7,0,2,3,7,1,
2.024E+11,155 699 342,A01,3,7,0,2,2,10,1,
2.024E+11,155 699 344,C01,2,34,0,2,3,23,1,
2.024E+11,155 699 338,A01,1,7,0,0,1,2,1,
2.024E+11,155 699 343,B01,1,7,0,0,4,23,1,
2.024E+11,155 699 336,A01,1,60,1,0,8,21,5,
2.024E+11,155 699 335,A01,2,7,1,2,1,1,1,
2.024E+11,155 699 337,B01,1,7,1,2,7,19,1,
2.024E+11,155 699 331,A01,1,80,0,2,1,2,3,
2.024E+11,155 699 334,Z01,1,80,0,2,4,16,3,
2.024E+11,155 699 330,B01,2,7,0,2,0,15,1,
2.024E+11,155 699 333,A01,2,7,0,2,2,17,1,
2.024E+11,155 699 329,A01,1,7,0,2,1,2,1,
2.024E+11,155 699 332,B01,1,7,0,2,4,2,1,
2.024E+11,155 699 327,A01,1,10,0,9,1,1,3,
2.024E+11,155 699 328,B01,1,1,0,2,8,1,5,
2.024E+11,155 699 324,A01,3,7,0,2,1,1,1,
2.024E+11,155 699 326,B01,3,10,9,2,3,15,3,
2.024E+11,155 699 323,A01,2,7,0,2,3,13,1,
2.024E+11,155 699 325,B01,1,2,0,2,1,13,1,
2.024E+11,155 699 321,A01,1,7,16,0,1,1,1,
2.024E+11,155 699 320,A01,2,10,0,2,5,16,1,
2.024E+11,155 699 322,B01,2,1,0,2,1,1,5,
2.024E+11,155 699 316,A01,2,10,0,1,2,2,1,
2.024E+11,155 699 314,A01,1,7,0,2,3,1,3,
2.024E+11,155 699 317,B01,2,1,0,2,1,1,5,
2.024E+11,155 699 315,C01,2,7,0,0,0,5,1,
2.024E+11,155 699 318,A01,1,7,0,2,1,21,1,
2.024E+11,155 699 319,B01,1,7,0,2,4,2,1,
2.024E+11,155 699 313,A01,2,7,17,0,2,1,2,
2.024E+11,155 699 311,A01,1,7,0,1,3,1,1,
2.024E+11,155 699 312,A01,1,1,0,1,1,16,5,
2.024E+11,155 699 306,A01,1,1,9,1,1,1,5,
2.024E+11,155 699 308,A01,1,7,0,2,1,15,1,
2.024E+11,155 699 310,B01,3,7,0,2,1,1,1,
2.024E+11,155 699 305,A01,1,7,0,2,3,2,1,
2.024E+11,155 699 307,B01,1,7,0,2,6,15,1,
2.024E+11,155 699 309,C01,2,7,0,0,8,1,2,
2.024E+11,155 699 301,A01,1,30,0,2,1,0,1,
2.024E+11,155 699 304,B01,1,7,0,2,3,15,1,
2.024E+11,155 699 300,A01,1,2,0,0,0,1,1,
2.024E+11,155 699 302,A01,2,13,0,2,3,24,3,
2.024E+11,155 699 303,B01,2,1,0,2,1,7,5,
2.024E+11,155 699 298,A01,0,7,0,9,8,9,1,
2.024E+11,155 699 299,B01,0,50,0,2,1,25,3,
2.024E+11,155 699 295,A01,2,7,0,2,7,2,1,
2.024E+11,155 699 296,B01,2,33,12,2,0,0,1,
2.024E+11,155 699 292,B01,3,37,0,2,1,1,1,1
2.024E+11,155 699 293,A01,0,7,0,2,1,13,1,
2.024E+11,155 699 290,A01,2,34,0,2,3,18,1,
2.024E+11,155 699 291,B01,2,7,0,2,2,16,1,
2.024E+11,155 699 289,A01,2,7,0,1,1,1,1,
2.024E+11,155 699 285,A01,1,10,0,2,3,24,1,
2.024E+11,155 699 287,B01,2,1,0,2,1,1,5,
2.024E+11,155 699 284,A01,2,7,1,0,2,14,1,
2.024E+11,155 699 286,B01,2,7,1,0,1,24,1,
2.024E+11,155 699 288,C01,1,7,0,2,1,1,1,
2.024E+11,155 699 294,B01,1,10,0,2,1,1,1,
2.024E+11,155 699 297,A01,1,0,0,2,4,23,0,
2.024E+11,155 699 281,B01,2,7,0,2,1,1,1,
2.024E+11,155 699 283,A01,1,7,0,2,7,10,1,
2.024E+11,155 699 280,B01,1,1,1,2,1,1,5,
2.024E+11,155 699 282,A01,1,7,0,2,3,20,1,
2.024E+11,155 699 278,A01,1,7,0,1,8,1,0,
2.024E+11,155 699 277,A01,1,7,0,2,4,1,1,
2.024E+11,155 699 279,B01,1,7,0,2,1,2,1,
2.024E+11,155 699 275,A01,2,7,1,0,2,14,3,
2.024E+11,155 699 276,A01,1,7,1,0,3,21,1,
2.024E+11,155 699 270,B01,3,7,0,2,2,1,1,
2.024E+11,155 699 272,A01,3,1,0,2,1,9,5,
2.024E+11,155 699 268,B01,1,7,0,2,4,2,1,
2.024E+11,155 699 271,C01,1,7,0,2,4,2,1,
2.024E+11,155 699 273,D01,1,7,0,2,1,2,1,
2.024E+11,155 699 274,A01,1,7,0,2,4,2,3,
2.024E+11,155 699 269,A01,2,33,0,1,3,1,1,
2.024E+11,155 699 267,A01,3,7,0,1,7,9,1,
2.024E+11,155 699 265,A01,2,7,1,1,2,1,1,
2.024E+11,155 699 264,Z01,2,7,0,2,1,2,1,
2.024E+11,155 699 266,B01,2,7,0,2,4,1,1,
2.024E+11,155 699 262,A01,3,7,0,2,3,15,1,
2.024E+11,155 699 263,B01,1,34,0,0,0,0,1,
2.024E+11,155 699 260,A01,3,33,0,2,1,1,1,
2.024E+11,155 699 261,B01,3,7,0,2,5,15,2,
2.024E+11,155 699 258,A01,3,7,14,0,1,2,1,
2.024E+11,155 699 253,A01,1,30,0,2,3,15,1,
2.024E+11,155 699 255,B01,1,43,0,2,5,1,1,
2.024E+11,155 699 252,A01,2,7,0,2,1,1,1,
2.024E+11,155 699 256,B01,2,7,0,2,1,1,1,
2.024E+11,155 699 257,C01,2,7,0,2,4,1,1,
2.024E+11,155 699 259,D01,2,7,0,2,4,1,1,
2.024E+11,155 699 251,A01,2,7,0,2,2,5,1,
2.024E+11,155 699 254,B01,1,7,0,2,7,1,1,
2.024E+11,155 699 248,A01,1,10,0,1,2,1,1,
2.024E+11,155 699 250,A01,3,0,0,1,1,1,0,
2.024E+11,155 699 247,A01,1,7,0,2,6,11,1,
2.024E+11,155 699 249,B01,1,33,0,2,1,3,1,
2.024E+11,155 699 246,A01,1,10,7,0,1,13,3,
2.024E+11,155 699 245,A01,3,7,0,1,2,26,0,
2.024E+11,155 699 244,A01,2,7,3,0,1,1,1,
2.024E+11,155 699 242,A01,1,7,1,0,2,1,1,
2.024E+11,155 699 241,B01,1,33,0,2,7,1,1,
2.024E+11,155 699 243,A01,1,7,0,2,3,13,1,
2.024E+11,155 699 239,A01,2,33,4,2,0,2,1,
2.024E+11,155 699 240,B01,2,7,0,2,3,1,1,
2.024E+11,155 699 237,A01,1,7,0,2,1,9,1,
2.024E+11,155 699 238,B01,1,2,0,2,4,1,1,
2.024E+11,155 699 235,A01,2,7,3,0,1,1,1,
2.024E+11,155 699 236,A01,0,7,0,1,1,1,-1,
2.024E+11,155 699 234,A01,3,7,0,1,1,1,2,
2.024E+11,155 699 229,A01,1,7,0,2,1,2,1,
2.024E+11,155 699 231,B01,1,7,0,2,4,2,3,
2.024E+11,155 699 233,C01,1,7,0,2,4,2,1,
2.024E+11,155 699 230,A01,1,7,14,0,3,2,1,
2.024E+11,155 699 228,B01,1,7,16,0,4,1,2,
2.024E+11,155 699 232,A01,1,30,0,2,1,1,1,
2.024E+11,155 699 224,C01,2,7,0,2,1,1,1,
2.024E+11,155 699 226,A01,2,33,0,2,1,1,1,
2.024E+11,155 699 227,B01,2,7,0,2,4,1,1,
2.024E+11,155 699 225,A01,1,31,0,1,1,26,1,
2.024E+11,155 699 222,A01,2,33,0,0,2,16,1,
2.024E+11,155 699 221,B01,0,7,0,0,0,0,1,
2.024E+11,155 699 223,A01,3,7,0,2,3,15,1,
2.024E+11,155 699 220,Z01,1,50,0,1,1,1,3,
2.024E+11,155 699 216,A01,3,7,0,1,1,14,3,
2.024E+11,155 699 217,B01,1,7,0,2,1,1,1,
2.024E+11,155 699 218,A01,2,7,0,2,1,1,1,
2.024E+11,155 699 215,A01,3,7,0,2,7,12,1,
2.024E+11,155 699 219,B01,3,33,0,2,3,2,1,
2.024E+11,155 699 210,B01,2,1,0,2,3,1,5,
2.024E+11,155 699 213,A01,1,7,0,2,2,15,1,
2.024E+11,155 699 212,A01,1,7,0,2,2,13,1,
2.024E+11,155 699 214,B01,1,7,0,2,1,0,1,
2.024E+11,155 699 207,A01,1,32,1,0,8,17,1,
2.024E+11,155 699 209,C01,1,7,0,2,4,1,1,
2.024E+11,155 699 211,B01,1,7,1,0,1,0,2,
2.024E+11,155 699 205,A01,2,7,0,2,2,5,1,
2.024E+11,155 699 206,B01,1,7,0,2,3,1,1,
2.024E+11,155 699 204,C01,3,7,0,2,0,24,1,
2.024E+11,155 699 208,A01,1,10,0,2,0,0,1,
2.024E+11,155 699 203,A01,3,50,0,1,1,1,3,
2.024E+11,155 699 202,A01,1,7,0,0,8,26,1,
2.024E+11,155 699 200,A01,1,7,0,2,4,23,1,
2.024E+11,155 699 201,B01,1,7,0,2,1,2,1,
2.024E+11,155 699 199,A01,1,32,1,0,0,17,0,
2.024E+11,155 699 196,A01,1,2,0,2,1,1,1,
2.024E+11,155 699 198,B01,3,7,0,2,7,1,1,
2.024E+11,155 699 194,A01,1,7,0,2,0,13,0,
2.024E+11,155 699 197,B01,2,38,0,2,3,1,1,3
2.024E+11,155 699 193,B01,1,7,0,2,3,1,1,
2.024E+11,155 699 195,A01,1,50,0,2,1,1,3,
2.024E+11,155 699 189,A01,0,7,0,0,0,0,1,
2.024E+11,155 699 191,B01,0,2,0,0,0,0,3,
2.024E+11,155 699 190,A01,0,7,0,0,0,0,1,
2.024E+11,155 699 192,B01,0,7,0,0,0,0,1,
2.024E+11,155 699 188,A01,3,7,0,1,1,13,1,
2.024E+11,155 699 185,B01,2,7,0,2,4,2,1,
2.024E+11,155 699 187,A01,2,37,0,2,1,2,1,1
2.024E+11,155 699 184,B01,1,7,0,2,3,16,1,
2.024E+11,155 699 186,A01,1,2,0,2,1,15,1,
2.024E+11,155 699 183,A01,2,7,0,1,0,2,0,
2.024E+11,155 699 181,A01,3,7,0,2,1,1,1,
2.024E+11,155 699 182,B01,3,7,0,2,4,1,1,
2.024E+11,155 699 180,A01,0,7,0,1,3,1,1,
2.024E+11,155 699 177,A01,1,43,0,2,1,2,1,
2.024E+11,155 699 179,B01,1,7,0,2,5,2,1,
2.024E+11,155 699 176,A01,2,7,13,0,2,0,1,
2.024E+11,155 699 175,A01,3,7,0,2,7,17,1,
2.024E+11,155 699 178,B01,3,50,0,2,0,0,3,
2.024E+11,155 699 172,A01,2,7,0,1,3,1,1,
2.024E+11,155 699 173,A01,3,80,0,1,2,25,3,
2.024E+11,155 699 170,A01,1,17,0,0,0,2,1,
2.024E+11,155 699 171,B01,1,31,14,0,1,2,1,
2.024E+11,155 699 169,A01,3,7,0,1,1,2,1,
2.024E+11,155 699 168,A01,2,7,2,0,6,14,1,
2.024E+11,155 699 166,A01,2,7,0,1,3,1,1,
2.024E+11,155 699 167,A01,1,31,1,0,1,14,1,
2.024E+11,155 699 164,B01,2,33,0,2,1,1,1,
2.024E+11,155 699 165,A01,1,7,0,2,1,15,1,
2.024E+11,155 699 162,A01,2,14,0,2,8,1,1,
2.024E+11,155 699 163,B01,1,21,0,2,6,1,0,
2.024E+11,155 699 160,A01,1,7,6,0,3,13,1,
2.024E+11,155 699 157,B01,2,7,0,0,1,1,1,
2.024E+11,155 699 161,A01,1,7,0,0,3,9,1,
2.024E+11,155 699 153,A01,1,7,0,0,4,1,1,
2.024E+11,155 699 156,B01,1,7,0,2,1,1,1,
2.024E+11,155 699 148,C01,2,7,0,2,4,2,1,
2.024E+11,155 699 152,A01,2,7,0,2,4,2,1,
2.024E+11,155 699 154,B01,2,7,0,2,4,2,1,
2.024E+11,155 699 149,A01,1,10,0,2,7,13,1,
2.024E+11,155 699 151,B01,2,7,0,2,1,1,1,
2.024E+11,155 699 150,A01,1,7,0,2,3,1,1,
2.024E+11,155 699 155,B01,2,7,0,2,1,1,1,
2.024E+11,155 699 146,B01,3,1,0,2,1,15,5,
2.024E+11,155 699 147,A01,3,7,0,2,5,15,1,
2.024E+11,155 699 145,A01,2,7,0,1,2,1,1,
2.024E+11,155 699 144,A01,1,7,4,0,3,13,1,
2.024E+11,155 699 142,A01,2,80,1,0,7,21,3,
2.024E+11,155 699 137,A01,2,7,0,2,1,2,1,
2.024E+11,155 699 141,B01,2,7,0,2,4,2,1,
2.024E+11,155 699 143,C01,2,10,0,0,6,2,1,
2.024E+11,155 699 134,B01,1,7,0,2,1,1,1,
2.024E+11,155 699 139,C01,2,7,0,2,1,1,1,
2.024E+11,155 699 140,A01,1,7,0,2,5,19,1,
2.024E+11,155 699 136,A01,1,30,8,0,1,1,1,
2.024E+11,155 699 135,A01,3,7,0,2,1,15,1,
2.024E+11,155 699 138,B01,3,7,0,2,1,1,3,
2.024E+11,155 699 133,A01,1,7,3,0,3,1,1,
2.024E+11,155 699 130,A01,2,7,0,2,2,1,1,
2.024E+11,155 699 132,B01,2,7,0,2,8,1,1,
2.024E+11,155 699 131,A01,2,7,13,0,2,21,1,
2.024E+11,155 699 127,A01,1,7,0,2,6,15,1,
2.024E+11,155 699 128,B01,1,33,0,2,2,17,1,
2.024E+11,155 699 124,A01,1,7,13,0,1,1,1,
2.024E+11,155 699 126,B01,1,33,0,2,2,17,1,
2.024E+11,155 699 129,A01,1,7,0,2,3,15,3,
2.024E+11,155 699 121,B01,1,7,0,2,3,16,1,
2.024E+11,155 699 123,A01,2,7,0,2,3,1,1,
2.024E+11,155 699 125,T01,2,7,0,0,0,2,1,
2.024E+11,155 699 120,A01,2,2,0,0,9,13,1,
2.024E+11,155 699 122,A01,1,50,0,1,1,1,3,
2.024E+11,155 699 119,A01,1,7,0,0,0,1,1,
2.024E+11,155 699 117,A01,1,33,0,5,7,1,1,
2.024E+11,155 699 116,A01,2,7,2,0,3,1,1,
2.024E+11,155 699 115,A01,1,3,0,2,7,15,1,
2.024E+11,155 699 118,Z01,1,7,0,2,1,15,1,
2.024E+11,155 699 113,A01,1,33,0,0,6,10,1,
2.024E+11,155 699 114,B01,1,33,0,2,2,1,1,
2.024E+11,155 699 109,A01,2,33,0,2,2,2,1,
2.024E+11,155 699 111,B01,1,7,0,2,6,2,1,
2.024E+11,155 699 110,A01,2,7,0,2,3,13,1,
2.024E+11,155 699 112,B01,1,10,0,2,3,1,1,
2.024E+11,155 699 108,A01,2,10,0,1,1,1,1,
2.024E+11,155 699 107,A01,3,2,0,0,0,1,0,
2.024E+11,155 699 104,A01,1,7,0,2,3,2,1,
2.024E+11,155 699 106,B01,1,7,0,2,4,2,1,
2.024E+11,155 699 103,A01,2,7,13,0,2,1,1,
2.024E+11,155 699 102,A01,1,7,0,2,2,15,1,
2.024E+11,155 699 105,B01,2,2,0,2,1,1,1,
2.024E+11,155 699 101,A01,2,7,0,0,1,2,1,
2.024E+11,155 699 100,A01,1,7,1,1,5,1,1,
2.024E+11,155 699 098,A01,1,7,6,9,1,17,1,
2.024E+11,155 699 097,A01,1,2,12,0,1,14,1,
2.024E+11,155 699 096,A01,3,7,0,2,3,20,1,
2.024E+11,155 699 099,B01,3,33,0,2,2,1,1,
2.024E+11,155 699 092,A01,1,31,6,0,0,1,1,
2.024E+11,155 699 090,A01,2,7,0,2,1,3,1,
2.024E+11,155 699 093,B01,1,7,0,2,1,1,1,
2.024E+11,155 699 088,A01,0,7,0,0,1,1,1,
2.024E+11,155 699 087,A01,3,7,0,2,4,2,1,
2.024E+11,155 699 089,B01,3,7,0,2,4,2,1,
2.024E+11,155 699 091,C01,3,7,0,2,4,2,1,
2.024E+11,155 699 094,D01,3,7,0,2,4,2,1,
2.024E+11,155 699 095,E01,3,7,0,2,1,1,1,
2.024E+11,155 699 086,A01,2,33,0,0,2,0,1,
2.024E+11,155 699 083,A01,2,33,0,0,0,1,1,
2.024E+11,155 699 082,A01,2,33,0,2,2,12,1,
2.024E+11,155 699 085,B01,2,7,0,2,6,2,1,
2.024E+11,155 699 081,B01,1,7,0,2,7,15,1,
2.024E+11,155 699 084,A01,1,7,0,2,1,1,1,
2.024E+11,155 699 080,A01,0,80,0,0,0,0,3,
2.024E+11,155 699 078,A01,3,7,2,0,1,0,1,
2.024E+11,155 699 076,A01,1,7,0,2,2,1,1,
2.024E+11,155 699 077,B01,3,1,0,2,1,19,5,
2.024E+11,155 699 075,A01,0,7,0,2,1,1,1,
2.024E+11,155 699 079,B01,0,1,0,2,1,5,5,
2.024E+11,155 699 074,A01,1,31,0,0,0,2,3,
2.024E+11,155 699 072,A01,3,7,0,0,7,15,1,
2.024E+11,155 699 071,B01,0,7,0,2,1,1,1,
2.024E+11,155 699 073,A01,3,10,0,2,2,19,1,
2.024E+11,155 699 068,A01,3,43,0,2,2,17,1,