Num_Acc,id_vehicule,num_veh,senc,catv,obs,obsm,choc,manv,motor,occutc
2.024E+11,155 698 601,A01,2,7,8,1,1,26,1,
2.024E+11,155 698 593,A01,2,33,0,2,4,16,1,
2.024E+11,155 698 596,B01,1,7,0,2,1,1,1,
2.024E+11,155 698 590,A01,2,10,0,0,6,23,1,
2.024E+11,155 698 594,B01,2,42,0,2,1,2,1,
2.024E+11,155 698 591,A01,2,7,0,2,1,17,1,
2.024E+11,155 698 595,B01,2,7,0,9,6,1,1,
2.024E+11,155 698 597,C01,1,7,0,2,1,1,2,
2.024E+11,155 698 589,A01,3,7,4,0,0,12,1,
2.024E+11,155 698 588,A01,2,33,0,2,1,1,1,
2.024E+11,155 698 592,B01,2,7,0,2,3,10,2,
2.024E+11,155 698 585,A01,1,7,0,2,1,15,1,
2.024E+11,155 698 587,B01,2,33,0,2,1,1,1,
2.024E+11,155 698 577,A01,1,33,0,2,3,3,1,
2.024E+11,155 698 580,B01,1,7,0,2,5,1,3,
2.024E+11,155 698 584,C01,1,10,0,2,3,1,1,
2.024E+11,155 698 578,B01,2,10,0,2,1,1,1,
2.024E+11,155 698 582,A01,1,7,0,2,1,5,1,
2.024E+11,155 698 579,A01,1,7,0,2,9,1,1,
2.024E+11,155 698 583,B01,1,7,0,2,9,0,2,
2.024E+11,155 698 586,C01,1,7,0,2,1,1,1,
2.024E+11,155 698 572,B01,2,32,0,2,1,2,3,
2.024E+11,155 698 575,A01,2,7,0,2,6,2,1,
2.024E+11,155 698 571,A01,1,10,0,2,1,2,1,
2.024E+11,155 698 573,B01,1,7,0,2,4,23,1,
2.024E+11,155 698 570,A01,2,7,0,2,7,9,1,
2.024E+11,155 698 574,B01,1,15,0,2,1,1,1,
2.024E+11,155 698 567,Z01,2,50,0,1,0,26,3,
2.024E+11,155 698 564,A01,2,7,0,2,1,13,1,
2.024E+11,155 698 568,B01,1,7,0,2,1,1,1,
2.024E+11,155 698 576,C01,1,10,0,2,1,2,1,
2.024E+11,155 698 581,D01,1,7,0,2,8,2,1,
2.024E+11,155 698 565,A01,1,7,0,2,1,1,1,
2.024E+11,155 698 569,B01,1,7,0,0,4,1,1,
2.024E+11,155 698 563,A01,2,33,0,2,1,12,1,
2.024E+11,155 698 566,B01,2,7,0,2,5,1,1,
2.024E+11,155 698 559,B01,1,10,0,2,3,10,1,
2.024E+11,155 698 561,A01,1,34,0,2,1,26,1,
2.024E+11,155 698 558,A01,2,40,0,1,7,1,3,
2.024E+11,155 698 557,A01,1,33,0,0,8,0,1,
2.024E+11,155 698 554,A01,3,7,0,2,1,13,1,
2.024E+11,155 698 560,B01,3,7,0,2,1,15,1,
2.024E+11,155 698 555,B01,0,60,0,2,8,19,5,
2.024E+11,155 698 562,A01,1,7,0,9,1,16,1,
2.024E+11,155 698 552,A01,2,30,0,2,1,2,3,
2.024E+11,155 698 556,B01,2,10,0,2,4,2,1,
2.024E+11,155 698 551,A01,1,7,0,2,1,2,1,
2.024E+11,155 698 553,B01,1,7,0,2,4,2,2,
2.024E+11,155 698 550,A01,1,31,0,1,8,1,0,
2.024E+11,155 698 545,A01,0,7,1,2,7,25,2,
2.024E+11,155 698 548,B01,0,7,1,2,8,0,2,
2.024E+11,155 698 546,A01,1,7,0,1,3,1,2,
2.024E+11,155 698 543,A01,0,50,0,2,0,0,3,
2.024E+11,155 698 549,B01,2,7,0,2,0,0,1,
2.024E+11,155 698 541,B01,3,1,0,2,1,1,5,
2.024E+11,155 698 547,A01,0,7,0,2,2,15,1,
2.024E+11,155 698 542,A01,2,2,15,0,0,0,1,
2.024E+11,155 698 540,B01,2,7,0,2,3,15,1,
2.024E+11,155 698 544,A01,2,33,0,2,1,17,1,
2.024E+11,155 698 538,B01,3,7,0,2,4,23,1,
2.024E+11,155 698 539,A01,3,7,0,2,1,2,1,
2.024E+11,155 698 533,A01,3,31,0,1,1,0,1,
2.024E+11,155 698 530,A01,3,7,0,1,2,14,1,
2.024E+11,155 698 535,B01,3,33,0,2,8,1,1,
2.024E+11,155 698 537,A01,3,10,0,2,3,15,0,
2.024E+11,155 698 529,A01,1,7,0,2,2,1,1,
2.024E+11,155 698 534,B01,1,1,0,0,4,15,5,
2.024E+11,155 698 528,A01,1,7,0,2,2,1,1,
2.024E+11,155 698 536,B01,2,7,0,2,3,1,1,
2.024E+11,155 698 527,B01,1,30,1,0,7,1,3,
2.024E+11,155 698 532,A01,1,7,0,2,8,20,1,
2.024E+11,155 698 526,B01,3,10,0,0,7,1,0,
2.024E+11,155 698 531,A01,3,7,0,2,1,15,1,
2.024E+11,155 698 523,A01,1,7,13,0,2,1,1,
2.024E+11,155 698 522,A01,2,7,0,2,4,2,1,
2.024E+11,155 698 525,B01,2,7,0,2,1,2,1,
2.024E+11,155 698 520,A01,1,36,16,0,0,1,1,
2.024E+11,155 698 517,A01,2,7,0,2,1,13,1,
2.024E+11,155 698 524,B01,1,7,0,2,1,1,1,
2.024E+11,155 698 519,A01,2,30,4,0,7,14,1,
2.024E+11,155 698 516,A01,3,7,0,1,3,20,1,
2.024E+11,155 698 518,B01,2,7,1,2,1,2,1,
2.024E+11,155 698 521,A01,2,7,0,2,4,23,1,
2.024E+11,155 698 514,A01,1,33,0,0,0,1,1,
2.024E+11,155 698 511,A01,2,33,0,2,1,1,1,
2.024E+11,155 698 513,B01,1,10,0,2,7,15,1,
2.024E+11,155 698 512,B01,2,7,0,2,1,1,1,
2.024E+11,155 698 515,A01,1,7,0,2,1,15,1,
2.024E+11,155 698 506,A01,1,7,0,2,7,19,1,
2.024E+11,155 698 510,B01,1,30,0,2,1,1,1,
2.024E+11,155 698 504,B01,1,1,0,0,3,2,5,
2.024E+11,155 698 507,A01,1,1,0,0,2,17,5,
2.024E+11,155 698 502,A01,2,30,0,2,2,15,1,
2.024E+11,155 698 509,Z01,2,34,0,2,0,0,0,
2.024E+11,155 698 505,A01,1,7,0,0,3,9,0,
2.024E+11,155 698 508,B01,1,33,0,2,1,1,1,
2.024E+11,155 698 503,A01,3,33,6,0,8,1,1,
2.024E+11,155 698 501,A01,2,38,2,0,1,1,1,7
2.024E+11,155 698 496,A01,1,7,0,2,1,26,0,
2.024E+11,155 698 497,A01,3,7,0,2,4,26,1,
2.024E+11,155 698 500,B01,3,30,0,2,1,1,1,
2.024E+11,155 698 494,Z01,1,7,0,2,0,0,0,
2.024E+11,155 698 498,B01,1,80,0,2,8,26,3,
2.024E+11,155 698 491,A01,1,33,0,2,2,17,1,
2.024E+11,155 698 495,B01,1,21,0,2,3,15,1,
2.024E+11,155 698 489,A01,2,7,0,2,2,13,1,
2.024E+11,155 698 493,B01,1,7,0,2,1,1,2,
2.024E+11,155 698 487,A01,1,13,1,0,4,4,0,
2.024E+11,155 698 485,A01,1,7,0,1,2,17,1,
2.024E+11,155 698 486,A01,1,7,0,2,3,15,1,
2.024E+11,155 698 492,B01,2,33,6,2,1,1,1,
2.024E+11,155 698 484,B01,0,7,0,2,3,2,1,
2.024E+11,155 698 488,C01,3,7,0,2,5,1,1,
2.024E+11,155 698 490,A01,3,7,0,2,2,2,1,
2.024E+11,155 698 482,A01,1,33,0,0,8,1,1,
2.024E+11,155 698 478,A01,2,10,0,0,9,1,1,
2.024E+11,155 698 481,B01,2,7,3,0,3,1,1,
2.024E+11,155 698 483,A01,1,7,0,0,3,0,1,
2.024E+11,155 698 480,A01,3,7,0,0,0,16,1,
2.024E+11,155 698 479,A01,3,7,0,1,2,1,1,
2.024E+11,155 698 477,A01,1,7,0,1,1,1,1,
2.024E+11,155 698 476,A01,1,10,0,1,3,17,1,
2.024E+11,155 698 470,A01,2,33,4,0,7,1,1,
2.024E+11,155 698 472,B01,1,7,0,9,6,9,1,
2.024E+11,155 698 475,A01,1,33,0,2,1,1,1,
2.024E+11,155 698 466,A01,2,7,0,2,1,19,1,
2.024E+11,155 698 469,B01,1,7,0,2,1,1,1,
2.024E+11,155 698 468,B01,3,7,0,2,2,1,1,
2.024E+11,155 698 474,A01,3,1,0,2,9,5,5,
2.024E+11,155 698 464,A01,2,50,0,2,1,19,3,
2.024E+11,155 698 473,B01,1,15,0,2,6,16,1,
2.024E+11,155 698 461,B01,2,43,0,2,1,1,1,
2.024E+11,155 698 465,Z01,1,7,0,2,2,15,0,
2.024E+11,155 698 463,A01,2,7,0,2,8,11,1,
2.024E+11,155 698 467,B01,1,34,0,2,7,1,1,
2.024E+11,155 698 471,C01,1,7,0,2,7,23,1,
2.024E+11,155 698 457,B01,2,7,0,2,3,15,1,
2.024E+11,155 698 462,A01,2,2,0,2,2,1,1,
2.024E+11,155 698 459,A01,2,7,0,1,1,15,1,
2.024E+11,155 698 455,A01,1,7,0,0,6,10,4,
2.024E+11,155 698 458,B01,1,33,0,2,1,1,1,
2.024E+11,155 698 452,A01,2,7,15,0,3,2,1,
2.024E+11,155 698 450,B01,2,38,0,2,2,21,1,1
2.024E+11,155 698 453,A01,1,7,0,2,1,13,1,
2.024E+11,155 698 449,A01,1,7,0,2,1,10,1,
2.024E+11,155 698 454,B01,1,7,0,2,8,1,1,
2.024E+11,155 698 448,A01,1,7,0,2,8,9,3,
2.024E+11,155 698 456,B01,1,1,0,2,1,0,5,
2.024E+11,155 698 447,A01,1,32,0,2,1,17,1,
2.024E+11,155 698 451,B01,3,7,0,2,2,15,1,
2.024E+11,155 698 446,A01,1,33,13,0,3,1,1,
2.024E+11,155 698 445,A01,2,7,0,1,4,4,1,
2.024E+11,155 698 442,A01,2,7,0,1,3,1,1,
2.024E+11,155 698 444,B01,3,7,0,2,3,16,1,
2.024E+11,155 698 460,A01,3,2,0,2,1,15,1,
2.024E+11,155 698 438,A01,2,7,0,9,3,9,1,
2.024E+11,155 698 440,B01,2,3,0,2,1,1,3,
2.024E+11,155 698 436,A01,1,7,6,2,7,9,1,
2.024E+11,155 698 443,B01,1,7,6,2,8,2,1,
2.024E+11,155 698 437,A01,1,1,0,2,1,1,5,
2.024E+11,155 698 441,B01,3,7,0,2,1,1,1,
2.024E+11,155 698 433,B01,2,50,0,2,1,1,3,
2.024E+11,155 698 435,A01,-1,7,0,2,3,22,1,
2.024E+11,155 698 430,A01,2,33,15,0,9,17,1,
2.024E+11,155 698 434,B01,2,7,0,0,0,0,1,
2.024E+11,155 698 429,A01,2,2,0,2,1,2,1,
2.024E+11,155 698 432,B01,3,7,0,0,4,2,1,
2.024E+11,155 698 428,A01,1,2,16,0,1,1,1,
2.024E+11,155 698 424,A01,1,7,12,2,1,15,1,
2.024E+11,155 698 423,A01,3,7,2,0,1,13,1,
2.024E+11,155 698 421,A01,3,7,0,2,3,11,1,
2.024E+11,155 698 426,B01,1,7,0,2,2,1,1,
2.024E+11,155 698 420,A01,3,7,0,2,3,19,1,
2.024E+11,155 698 427,B01,3,50,0,2,1,19,3,
2.024E+11,155 698 419,A01,1,43,0,0,1,2,1,
2.024E+11,155 698 418,B01,2,1,0,9,1,25,5,
2.024E+11,155 698 422,A01,1,50,0,9,1,25,3,
2.024E+11,155 698 417,A01,1,1,0,2,8,1,5,
2.024E+11,155 698 425,B01,1,7,0,2,1,1,1,
2.024E+11,155 698 413,A01,1,7,0,1,1,1,1,
2.024E+11,155 698 412,A01,2,7,0,2,1,13,1,
2.024E+11,155 698 416,B01,1,50,0,2,1,5,3,
2.024E+11,155 698 411,A01,1,15,0,2,1,2,1,
2.024E+11,155 698 415,B01,1,7,0,2,4,1,1,
2.024E+11,155 698 408,A01,2,33,0,2,2,17,1,
2.024E+11,155 698 414,B01,2,7,0,2,8,15,1,
2.024E+11,155 698 406,A01,2,7,0,0,2,0,1,
2.024E+11,155 698 409,B01,1,7,0,2,3,13,1,
2.024E+11,155 698 405,A01,3,10,0,2,1,16,0,
2.024E+11,155 698 410,B01,3,10,0,2,2,2,0,
2.024E+11,155 698 404,A01,3,7,8,0,2,14,1,
2.024E+11,155 698 402,A01,2,7,3,2,7,17,1,
2.024E+11,155 698 407,B01,2,10,0,2,1,1,1,
2.024E+11,155 698 400,A01,3,7,0,2,4,13,1,
2.024E+11,155 698 403,B01,3,7,0,2,1,1,1,
2.024E+11,155 698 399,A01,1,7,15,0,1,1,1,
2.024E+11,155 698 394,A01,1,7,0,2,2,1,2,
2.024E+11,155 698 398,B01,1,7,0,0,6,23,2,
2.024E+11,155 698 391,A01,2,7,0,0,5,0,1,
2.024E+11,155 698 396,B01,2,33,0,2,3,13,1,
2.024E+11,155 698 393,B01,1,33,0,2,1,3,1,
2.024E+11,155 698 397,A01,1,7,0,2,5,14,1,
2.024E+11,155 698 401,C01,1,34,0,2,1,3,1,
2.024E+11,155 698 390,A01,2,99,0,2,2,15,3,
2.024E+11,155 698 395,B01,3,7,0,2,3,1,1,
2.024E+11,155 698 387,A01,1,7,0,2,4,23,1,
2.024E+11,155 698 389,B01,1,7,0,2,1,1,1,
2.024E+11,155 698 386,A01,1,32,0,1,1,1,1,
2.024E+11,155 698 385,C01,1,7,0,2,2,2,1,
2.024E+11,155 698 388,A01,1,1,0,0,6,2,5,
2.024E+11,155 698 383,A01,2,10,0,1,1,1,1,
2.024E+11,155 698 381,A01,1,7,0,2,1,17,1,
2.024E+11,155 698 384,B01,1,7,0,2,4,1,1,
2.024E+11,155 698 382,A01,1,7,2,0,1,1,1,
2.024E+11,155 698 380,A01,1,7,8,0,1,1,1,
2.024E+11,155 698 376,A01,3,7,0,1,1,1,1,
2.024E+11,155 698 375,A01,1,7,0,1,7,1,1,
2.024E+11,155 698 373,A01,3,31,0,0,8,1,1,
2.024E+11,155 698 378,A01,2,10,3,0,1,14,1,
2.024E+11,155 698 374,B01,2,99,0,0,1,2,0,
2.024E+11,155 698 377,A01,2,10,1,0,3,22,1,
2.024E+11,155 698 372,A01,2,7,13,0,2,1,1,
2.024E+11,155 698 368,A01,1,7,0,2,1,1,1,
2.024E+11,155 698 379,B01,2,7,0,2,1,1,1,
2.024E+11,155 698 367,A01,2,7,10,0,1,1,1,
2.024E+11,155 698 366,A01,1,7,0,1,2,1,1,
2.024E+11,155 698 364,A01,1,33,0,2,1,1,1,
2.024E+11,155 698 370,B01,2,2,0,2,1,1,1,
2.024E+11,155 698 365,A01,3,32,0,2,2,1,1,
2.024E+11,155 698 369,B01,3,31,0,2,1,1,1,
2.024E+11,155 698 362,A01,1,7,0,2,1,2,1,
2.024E+11,155 698 371,B01,1,7,4,0,4,2,1,
2.024E+11,155 698 363,A01,3,7,0,1,1,1,1,
2.024E+11,155 698 359,A01,1,30,0,0,8,1,1,
2.024E+11,155 698 361,A01,2,31,2,0,1,0,1,
2.024E+11,155 698 360,A01,1,80,12,0,1,1,3,
2.024E+11,155 698 352,A01,1,7,12,2,1,2,1,
2.024E+11,155 698 357,B01,1,7,12,0,4,2,1,
2.024E+11,155 698 351,A01,1,7,0,2,3,0,0,
2.024E+11,155 698 356,B01,2,7,0,2,3,0,2,
2.024E+11,155 698 354,A01,2,10,0,2,2,2,1,
2.024E+11,155 698 358,B01,2,7,0,2,6,1,1,
2.024E+11,155 698 349,A01,0,7,0,2,2,9,1,
2.024E+11,155 698 355,B01,1,1,0,2,5,9,5,
2.024E+11,155 698 353,A01,1,37,0,1,1,1,1,1
2.024E+11,155 698 347,B01,2,34,0,2,8,1,1,
2.024E+11,155 698 350,A01,2,7,0,2,1,19,1,
2.024E+11,155 698 346,A01,2,3,0,1,1,15,1,
2.024E+11,155 698 344,A01,1,7,2,0,1,1,1,
2.024E+11,155 698 343,A01,1,13,0,2,1,13,1,
2.024E+11,155 698 348,B01,2,10,0,2,3,1,1,
2.024E+11,155 698 340,A01,3,7,13,0,1,13,1,
2.024E+11,155 698 339,A01,1,7,0,2,2,9,1,
2.024E+11,155 698 342,B01,2,2,0,2,2,3,1,
2.024E+11,155 698 338,B01,1,7,0,9,1,2,1,
2.024E+11,155 698 345,A01,1,50,0,2,3,15,3,
2.024E+11,155 698 337,A01,1,1,0,0,0,1,5,
2.024E+11,155 698 336,A01,2,7,0,2,2,9,1,
2.024E+11,155 698 341,B01,1,7,0,2,1,1,1,
2.024E+11,155 698 331,B01,1,7,0,1,3,17,1,
2.024E+11,155 698 328,A01,1,32,0,2,1,1,1,
2.024E+11,155 698 334,B01,1,10,0,2,4,1,1,
2.024E+11,155 698 326,A01,1,7,0,2,3,11,1,
2.024E+11,155 698 332,B01,2,1,0,2,1,1,5,
2.024E+11,155 698 327,A01,0,7,0,2,3,15,0,
2.024E+11,155 698 333,B01,0,32,0,2,1,17,0,
2.024E+11,155 698 324,A01,2,2,0,0,7,21,1,
2.024E+11,155 698 322,A01,1,33,13,0,1,1,1,
2.024E+11,155 698 323,A01,2,7,0,2,3,9,1,
2.024E+11,155 698 325,B01,2,1,0,2,7,1,5,
2.024E+11,155 698 321,Z01,3,10,0,1,2,16,0,
2.024E+11,155 698 314,B01,1,14,0,9,4,23,0,
2.024E+11,155 698 318,A01,1,2,0,2,1,2,1,
2.024E+11,155 698 316,B01,1,50,0,2,7,15,3,
2.024E+11,155 698 320,A01,2,7,0,9,1,9,1,
2.024E+11,155 698 313,A01,3,7,0,2,1,1,1,
2.024E+11,155 698 319,B01,3,7,0,2,4,1,1,
2.024E+11,155 698 312,A01,3,1,0,0,3,19,5,
2.024E+11,155 698 315,B01,3,7,0,2,0,0,1,
2.024E+11,155 698 317,B01,2,7,0,2,8,9,1,
2.024E+11,155 698 330,A01,1,10,0,2,1,1,1,
2.024E+11,155 698 310,A01,3,50,6,0,1,1,3,
2.024E+11,155 698 307,A01,1,2,6,0,3,1,1,
2.024E+11,155 698 308,A01,3,7,0,1,8,15,1,
2.024E+11,155 698 306,A01,1,7,0,2,1,1,1,
2.024E+11,155 698 311,B01,1,1,0,2,4,2,5,
2.024E+11,155 698 305,A01,3,7,15,1,3,25,1,
2.024E+11,155 698 303,A01,1,7,0,2,2,1,1,
2.024E+11,155 698 309,B01,1,7,0,2,3,1,0,
2.024E+11,155 698 297,B01,1,1,0,2,2,2,5,
2.024E+11,155 698 302,A01,1,7,0,2,1,16,1,
2.024E+11,155 698 299,B01,2,7,0,2,1,17,1,
2.024E+11,155 698 301,A01,2,7,0,2,3,15,3,
2.024E+11,155 698 298,B01,1,7,0,2,2,16,1,
2.024E+11,155 698 300,A01,1,33,0,2,3,14,1,
2.024E+11,155 698 293,A01,1,10,0,2,1,1,1,
2.024E+11,155 698 296,B01,1,7,0,2,4,1,1,
2.024E+11,155 698 292,A01,2,7,1,0,2,14,1,
2.024E+11,155 698 295,A01,3,2,0,0,0,1,1,
2.024E+11,155 698 290,A01,1,10,0,0,1,2,1,
2.024E+11,155 698 291,B01,2,10,0,2,4,23,1,
2.024E+11,155 698 294,A01,1,33,12,0,1,17,1,
2.024E+11,155 698 289,A01,1,33,11,0,0,1,0,
2.024E+11,155 698 288,A01,3,7,0,1,1,1,2,
2.024E+11,155 698 283,A01,2,7,13,0,3,11,1,
2.024E+11,155 698 282,B01,1,7,0,2,8,1,1,
2.024E+11,155 698 286,A01,2,7,0,2,3,1,1,
2.024E+11,155 698 279,A01,1,7,0,2,8,15,1,
2.024E+11,155 698 285,B01,3,14,0,2,1,1,0,
2.024E+11,155 698 281,A01,3,7,0,2,8,16,1,
2.024E+11,155 698 287,B01,3,33,3,2,1,1,1,
2.024E+11,155 698 277,Z01,2,30,0,1,1,1,1,
2.024E+11,155 698 275,A01,2,32,0,0,1,1,1,
2.024E+11,155 698 274,C01,1,7,0,0,1,0,1,
2.024E+11,155 698 278,A01,1,15,0,2,3,0,1,
2.024E+11,155 698 284,B01,1,15,0,0,8,0,1,
2.024E+11,155 698 273,A01,1,7,14,0,3,13,1,
2.024E+11,155 698 276,B01,3,32,0,2,6,17,1,
2.024E+11,155 698 280,A01,3,1,0,2,1,17,5,
2.024E+11,155 698 269,A01,1,37,5,1,2,1,2,1
2.024E+11,155 698 270,A01,1,1,0,0,0,0,5,
2.024E+11,155 698 268,A01,2,3,0,0,3,15,1,
2.024E+11,155 698 272,B01,2,31,0,2,1,2,1,
2.024E+11,155 698 266,A01,2,7,0,2,6,1,1,
2.024E+11,155 698 271,B01,2,7,0,2,2,14,1,
2.024E+11,155 698 265,A01,1,30,1,0,6,14,1,
2.024E+11,155 698 264,A01,1,33,0,9,1,1,1,
2.024E+11,155 698 263,B01,1,1,0,2,1,1,5,
2.024E+11,155 698 267,A01,2,7,0,2,3,9,1,
2.024E+11,155 698 262,A01,1,7,6,0,1,5,1,
2.024E+11,155 698 260,A01,2,7,0,0,8,21,1,
2.024E+11,155 698 256,A01,3,7,13,0,9,1,1,
2.024E+11,155 698 259,A01,3,37,0,1,6,12,2,1
2.024E+11,155 698 255,A01,1,7,0,1,1,15,1,
2.024E+11,155 698 254,B01,1,7,0,2,1,1,1,
2.024E+11,155 698 257,A01,2,7,0,2,1,11,1,
2.024E+11,155 698 252,B01,1,50,0,2,1,1,3,
2.024E+11,155 698 258,A01,1,7,0,2,3,15,1,
2.024E+11,155 698 247,A01,1,7,0,2,3,15,1,
2.024E+11,155 698 253,B01,1,37,0,2,2,1,1,2
2.024E+11,155 698 249,A01,2,7,0,1,2,1,1,
2.024E+11,155 698 246,A01,1,10,0,2,3,1,1,
2.024E+11,155 698 251,B01,3,7,13,2,7,1,1,
2.024E+11,155 698 248,A01,3,7,0,2,8,22,1,
2.024E+11,155 698 250,B01,3,1,1,0,1,1,5,
2.024E+11,155 698 243,A01,1,7,0,1,3,15,1,
2.024E+11,155 698 242,B01,3,7,0,2,3,1,6,
2.024E+11,155 698 245,A01,3,30,0,2,1,13,1,
2.024E+11,155 698 239,A01,2,7,0,1,1,1,2,
2.024E+11,155 698 240,A01,0,33,0,0,2,1,1,
2.024E+11,155 698 235,A01,3,7,0,2,1,5,1,
2.024E+11,155 698 237,B01,3,33,0,2,1,1,1,
2.024E+11,155 698 234,A01,3,7,0,2,2,16,1,
2.024E+11,155 698 236,B01,3,1,0,2,8,1,5,
2.024E+11,155 698 231,A01,3,7,0,2,3,9,6,
2.024E+11,155 698 238,B01,3,50,0,2,1,1,3,
2.024E+11,155 698 230,A01,2,32,0,1,1,1,1,
2.024E+11,155 698 228,A01,1,10,0,2,4,2,1,
2.024E+11,155 698 232,B01,1,7,6,2,9,0,2,
2.024E+11,155 698 229,A01,1,30,0,1,0,1,1,
2.024E+11,155 698 227,A01,1,7,0,2,4,2,1,
2.024E+11,155 698 233,B01,1,30,0,2,1,2,1,
2.024E+11,155 698 226,A01,3,7,0,1,1,1,1,
2.024E+11,155 698 223,A01,1,7,0,1,1,1,1,
2.024E+11,155 698 222,A01,1,7,0,1,7,12,0,
2.024E+11,155 698 220,A01,3,32,0,0,0,1,0,
2.024E+11,155 698 221,B01,1,0,0,2,1,1,0,
2.024E+11,155 698 225,A01,1,7,0,2,2,16,1,
2.024E+11,155 698 215,A01,1,7,0,1,1,1,1,
2.024E+11,155 698 216,B01,1,7,3,2,4,2,1,
2.024E+11,155 698 218,C01,2,7,0,2,1,2,1,
2.024E+11,155 698 224,A01,2,7,1,0,8,2,1,
2.024E+11,155 698 214,B01,2,50,0,2,1,26,3,
2.024E+11,155 698 219,A01,1,7,0,9,3,1,1,
2.024E+11,155 698 212,B01,2,7,0,2,3,1,1,
2.024E+11,155 698 217,A01,2,1,0,2,8,19,5,
2.024E+11,155 698 211,A01,2,50,0,0,0,1,3,
2.024E+11,155 698 213,A01,3,7,4,0,1,1,1,
2.024E+11,155 698 206,A01,3,7,0,1,0,1,1,
2.024E+11,155 698 204,A01,1,33,0,0,0,1,1,
2.024E+11,155 698 202,A01,2,7,0,2,1,13,1,
2.024E+11,155 698 208,B01,1,7,0,2,1,1,1,
2.024E+11,155 698 201,B01,2,7,0,2,1,19,1,
2.024E+11,155 698 210,A01,1,7,0,2,3,1,1,
2.024E+11,155 698 199,B01,1,7,0,2,1,0,1,
2.024E+11,155 698 203,A01,1,10,0,2,9,2,1,
2.024E+11,155 698 207,C01,1,7,0,2,9,0,1,
2.024E+11,155 698 209,D01,1,7,3,2,9,0,1,
2.024E+11,155 698 200,A01,1,2,0,2,1,2,1,
2.024E+11,155 698 205,B01,1,7,0,2,8,15,1,
2.024E+11,155 698 197,A01,2,30,0,0,0,1,1,
2.024E+11,155 698 195,A01,2,7,4,0,2,0,1,
2.024E+11,155 698 196,B01,1,7,0,2,1,1,1,
2.024E+11,155 698 198,A01,1,7,0,2,4,15,1,
2.024E+11,155 698 192,A01,1,33,0,6,1,0,1,
2.024E+11,155 698 190,A01,1,7,0,2,2,15,1,
2.024E+11,155 698 194,B01,2,43,0,2,1,1,1,
2.024E+11,155 698 189,A01,3,2,16,0,0,1,1,
2.024E+11,155 698 188,A01,2,7,0,2,6,9,1,
2.024E+11,155 698 191,B01,2,7,0,2,2,1,1,
2.024E+11,155 698 185,A01,2,10,0,2,8,10,1,
2.024E+11,155 698 193,B01,2,31,0,2,1,1,3,
2.024E+11,155 698 186,A01,3,7,8,0,3,1,1,
2.024E+11,155 698 184,A01,1,7,4,0,2,21,1,
2.024E+11,155 698 182,A01,1,7,0,1,3,1,1,
2.024E+11,155 698 183,B01,2,1,0,2,8,13,5,
2.024E+11,155 698 187,A01,2,10,0,2,2,17,1,
2.024E+11,155 698 179,A01,1,7,0,1,1,1,1,
2.024E+11,155 698 178,B01,1,7,0,2,1,2,1,
2.024E+11,155 698 181,A01,3,7,0,2,8,15,1,
2.024E+11,155 698 174,B01,1,7,0,2,4,1,1,
2.024E+11,155 698 180,Z01,1,7,0,2,1,0,1,
2.024E+11,155 698 173,B01,3,31,14,2,0,0,1,
2.024E+11,155 698 176,A01,3,34,0,2,1,1,1,
2.024E+11,155 698 170,B01,2,7,0,2,3,1,1,
2.024E+11,155 698 177,A01,1,10,0,2,3,13,1,
2.024E+11,155 698 171,A01,1,7,0,9,1,0,1,
2.024E+11,155 698 175,B01,2,50,0,2,1,0,3,
2.024E+11,155 698 167,A01,2,32,0,0,8,1,1,
2.024E+11,155 698 165,A01,1,50,0,2,1,19,3,
2.024E+11,155 698 169,B01,2,7,0,2,8,19,1,
2.024E+11,155 698 166,A01,2,7,0,2,3,13,1,
2.024E+11,155 698 172,B01,1,21,0,2,6,1,1,
2.024E+11,155 698 164,A01,1,31,0,2,0,0,1,
2.024E+11,155 698 168,B01,1,10,0,2,0,0,1,
2.024E+11,155 698 160,A01,1,7,0,2,2,1,1,
2.024E+11,155 698 161,B01,1,7,0,2,6,1,1,
2.024E+11,155 698 159,A01,1,10,3,2,1,2,1,
2.024E+11,155 698 163,B01,1,15,3,2,6,2,1,
2.024E+11,155 698 158,A01,1,7,8,0,1,26,1,
2.024E+11,155 698 156,A01,2,33,7,0,1,1,1,
2.024E+11,155 698 155,A01,3,7,0,2,5,1,1,
2.024E+11,155 698 162,B01,3,7,0,2,1,1,1,
2.024E+11,155 698 153,A01,3,7,0,2,4,2,1,
2.024E+11,155 698 157,B01,3,2,0,2,1,2,1,
2.024E+11,155 698 151,A01,3,7,0,2,4,26,1,
2.024E+11,155 698 154,B01,1,1,0,2,8,26,5,
2.024E+11,155 698 152,A01,3,10,6,0,2,26,0,
2.024E+11,155 698 149,A01,1,7,0,1,1,1,1,
2.024E+11,155 698 147,A01,1,7,0,2,8,9,1,
2.024E+11,155 698 150,B01,1,1,0,2,1,1,5,
2.024E+11,155 698 146,A01,1,7,15,0,1,1,1,
2.024E+11,155 698 141,A01,0,7,0,1,3,9,1,
2.024E+11,155 698 139,A01,2,34,0,2,7,26,3,
2.024E+11,155 698 144,B01,2,7,0,0,3,16,1,
2.024E+11,155 698 138,B01,1,50,0,2,8,19,3,
2.024E+11,155 698 143,A01,3,7,0,2,1,19,1,
2.024E+11,155 698 145,B01,2,33,0,2,3,1,1,
2.024E+11,155 698 148,A01,1,7,0,2,8,15,1,