Num_Acc,id_vehicule,num_veh,senc,catv,obs,obsm,choc,manv,motor,occutc
2.024E+11,155 698 135,B01,1,1,0,2,4,2,5,
2.024E+11,155 698 140,A01,1,7,0,2,3,2,1,
2.024E+11,155 698 137,A01,3,7,0,2,5,15,1,
2.024E+11,155 698 142,B01,3,50,0,2,1,1,3,
2.024E+11,155 698 134,A01,3,7,0,1,7,1,1,
2.024E+11,155 698 130,A01,2,7,0,0,9,2,1,
2.024E+11,155 698 132,A01,3,33,8,0,1,13,1,
2.024E+11,155 698 129,A01,2,33,0,2,1,1,1,
2.024E+11,155 698 136,B01,2,7,0,2,8,15,1,
2.024E+11,155 698 128,A01,1,7,1,2,1,1,1,
2.024E+11,155 698 131,B01,1,7,0,2,4,0,1,
2.024E+11,155 698 133,C01,1,7,0,2,4,0,1,
2.024E+11,155 698 125,A01,0,7,0,2,7,15,1,
2.024E+11,155 698 127,B01,0,33,0,2,1,1,1,
2.024E+11,155 698 122,A01,1,33,3,0,3,26,1,
2.024E+11,155 698 120,A01,3,7,16,0,2,14,1,
2.024E+11,155 698 124,B01,3,2,1,0,8,0,1,
2.024E+11,155 698 119,A01,1,7,0,2,1,2,1,
2.024E+11,155 698 123,B01,1,7,0,2,1,2,1,
2.024E+11,155 698 126,C01,0,7,0,2,4,2,1,
2.024E+11,155 698 117,Z01,3,7,0,1,1,1,1,
2.024E+11,155 698 116,A01,2,50,12,0,1,15,3,
2.024E+11,155 698 115,A01,1,7,0,2,2,0,1,
2.024E+11,155 698 118,B01,1,33,0,2,1,0,1,
2.024E+11,155 698 109,A01,2,7,0,2,8,15,1,
2.024E+11,155 698 110,B01,2,80,0,2,1,2,3,
2.024E+11,155 698 114,A01,3,7,0,2,2,5,1,
2.024E+11,155 698 121,B01,3,7,0,2,8,1,1,
2.024E+11,155 698 108,B01,3,50,0,2,1,1,3,
2.024E+11,155 698 112,A01,3,7,0,2,8,1,1,
2.024E+11,155 698 107,A01,1,17,0,2,3,13,1,
2.024E+11,155 698 113,B01,2,17,0,2,3,1,1,
2.024E+11,155 698 106,B01,3,30,0,2,1,1,1,
2.024E+11,155 698 111,A01,3,7,0,2,3,15,1,
2.024E+11,155 698 102,A01,1,7,0,2,1,1,1,
2.024E+11,155 698 105,B01,1,33,0,2,4,15,1,
2.024E+11,155 698 099,A01,3,1,0,2,1,1,5,
2.024E+11,155 698 103,B01,3,7,0,2,6,1,1,
2.024E+11,155 698 098,A01,3,7,0,2,1,1,1,
2.024E+11,155 698 104,B01,3,2,0,2,1,13,1,
2.024E+11,155 698 100,A01,1,7,13,0,1,21,1,
2.024E+11,155 698 097,A01,1,7,0,2,1,15,1,
2.024E+11,155 698 101,B01,2,1,0,2,7,1,5,
2.024E+11,155 698 095,A01,3,7,8,0,1,14,1,
2.024E+11,155 698 092,B01,2,7,0,2,0,1,0,
2.024E+11,155 698 094,A01,1,7,0,2,3,1,1,
2.024E+11,155 698 091,B01,3,7,0,2,4,1,1,
2.024E+11,155 698 093,A01,1,80,0,2,1,26,3,
2.024E+11,155 698 090,A01,1,7,2,0,1,1,1,
2.024E+11,155 698 096,A01,2,33,4,0,7,14,1,
2.024E+11,155 698 088,A01,1,7,6,0,1,16,1,
2.024E+11,155 698 086,A01,1,7,0,1,3,2,2,
2.024E+11,155 698 082,A01,2,7,0,2,1,9,1,
2.024E+11,155 698 085,B01,1,7,0,2,8,1,1,
2.024E+11,155 698 084,A01,2,7,2,0,1,1,1,
2.024E+11,155 698 081,A01,1,7,0,2,1,13,1,
2.024E+11,155 698 089,B01,2,7,0,2,1,1,1,
2.024E+11,155 698 076,B01,1,7,0,2,7,1,3,
2.024E+11,155 698 079,A01,1,1,0,2,8,1,5,
2.024E+11,155 698 080,A01,3,7,0,2,7,15,1,
2.024E+11,155 698 087,B01,1,7,0,2,1,1,1,
2.024E+11,155 698 075,B01,1,7,0,2,4,23,1,
2.024E+11,155 698 077,A01,1,7,0,2,1,1,1,
2.024E+11,155 698 068,A01,1,7,0,2,4,9,1,
2.024E+11,155 698 070,B01,1,7,0,2,0,0,0,
2.024E+11,155 698 072,C01,1,7,0,2,0,0,1,
2.024E+11,155 698 078,A01,2,10,0,2,2,16,1,
2.024E+11,155 698 083,B01,2,80,0,2,1,1,3,
2.024E+11,155 698 071,A01,2,33,16,0,7,1,1,
2.024E+11,155 698 065,A01,1,37,0,1,5,1,1,1
2.024E+11,155 698 064,B01,2,7,0,2,4,1,1,
2.024E+11,155 698 067,C01,2,7,0,2,4,1,1,
2.024E+11,155 698 069,D01,2,7,0,2,1,1,1,
2.024E+11,155 698 074,A01,2,7,0,2,4,1,1,
2.024E+11,155 698 066,A01,2,7,7,2,3,13,1,
2.024E+11,155 698 073,B01,1,7,13,2,3,21,1,
2.024E+11,155 698 063,A01,1,7,0,1,8,1,2,
2.024E+11,155 698 061,A01,1,7,0,0,2,1,1,
2.024E+11,155 698 056,A01,2,7,0,2,1,1,1,
2.024E+11,155 698 059,B01,2,7,0,2,4,23,1,
2.024E+11,155 698 062,C01,2,7,0,2,4,23,1,
2.024E+11,155 698 057,A01,2,7,12,0,0,0,1,
2.024E+11,155 698 058,A01,3,7,0,2,1,1,1,
2.024E+11,155 698 060,B01,3,50,0,2,2,1,3,
2.024E+11,155 698 053,A01,1,30,0,0,0,21,1,
2.024E+11,155 698 051,A01,1,7,0,2,1,15,1,
2.024E+11,155 698 054,B01,2,1,0,2,1,1,5,
2.024E+11,155 698 052,A01,1,33,0,2,3,18,1,
2.024E+11,155 698 055,B01,1,7,0,2,5,12,1,
2.024E+11,155 698 047,A01,1,7,0,2,1,15,1,
2.024E+11,155 698 050,B01,3,1,0,2,1,0,5,
2.024E+11,155 698 046,A01,1,7,0,2,1,9,1,
2.024E+11,155 698 048,B01,1,7,0,2,5,1,1,
2.024E+11,155 698 045,A01,3,1,0,0,1,1,5,
2.024E+11,155 698 044,A01,1,7,0,2,3,13,0,
2.024E+11,155 698 049,B01,2,7,0,2,1,1,1,
2.024E+11,155 698 043,A01,2,2,13,0,1,1,1,
2.024E+11,155 698 040,A01,1,7,14,0,9,2,1,
2.024E+11,155 698 038,A01,2,7,0,2,2,16,1,
2.024E+11,155 698 042,B01,2,33,0,2,8,0,1,
2.024E+11,155 698 037,A01,1,30,13,0,8,1,6,
2.024E+11,155 698 035,A01,1,1,0,1,8,17,5,
2.024E+11,155 698 036,A01,1,7,0,1,1,1,1,
2.024E+11,155 698 034,C01,2,7,0,0,2,1,1,
2.024E+11,155 698 039,A01,2,7,0,2,4,11,1,
2.024E+11,155 698 041,B01,2,7,0,2,3,1,1,
2.024E+11,155 698 033,A01,2,7,16,0,1,1,1,
2.024E+11,155 698 031,A01,0,30,12,0,1,1,1,
2.024E+11,155 698 028,A01,0,7,0,2,8,15,1,
2.024E+11,155 698 032,B01,0,31,0,2,1,1,1,
2.024E+11,155 698 025,A01,3,50,0,0,1,1,3,
2.024E+11,155 698 024,A01,1,1,0,2,8,17,5,
2.024E+11,155 698 029,B01,1,1,0,2,8,1,5,
2.024E+11,155 698 023,A01,1,1,0,2,1,1,5,
2.024E+11,155 698 030,B01,1,7,0,2,2,1,2,
2.024E+11,155 698 021,A01,1,33,0,2,2,13,1,
2.024E+11,155 698 027,B01,2,7,0,2,1,1,1,
2.024E+11,155 698 017,A01,2,50,12,0,1,14,3,
2.024E+11,155 698 019,A01,1,7,5,0,1,1,1,
2.024E+11,155 698 018,A01,2,7,0,2,0,0,-1,
2.024E+11,155 698 020,B01,1,7,0,2,0,0,-1,
2.024E+11,155 698 015,A01,2,7,2,0,1,1,1,
2.024E+11,155 698 012,A01,3,32,0,1,0,0,1,
2.024E+11,155 698 013,A01,1,10,0,1,4,4,3,
2.024E+11,155 698 010,A01,3,50,0,2,1,1,3,
2.024E+11,155 698 011,B01,3,7,0,9,1,1,1,
2.024E+11,155 698 007,B01,2,10,0,2,1,1,1,
2.024E+11,155 698 009,A01,1,10,0,2,1,13,1,
2.024E+11,155 698 008,A01,2,7,0,1,3,16,1,
2.024E+11,155 698 006,A01,3,7,6,0,3,9,1,
2.024E+11,155 698 005,A01,1,10,8,0,0,1,1,
2.024E+11,155 698 000,A01,1,7,0,2,2,15,1,
2.024E+11,155 698 004,B01,2,7,0,2,3,1,1,
2.024E+11,155 698 001,A01,1,7,2,0,7,0,1,
2.024E+11,155 697 998,B01,1,37,0,2,1,26,1,3
2.024E+11,155 698 003,A01,1,13,0,2,4,26,1,
2.024E+11,155 697 999,B01,1,7,0,2,1,1,1,
2.024E+11,155 698 002,A01,1,10,0,2,1,15,1,
2.024E+11,155 697 997,A01,2,7,0,0,2,1,1,
2.024E+11,155 697 992,B01,2,7,0,2,1,2,1,
2.024E+11,155 697 995,Z01,2,7,0,0,0,0,1,
2.024E+11,155 697 990,A01,0,7,0,2,8,22,3,
2.024E+11,155 697 996,V01,3,80,0,2,1,21,3,
2.024E+11,155 697 988,A01,3,33,0,2,7,1,1,
2.024E+11,155 697 994,B01,3,7,0,2,1,1,1,
2.024E+11,155 697 989,B01,2,15,0,2,8,1,1,
2.024E+11,155 697 993,A01,1,2,0,2,1,13,1,
2.024E+11,155 697 987,Z01,1,7,0,2,1,1,1,
2.024E+11,155 697 991,A01,1,7,0,2,4,23,1,
2.024E+11,155 697 985,A01,3,80,0,1,1,0,3,
2.024E+11,155 697 982,A01,1,7,0,1,1,15,1,
2.024E+11,155 697 979,A01,2,7,0,2,5,15,1,
2.024E+11,155 697 981,B01,2,31,0,2,1,1,1,
2.024E+11,155 697 980,A01,3,10,2,0,1,14,1,
2.024E+11,155 697 978,A01,2,32,0,2,1,1,1,
2.024E+11,155 697 984,B01,1,10,0,0,7,26,1,
2.024E+11,155 697 983,B01,1,10,0,2,1,1,1,
2.024E+11,155 697 986,A01,2,7,0,2,7,19,1,
2.024E+11,155 697 975,B01,2,13,0,2,2,16,1,
2.024E+11,155 697 977,A01,2,33,8,0,3,7,1,
2.024E+11,155 697 974,A01,1,7,15,0,1,0,1,
2.024E+11,155 697 971,A01,2,7,0,2,5,17,1,
2.024E+11,155 697 976,B01,2,1,0,2,3,1,5,
2.024E+11,155 697 968,A01,2,7,0,2,3,20,1,
2.024E+11,155 697 972,B01,2,7,0,2,2,1,1,
2.024E+11,155 697 970,A01,1,33,0,2,2,17,1,
2.024E+11,155 697 973,B01,1,7,0,2,8,1,1,
2.024E+11,155 697 964,A01,3,30,12,0,7,1,1,
2.024E+11,155 697 967,A01,0,7,0,2,0,0,1,
2.024E+11,155 697 969,B01,1,34,0,2,0,0,1,
2.024E+11,155 697 963,A01,3,7,0,2,3,1,1,
2.024E+11,155 697 966,B01,3,7,0,2,3,1,1,
2.024E+11,155 697 961,A01,3,7,3,2,3,1,1,
2.024E+11,155 697 965,B01,3,7,3,2,3,15,1,
2.024E+11,155 697 957,B01,1,7,0,2,1,1,1,
2.024E+11,155 697 962,A01,1,50,0,2,7,19,3,
2.024E+11,155 697 956,A01,3,30,0,2,6,16,1,
2.024E+11,155 697 960,B01,3,7,0,2,7,1,1,
2.024E+11,155 697 958,B01,1,32,0,2,1,1,1,
2.024E+11,155 697 959,A01,2,7,0,2,5,15,1,
2.024E+11,155 697 955,A01,1,7,0,1,1,1,1,
2.024E+11,155 697 954,A01,1,7,13,0,1,1,1,
2.024E+11,155 697 951,A01,3,7,0,1,2,1,1,
2.024E+11,155 697 950,A01,1,50,0,2,8,19,3,
2.024E+11,155 697 953,B01,1,7,0,2,1,9,1,
2.024E+11,155 697 948,A01,2,32,0,2,1,1,1,
2.024E+11,155 697 952,B01,2,50,0,2,3,1,3,
2.024E+11,155 697 945,B01,1,33,0,2,7,17,1,
2.024E+11,155 697 947,A01,1,7,0,2,3,26,1,
2.024E+11,155 697 942,B01,1,2,0,0,2,1,1,
2.024E+11,155 697 946,A01,1,7,0,0,1,9,1,
2.024E+11,155 697 944,A01,3,7,17,0,2,1,1,
2.024E+11,155 697 941,A01,1,32,0,1,1,1,1,
2.024E+11,155 697 940,B01,3,40,0,2,1,1,3,
2.024E+11,155 697 943,A01,3,7,0,4,8,1,1,
2.024E+11,155 697 935,B01,1,32,12,0,1,1,1,
2.024E+11,155 697 937,A01,2,30,12,0,1,9,1,
2.024E+11,155 697 939,A01,1,10,0,2,8,15,1,
2.024E+11,155 697 949,B01,1,37,0,2,2,2,1,10
2.024E+11,155 697 936,A01,1,2,0,2,0,21,1,
2.024E+11,155 697 934,A01,1,7,3,0,2,26,1,
2.024E+11,155 697 932,A01,1,7,0,2,2,14,1,
2.024E+11,155 697 938,B01,1,15,0,0,6,1,1,
2.024E+11,155 697 929,A01,3,7,0,2,2,15,1,
2.024E+11,155 697 933,B01,3,30,0,2,1,1,1,
2.024E+11,155 697 927,B01,1,31,0,2,1,1,1,
2.024E+11,155 697 930,A01,2,7,0,2,7,11,1,
2.024E+11,155 697 925,A01,1,7,0,2,7,19,1,
2.024E+11,155 697 931,B01,2,7,0,2,1,0,1,
2.024E+11,155 697 921,A01,3,7,0,2,1,26,1,
2.024E+11,155 697 926,B01,3,7,0,2,4,1,1,
2.024E+11,155 697 928,C01,3,7,0,2,4,1,1,
2.024E+11,155 697 924,A01,2,31,14,0,1,6,1,
2.024E+11,155 697 919,A01,3,7,0,2,6,1,1,
2.024E+11,155 697 922,B01,3,33,0,2,3,12,1,
2.024E+11,155 697 920,A01,2,7,0,2,1,19,1,
2.024E+11,155 697 923,B01,1,7,0,2,1,1,2,
2.024E+11,155 697 915,A01,1,32,12,0,7,18,1,
2.024E+11,155 697 914,A01,3,7,0,2,4,1,1,
2.024E+11,155 697 916,B01,3,7,0,2,4,1,1,
2.024E+11,155 697 918,C01,3,7,0,2,1,26,1,
2.024E+11,155 697 917,A01,2,37,0,1,1,2,2,1
2.024E+11,155 697 913,A01,3,7,0,1,1,19,1,
2.024E+11,155 697 911,A01,1,7,0,2,1,0,1,
2.024E+11,155 697 912,B01,1,7,0,2,1,0,1,
2.024E+11,155 697 907,B01,2,7,0,2,5,1,3,
2.024E+11,155 697 910,A01,1,43,0,2,1,1,1,
2.024E+11,155 697 906,Z01,1,7,0,1,1,1,0,
2.024E+11,155 697 905,B01,3,10,0,9,7,16,1,
2.024E+11,155 697 908,A01,3,1,0,2,1,18,5,
2.024E+11,155 697 903,B01,1,10,0,2,8,1,1,
2.024E+11,155 697 909,A01,2,7,0,2,1,1,1,
2.024E+11,155 697 902,A01,2,7,0,2,8,11,1,
2.024E+11,155 697 904,B01,2,33,0,2,7,1,1,
2.024E+11,155 697 901,A01,1,30,0,1,1,1,1,
2.024E+11,155 697 900,Z01,1,7,0,1,1,0,0,
2.024E+11,155 697 896,A01,1,7,0,2,1,1,0,
2.024E+11,155 697 899,B01,1,50,0,2,0,1,3,
2.024E+11,155 697 894,A01,2,7,0,1,1,0,1,
2.024E+11,155 697 893,B01,1,40,0,2,1,1,3,
2.024E+11,155 697 898,A01,1,13,0,4,7,16,1,
2.024E+11,155 697 891,B01,1,7,0,2,1,2,1,
2.024E+11,155 697 895,A01,1,7,0,2,4,1,1,
2.024E+11,155 697 890,A01,2,10,0,2,1,2,1,
2.024E+11,155 697 892,B01,2,7,0,2,4,2,1,
2.024E+11,155 697 897,C01,2,7,0,2,4,2,1,
2.024E+11,155 697 888,A01,2,7,0,1,1,1,1,
2.024E+11,155 697 885,A01,1,7,0,2,2,1,1,
2.024E+11,155 697 889,B01,1,7,0,2,3,16,1,
2.024E+11,155 697 886,Z01,3,7,0,1,0,0,0,
2.024E+11,155 697 882,A01,1,7,3,0,1,2,1,
2.024E+11,155 697 884,Z01,1,7,0,0,0,0,0,
2.024E+11,155 697 883,A01,3,7,0,2,1,1,1,
2.024E+11,155 697 887,B01,3,7,0,2,7,15,1,
2.024E+11,155 697 881,B01,1,1,0,2,0,2,5,
2.024E+11,155 697 880,A01,1,50,0,9,7,1,3,
2.024E+11,155 697 879,A01,3,31,4,0,3,13,1,
2.024E+11,155 697 877,A01,2,7,0,1,3,1,1,
2.024E+11,155 697 876,A01,2,10,2,0,2,14,1,
2.024E+11,155 697 874,A01,1,7,0,2,4,2,3,
2.024E+11,155 697 878,B01,1,7,0,2,1,2,1,
2.024E+11,155 697 873,A01,3,21,0,9,5,17,0,
2.024E+11,155 697 875,B01,0,1,0,2,8,2,5,
2.024E+11,155 697 872,A01,2,10,4,0,1,1,1,
2.024E+11,155 697 867,A01,1,7,0,2,3,10,0,
2.024E+11,155 697 870,B01,1,30,0,2,1,1,1,
2.024E+11,155 697 863,A01,1,7,0,2,1,1,1,
2.024E+11,155 697 871,B01,1,7,0,2,9,19,1,
2.024E+11,155 697 860,A01,2,7,0,0,2,14,1,
2.024E+11,155 697 862,A01,1,7,0,2,1,1,1,
2.024E+11,155 697 865,B01,1,7,0,2,9,1,2,
2.024E+11,155 697 869,C01,1,7,0,2,4,1,1,
2.024E+11,155 697 861,A01,2,7,0,2,1,1,3,
2.024E+11,155 697 864,B01,2,7,0,2,4,1,1,
2.024E+11,155 697 866,C01,2,7,0,2,4,1,1,
2.024E+11,155 697 868,D01,2,7,0,0,4,15,1,
2.024E+11,155 697 858,B01,3,7,0,2,1,15,1,
2.024E+11,155 697 859,A01,2,50,0,2,2,5,3,
2.024E+11,155 697 857,A01,2,7,0,1,1,1,1,
2.024E+11,155 697 855,A01,3,36,8,0,1,14,1,
2.024E+11,155 697 848,A01,1,7,0,2,1,2,1,
2.024E+11,155 697 852,B01,1,7,0,2,4,23,1,
2.024E+11,155 697 851,A01,2,7,0,2,1,1,1,
2.024E+11,155 697 854,B01,2,10,0,2,4,1,1,
2.024E+11,155 697 850,A01,1,7,0,1,3,1,1,
2.024E+11,155 697 847,A01,1,7,0,2,1,17,1,
2.024E+11,155 697 853,C01,1,7,0,2,1,1,1,
2.024E+11,155 697 856,B01,2,7,0,2,6,1,1,
2.024E+11,155 697 846,A01,1,21,0,9,8,26,1,
2.024E+11,155 697 849,B01,1,1,0,2,1,1,5,
2.024E+11,155 697 844,A01,1,43,0,1,1,0,1,
2.024E+11,155 697 838,A01,0,7,0,1,1,0,1,
2.024E+11,155 697 843,A01,1,7,0,1,2,1,1,
2.024E+11,155 697 839,A01,1,7,0,2,2,14,1,
2.024E+11,155 697 842,B01,1,7,0,2,6,1,1,
2.024E+11,155 697 837,B01,1,7,0,2,9,1,1,
2.024E+11,155 697 840,C01,1,7,0,2,4,1,1,
2.024E+11,155 697 845,A01,1,10,0,2,1,1,1,
2.024E+11,155 697 836,A01,1,7,0,2,1,0,1,
2.024E+11,155 697 841,B01,1,7,0,2,8,0,1,
2.024E+11,155 697 833,A01,2,30,0,2,8,1,1,
2.024E+11,155 697 835,B01,1,50,0,2,8,1,3,
2.024E+11,155 697 834,A01,1,33,0,0,0,21,1,
2.024E+11,155 697 830,A01,3,7,0,2,1,26,1,
2.024E+11,155 697 832,B01,1,33,0,2,0,0,1,
2.024E+11,155 697 829,A01,1,7,0,1,4,4,1,
2.024E+11,155 697 822,A01,1,10,0,1,2,1,1,
2.024E+11,155 697 825,A01,2,10,0,2,1,2,1,
2.024E+11,155 697 827,B01,2,10,0,2,4,2,0,
2.024E+11,155 697 831,C01,2,10,0,2,4,2,1,
2.024E+11,155 697 823,A01,1,7,8,0,1,13,1,
2.024E+11,155 697 821,A01,1,37,0,2,1,10,1,1
2.024E+11,155 697 824,B01,2,7,0,2,1,1,1,
2.024E+11,155 697 819,B01,2,7,0,2,3,1,1,
2.024E+11,155 697 826,A01,1,7,0,2,3,1,1,
2.024E+11,155 697 817,B01,2,7,0,2,4,1,1,
2.024E+11,155 697 818,A01,2,7,0,2,1,1,1,
2.024E+11,155 697 820,C01,2,7,0,0,4,23,1,
2.024E+11,155 697 814,B01,1,10,0,2,5,1,1,
2.024E+11,155 697 816,A01,1,33,0,2,1,12,3,
2.024E+11,155 697 810,A01,2,7,0,2,3,13,1,
2.024E+11,155 697 812,B01,1,10,0,2,3,21,1,
2.024E+11,155 697 809,A01,0,7,0,9,0,1,1,
2.024E+11,155 697 815,B01,0,1,0,2,0,1,5,
2.024E+11,155 697 811,A01,3,31,0,0,8,26,1,
2.024E+11,155 697 808,B01,2,7,0,2,7,1,1,
2.024E+11,155 697 813,A01,2,33,4,2,3,3,1,
2.024E+11,155 697 807,A01,1,7,7,0,1,1,2,
2.024E+11,155 697 804,A01,3,7,0,1,4,20,1,
2.024E+11,155 697 802,B01,1,7,0,2,6,14,1,
2.024E+11,155 697 806,A01,2,15,0,2,2,2,1,
2.024E+11,155 697 801,A01,1,7,0,2,1,13,1,
2.024E+11,155 697 805,B01,2,7,0,2,1,1,1,
2.024E+11,155 697 797,A01,2,7,0,0,3,15,2,
2.024E+11,155 697 800,B01,2,30,0,2,1,17,1,
2.024E+11,155 697 798,A01,2,10,0,2,1,14,1,
2.024E+11,155 697 803,B01,2,7,0,2,6,1,1,
2.024E+11,155 697 795,B01,3,50,0,2,8,19,3,
2.024E+11,155 697 799,A01,1,7,0,2,8,15,2,
2.024E+11,155 697 793,B01,1,7,0,2,6,2,1,
2.024E+11,155 697 796,A01,1,33,0,2,2,3,1,
2.024E+11,155 697 789,C01,1,7,0,2,4,1,1,
2.024E+11,155 697 792,A01,1,7,0,2,1,1,1,
2.024E+11,155 697 794,B01,1,33,0,2,9,1,1,
2.024E+11,155 697 787,A01,2,7,0,1,4,1,1,
2.024E+11,155 697 786,B01,2,7,0,2,3,1,1,
2.024E+11,155 697 790,A01,2,33,0,9,2,3,1,
2.024E+11,155 697 785,B01,1,1,0,2,6,9,5,
2.024E+11,155 697 791,A01,2,7,0,9,2,2,1,
2.024E+11,155 697 784,A01,2,32,0,2,1,2,1,
2.024E+11,155 697 788,B01,2,7,0,2,4,2,2,
2.024E+11,155 697 780,A01,2,30,0,2,2,1,1,
2.024E+11,155 697 782,B01,2,7,0,2,5,16,1,
2.024E+11,155 697 778,B01,1,7,0,2,4,1,3,
2.024E+11,155 697 781,A01,1,31,0,2,1,1,1,
2.024E+11,155 697 774,A01,3,7,0,1,1,1,1,
2.024E+11,155 697 773,B01,0,1,0,2,7,19,5,
2.024E+11,155 697 776,A01,0,7,0,2,1,2,1,
2.024E+11,155 697 775,C01,1,7,0,2,4,2,1,
2.024E+11,155 697 779,A01,1,7,0,2,1,2,2,
2.024E+11,155 697 783,B01,1,7,0,2,4,2,1,
2.024E+11,155 697 770,A01,1,0,0,2,3,20,0,
2.024E+11,155 697 772,B01,2,31,0,2,7,13,1,
2.024E+11,155 697 771,A01,2,43,0,2,2,1,1,
2.024E+11,155 697 777,Z01,2,0,0,2,3,0,0,
2.024E+11,155 697 767,B01,2,1,15,2,8,1,5,
2.024E+11,155 697 769,A01,2,15,0,2,5,17,0,
2.024E+11,155 697 766,A01,1,7,0,1,1,15,1,
2.024E+11,155 697 764,A01,1,31,0,2,1,2,1,
2.024E+11,155 697 768,B01,1,7,0,9,5,2,3,
2.024E+11,155 697 762,A01,1,7,0,1,1,1,1,
2.024E+11,155 697 760,B01,2,33,0,2,8,21,1,
2.024E+11,155 697 763,A01,2,7,0,2,6,2,1,
2.024E+11,155 697 759,A01,1,10,0,2,1,19,1,
2.024E+11,155 697 761,B01,1,7,0,2,8,1,1,
2.024E+11,155 697 757,A01,2,7,0,2,1,2,1,
2.024E+11,155 697 765,B01,2,7,0,2,4,9,2,
2.024E+11,155 697 755,A01,2,7,1,0,9,2,1,
2.024E+11,155 697 753,A01,2,7,0,2,2,11,1,
2.024E+11,155 697 756,B01,2,7,0,2,6,1,1,
2.024E+11,155 697 748,A01,2,33,0,2,1,13,1,
2.024E+11,155 697 752,B01,2,7,0,2,4,1,1,
2.024E+11,155 697 749,B01,1,1,0,2,4,26,5,
2.024E+11,155 697 751,A01,2,10,0,2,2,9,1,
2.024E+11,155 697 745,A01,0,7,0,2,2,15,1,
2.024E+11,155 697 746,B01,0,30,0,2,2,1,1,
2.024E+11,155 697 750,A01,1,32,0,2,1,3,1,
2.024E+11,155 697 754,B01,1,7,0,2,4,1,1,
2.024E+11,155 697 739,A01,1,7,0,2,2,12,1,
2.024E+11,155 697 740,B01,1,33,0,2,3,3,1,
2.024E+11,155 697 743,A01,1,14,0,2,3,1,1,
2.024E+11,155 697 747,B01,2,32,0,2,3,5,1,
2.024E+11,155 697 737,A01,2,7,0,2,5,1,1,
2.024E+11,155 697 741,Z01,2,10,0,2,0,12,0,
2.024E+11,155 697 744,B01,2,32,0,2,6,1,1,
2.024E+11,155 697 742,A01,1,34,0,1,1,7,1,
2.024E+11,155 697 735,B01,2,7,0,2,1,2,2,
2.024E+11,155 697 738,A01,2,7,0,2,4,11,1,
2.024E+11,155 697 734,A01,1,7,0,2,1,2,1,
2.024E+11,155 697 736,B01,1,7,0,2,4,15,1,
2.024E+11,155 697 733,A01,2,33,0,0,0,16,1,
2.024E+11,155 697 729,Z01,1,30,0,2,0,23,0,
2.024E+11,155 697 732,A01,1,30,0,2,1,1,1,
2.024E+11,155 697 726,A01,1,7,0,2,6,11,1,
2.024E+11,155 697 730,B01,1,31,0,2,2,1,1,
2.024E+11,155 697 723,A01,1,31,1,0,1,3,1,
2.024E+11,155 697 724,B01,1,7,0,2,3,24,1,
2.024E+11,155 697 721,B01,3,7,0,2,3,1,1,
2.024E+11,155 697 727,A01,3,7,0,2,7,15,1,
2.024E+11,155 697 725,B01,3,2,0,2,1,10,1,
2.024E+11,155 697 731,A01,1,31,0,2,2,1,1,
2.024E+11,155 697 720,A01,0,7,0,2,2,26,1,
2.024E+11,155 697 728,B01,0,1,0,2,1,26,5,
2.024E+11,155 697 722,A01,1,7,0,1,1,1,1,
2.024E+11,155 697 719,A01,1,10,0,1,2,1,1,
2.024E+11,155 697 718,V01,1,1,0,0,0,1,5,
2.024E+11,155 697 713,A01,1,7,0,2,1,1,1,
2.024E+11,155 697 716,B01,2,7,0,2,8,15,1,
2.024E+11,155 697 712,B01,2,7,0,9,3,2,1,
2.024E+11,155 697 717,A01,2,60,0,2,2,2,5,
2.024E+11,155 697 708,B01,1,7,0,2,8,9,1,
2.024E+11,155 697 714,A01,1,1,0,2,1,1,5,
2.024E+11,155 697 709,A01,1,7,0,2,1,1,1,
2.024E+11,155 697 711,B01,1,7,0,2,4,1,1,
2.024E+11,155 697 706,A01,1,7,0,1,0,1,1,
2.024E+11,155 697 710,B01,1,7,0,9,1,14,1,
2.024E+11,155 697 715,A01,1,1,0,2,4,26,5,
2.024E+11,155 697 704,A01,2,7,1,0,1,1,1,
2.024E+11,155 697 703,A01,3,7,0,2,2,19,1,
2.024E+11,155 697 705,B01,1,33,0,2,1,1,1,
2.024E+11,155 697 699,A01,1,7,0,2,5,15,1,
2.024E+11,155 697 701,B01,2,34,0,2,3,1,1,
2.024E+11,155 697 700,A01,1,33,0,2,7,1,1,
2.024E+11,155 697 702,B01,1,7,0,2,8,20,3,
2.024E+11,155 697 692,B01,3,37,0,2,1,1,1,1
2.024E+11,155 697 697,A01,3,50,0,2,8,19,3,
2.024E+11,155 697 691,A01,1,33,0,2,1,1,1,
2.024E+11,155 697 696,B01,2,10,0,2,5,15,1,
2.024E+11,155 697 688,C01,2,7,0,2,3,1,1,
2.024E+11,155 697 690,A01,1,7,0,2,3,13,1,
2.024E+11,155 697 695,B01,2,15,0,2,3,1,1,
2.024E+11,155 697 694,B01,3,7,0,0,6,24,1,
2.024E+11,155 697 698,A01,2,7,1,0,2,14,1,
2.024E+11,155 697 689,A01,3,32,0,2,1,7,1,
2.024E+11,155 697 693,B01,3,7,0,2,7,16,1,
2.024E+11,155 697 685,B01,2,80,0,2,1,2,3,
2.024E+11,155 697 687,A01,2,50,0,2,4,2,3,
2.024E+11,155 697 682,A01,1,30,0,2,1,1,1,
2.024E+11,155 697 686,B01,1,7,0,2,5,1,1,
2.024E+11,155 697 681,Z01,1,7,0,2,0,26,1,