Num_Acc,id_vehicule,num_veh,senc,catv,obs,obsm,choc,manv,motor,occutc
2.024E+11,155 697 684,B01,2,33,0,2,1,1,1,
2.024E+11,155 697 680,A01,1,33,13,0,1,1,1,
2.024E+11,155 697 677,A01,2,7,0,2,3,17,1,
2.024E+11,155 697 683,B01,1,30,0,2,1,1,1,
2.024E+11,155 697 678,A01,2,10,0,1,2,1,1,
2.024E+11,155 697 676,A01,1,7,0,2,2,14,1,
2.024E+11,155 697 679,B01,1,7,0,2,2,23,2,
2.024E+11,155 697 673,A01,2,10,0,1,1,1,2,
2.024E+11,155 697 669,B01,1,33,0,2,1,2,1,
2.024E+11,155 697 672,A01,1,7,0,2,4,23,1,
2.024E+11,155 697 671,AB01,2,1,0,2,8,2,5,
2.024E+11,155 697 674,Z01,2,0,0,2,0,0,0,
2.024E+11,155 697 670,A01,2,3,1,0,2,1,1,
2.024E+11,155 697 668,A01,1,7,0,2,2,1,1,
2.024E+11,155 697 675,B01,1,7,0,2,8,1,2,
2.024E+11,155 697 664,A01,1,33,0,2,1,2,1,
2.024E+11,155 697 666,B01,1,32,0,2,4,2,3,
2.024E+11,155 697 667,A01,2,1,0,1,1,1,5,
2.024E+11,155 697 661,A01,1,7,13,0,2,14,1,
2.024E+11,155 697 663,B01,3,7,0,2,4,1,1,
2.024E+11,155 697 665,A01,3,2,0,2,1,17,3,
2.024E+11,155 697 660,A01,2,10,0,1,4,4,1,
2.024E+11,155 697 659,A01,2,7,0,2,6,15,0,
2.024E+11,155 697 662,B01,2,2,0,2,2,2,0,
2.024E+11,155 697 654,A01,1,31,0,2,1,17,1,
2.024E+11,155 697 658,B01,1,10,0,2,3,15,1,
2.024E+11,155 697 651,A01,2,7,0,2,1,1,1,
2.024E+11,155 697 656,B01,1,33,0,2,1,13,1,
2.024E+11,155 697 650,A01,3,1,9,0,3,13,5,
2.024E+11,155 697 655,B01,3,33,9,9,2,1,1,
2.024E+11,155 697 649,B01,2,32,0,2,3,17,1,
2.024E+11,155 697 657,A01,2,7,0,2,2,15,1,
2.024E+11,155 697 648,A01,2,7,0,2,2,1,1,
2.024E+11,155 697 652,B01,1,7,0,2,1,9,1,
2.024E+11,155 697 647,B01,2,50,0,2,3,1,3,
2.024E+11,155 697 653,A01,2,7,0,2,2,16,1,
2.024E+11,155 697 645,B01,3,33,0,2,1,1,1,
2.024E+11,155 697 646,A01,3,7,0,2,2,15,1,
2.024E+11,155 697 643,A01,2,33,0,1,1,1,1,
2.024E+11,155 697 638,A01,3,1,0,0,7,2,5,
2.024E+11,155 697 633,B01,3,7,0,2,8,0,1,
2.024E+11,155 697 641,A01,3,14,0,2,7,1,1,
2.024E+11,155 697 632,A01,1,33,0,2,1,2,1,
2.024E+11,155 697 637,B01,1,10,0,2,4,2,1,
2.024E+11,155 697 636,A01,2,7,0,2,3,1,1,
2.024E+11,155 697 642,B01,1,7,0,2,2,1,1,
2.024E+11,155 697 635,A01,1,7,0,2,1,1,2,
2.024E+11,155 697 639,B01,1,7,0,2,4,1,1,
2.024E+11,155 697 644,C01,1,7,0,2,4,1,1,
2.024E+11,155 697 631,A01,1,14,1,1,2,16,1,
2.024E+11,155 697 634,A01,2,7,0,2,7,15,1,
2.024E+11,155 697 640,B01,2,30,0,2,1,1,1,
2.024E+11,155 697 630,A01,1,2,12,0,2,1,3,
2.024E+11,155 697 626,A01,2,80,12,0,7,14,3,
2.024E+11,155 697 625,A01,2,7,0,1,2,1,1,
2.024E+11,155 697 624,A01,1,10,0,2,1,2,0,
2.024E+11,155 697 629,B01,1,7,0,2,4,2,0,
2.024E+11,155 697 627,A01,2,50,0,1,8,1,3,
2.024E+11,155 697 622,B01,2,7,0,2,3,15,1,
2.024E+11,155 697 623,A01,2,7,0,2,2,26,1,
2.024E+11,155 697 620,A01,2,31,4,0,1,0,1,
2.024E+11,155 697 617,A01,2,33,0,1,1,5,1,
2.024E+11,155 697 618,A01,1,7,0,1,1,1,1,
2.024E+11,155 697 616,Z01,1,7,0,1,3,1,1,
2.024E+11,155 697 614,A01,1,7,0,2,3,15,1,
2.024E+11,155 697 619,B01,2,34,0,2,1,1,1,
2.024E+11,155 697 615,A01,1,1,0,2,2,15,5,
2.024E+11,155 697 621,B01,1,1,0,2,1,1,5,
2.024E+11,155 697 613,A01,2,1,1,0,2,2,5,
2.024E+11,155 697 612,A01,1,7,0,1,1,15,1,
2.024E+11,155 697 611,A01,3,30,0,1,1,1,1,
2.024E+11,155 697 610,A01,2,1,0,1,1,1,5,
2.024E+11,155 697 605,A01,2,7,0,2,2,15,1,
2.024E+11,155 697 609,B01,1,50,0,2,1,1,3,
2.024E+11,155 697 607,A01,1,32,0,0,0,0,1,
2.024E+11,155 697 604,A01,3,32,0,2,4,1,1,
2.024E+11,155 697 602,A01,1,50,0,2,3,15,3,
2.024E+11,155 697 606,B01,3,7,0,2,2,1,2,
2.024E+11,155 697 601,B01,3,0,0,1,1,25,0,
2.024E+11,155 697 600,A01,1,7,0,1,8,1,1,
2.024E+11,155 697 596,A01,3,7,0,2,3,15,1,
2.024E+11,155 697 598,B01,3,50,0,2,1,2,3,
2.024E+11,155 697 597,A01,2,10,0,2,1,17,1,
2.024E+11,155 697 599,B01,1,10,0,2,1,1,1,
2.024E+11,155 697 603,D01,0,7,0,2,1,23,1,
2.024E+11,155 697 608,C01,0,7,0,2,8,24,1,
2.024E+11,155 697 594,A01,1,7,15,0,2,1,1,
2.024E+11,155 697 592,Z01,2,10,0,1,4,4,1,
2.024E+11,155 697 593,B01,3,43,0,2,1,18,0,
2.024E+11,155 697 595,A01,3,10,1,0,5,16,0,
2.024E+11,155 697 590,A01,1,7,1,0,3,2,2,
2.024E+11,155 697 587,A01,2,7,0,2,7,14,1,
2.024E+11,155 697 589,B01,2,50,0,2,3,1,3,
2.024E+11,155 697 591,A01,1,1,0,1,2,26,5,
2.024E+11,155 697 586,A01,3,50,0,1,1,18,3,
2.024E+11,155 697 585,B01,2,7,0,2,6,15,1,
2.024E+11,155 697 588,A01,2,33,0,2,1,2,1,
2.024E+11,155 697 584,A01,2,7,2,0,2,1,1,
2.024E+11,155 697 581,A01,2,7,0,1,1,15,1,
2.024E+11,155 697 582,A01,2,7,0,2,2,15,1,
2.024E+11,155 697 579,A01,3,37,0,2,3,1,0,1
2.024E+11,155 697 583,B01,0,7,0,2,7,0,1,
2.024E+11,155 697 578,B01,2,1,0,2,8,16,5,
2.024E+11,155 697 580,A01,2,37,0,2,2,16,2,1
2.024E+11,155 697 567,A01,0,7,0,2,1,19,1,
2.024E+11,155 697 577,B01,0,10,0,2,8,1,1,
2.024E+11,155 697 572,A01,1,2,0,2,1,17,1,
2.024E+11,155 697 576,B01,1,7,0,2,8,15,1,
2.024E+11,155 697 570,B01,1,33,0,2,1,0,1,
2.024E+11,155 697 574,A01,0,7,0,2,2,10,1,
2.024E+11,155 697 566,A01,1,10,0,2,2,1,1,
2.024E+11,155 697 569,B01,2,1,0,2,8,0,5,
2.024E+11,155 697 568,A01,3,1,0,2,0,1,5,
2.024E+11,155 697 573,B01,3,7,0,2,0,1,1,
2.024E+11,155 697 571,A01,1,7,0,2,1,1,1,
2.024E+11,155 697 575,B01,2,7,0,2,3,1,1,
2.024E+11,155 697 561,A01,2,7,0,1,3,1,1,
2.024E+11,155 697 563,A01,2,7,0,1,4,4,1,
2.024E+11,155 697 557,B01,2,33,0,2,7,26,1,
2.024E+11,155 697 560,A01,2,10,0,2,8,9,1,
2.024E+11,155 697 556,A01,2,7,0,0,2,19,0,
2.024E+11,155 697 564,B01,1,7,0,0,0,0,0,
2.024E+11,155 697 554,A01,1,50,0,2,1,19,3,
2.024E+11,155 697 562,B01,2,7,0,9,7,1,1,
2.024E+11,155 697 555,B01,2,33,0,2,1,5,0,
2.024E+11,155 697 559,A01,2,7,0,2,3,15,1,
2.024E+11,155 697 558,B01,2,30,0,2,1,1,1,
2.024E+11,155 697 565,A01,2,7,0,2,3,9,3,
2.024E+11,155 697 551,A01,0,10,0,2,2,1,1,
2.024E+11,155 697 553,B01,3,7,0,2,2,15,1,
2.024E+11,155 697 547,B01,3,33,0,0,0,0,1,
2.024E+11,155 697 552,A01,3,7,0,2,1,26,2,
2.024E+11,155 697 546,A01,1,60,0,2,7,14,5,
2.024E+11,155 697 549,B01,1,0,0,2,8,17,0,
2.024E+11,155 697 542,A01,1,10,0,2,1,2,1,
2.024E+11,155 697 550,B01,1,15,0,2,4,1,1,
2.024E+11,155 697 538,A01,2,10,0,2,1,15,1,
2.024E+11,155 697 543,B01,1,37,0,2,8,1,1,2
2.024E+11,155 697 537,A01,1,7,0,2,4,26,1,
2.024E+11,155 697 540,B01,1,32,12,2,1,13,1,
2.024E+11,155 697 539,A01,3,7,0,2,2,1,1,
2.024E+11,155 697 548,B01,3,10,0,2,3,1,1,
2.024E+11,155 697 535,A01,2,7,1,0,2,26,1,
2.024E+11,155 697 541,A01,2,7,9,2,1,16,1,
2.024E+11,155 697 544,B01,1,1,0,2,1,1,5,
2.024E+11,155 697 532,B01,1,7,0,2,7,1,1,
2.024E+11,155 697 545,A01,1,7,0,2,1,1,1,
2.024E+11,155 697 531,A01,1,7,9,0,2,19,1,
2.024E+11,155 697 530,A01,2,30,0,2,1,18,3,
2.024E+11,155 697 534,B01,1,7,0,2,2,15,1,
2.024E+11,155 697 528,B01,2,2,0,2,1,0,1,
2.024E+11,155 697 529,A01,1,7,0,2,1,15,1,
2.024E+11,155 697 526,A01,1,7,0,1,2,26,3,
2.024E+11,155 697 525,A01,3,31,16,0,0,1,1,
2.024E+11,155 697 527,A01,2,32,1,0,6,1,1,
2.024E+11,155 697 521,A01,3,7,0,2,1,24,1,
2.024E+11,155 697 522,B01,3,1,1,0,1,1,5,
2.024E+11,155 697 519,A01,3,7,0,2,7,2,1,
2.024E+11,155 697 524,Y01,3,80,0,2,8,2,3,
2.024E+11,155 697 520,B01,1,7,0,9,1,2,1,
2.024E+11,155 697 523,A01,1,1,0,2,1,2,5,
2.024E+11,155 697 516,A01,3,33,0,1,1,0,1,
2.024E+11,155 697 515,A01,1,7,0,9,1,1,1,
2.024E+11,155 697 518,Y01,3,1,0,2,8,26,5,
2.024E+11,155 697 514,A01,1,32,0,2,1,0,1,
2.024E+11,155 697 517,B01,1,7,0,0,6,1,2,
2.024E+11,155 697 513,A01,1,7,0,1,1,16,1,
2.024E+11,155 697 508,A01,3,1,0,0,0,1,5,
2.024E+11,155 697 506,A01,2,31,0,2,1,1,1,
2.024E+11,155 697 510,B01,1,7,0,2,2,21,1,
2.024E+11,155 697 509,A01,3,7,0,2,1,1,2,
2.024E+11,155 697 511,B01,3,7,0,2,7,1,1,
2.024E+11,155 697 504,B01,3,7,0,2,7,1,1,
2.024E+11,155 697 512,A01,3,2,16,2,1,2,1,
2.024E+11,155 697 502,A01,1,7,0,1,2,15,1,
2.024E+11,155 697 501,A01,2,7,0,2,6,16,1,
2.024E+11,155 697 505,B01,1,50,0,2,1,1,3,
2.024E+11,155 697 503,A01,2,7,0,9,7,18,1,
2.024E+11,155 697 507,B01,2,80,0,0,8,2,3,
2.024E+11,155 697 498,A01,1,7,0,2,2,15,1,
2.024E+11,155 697 499,B01,2,50,0,2,8,1,3,
2.024E+11,155 697 493,A01,1,7,6,2,1,21,1,
2.024E+11,155 697 492,B01,2,7,0,0,4,2,1,
2.024E+11,155 697 497,A01,2,2,0,2,1,2,1,
2.024E+11,155 697 491,Z01,3,7,0,9,0,0,0,
2.024E+11,155 697 495,B01,3,1,0,2,8,2,5,
2.024E+11,155 697 494,B01,1,7,0,9,2,21,1,
2.024E+11,155 697 500,A01,2,1,0,2,8,15,5,
2.024E+11,155 697 490,A01,1,7,8,0,1,13,1,
2.024E+11,155 697 489,B01,1,2,0,2,1,1,1,
2.024E+11,155 697 496,A01,1,10,0,2,7,15,1,
2.024E+11,155 697 484,A01,1,7,8,0,9,0,1,
2.024E+11,155 697 482,B01,2,80,0,2,1,1,3,
2.024E+11,155 697 487,A01,1,7,0,2,2,15,1,
2.024E+11,155 697 485,A01,1,7,0,1,2,1,1,
2.024E+11,155 697 481,B01,2,2,0,2,1,2,1,
2.024E+11,155 697 488,A01,2,2,0,0,9,1,1,
2.024E+11,155 697 479,A01,3,7,0,2,8,11,1,
2.024E+11,155 697 483,B01,3,33,0,2,7,17,1,
2.024E+11,155 697 478,A01,0,7,0,0,4,23,1,
2.024E+11,155 697 480,B01,0,10,0,2,1,1,1,
2.024E+11,155 697 476,A01,1,33,0,0,9,17,1,
2.024E+11,155 697 475,A01,3,32,0,0,0,0,1,
2.024E+11,155 697 473,A01,3,10,0,2,2,1,1,
2.024E+11,155 697 477,B01,3,7,0,2,3,15,1,
2.024E+11,155 697 470,A01,3,15,0,2,2,0,1,
2.024E+11,155 697 472,B01,3,7,0,2,3,0,1,
2.024E+11,155 697 469,A01,2,7,0,2,1,1,1,
2.024E+11,155 697 474,B01,2,10,0,2,6,9,1,
2.024E+11,155 697 465,A01,3,7,0,1,3,1,1,
2.024E+11,155 697 464,A01,1,10,0,2,3,13,1,
2.024E+11,155 697 468,B01,2,7,12,2,3,1,1,
2.024E+11,155 697 466,A01,1,32,0,2,3,10,1,
2.024E+11,155 697 471,B01,3,7,0,2,7,14,2,
2.024E+11,155 697 463,A01,1,50,0,2,1,19,3,
2.024E+11,155 697 467,B01,1,7,0,2,7,26,1,
2.024E+11,155 697 462,A01,1,15,13,0,3,21,1,
2.024E+11,155 697 459,B01,1,7,3,2,1,1,1,
2.024E+11,155 697 460,A01,1,7,0,2,4,1,1,
2.024E+11,155 697 455,B01,1,3,0,2,1,0,1,
2.024E+11,155 697 461,A01,3,7,0,2,1,9,1,
2.024E+11,155 697 453,A01,1,7,0,2,6,15,1,
2.024E+11,155 697 458,B01,2,33,0,2,1,1,1,
2.024E+11,155 697 450,B01,1,33,0,2,1,1,1,
2.024E+11,155 697 454,A01,1,10,0,2,8,15,1,
2.024E+11,155 697 451,B01,1,30,0,2,1,1,1,
2.024E+11,155 697 457,A01,2,7,0,2,1,5,1,
2.024E+11,155 697 447,A01,2,7,0,2,0,1,2,
2.024E+11,155 697 449,B01,0,50,0,2,0,19,3,
2.024E+11,155 697 445,A01,1,7,4,0,1,26,1,
2.024E+11,155 697 441,B01,3,7,0,2,5,1,1,
2.024E+11,155 697 444,A01,0,2,0,2,1,1,1,
2.024E+11,155 697 443,B01,1,7,0,2,4,0,1,
2.024E+11,155 697 446,C01,1,7,0,2,1,0,1,
2.024E+11,155 697 448,E01,1,34,0,2,0,0,3,
2.024E+11,155 697 452,A01,1,7,0,2,1,0,1,
2.024E+11,155 697 456,D01,1,7,0,2,0,0,1,
2.024E+11,155 697 439,A01,2,7,0,0,1,14,1,
2.024E+11,155 697 438,A01,3,32,0,2,1,9,1,
2.024E+11,155 697 440,B01,3,7,0,2,3,0,2,
2.024E+11,155 697 436,B01,1,7,0,2,4,2,2,
2.024E+11,155 697 442,A01,1,7,0,2,1,2,1,
2.024E+11,155 697 437,A01,2,7,8,0,1,1,1,
2.024E+11,155 697 430,A01,0,7,0,2,3,16,1,
2.024E+11,155 697 435,B01,1,2,0,2,1,1,0,
2.024E+11,155 697 434,A01,2,7,0,1,2,1,1,
2.024E+11,155 697 431,A01,1,7,0,0,3,9,1,
2.024E+11,155 697 433,B01,2,31,0,0,8,1,1,
2.024E+11,155 697 428,B01,1,7,0,2,4,23,1,
2.024E+11,155 697 432,A01,1,10,0,2,1,1,1,
2.024E+11,155 697 429,A01,2,30,0,0,7,16,1,
2.024E+11,155 697 426,A01,3,36,0,0,9,23,1,
2.024E+11,155 697 425,A01,1,33,0,2,8,9,1,
2.024E+11,155 697 427,B01,1,7,0,2,0,1,1,
2.024E+11,155 697 423,A01,1,7,0,1,8,15,0,
2.024E+11,155 697 420,A01,1,7,0,2,3,19,1,
2.024E+11,155 697 424,B01,1,80,0,2,2,1,3,
2.024E+11,155 697 419,A01,2,7,1,2,3,15,1,
2.024E+11,155 697 422,B01,2,34,0,2,1,1,1,
2.024E+11,155 697 418,A01,2,7,13,0,2,1,1,
2.024E+11,155 697 416,A01,1,33,0,1,1,1,1,
2.024E+11,155 697 417,A01,1,7,0,1,2,16,2,
2.024E+11,155 697 415,A01,1,7,0,2,3,19,1,
2.024E+11,155 697 421,B01,1,7,0,2,1,1,1,
2.024E+11,155 697 410,A01,2,7,0,2,3,15,1,
2.024E+11,155 697 414,B01,1,33,0,2,1,1,1,
2.024E+11,155 697 409,A01,1,7,1,0,3,13,1,
2.024E+11,155 697 411,A01,2,33,0,1,1,1,1,
2.024E+11,155 697 405,A01,1,33,0,2,8,21,1,
2.024E+11,155 697 408,B01,2,7,0,2,3,17,0,
2.024E+11,155 697 407,B01,2,60,0,2,1,1,5,
2.024E+11,155 697 412,A01,1,7,0,2,2,15,1,
2.024E+11,155 697 406,B01,1,7,0,2,1,15,1,
2.024E+11,155 697 413,A01,2,33,0,2,1,1,1,
2.024E+11,155 697 399,A01,1,7,0,2,1,13,1,
2.024E+11,155 697 404,B01,1,7,0,2,2,1,1,
2.024E+11,155 697 398,A01,2,34,2,0,1,1,1,
2.024E+11,155 697 397,B01,3,50,0,2,7,1,3,
2.024E+11,155 697 401,Z01,3,10,0,2,8,2,0,
2.024E+11,155 697 395,A01,2,7,0,0,9,1,2,
2.024E+11,155 697 396,C01,2,7,0,2,1,1,1,
2.024E+11,155 697 402,B01,1,7,0,2,9,1,1,
2.024E+11,155 697 394,A01,2,7,0,2,7,15,1,
2.024E+11,155 697 403,B01,1,7,0,2,1,1,1,
2.024E+11,155 697 392,B01,3,33,0,2,2,26,1,
2.024E+11,155 697 393,A01,0,10,0,2,6,15,1,
2.024E+11,155 697 388,A01,1,14,0,2,2,16,1,
2.024E+11,155 697 390,B01,2,7,12,2,2,26,1,
2.024E+11,155 697 400,A01,1,34,0,1,1,0,1,
2.024E+11,155 697 387,A01,1,33,12,0,1,1,1,
2.024E+11,155 697 386,A01,1,10,0,2,1,1,3,
2.024E+11,155 697 389,B01,1,7,0,2,4,1,1,
2.024E+11,155 697 391,C01,1,7,0,2,4,1,1,
2.024E+11,155 697 384,B01,2,7,0,2,1,5,1,
2.024E+11,155 697 385,A01,1,7,0,2,1,5,1,
2.024E+11,155 697 382,B01,2,20,0,2,4,2,1,
2.024E+11,155 697 383,A01,2,10,0,2,1,2,1,
2.024E+11,155 697 380,A01,2,7,13,0,9,13,1,
2.024E+11,155 697 377,A01,1,1,0,1,1,1,5,
2.024E+11,155 697 374,A01,1,7,0,2,3,9,1,
2.024E+11,155 697 381,B01,2,50,0,2,0,0,3,
2.024E+11,155 697 376,A01,1,10,0,2,7,15,0,
2.024E+11,155 697 379,B01,2,50,0,2,1,1,3,
2.024E+11,155 697 372,A01,2,15,0,2,2,12,1,
2.024E+11,155 697 375,B01,2,7,0,2,8,1,1,
2.024E+11,155 697 371,A01,2,7,0,0,9,1,1,
2.024E+11,155 697 369,A01,3,33,13,0,1,1,1,
2.024E+11,155 697 363,A01,2,50,0,2,1,19,3,
2.024E+11,155 697 370,B01,3,7,0,2,8,2,3,
2.024E+11,155 697 365,A01,1,7,0,2,1,2,3,
2.024E+11,155 697 367,B01,1,7,0,2,4,2,1,
2.024E+11,155 697 364,B01,2,7,0,2,6,17,2,
2.024E+11,155 697 366,A01,2,33,0,2,1,21,1,
2.024E+11,155 697 362,A01,1,13,0,1,0,1,1,
2.024E+11,155 697 361,B01,2,7,0,2,1,0,1,
2.024E+11,155 697 368,A01,1,7,0,2,8,1,1,
2.024E+11,155 697 360,A01,0,14,8,0,3,2,1,
2.024E+11,155 697 358,B01,2,7,0,2,3,11,1,
2.024E+11,155 697 359,A01,2,43,0,2,1,3,1,
2.024E+11,155 697 356,A01,2,7,0,1,1,1,1,
2.024E+11,155 697 350,C01,1,33,14,0,9,19,1,
2.024E+11,155 697 353,A01,1,15,0,2,9,19,1,
2.024E+11,155 697 357,B01,1,7,0,2,1,1,3,
2.024E+11,155 697 351,B01,2,10,0,0,6,2,1,
2.024E+11,155 697 354,A01,2,1,0,2,1,2,5,
2.024E+11,155 697 348,B01,2,7,3,2,4,1,1,
2.024E+11,155 697 352,A01,2,10,0,2,2,17,1,
2.024E+11,155 697 347,A01,1,17,0,2,7,12,1,
2.024E+11,155 697 349,B01,1,7,0,2,8,1,1,
2.024E+11,155 697 346,A01,2,7,2,0,3,1,1,
2.024E+11,155 697 345,A01,2,10,0,0,5,2,1,
2.024E+11,155 697 344,A01,1,7,0,2,3,1,1,
2.024E+11,155 697 355,B01,2,33,0,2,1,0,1,
2.024E+11,155 697 339,A01,2,7,0,2,3,13,1,
2.024E+11,155 697 343,B01,1,7,1,2,3,2,1,
2.024E+11,155 697 340,B01,2,7,0,2,7,1,1,
2.024E+11,155 697 342,A01,2,43,0,2,7,1,1,
2.024E+11,155 697 338,B01,2,15,0,2,6,12,1,
2.024E+11,155 697 341,A01,2,7,4,2,2,11,1,
2.024E+11,155 697 334,A01,1,7,0,2,5,12,2,
2.024E+11,155 697 337,B01,1,33,0,2,3,1,1,
2.024E+11,155 697 333,A01,1,7,0,2,3,15,2,
2.024E+11,155 697 335,B01,2,31,0,2,1,1,1,
2.024E+11,155 697 332,A01,1,7,0,2,3,13,1,
2.024E+11,155 697 336,B01,2,33,0,2,1,1,1,
2.024E+11,155 697 329,A01,1,33,0,2,1,3,2,
2.024E+11,155 697 331,B01,1,7,0,2,5,12,1,
2.024E+11,155 697 328,A01,1,7,2,0,3,0,1,
2.024E+11,155 697 326,A01,1,7,13,0,1,13,1,
2.024E+11,155 697 323,A01,1,7,0,0,2,15,1,
2.024E+11,155 697 330,B01,1,14,0,2,8,2,1,
2.024E+11,155 697 320,A01,1,10,1,0,3,2,1,
2.024E+11,155 697 325,B01,1,7,0,2,5,24,1,
2.024E+11,155 697 327,C01,1,7,0,2,4,24,1,
2.024E+11,155 697 321,A01,2,7,0,2,6,2,0,
2.024E+11,155 697 324,B01,2,31,0,2,2,2,0,
2.024E+11,155 697 319,B01,3,17,0,2,8,9,1,
2.024E+11,155 697 322,A01,2,17,0,2,1,1,1,
2.024E+11,155 697 317,Z01,1,32,0,1,1,1,0,
2.024E+11,155 697 316,A01,0,7,0,1,0,0,0,
2.024E+11,155 697 312,B01,2,32,0,2,8,0,1,
2.024E+11,155 697 315,A01,2,7,0,2,7,0,2,
2.024E+11,155 697 314,A01,2,10,0,2,8,15,1,
2.024E+11,155 697 318,B01,1,32,0,2,1,1,1,
2.024E+11,155 697 313,A01,0,33,0,0,0,0,1,
2.024E+11,155 697 311,A01,2,7,0,1,2,2,2,
2.024E+11,155 697 309,A01,1,7,0,1,2,1,1,
2.024E+11,155 697 307,A01,1,7,0,2,1,1,1,
2.024E+11,155 697 310,B01,2,7,0,2,1,1,1,
2.024E+11,155 697 306,A01,2,33,0,2,3,3,1,
2.024E+11,155 697 308,B01,2,7,0,2,2,1,2,
2.024E+11,155 697 305,A01,1,2,3,0,3,1,1,
2.024E+11,155 697 298,A01,3,7,0,1,2,20,1,
2.024E+11,155 697 300,A01,1,7,0,2,4,1,1,
2.024E+11,155 697 304,B01,1,7,0,0,4,2,1,
2.024E+11,155 697 296,B01,2,7,0,9,1,0,1,
2.024E+11,155 697 301,A01,2,7,4,0,1,13,1,
2.024E+11,155 697 294,B01,2,10,0,2,8,1,1,
2.024E+11,155 697 303,A01,3,1,0,2,1,1,5,
2.024E+11,155 697 295,A01,1,7,0,2,2,17,0,
2.024E+11,155 697 299,B01,1,1,0,2,8,1,5,
2.024E+11,155 697 297,A01,1,2,0,2,1,1,1,
2.024E+11,155 697 302,B01,2,7,0,2,3,9,1,
2.024E+11,155 697 291,A01,2,7,3,0,3,21,1,
2.024E+11,155 697 288,A01,1,7,0,2,1,2,1,
2.024E+11,155 697 292,B01,1,7,0,2,4,2,1,
2.024E+11,155 697 290,A01,2,80,0,0,1,2,3,
2.024E+11,155 697 287,A01,1,7,0,2,1,1,1,
2.024E+11,155 697 289,B01,2,2,0,2,1,5,1,
2.024E+11,155 697 285,A01,2,7,0,9,3,16,1,
2.024E+11,155 697 293,B01,2,1,0,2,7,1,5,
2.024E+11,155 697 283,B01,1,1,0,2,4,2,5,
2.024E+11,155 697 286,A01,1,1,0,2,1,2,5,
2.024E+11,155 697 280,A01,3,7,0,9,3,9,3,
2.024E+11,155 697 284,B01,3,1,0,2,2,1,5,
2.024E+11,155 697 278,A01,1,7,1,0,1,24,1,
2.024E+11,155 697 281,B01,1,7,0,2,4,24,2,
2.024E+11,155 697 279,B01,3,10,0,2,2,9,1,
2.024E+11,155 697 282,A01,3,2,0,2,1,1,1,
2.024E+11,155 697 276,A01,2,7,0,2,6,1,1,
2.024E+11,155 697 277,B01,1,33,0,2,6,13,1,
2.024E+11,155 697 275,A01,2,7,8,0,8,1,1,
2.024E+11,155 697 273,A01,3,7,0,5,4,14,1,
2.024E+11,155 697 271,A01,1,7,8,0,1,26,0,
2.024E+11,155 697 272,A01,1,80,0,2,1,1,3,
2.024E+11,155 697 269,A01,2,2,0,0,0,1,1,
2.024E+11,155 697 267,A01,1,7,1,0,1,2,1,
2.024E+11,155 697 270,B01,1,7,0,2,4,2,1,
2.024E+11,155 697 274,C01,1,7,0,2,4,1,1,
2.024E+11,155 697 265,A01,1,7,0,2,1,13,1,
2.024E+11,155 697 268,B01,2,7,0,2,1,1,1,
2.024E+11,155 697 260,B01,0,7,0,2,3,0,1,
2.024E+11,155 697 266,A01,1,7,0,2,1,0,1,
2.024E+11,155 697 261,A01,2,50,0,1,1,1,3,
2.024E+11,155 697 259,A01,1,7,0,0,4,23,3,
2.024E+11,155 697 263,B01,1,7,0,2,1,2,1,
2.024E+11,155 697 262,B01,1,7,0,2,3,1,1,
2.024E+11,155 697 264,A01,1,7,0,2,0,19,1,
2.024E+11,155 697 258,A01,0,7,0,1,8,1,1,
2.024E+11,155 697 255,A01,1,1,0,0,0,0,5,
2.024E+11,155 697 253,B01,3,7,0,2,3,1,3,
2.024E+11,155 697 257,A01,3,2,0,2,7,26,1,
2.024E+11,155 697 252,A01,1,2,0,2,1,13,1,
2.024E+11,155 697 254,B01,2,7,0,2,1,13,1,
2.024E+11,155 697 250,A01,1,7,0,2,2,1,2,
2.024E+11,155 697 256,B01,2,1,0,2,7,1,5,
2.024E+11,155 697 247,A01,1,7,0,0,1,1,1,
2.024E+11,155 697 251,B01,2,7,0,0,0,5,0,
2.024E+11,155 697 248,A01,3,99,0,2,0,19,1,
2.024E+11,155 697 249,B01,3,7,0,2,1,19,1,
2.024E+11,155 697 246,A01,1,7,0,1,1,1,1,
2.024E+11,155 697 245,A01,2,10,2,0,2,0,1,
2.024E+11,155 697 244,A01,1,10,0,1,3,15,1,
2.024E+11,155 697 239,A01,2,7,0,0,4,0,1,
2.024E+11,155 697 241,B01,2,10,0,2,1,0,1,
2.024E+11,155 697 240,A01,2,7,0,2,1,1,-1,
2.024E+11,155 697 243,B01,2,32,0,2,2,1,-1,
2.024E+11,155 697 237,A01,1,7,0,1,3,1,1,
2.024E+11,155 697 233,B01,2,7,0,2,6,1,0,
2.024E+11,155 697 238,A01,2,10,0,2,2,17,1,
2.024E+11,155 697 242,C01,1,7,0,9,8,0,1,
2.024E+11,155 697 234,B01,1,2,0,2,2,1,3,
2.024E+11,155 697 236,A01,1,1,0,2,8,15,5,
2.024E+11,155 697 230,A01,2,2,12,0,1,9,1,
2.024E+11,155 697 232,A01,3,2,0,2,1,13,1,
2.024E+11,155 697 235,B01,3,7,0,2,3,1,1,
2.024E+11,155 697 228,A01,2,7,0,2,3,15,1,
2.024E+11,155 697 231,B01,1,7,0,2,3,1,1,
2.024E+11,155 697 227,A01,2,7,6,0,3,19,1,
2.024E+11,155 697 229,B01,1,7,0,0,1,1,1,