Num_Acc,id_vehicule,num_veh,senc,catv,obs,obsm,choc,manv,motor,occutc
2.024E+11,155 696 296,A01,2,31,0,2,7,2,1,
2.024E+11,155 696 291,A01,2,7,2,1,1,1,2,
2.024E+11,155 696 292,B01,0,43,0,2,2,23,1,
2.024E+11,155 696 293,C01,0,7,0,2,3,23,1,
2.024E+11,155 696 294,A01,0,32,0,2,3,3,1,
2.024E+11,155 696 289,A01,1,7,0,2,1,26,1,
2.024E+11,155 696 290,B01,2,1,0,2,1,23,5,
2.024E+11,155 696 287,A01,1,7,0,2,7,15,1,
2.024E+11,155 696 288,B01,2,43,0,2,3,0,1,
2.024E+11,155 696 285,B01,1,30,0,2,1,1,3,
2.024E+11,155 696 286,A01,1,7,0,2,2,23,1,
2.024E+11,155 696 283,A01,0,7,0,2,3,15,1,
2.024E+11,155 696 284,B01,0,33,0,2,8,1,1,
2.024E+11,155 696 282,A01,1,32,0,1,3,3,1,
2.024E+11,155 696 281,A01,1,34,0,1,1,1,1,
2.024E+11,155 696 278,A01,1,7,0,2,3,15,1,
2.024E+11,155 696 280,B01,2,32,0,2,3,1,1,
2.024E+11,155 696 277,A01,3,33,0,2,4,1,1,
2.024E+11,155 696 279,B01,3,0,0,2,0,0,0,
2.024E+11,155 696 276,A01,1,33,0,0,1,1,1,
2.024E+11,155 696 273,A01,3,1,0,2,8,1,5,
2.024E+11,155 696 274,B01,3,33,0,2,1,1,1,
2.024E+11,155 696 272,A01,2,7,0,2,3,13,1,
2.024E+11,155 696 275,B01,1,7,0,2,3,1,1,
2.024E+11,155 696 270,A01,1,80,0,2,3,11,3,
2.024E+11,155 696 271,B01,2,31,0,9,3,1,0,
2.024E+11,155 696 269,A01,3,10,0,1,3,2,1,
2.024E+11,155 696 267,A01,1,7,2,0,1,0,1,
2.024E+11,155 696 266,A01,1,7,0,2,1,13,1,
2.024E+11,155 696 268,B01,2,15,0,2,1,1,1,
2.024E+11,155 696 263,B01,3,10,0,9,5,12,1,
2.024E+11,155 696 265,A01,3,50,0,2,1,3,3,
2.024E+11,155 696 262,A01,2,7,0,2,8,16,1,
2.024E+11,155 696 264,B01,2,7,0,2,7,1,1,
2.024E+11,155 696 260,A01,1,7,0,2,1,2,1,
2.024E+11,155 696 261,B01,2,31,0,2,4,1,1,
2.024E+11,155 696 259,A01,3,7,3,0,2,1,1,
2.024E+11,155 696 257,B01,1,7,0,2,3,1,1,
2.024E+11,155 696 258,A01,2,7,0,2,1,1,1,
2.024E+11,155 696 256,A01,1,7,0,1,2,15,1,
2.024E+11,155 696 255,A01,0,33,0,1,0,1,1,
2.024E+11,155 696 253,A01,1,10,0,0,3,22,1,
2.024E+11,155 696 254,B01,1,1,0,0,7,21,5,
2.024E+11,155 696 250,D01,2,14,0,2,0,0,0,
2.024E+11,155 696 251,A01,2,15,0,2,0,13,1,
2.024E+11,155 696 252,C01,2,14,0,2,0,24,1,
2.024E+11,155 696 249,A01,3,7,0,1,2,0,1,
2.024E+11,155 696 247,A01,3,7,0,2,3,9,1,
2.024E+11,155 696 248,B01,3,2,0,2,2,0,3,
2.024E+11,155 696 245,A01,1,7,0,2,6,11,1,
2.024E+11,155 696 246,B01,1,31,0,2,1,1,1,
2.024E+11,155 696 243,A01,1,7,0,2,1,17,1,
2.024E+11,155 696 244,B01,2,7,0,2,1,1,1,
2.024E+11,155 696 241,B01,1,7,0,2,1,1,1,
2.024E+11,155 696 242,A01,2,7,0,2,1,13,1,
2.024E+11,155 696 240,A01,1,33,3,0,1,1,1,
2.024E+11,155 696 239,A01,2,7,0,1,1,1,1,
2.024E+11,155 696 237,A01,3,1,0,2,1,2,5,
2.024E+11,155 696 238,B01,3,21,0,0,4,2,1,
2.024E+11,155 696 234,A01,2,10,0,2,3,17,1,
2.024E+11,155 696 235,B01,2,14,13,2,3,1,1,
2.024E+11,155 696 236,C01,1,10,0,2,8,1,1,
2.024E+11,155 696 233,A01,1,7,3,0,3,2,1,
2.024E+11,155 696 232,A01,2,7,0,0,1,1,1,
2.024E+11,155 696 231,A01,2,7,0,1,3,1,1,
2.024E+11,155 696 230,A01,1,10,2,0,1,14,1,
2.024E+11,155 696 229,A01,1,33,0,0,0,1,1,
2.024E+11,155 696 228,A01,1,7,10,0,1,14,1,
2.024E+11,155 696 226,A01,2,7,0,2,5,23,1,
2.024E+11,155 696 227,B01,2,7,0,2,3,2,1,
2.024E+11,155 696 225,A01,1,7,13,0,9,1,1,
2.024E+11,155 696 224,A01,1,7,8,0,3,1,1,
2.024E+11,155 696 223,A01,1,10,0,0,2,1,1,
2.024E+11,155 696 222,A01,1,7,0,0,0,1,0,
2.024E+11,155 696 221,A01,1,7,8,0,1,0,1,
2.024E+11,155 696 220,A01,1,7,13,0,2,0,1,
2.024E+11,155 696 218,A01,1,7,0,2,2,1,1,
2.024E+11,155 696 219,B01,2,7,0,2,2,19,1,
2.024E+11,155 696 217,A01,1,32,0,0,0,2,1,
2.024E+11,155 696 215,A01,1,7,0,1,2,1,1,
2.024E+11,155 696 212,A01,1,3,0,2,4,2,1,
2.024E+11,155 696 213,B01,1,1,0,2,4,2,5,
2.024E+11,155 696 214,C01,1,7,0,2,1,1,1,
2.024E+11,155 696 210,A01,1,7,0,2,3,15,1,
2.024E+11,155 696 211,B01,1,33,8,2,9,17,1,
2.024E+11,155 696 208,A01,1,7,0,0,2,15,1,
2.024E+11,155 696 209,B01,2,2,0,2,1,1,1,
2.024E+11,155 696 206,A01,2,7,0,2,1,5,1,
2.024E+11,155 696 207,B01,1,7,0,2,1,1,1,
2.024E+11,155 696 204,A01,1,7,0,2,1,1,1,
2.024E+11,155 696 205,B01,1,7,0,2,1,9,1,
2.024E+11,155 696 202,A01,2,7,0,2,3,13,1,
2.024E+11,155 696 203,B01,1,7,0,2,3,1,1,
2.024E+11,155 696 200,A01,0,33,1,0,1,1,1,
2.024E+11,155 696 201,B01,3,7,0,2,4,24,1,
2.024E+11,155 696 199,A01,1,10,0,1,2,21,1,
2.024E+11,155 696 197,A01,2,50,0,2,4,1,3,
2.024E+11,155 696 198,B01,2,7,0,9,1,1,1,
2.024E+11,155 696 195,A01,3,7,0,2,1,2,1,
2.024E+11,155 696 196,B01,3,1,0,2,4,2,5,
2.024E+11,155 696 191,C01,1,7,0,2,4,1,1,
2.024E+11,155 696 192,A01,1,7,0,2,1,1,1,
2.024E+11,155 696 193,B01,1,7,0,2,4,1,1,
2.024E+11,155 696 190,A01,1,10,4,0,3,21,1,
2.024E+11,155 696 188,B01,2,10,0,2,4,2,1,
2.024E+11,155 696 189,A01,2,10,0,2,1,2,1,
2.024E+11,155 696 186,A01,0,30,7,0,1,26,1,
2.024E+11,155 696 185,A01,2,7,0,2,1,1,1,
2.024E+11,155 696 187,B01,2,7,0,2,4,1,1,
2.024E+11,155 696 184,A01,2,7,16,0,9,1,1,
2.024E+11,155 696 182,A01,3,33,12,0,0,17,1,
2.024E+11,155 696 181,A01,1,7,0,2,3,2,1,
2.024E+11,155 696 183,B01,1,7,0,2,5,2,1,
2.024E+11,155 696 179,A01,3,37,0,1,1,15,3,1
2.024E+11,155 696 177,A01,1,7,4,2,4,23,1,
2.024E+11,155 696 178,B01,1,7,0,2,1,2,1,
2.024E+11,155 696 180,C01,1,7,0,2,3,1,2,
2.024E+11,155 696 175,A01,2,7,0,2,1,9,1,
2.024E+11,155 696 176,B01,2,7,0,2,7,26,1,
2.024E+11,155 696 173,A01,2,10,0,2,3,14,1,
2.024E+11,155 696 174,B01,2,7,0,2,5,1,3,
2.024E+11,155 696 171,A01,3,7,0,2,7,15,1,
2.024E+11,155 696 172,B01,3,33,0,2,1,2,1,
2.024E+11,155 696 168,A01,2,7,4,2,2,1,1,
2.024E+11,155 696 170,B01,2,10,4,2,4,0,2,
2.024E+11,155 696 167,A01,1,7,0,2,1,1,1,
2.024E+11,155 696 169,B01,2,37,0,2,1,15,1,1
2.024E+11,155 696 163,Z01,2,10,0,2,1,0,1,
2.024E+11,155 696 165,A01,2,7,0,2,4,2,1,
2.024E+11,155 696 162,A01,2,7,1,0,1,11,1,
2.024E+11,155 696 164,C01,2,7,0,2,5,1,1,
2.024E+11,155 696 166,B01,0,7,0,2,4,23,1,
2.024E+11,155 696 158,B01,1,7,0,2,4,2,2,
2.024E+11,155 696 160,A01,1,33,0,2,2,2,1,
2.024E+11,155 696 157,B01,1,7,0,2,4,2,1,
2.024E+11,155 696 159,C01,1,10,0,2,4,2,1,
2.024E+11,155 696 161,A01,1,7,0,2,1,2,1,
2.024E+11,155 696 156,A01,1,33,0,1,1,26,1,
2.024E+11,155 696 153,A01,1,80,0,2,1,1,3,
2.024E+11,155 696 154,B01,1,80,0,2,1,1,3,
2.024E+11,155 696 152,A01,2,10,0,2,1,1,1,
2.024E+11,155 696 155,B01,1,38,0,2,7,1,1,2
2.024E+11,155 696 150,A01,2,31,0,1,6,1,3,
2.024E+11,155 696 149,A01,3,7,0,2,6,15,1,
2.024E+11,155 696 151,B01,3,37,0,2,2,1,1,1
2.024E+11,155 696 148,A01,2,1,8,0,0,1,5,
2.024E+11,155 696 145,A01,2,7,0,2,8,19,1,
2.024E+11,155 696 147,B01,2,31,0,2,1,1,1,
2.024E+11,155 696 144,B01,1,1,0,2,1,1,5,
2.024E+11,155 696 146,A01,2,50,0,2,2,5,3,
2.024E+11,155 696 141,A01,2,2,0,2,7,25,1,
2.024E+11,155 696 143,B01,2,80,0,2,1,1,3,
2.024E+11,155 696 140,B01,1,7,0,2,1,1,1,
2.024E+11,155 696 142,A01,2,10,0,2,7,15,1,
2.024E+11,155 696 137,A01,3,7,3,0,1,9,1,
2.024E+11,155 696 138,B01,2,33,0,2,2,1,1,
2.024E+11,155 696 139,A01,2,10,0,2,3,11,1,
2.024E+11,155 696 136,A01,1,1,4,0,1,1,5,
2.024E+11,155 696 134,A01,1,7,0,2,2,15,1,
2.024E+11,155 696 135,B01,2,2,0,2,1,1,3,
2.024E+11,155 696 133,A01,1,7,0,1,1,1,1,
2.024E+11,155 696 131,B01,2,10,0,2,1,15,1,
2.024E+11,155 696 132,A01,1,30,0,2,1,1,1,
2.024E+11,155 696 126,A01,2,7,0,2,3,1,1,
2.024E+11,155 696 127,B01,3,50,0,2,1,1,3,
2.024E+11,155 696 128,A01,2,10,0,2,1,1,1,
2.024E+11,155 696 130,B01,2,7,0,2,4,23,1,
2.024E+11,155 696 125,A01,2,7,0,2,1,17,0,
2.024E+11,155 696 129,B01,2,7,0,0,4,1,1,
2.024E+11,155 696 122,A01,1,37,0,2,1,26,0,1
2.024E+11,155 696 124,B01,2,7,0,2,2,26,1,
2.024E+11,155 696 119,B01,1,33,0,2,1,1,1,
2.024E+11,155 696 121,A01,1,7,0,2,1,9,1,
2.024E+11,155 696 120,B01,0,1,0,2,1,1,5,
2.024E+11,155 696 123,A01,3,7,0,0,6,1,1,
2.024E+11,155 696 118,A01,2,32,1,0,3,18,1,
2.024E+11,155 696 115,A01,3,7,0,2,1,13,1,
2.024E+11,155 696 117,B01,3,7,0,2,1,1,1,
2.024E+11,155 696 116,A01,1,7,2,0,0,14,1,
2.024E+11,155 696 113,B01,1,33,0,2,4,11,1,
2.024E+11,155 696 114,A01,1,16,0,2,2,12,1,
2.024E+11,155 696 112,A01,1,7,0,1,7,1,1,
2.024E+11,155 696 111,A01,1,2,2,0,1,14,1,
2.024E+11,155 696 109,B01,2,7,0,2,1,1,1,
2.024E+11,155 696 110,A01,1,7,0,2,1,13,1,
2.024E+11,155 696 107,A01,1,7,0,2,0,0,1,
2.024E+11,155 696 108,B01,1,7,0,2,4,0,1,
2.024E+11,155 696 106,A01,2,33,8,0,1,14,1,
2.024E+11,155 696 103,A01,1,30,0,0,0,26,1,
2.024E+11,155 696 104,A01,2,32,0,2,3,21,1,
2.024E+11,155 696 105,B01,2,50,0,2,3,1,3,
2.024E+11,155 696 102,A01,1,3,2,0,1,1,1,
2.024E+11,155 696 099,A01,0,33,0,2,8,26,1,
2.024E+11,155 696 101,B01,0,37,0,2,1,15,1,1
2.024E+11,155 696 097,B01,3,34,0,2,1,9,1,
2.024E+11,155 696 100,A01,3,7,0,2,1,5,1,
2.024E+11,155 696 096,A01,1,30,0,0,0,1,1,
2.024E+11,155 696 094,A01,2,7,12,0,4,1,1,
2.024E+11,155 696 098,B01,2,7,11,2,1,1,1,
2.024E+11,155 696 092,B01,1,7,0,2,4,2,1,
2.024E+11,155 696 095,Z01,1,7,0,2,1,2,1,
2.024E+11,155 696 091,B01,1,7,0,2,3,1,1,
2.024E+11,155 696 093,A01,3,1,0,2,1,1,5,
2.024E+11,155 696 089,A01,3,7,14,0,1,0,1,
2.024E+11,155 696 087,B01,2,31,0,2,3,1,1,
2.024E+11,155 696 090,A01,1,7,0,2,3,15,1,
2.024E+11,155 696 086,B01,2,7,0,2,7,1,1,
2.024E+11,155 696 088,A01,2,7,0,2,1,15,0,
2.024E+11,155 696 084,A01,2,7,0,2,3,10,1,
2.024E+11,155 696 085,B01,2,33,0,2,8,1,1,
2.024E+11,155 696 082,A01,1,30,0,2,4,23,1,
2.024E+11,155 696 083,B01,1,7,0,2,3,17,1,
2.024E+11,155 696 081,A01,2,7,0,0,0,1,1,
2.024E+11,155 696 080,A01,2,50,14,0,1,1,3,
2.024E+11,155 696 078,B01,1,7,0,2,4,2,1,
2.024E+11,155 696 079,A01,1,30,0,2,1,2,1,
2.024E+11,155 696 076,Z01,2,7,0,1,0,0,0,
2.024E+11,155 696 074,A01,1,7,0,2,3,15,1,
2.024E+11,155 696 077,B01,2,33,0,2,0,0,1,
2.024E+11,155 696 075,A01,1,10,2,0,1,1,1,
2.024E+11,155 696 071,A01,3,10,0,2,1,16,1,
2.024E+11,155 696 073,B01,0,50,0,2,7,26,3,
2.024E+11,155 696 070,A01,0,7,0,2,7,19,0,
2.024E+11,155 696 072,B01,0,7,0,2,1,1,0,
2.024E+11,155 696 067,B01,2,7,0,2,5,1,1,
2.024E+11,155 696 068,C01,2,7,0,2,5,1,1,
2.024E+11,155 696 069,A01,2,7,0,2,8,11,1,
2.024E+11,155 696 064,A01,1,32,0,2,1,26,1,
2.024E+11,155 696 066,B01,1,7,0,2,2,15,1,
2.024E+11,155 696 063,A01,2,7,0,2,1,1,1,
2.024E+11,155 696 065,B01,3,60,0,2,8,19,5,
2.024E+11,155 696 062,A01,2,7,4,0,3,2,1,
2.024E+11,155 696 057,A01,0,7,1,0,1,1,1,
2.024E+11,155 696 059,C01,0,7,1,0,0,0,1,
2.024E+11,155 696 061,D01,0,7,1,0,0,0,1,
2.024E+11,155 696 058,A01,3,7,0,2,2,15,1,
2.024E+11,155 696 060,B01,3,1,0,2,1,1,5,
2.024E+11,155 696 053,A01,2,7,6,1,3,23,1,
2.024E+11,155 696 054,A01,2,7,0,2,2,26,1,
2.024E+11,155 696 056,B01,2,7,0,2,6,1,1,
2.024E+11,155 696 052,B01,2,7,0,0,0,0,0,
2.024E+11,155 696 055,A01,1,30,0,2,0,9,1,
2.024E+11,155 696 046,A01,1,7,0,2,5,21,1,
2.024E+11,155 696 051,B01,1,7,0,2,1,1,1,
2.024E+11,155 696 047,A01,1,7,0,2,1,2,3,
2.024E+11,155 696 049,B01,1,10,0,2,4,2,1,
2.024E+11,155 696 045,A01,1,7,0,2,2,1,1,
2.024E+11,155 696 048,B01,1,10,0,2,1,1,1,
2.024E+11,155 696 050,C01,1,7,0,2,6,23,1,
2.024E+11,155 696 044,A01,2,2,2,0,1,14,1,
2.024E+11,155 696 039,A01,1,7,0,2,1,1,1,
2.024E+11,155 696 042,B01,1,7,0,2,4,1,1,
2.024E+11,155 696 038,A01,2,33,0,2,7,17,1,
2.024E+11,155 696 040,B01,2,7,0,2,6,1,2,
2.024E+11,155 696 041,A01,2,33,0,2,1,1,1,
2.024E+11,155 696 043,B01,2,10,0,2,5,1,1,
2.024E+11,155 696 035,A01,2,7,6,1,1,13,1,
2.024E+11,155 696 036,A01,1,33,0,2,1,2,1,
2.024E+11,155 696 037,B01,1,7,0,2,6,0,1,
2.024E+11,155 696 033,A01,1,7,0,9,1,15,1,
2.024E+11,155 696 034,B01,3,50,0,0,7,19,3,
2.024E+11,155 696 032,A01,3,2,0,0,7,14,1,
2.024E+11,155 696 031,A01,1,32,0,2,8,1,1,
2.024E+11,155 696 028,A01,1,7,0,2,7,16,1,
2.024E+11,155 696 030,B01,1,31,0,2,7,1,1,
2.024E+11,155 696 026,B01,1,7,0,2,1,1,1,
2.024E+11,155 696 029,A01,2,33,0,2,1,13,1,
2.024E+11,155 696 024,A01,2,7,0,2,2,2,1,
2.024E+11,155 696 025,B01,2,7,0,2,6,2,1,
2.024E+11,155 696 027,C01,2,15,0,2,6,2,1,
2.024E+11,155 696 023,A01,3,80,0,0,0,1,3,
2.024E+11,155 696 022,A01,2,7,0,1,1,1,1,
2.024E+11,155 696 018,A01,2,7,0,2,8,11,1,
2.024E+11,155 696 021,B01,2,33,0,2,2,3,1,
2.024E+11,155 696 017,A01,2,7,0,2,1,2,1,
2.024E+11,155 696 020,B01,2,3,0,2,4,2,1,
2.024E+11,155 696 016,A01,1,7,0,2,2,1,1,
2.024E+11,155 696 019,B01,1,7,0,2,1,16,1,
2.024E+11,155 696 013,A01,2,7,0,1,1,1,1,
2.024E+11,155 696 012,A01,2,7,0,2,1,2,1,
2.024E+11,155 696 014,B01,2,10,0,0,4,1,1,
2.024E+11,155 696 011,B01,3,7,0,2,1,1,1,
2.024E+11,155 696 015,A01,3,7,0,2,7,1,1,
2.024E+11,155 696 009,A01,2,7,2,0,1,1,1,
2.024E+11,155 696 005,A01,2,7,0,2,6,26,1,
2.024E+11,155 696 007,B01,2,33,0,2,1,17,1,
2.024E+11,155 696 006,A01,1,7,2,0,3,2,1,
2.024E+11,155 696 002,B01,2,33,0,2,1,1,1,
2.024E+11,155 696 003,A01,2,7,0,0,6,2,1,
2.024E+11,155 696 000,A01,2,7,0,2,1,15,1,
2.024E+11,155 696 004,B01,1,7,0,2,5,1,1,
2.024E+11,155 695 999,A01,3,7,0,2,8,13,1,
2.024E+11,155 696 001,B01,3,2,0,2,2,1,1,
2.024E+11,155 695 998,A01,2,31,0,6,1,1,1,
2.024E+11,155 695 995,A01,1,7,0,2,1,15,1,
2.024E+11,155 695 997,B01,2,1,0,2,8,1,5,
2.024E+11,155 695 994,A01,1,7,0,2,0,26,1,
2.024E+11,155 695 996,B01,1,7,0,2,0,0,1,
2.024E+11,155 695 992,A01,1,7,0,2,3,2,1,
2.024E+11,155 695 993,B01,1,1,0,2,5,2,5,
2.024E+11,155 695 988,A01,1,7,0,1,1,1,1,
2.024E+11,155 695 985,A01,1,7,15,2,1,14,1,
2.024E+11,155 695 987,B01,1,7,0,2,2,1,1,
2.024E+11,155 695 990,C01,1,7,0,2,3,1,1,
2.024E+11,155 695 991,D01,1,7,0,2,1,1,1,
2.024E+11,155 695 984,A01,1,7,0,2,1,1,1,
2.024E+11,155 695 986,B01,1,7,0,2,4,15,1,
2.024E+11,155 695 989,C01,2,33,0,2,1,1,1,
2.024E+11,155 695 982,A01,1,31,0,2,1,13,1,
2.024E+11,155 695 983,B01,2,7,0,2,3,1,1,
2.024E+11,155 695 981,A01,1,7,0,1,3,1,1,
2.024E+11,155 695 979,A01,1,7,0,1,2,1,1,
2.024E+11,155 695 978,A01,1,14,0,2,2,1,1,
2.024E+11,155 695 980,B01,2,7,0,2,2,13,1,
2.024E+11,155 695 972,A01,1,7,1,0,2,2,1,
2.024E+11,155 695 975,C01,1,7,0,2,4,23,1,
2.024E+11,155 695 976,B01,1,10,1,2,6,23,1,
2.024E+11,155 695 974,A01,1,7,0,1,3,5,1,
2.024E+11,155 695 973,B01,3,7,0,2,6,1,1,
2.024E+11,155 695 977,A01,3,10,1,2,1,19,1,
2.024E+11,155 695 970,A01,1,7,13,0,3,1,1,
2.024E+11,155 695 969,A01,2,10,0,1,1,1,1,
2.024E+11,155 695 968,A01,2,7,0,2,3,15,1,
2.024E+11,155 695 971,B01,2,33,0,2,1,1,1,
2.024E+11,155 695 967,A01,1,33,16,0,1,1,1,
2.024E+11,155 695 966,A01,2,7,4,0,1,11,1,
2.024E+11,155 695 962,B01,2,7,0,2,1,1,1,
2.024E+11,155 695 965,A01,1,7,6,0,6,16,1,
2.024E+11,155 695 963,A01,0,7,0,9,3,0,1,
2.024E+11,155 695 964,B01,0,99,0,2,4,2,5,
2.024E+11,155 695 961,A01,2,40,1,1,1,1,0,
2.024E+11,155 695 956,A01,2,7,0,2,2,1,1,
2.024E+11,155 695 958,B01,2,7,0,2,3,26,1,
2.024E+11,155 695 959,A01,2,33,0,2,1,1,1,
2.024E+11,155 695 960,B01,1,7,0,2,6,15,1,
2.024E+11,155 695 957,A01,2,33,9,0,1,1,1,
2.024E+11,155 695 949,A01,2,7,0,2,3,2,1,
2.024E+11,155 695 951,B01,2,2,0,0,5,23,3,
2.024E+11,155 695 953,C01,1,7,0,0,1,1,1,
2.024E+11,155 695 950,A01,0,7,0,1,2,1,1,
2.024E+11,155 695 948,A01,3,7,0,2,3,15,1,
2.024E+11,155 695 952,B01,2,7,0,2,3,0,1,
2.024E+11,155 695 946,B01,1,15,0,2,3,1,1,
2.024E+11,155 695 947,A01,2,7,0,2,3,13,1,
2.024E+11,155 695 944,A01,3,7,0,1,1,20,1,
2.024E+11,155 695 943,A01,2,7,0,0,6,7,1,
2.024E+11,155 695 945,B01,2,33,0,2,1,1,1,
2.024E+11,155 695 939,B01,1,15,0,2,3,2,1,
2.024E+11,155 695 941,C01,2,10,0,2,3,1,1,
2.024E+11,155 695 942,A01,1,7,0,2,4,15,2,
2.024E+11,155 695 938,B01,0,7,0,1,2,0,1,
2.024E+11,155 695 937,A01,1,7,0,2,2,17,1,
2.024E+11,155 695 940,B01,1,50,0,2,1,19,3,
2.024E+11,155 695 935,A01,3,10,15,0,1,14,1,
2.024E+11,155 695 933,A01,2,7,0,1,2,1,1,
2.024E+11,155 695 934,A01,3,7,0,0,3,11,1,
2.024E+11,155 695 936,B01,3,33,0,2,2,21,0,
2.024E+11,155 695 931,B01,1,10,0,2,3,1,1,
2.024E+11,155 695 932,A01,2,7,16,0,3,13,1,
2.024E+11,155 695 930,A01,2,7,2,0,3,13,1,
2.024E+11,155 695 925,A01,2,7,0,9,1,1,1,
2.024E+11,155 695 927,B01,1,1,0,2,1,9,5,
2.024E+11,155 695 924,A01,2,34,0,2,2,17,1,
2.024E+11,155 695 926,B01,2,7,0,2,3,15,1,
2.024E+11,155 695 928,B01,2,2,0,2,1,1,1,
2.024E+11,155 695 929,A01,1,10,0,2,1,15,1,
2.024E+11,155 695 923,A01,2,50,0,0,0,1,3,
2.024E+11,155 695 920,A01,3,7,0,2,1,2,1,
2.024E+11,155 695 922,B01,3,7,0,2,6,2,1,
2.024E+11,155 695 917,A01,1,7,0,2,3,0,1,
2.024E+11,155 695 918,B01,2,33,0,2,0,0,0,
2.024E+11,155 695 916,A01,1,1,0,0,0,1,5,
2.024E+11,155 695 915,B01,3,7,0,2,8,1,1,
2.024E+11,155 695 919,A01,3,7,0,2,1,1,1,
2.024E+11,155 695 914,A01,1,7,0,2,8,0,1,
2.024E+11,155 695 921,B01,1,7,0,2,1,0,1,
2.024E+11,155 695 912,A01,1,7,0,9,7,15,1,
2.024E+11,155 695 913,B01,1,1,0,0,3,15,5,
2.024E+11,155 695 909,A01,1,17,0,2,3,1,1,
2.024E+11,155 695 911,B01,2,10,1,2,3,13,1,
2.024E+11,155 695 907,B01,1,7,0,2,0,0,0,
2.024E+11,155 695 910,A01,1,7,0,2,7,15,1,
2.024E+11,155 695 906,A01,2,7,2,0,9,14,1,
2.024E+11,155 695 905,A01,1,7,0,2,1,2,1,
2.024E+11,155 695 908,B01,1,7,0,2,4,1,1,
2.024E+11,155 695 904,A01,3,7,0,1,2,1,1,
2.024E+11,155 695 902,A01,0,7,8,0,3,1,1,
2.024E+11,155 695 900,A01,3,7,0,1,4,4,3,
2.024E+11,155 695 898,A01,3,7,0,2,1,13,0,
2.024E+11,155 695 901,B01,3,7,8,2,3,1,0,
2.024E+11,155 695 903,C01,3,7,0,2,1,1,0,
2.024E+11,155 695 897,A01,1,1,0,0,0,26,5,
2.024E+11,155 695 896,A01,2,2,0,0,0,9,1,
2.024E+11,155 695 892,A01,1,7,3,0,1,2,1,
2.024E+11,155 695 893,B01,1,0,0,2,3,2,0,
2.024E+11,155 695 895,A01,1,33,0,2,2,15,1,
2.024E+11,155 695 891,A01,2,7,8,0,7,13,1,
2.024E+11,155 695 888,A01,2,33,0,1,1,1,1,
2.024E+11,155 695 886,A01,1,7,2,0,8,14,1,
2.024E+11,155 695 884,A01,1,10,1,0,3,13,3,
2.024E+11,155 695 887,B01,1,37,1,0,5,24,1,1
2.024E+11,155 695 881,A01,1,7,13,0,1,14,1,
2.024E+11,155 695 877,C01,2,7,0,2,1,1,1,
2.024E+11,155 695 879,A01,2,10,0,2,4,23,1,
2.024E+11,155 695 882,B01,2,7,0,2,1,1,1,
2.024E+11,155 695 883,D01,2,7,0,2,1,1,1,
2.024E+11,155 695 875,B01,2,1,0,2,1,1,5,
2.024E+11,155 695 878,A01,1,2,0,2,1,15,1,
2.024E+11,155 695 876,A01,2,7,0,2,3,15,1,
2.024E+11,155 695 880,B01,1,33,1,2,1,1,1,
2.024E+11,155 695 872,A01,3,10,0,2,2,12,1,
2.024E+11,155 695 874,B01,3,31,0,2,8,1,3,
2.024E+11,155 695 871,A01,2,10,4,0,8,13,1,
2.024E+11,155 695 869,A01,1,7,0,0,3,1,1,
2.024E+11,155 695 873,B01,2,7,0,0,3,17,3,
2.024E+11,155 695 867,A01,3,7,14,0,3,1,1,
2.024E+11,155 695 868,B01,0,2,0,2,1,15,1,
2.024E+11,155 695 870,Z01,0,50,0,2,0,16,3,
2.024E+11,155 695 866,A01,2,7,4,0,9,9,1,
2.024E+11,155 695 865,A01,1,10,0,1,4,4,1,
2.024E+11,155 695 864,A01,1,7,13,0,1,1,1,
2.024E+11,155 695 863,A01,2,7,4,0,3,1,1,
2.024E+11,155 695 862,A01,1,7,4,0,1,1,1,
2.024E+11,155 695 860,A01,1,1,0,1,1,1,5,
2.024E+11,155 695 861,A01,2,33,0,0,1,26,1,
2.024E+11,155 695 859,A01,3,7,8,0,1,1,1,
2.024E+11,155 695 857,A01,2,10,0,0,0,1,1,
2.024E+11,155 695 858,B01,2,7,0,9,2,1,1,
2.024E+11,155 695 854,A01,2,7,16,0,1,1,1,
2.024E+11,155 695 853,A01,3,10,0,2,2,15,1,
2.024E+11,155 695 856,B01,3,43,0,2,3,1,1,
2.024E+11,155 695 852,B01,2,33,0,2,1,2,1,
2.024E+11,155 695 855,A01,2,7,0,0,4,1,1,
2.024E+11,155 695 851,A01,1,33,4,0,1,13,1,
2.024E+11,155 695 849,A01,2,10,0,1,1,1,3,
2.024E+11,155 695 848,A01,1,7,3,0,1,21,1,
2.024E+11,155 695 847,B01,3,7,0,2,5,2,1,
2.024E+11,155 695 850,A01,3,30,0,2,1,2,1,
2.024E+11,155 695 846,A01,2,10,0,1,4,20,1,
2.024E+11,155 695 844,A01,2,1,0,1,3,5,5,
2.024E+11,155 695 842,A01,1,80,0,0,0,0,3,
2.024E+11,155 695 840,A01,2,7,0,2,1,2,1,
2.024E+11,155 695 845,B01,2,7,0,2,4,2,1,
2.024E+11,155 695 841,B01,1,1,0,2,8,14,5,
2.024E+11,155 695 843,A01,2,7,0,2,2,1,1,
2.024E+11,155 695 839,A01,3,1,10,0,1,26,5,
2.024E+11,155 695 836,A01,3,7,12,0,9,1,1,
2.024E+11,155 695 838,A01,1,7,1,0,2,14,1,
2.024E+11,155 695 835,A01,1,7,0,2,2,1,1,
2.024E+11,155 695 837,B01,1,7,0,2,6,11,1,