Num_Acc,id_vehicule,num_veh,senc,catv,obs,obsm,choc,manv,motor,occutc
2.024E+11,155 694 430,A01,2,7,6,0,1,1,1,
2.024E+11,155 694 429,A01,1,7,13,0,8,1,1,
2.024E+11,155 694 424,A01,1,7,0,2,1,2,1,
2.024E+11,155 694 431,B01,2,7,0,2,4,2,1,
2.024E+11,155 694 433,C01,2,7,0,2,3,2,1,
2.024E+11,155 694 425,A01,2,7,4,0,1,1,1,
2.024E+11,155 694 428,A01,1,33,0,1,0,19,0,
2.024E+11,155 694 422,A01,2,7,0,2,7,1,1,
2.024E+11,155 694 427,B01,1,2,0,2,1,1,1,
2.024E+11,155 694 423,A01,2,2,0,2,1,1,1,
2.024E+11,155 694 426,B01,2,10,0,2,8,1,1,
2.024E+11,155 694 420,A01,1,7,6,0,8,1,1,
2.024E+11,155 694 419,A01,3,7,0,1,3,1,1,
2.024E+11,155 694 416,A01,2,34,0,1,1,1,1,
2.024E+11,155 694 414,B01,1,2,0,2,1,1,1,
2.024E+11,155 694 418,A01,1,7,0,0,3,2,2,
2.024E+11,155 694 413,A01,3,7,2,0,2,14,1,
2.024E+11,155 694 415,A01,1,16,2,2,2,15,1,
2.024E+11,155 694 421,B01,2,1,2,2,8,1,5,
2.024E+11,155 694 411,A01,1,7,0,2,1,1,1,
2.024E+11,155 694 417,B01,1,10,0,2,4,23,1,
2.024E+11,155 694 410,A01,2,7,0,2,2,17,1,
2.024E+11,155 694 412,B01,2,1,0,0,4,1,5,
2.024E+11,155 694 409,A01,3,1,0,0,0,1,5,
2.024E+11,155 694 404,B01,2,7,0,2,1,1,1,
2.024E+11,155 694 408,A01,1,10,0,2,1,5,1,
2.024E+11,155 694 402,A01,2,31,0,2,1,13,1,
2.024E+11,155 694 405,B01,1,1,0,2,8,1,5,
2.024E+11,155 694 399,A01,1,10,0,2,7,16,1,
2.024E+11,155 694 406,B01,1,37,0,2,3,7,1,1
2.024E+11,155 694 400,A01,3,7,0,2,3,2,2,
2.024E+11,155 694 407,B01,3,50,0,2,7,2,3,
2.024E+11,155 694 398,B01,1,2,0,2,7,1,1,
2.024E+11,155 694 403,A01,1,7,0,2,3,20,1,
2.024E+11,155 694 396,A01,2,7,0,1,2,1,1,
2.024E+11,155 694 394,A01,1,15,0,1,8,1,1,
2.024E+11,155 694 390,A01,2,37,0,1,2,7,1,1
2.024E+11,155 694 388,A01,1,7,17,0,1,1,1,
2.024E+11,155 694 387,D01,2,7,0,2,4,2,1,
2.024E+11,155 694 393,A01,2,7,0,2,1,2,1,
2.024E+11,155 694 395,B01,2,7,0,2,4,2,1,
2.024E+11,155 694 401,C01,2,7,0,2,4,2,1,
2.024E+11,155 694 392,A01,1,7,0,2,0,15,1,
2.024E+11,155 694 397,B01,2,33,0,2,1,1,1,
2.024E+11,155 694 386,A01,1,10,13,0,1,13,1,
2.024E+11,155 694 384,A01,1,10,0,2,1,1,1,
2.024E+11,155 694 389,B01,2,7,0,2,8,15,1,
2.024E+11,155 694 381,A01,2,7,3,0,0,0,1,
2.024E+11,155 694 378,A01,3,7,13,0,3,13,2,
2.024E+11,155 694 382,A01,2,7,2,0,1,13,1,
2.024E+11,155 694 385,B01,1,7,0,2,2,9,1,
2.024E+11,155 694 391,A01,1,1,0,2,5,1,5,
2.024E+11,155 694 380,A01,0,50,0,2,1,9,3,
2.024E+11,155 694 383,B01,3,7,0,9,1,1,1,
2.024E+11,155 694 379,A01,3,14,0,0,8,1,1,
2.024E+11,155 694 376,A01,1,7,0,2,1,1,1,
2.024E+11,155 694 377,B01,2,7,0,2,1,1,1,
2.024E+11,155 694 373,B01,1,7,0,2,4,2,1,
2.024E+11,155 694 375,A01,1,7,0,2,1,2,1,
2.024E+11,155 694 374,A01,2,2,0,1,1,25,1,
2.024E+11,155 694 371,A01,2,17,3,0,0,1,1,
2.024E+11,155 694 372,A01,1,7,4,0,2,14,1,
2.024E+11,155 694 370,A01,1,7,4,0,3,2,1,
2.024E+11,155 694 363,A01,2,1,0,2,4,1,5,
2.024E+11,155 694 369,B01,3,2,0,2,1,1,3,
2.024E+11,155 694 362,A01,2,33,0,2,1,3,1,
2.024E+11,155 694 366,B01,2,7,0,2,3,11,1,
2.024E+11,155 694 358,A01,3,7,8,0,1,14,1,
2.024E+11,155 694 356,A01,2,7,0,2,2,12,1,
2.024E+11,155 694 365,B01,2,50,0,2,8,16,3,
2.024E+11,155 694 359,A01,2,7,0,2,2,1,1,
2.024E+11,155 694 364,B01,2,7,0,2,6,9,1,
2.024E+11,155 694 357,B01,1,7,0,2,3,1,1,
2.024E+11,155 694 368,A01,2,10,0,2,3,13,1,
2.024E+11,155 694 354,A01,1,7,0,2,2,1,1,
2.024E+11,155 694 360,B01,2,7,0,2,2,1,1,
2.024E+11,155 694 349,A01,2,15,0,2,1,1,1,
2.024E+11,155 694 353,B01,2,10,0,2,4,23,1,
2.024E+11,155 694 355,C01,2,7,0,2,4,23,1,
2.024E+11,155 694 361,D01,2,7,0,2,4,23,1,
2.024E+11,155 694 367,E01,2,7,0,2,4,23,1,
2.024E+11,155 694 344,A01,1,7,0,2,7,17,1,
2.024E+11,155 694 350,B01,1,50,0,2,8,13,3,
2.024E+11,155 694 347,B01,1,15,6,2,1,1,1,
2.024E+11,155 694 351,A01,2,15,9,2,1,1,1,
2.024E+11,155 694 346,B01,2,7,0,2,2,1,2,
2.024E+11,155 694 352,A01,2,43,0,2,3,3,1,
2.024E+11,155 694 345,A01,1,33,0,0,0,1,1,
2.024E+11,155 694 342,A01,2,15,0,2,5,1,1,
2.024E+11,155 694 348,B01,2,7,0,2,1,2,1,
2.024E+11,155 694 340,A01,1,43,0,2,1,13,1,
2.024E+11,155 694 341,B01,2,7,0,2,1,21,1,
2.024E+11,155 694 339,A01,1,14,0,2,3,13,1,
2.024E+11,155 694 343,B01,2,7,0,2,3,1,1,
2.024E+11,155 694 336,A01,2,33,0,1,1,25,1,
2.024E+11,155 694 332,B01,2,7,0,2,8,11,1,
2.024E+11,155 694 337,A01,2,33,0,2,7,1,1,
2.024E+11,155 694 335,A01,0,7,13,0,0,1,1,
2.024E+11,155 694 330,A01,2,7,0,2,3,9,0,
2.024E+11,155 694 333,B01,1,50,0,2,1,1,3,
2.024E+11,155 694 328,A01,1,33,0,0,8,1,1,
2.024E+11,155 694 327,B01,1,7,0,2,2,15,1,
2.024E+11,155 694 334,A01,1,32,0,2,1,1,1,
2.024E+11,155 694 325,A01,1,7,0,2,4,1,1,
2.024E+11,155 694 331,B01,1,7,0,2,1,2,1,
2.024E+11,155 694 338,C01,1,7,0,2,1,2,1,
2.024E+11,155 694 320,A01,2,15,0,2,2,12,1,
2.024E+11,155 694 324,B01,2,7,0,2,8,1,2,
2.024E+11,155 694 316,A01,2,7,0,1,1,1,1,
2.024E+11,155 694 322,A01,3,33,0,2,3,16,1,
2.024E+11,155 694 329,B01,3,99,0,2,6,15,1,
2.024E+11,155 694 318,A01,3,7,1,0,3,16,0,
2.024E+11,155 694 319,A01,2,7,0,2,1,13,1,
2.024E+11,155 694 323,B01,1,7,0,2,1,1,1,
2.024E+11,155 694 326,C01,1,7,0,2,6,1,1,
2.024E+11,155 694 317,A01,1,2,0,0,0,1,1,
2.024E+11,155 694 315,A01,2,33,0,2,1,0,1,
2.024E+11,155 694 321,B01,2,10,0,0,4,1,1,
2.024E+11,155 694 313,A01,1,7,0,2,1,2,1,
2.024E+11,155 694 314,B01,1,7,0,2,4,2,1,
2.024E+11,155 694 304,A01,2,7,0,2,1,26,1,
2.024E+11,155 694 310,B01,2,33,0,2,7,1,1,
2.024E+11,155 694 306,A01,1,33,0,2,3,1,1,
2.024E+11,155 694 312,B01,2,7,0,2,2,15,1,
2.024E+11,155 694 303,A01,2,7,2,0,3,13,3,
2.024E+11,155 694 302,A01,2,7,0,2,3,24,1,
2.024E+11,155 694 308,B01,2,10,0,2,2,1,1,
2.024E+11,155 694 301,B01,2,7,0,2,1,1,1,
2.024E+11,155 694 307,A01,1,33,0,2,1,17,1,
2.024E+11,155 694 299,B01,2,7,0,2,8,1,1,
2.024E+11,155 694 311,A01,1,7,0,2,1,13,1,
2.024E+11,155 694 300,A01,1,17,3,0,7,1,1,
2.024E+11,155 694 305,B01,0,1,0,0,0,1,5,
2.024E+11,155 694 309,A01,3,7,0,2,0,15,0,
2.024E+11,155 694 297,A01,2,7,3,0,3,2,1,
2.024E+11,155 694 296,A01,2,7,6,0,1,1,1,
2.024E+11,155 694 290,B01,1,7,0,2,3,11,1,
2.024E+11,155 694 294,A01,1,33,0,2,7,17,1,
2.024E+11,155 694 292,A01,0,7,0,0,1,1,1,
2.024E+11,155 694 291,A01,1,7,0,2,3,1,1,
2.024E+11,155 694 295,B01,2,7,0,2,3,1,1,
2.024E+11,155 694 289,A01,2,7,9,1,1,21,1,
2.024E+11,155 694 288,A01,1,33,0,2,3,7,1,
2.024E+11,155 694 293,B01,1,7,0,2,5,16,3,
2.024E+11,155 694 282,A01,2,7,6,2,1,0,2,
2.024E+11,155 694 285,B01,2,7,0,2,3,26,1,
2.024E+11,155 694 279,A01,1,33,0,2,1,1,1,
2.024E+11,155 694 284,B01,1,7,0,2,4,1,1,
2.024E+11,155 694 283,A01,1,10,0,2,8,15,1,
2.024E+11,155 694 286,B01,1,33,0,2,1,3,1,
2.024E+11,155 694 281,A01,2,7,2,0,1,13,1,
2.024E+11,155 694 277,B01,1,2,8,2,1,17,1,
2.024E+11,155 694 280,A01,1,7,0,2,8,15,1,
2.024E+11,155 694 276,A01,1,7,0,2,7,1,1,
2.024E+11,155 694 278,B01,1,99,0,2,0,26,1,
2.024E+11,155 694 275,A01,3,7,0,1,3,9,1,
2.024E+11,155 694 271,A01,0,7,0,2,4,24,1,
2.024E+11,155 694 274,B01,0,7,0,0,0,0,1,
2.024E+11,155 694 269,A01,2,7,0,1,2,1,1,
2.024E+11,155 694 262,A01,2,1,0,2,3,0,5,
2.024E+11,155 694 266,B01,2,7,0,9,3,17,0,
2.024E+11,155 694 264,B01,1,33,0,2,1,1,1,
2.024E+11,155 694 272,A01,1,7,0,2,6,15,1,
2.024E+11,155 694 263,A01,1,7,1,1,2,1,0,
2.024E+11,155 694 270,B01,0,7,0,2,2,24,1,
2.024E+11,155 694 260,A01,2,10,0,2,1,2,1,
2.024E+11,155 694 265,B01,2,34,0,2,4,12,1,
2.024E+11,155 694 268,D01,2,10,0,2,4,2,1,
2.024E+11,155 694 273,C01,2,7,0,2,9,2,1,
2.024E+11,155 694 254,A01,0,7,0,2,3,16,1,
2.024E+11,155 694 259,B01,0,7,0,2,3,15,1,
2.024E+11,155 694 257,A01,1,7,0,2,1,19,1,
2.024E+11,155 694 267,B01,1,7,0,2,8,1,1,
2.024E+11,155 694 255,A01,2,7,1,0,1,1,1,
2.024E+11,155 694 248,A01,1,33,0,2,1,3,1,
2.024E+11,155 694 252,B01,1,7,0,2,0,0,1,
2.024E+11,155 694 250,A01,2,7,1,0,1,14,1,
2.024E+11,155 694 253,A01,2,7,0,2,1,15,1,
2.024E+11,155 694 258,B01,2,7,0,2,1,0,1,
2.024E+11,155 694 261,C01,1,7,0,2,3,0,1,
2.024E+11,155 694 251,A01,1,7,4,0,0,1,2,
2.024E+11,155 694 249,A01,3,7,0,2,2,1,1,
2.024E+11,155 694 256,B01,3,50,8,2,3,25,3,
2.024E+11,155 694 246,A01,1,7,0,2,2,1,0,
2.024E+11,155 694 247,B01,1,7,0,2,6,1,1,
2.024E+11,155 694 244,A01,3,7,2,0,3,13,1,
2.024E+11,155 694 241,A01,2,50,0,0,0,26,3,
2.024E+11,155 694 237,B01,0,33,0,2,3,21,1,
2.024E+11,155 694 242,A01,0,7,0,2,2,16,1,
2.024E+11,155 694 239,A01,2,33,0,0,0,0,1,
2.024E+11,155 694 235,B01,1,2,0,2,0,0,-1,
2.024E+11,155 694 240,A01,2,7,0,0,3,15,1,
2.024E+11,155 694 234,A01,2,7,0,0,2,11,1,
2.024E+11,155 694 245,B01,1,33,0,2,1,1,1,
2.024E+11,155 694 232,A01,2,33,13,0,2,1,1,
2.024E+11,155 694 229,B01,2,7,15,2,3,1,1,
2.024E+11,155 694 236,A01,2,7,0,2,2,9,1,
2.024E+11,155 694 225,A01,2,7,0,9,2,2,1,
2.024E+11,155 694 228,B01,2,1,0,2,4,2,5,
2.024E+11,155 694 227,A01,0,7,0,1,1,20,1,
2.024E+11,155 694 223,D01,1,7,0,2,4,1,1,
2.024E+11,155 694 224,E01,1,7,0,2,1,1,1,
2.024E+11,155 694 230,A01,1,7,0,2,2,1,1,
2.024E+11,155 694 233,B01,1,7,0,2,8,1,1,
2.024E+11,155 694 238,F01,1,7,0,2,1,1,1,
2.024E+11,155 694 243,C01,1,7,0,2,2,1,1,
2.024E+11,155 694 222,A01,3,33,13,0,7,1,1,
2.024E+11,155 694 214,A01,1,7,9,0,1,1,1,
2.024E+11,155 694 212,B01,1,7,0,2,7,1,1,
2.024E+11,155 694 221,A01,1,7,0,2,1,16,1,
2.024E+11,155 694 213,A01,2,7,9,2,1,1,1,
2.024E+11,155 694 219,B01,1,7,9,2,8,1,1,
2.024E+11,155 694 211,A01,2,7,14,0,1,1,1,
2.024E+11,155 694 217,B01,2,30,0,2,1,17,1,
2.024E+11,155 694 220,A01,2,7,0,0,6,15,1,
2.024E+11,155 694 210,A01,2,33,0,2,9,2,1,
2.024E+11,155 694 216,B01,2,15,0,0,3,9,1,
2.024E+11,155 694 208,A01,2,7,0,2,4,2,1,
2.024E+11,155 694 215,B01,2,7,0,2,4,2,1,
2.024E+11,155 694 218,C01,2,7,0,2,1,2,1,
2.024E+11,155 694 204,B01,2,7,0,2,5,12,1,
2.024E+11,155 694 207,A01,2,32,0,2,1,1,1,
2.024E+11,155 694 206,A01,2,7,2,0,1,1,1,
2.024E+11,155 694 202,A01,3,33,14,0,1,1,1,
2.024E+11,155 694 201,A01,0,7,0,2,1,2,1,
2.024E+11,155 694 209,B01,0,7,0,9,4,2,1,
2.024E+11,155 694 199,A01,1,7,0,2,8,15,2,
2.024E+11,155 694 205,B01,1,2,0,2,7,17,1,
2.024E+11,155 694 197,A01,2,7,7,2,1,2,1,
2.024E+11,155 694 203,B01,2,7,1,2,8,2,1,
2.024E+11,155 694 196,A01,2,7,0,2,8,11,1,
2.024E+11,155 694 200,B01,2,32,0,2,7,1,1,
2.024E+11,155 694 192,A01,2,33,0,2,3,2,1,
2.024E+11,155 694 195,B01,2,7,0,2,5,23,1,
2.024E+11,155 694 191,A01,1,7,0,2,8,15,1,
2.024E+11,155 694 198,B01,1,33,0,2,1,1,1,
2.024E+11,155 694 189,A01,2,7,0,2,8,1,1,
2.024E+11,155 694 194,B01,1,7,0,2,8,1,1,
2.024E+11,155 694 186,A01,2,7,14,0,1,14,1,
2.024E+11,155 694 187,A01,3,7,0,2,2,14,1,
2.024E+11,155 694 193,B01,3,10,0,2,6,1,1,
2.024E+11,155 694 185,A01,3,7,0,2,3,26,1,
2.024E+11,155 694 188,B01,3,7,0,2,3,23,1,
2.024E+11,155 694 184,A01,2,50,0,2,1,17,3,
2.024E+11,155 694 190,B01,0,7,0,2,1,15,1,
2.024E+11,155 694 182,A01,1,2,0,0,0,1,1,
2.024E+11,155 694 180,A01,2,7,0,2,1,26,1,
2.024E+11,155 694 183,B01,2,7,0,2,5,2,1,
2.024E+11,155 694 178,A01,2,7,0,2,1,2,1,
2.024E+11,155 694 181,B01,2,7,0,2,4,1,1,
2.024E+11,155 694 177,A01,1,7,1,0,1,0,1,
2.024E+11,155 694 174,A01,1,7,13,0,0,14,1,
2.024E+11,155 694 170,A01,2,7,0,2,2,1,0,
2.024E+11,155 694 179,B01,0,1,0,2,6,16,5,
2.024E+11,155 694 171,A01,1,7,0,2,1,5,1,
2.024E+11,155 694 176,B01,2,7,13,2,1,1,1,
2.024E+11,155 694 167,C01,1,10,0,2,7,1,1,
2.024E+11,155 694 172,A01,1,33,0,2,2,17,1,
2.024E+11,155 694 175,B01,1,10,0,2,6,2,1,
2.024E+11,155 694 161,B01,2,7,0,2,4,2,1,
2.024E+11,155 694 166,A01,2,13,0,2,1,2,1,
2.024E+11,155 694 169,C01,2,7,0,2,4,2,1,
2.024E+11,155 694 164,A01,1,7,13,0,2,14,1,
2.024E+11,155 694 159,A01,1,15,0,2,3,2,1,
2.024E+11,155 694 165,B01,1,7,0,0,4,2,1,
2.024E+11,155 694 168,C01,1,7,0,2,1,17,2,
2.024E+11,155 694 158,A01,2,33,0,2,1,26,1,
2.024E+11,155 694 160,B01,1,10,0,2,2,15,1,
2.024E+11,155 694 157,B01,2,7,0,2,2,1,1,
2.024E+11,155 694 163,A01,1,7,0,2,2,5,1,
2.024E+11,155 694 153,A01,1,7,0,1,2,1,0,
2.024E+11,155 694 151,A01,2,7,0,2,2,5,2,
2.024E+11,155 694 156,B01,1,7,0,2,2,1,1,
2.024E+11,155 694 147,A01,1,7,0,2,1,1,1,
2.024E+11,155 694 152,B01,1,7,0,2,6,2,1,
2.024E+11,155 694 155,D01,1,7,0,2,0,1,1,
2.024E+11,155 694 162,C01,1,7,0,2,8,1,1,
2.024E+11,155 694 141,A01,1,7,0,2,1,2,1,
2.024E+11,155 694 148,B01,1,7,0,2,4,1,2,
2.024E+11,155 694 154,C01,1,7,0,2,3,1,2,
2.024E+11,155 694 145,A01,0,7,0,2,6,15,1,
2.024E+11,155 694 150,B01,0,33,0,2,1,1,1,
2.024E+11,155 694 143,A01,2,7,0,2,3,5,1,
2.024E+11,155 694 149,B01,1,1,0,2,4,1,5,
2.024E+11,155 694 144,A01,2,7,0,1,2,1,1,
2.024E+11,155 694 139,B01,2,10,0,2,4,1,1,
2.024E+11,155 694 142,A01,2,7,0,2,1,1,1,
2.024E+11,155 694 140,A01,1,32,0,2,1,17,1,
2.024E+11,155 694 146,B01,1,7,0,2,6,15,1,
2.024E+11,155 694 136,A01,1,7,10,0,4,4,1,
2.024E+11,155 694 133,B01,3,50,0,2,3,16,3,
2.024E+11,155 694 132,B01,1,33,0,2,8,1,1,
2.024E+11,155 694 138,A01,1,7,0,2,7,12,1,
2.024E+11,155 694 131,A01,1,7,0,2,8,13,1,
2.024E+11,155 694 135,B01,1,2,0,2,7,17,1,
2.024E+11,155 694 130,A01,2,7,0,2,1,19,1,
2.024E+11,155 694 137,B01,1,7,0,2,7,26,1,
2.024E+11,155 694 128,A01,2,7,3,0,0,0,1,
2.024E+11,155 694 126,A01,2,7,0,2,1,13,1,
2.024E+11,155 694 134,B01,1,7,0,2,1,1,1,
2.024E+11,155 694 124,B01,2,33,0,2,2,3,1,
2.024E+11,155 694 127,A01,2,7,0,2,8,11,3,
2.024E+11,155 694 125,B01,2,7,0,2,6,11,1,
2.024E+11,155 694 129,A01,2,33,0,2,1,17,1,
2.024E+11,155 694 121,A01,3,7,0,1,1,1,2,
2.024E+11,155 694 119,B01,1,7,0,2,3,15,1,
2.024E+11,155 694 123,A01,1,33,0,2,1,17,1,
2.024E+11,155 694 114,A01,1,7,0,1,1,1,1,
2.024E+11,155 694 115,A01,2,7,0,2,3,13,1,
2.024E+11,155 694 120,B01,1,7,0,2,1,1,1,
2.024E+11,155 694 116,A01,1,7,13,0,1,0,1,
2.024E+11,155 694 118,A01,2,7,0,2,4,23,1,
2.024E+11,155 694 122,B01,2,7,0,2,1,1,2,
2.024E+11,155 694 113,A01,2,7,0,2,2,2,1,
2.024E+11,155 694 117,B01,2,7,0,2,8,2,1,
2.024E+11,155 694 110,A01,1,33,0,0,8,16,1,
2.024E+11,155 694 108,A01,1,33,0,0,0,17,1,
2.024E+11,155 694 107,A01,1,7,8,0,2,1,1,
2.024E+11,155 694 106,A01,2,30,0,0,1,1,1,
2.024E+11,155 694 103,A01,1,7,0,2,2,1,1,
2.024E+11,155 694 109,B01,2,7,0,2,2,1,1,
2.024E+11,155 694 102,A01,1,7,2,0,3,1,1,
2.024E+11,155 694 097,A01,2,7,0,2,1,2,1,
2.024E+11,155 694 104,B01,2,7,0,2,4,2,1,
2.024E+11,155 694 096,B01,2,7,0,2,6,17,1,
2.024E+11,155 694 099,A01,1,7,0,2,3,5,1,
2.024E+11,155 694 098,B01,2,7,0,0,1,1,1,
2.024E+11,155 694 105,A01,1,7,15,2,4,9,1,
2.024E+11,155 694 095,B01,1,50,0,2,8,1,3,
2.024E+11,155 694 101,A01,1,7,0,2,1,15,1,
2.024E+11,155 694 093,A01,3,2,13,0,1,0,1,
2.024E+11,155 694 092,A01,2,7,0,9,7,21,1,
2.024E+11,155 694 094,B01,2,1,0,2,8,2,5,
2.024E+11,155 694 100,C01,2,7,0,0,0,17,3,
2.024E+11,155 694 091,A01,2,7,13,0,9,1,1,
2.024E+11,155 694 088,A01,2,21,15,0,1,1,1,
2.024E+11,155 694 087,A01,1,7,3,2,3,11,1,
2.024E+11,155 694 090,B01,1,34,3,2,1,17,1,
2.024E+11,155 694 084,A01,3,50,0,1,1,25,3,
2.024E+11,155 694 082,C01,1,7,0,2,6,1,1,
2.024E+11,155 694 085,Z01,1,7,0,2,1,0,0,
2.024E+11,155 694 089,B01,1,32,0,2,3,3,1,
2.024E+11,155 694 077,A01,3,7,0,2,1,1,1,
2.024E+11,155 694 086,B01,3,7,0,2,3,1,1,
2.024E+11,155 694 078,A01,1,33,0,2,1,17,1,
2.024E+11,155 694 080,B01,1,7,0,2,3,15,0,
2.024E+11,155 694 076,A01,1,7,8,0,1,26,1,
2.024E+11,155 694 079,A01,2,7,0,2,1,2,1,
2.024E+11,155 694 083,B01,2,7,0,0,6,2,1,
2.024E+11,155 694 075,B01,0,7,0,2,1,1,1,
2.024E+11,155 694 081,A01,3,7,0,2,8,19,1,
2.024E+11,155 694 074,A01,1,10,4,0,3,11,1,
2.024E+11,155 694 069,B01,2,7,0,2,8,1,1,
2.024E+11,155 694 072,A01,1,99,0,2,8,13,6,
2.024E+11,155 694 070,B01,0,1,0,0,8,26,5,
2.024E+11,155 694 073,A01,0,7,0,0,1,26,1,
2.024E+11,155 694 062,B01,2,33,0,2,7,1,1,
2.024E+11,155 694 066,AB01,2,10,0,2,8,11,1,
2.024E+11,155 694 063,B01,2,1,0,2,3,15,5,
2.024E+11,155 694 071,A01,1,7,0,9,3,15,2,
2.024E+11,155 694 061,A01,1,7,0,2,2,2,1,
2.024E+11,155 694 068,B01,1,1,0,2,8,1,5,
2.024E+11,155 694 060,B01,1,3,0,2,7,0,1,
2.024E+11,155 694 067,A01,1,7,0,2,1,1,1,
2.024E+11,155 694 059,A01,1,7,0,2,1,1,1,
2.024E+11,155 694 064,B01,1,60,0,2,7,19,5,
2.024E+11,155 694 055,A01,2,43,0,0,3,3,1,
2.024E+11,155 694 048,B01,2,33,0,2,7,17,1,
2.024E+11,155 694 052,A01,2,7,0,2,6,13,1,
2.024E+11,155 694 054,B01,0,31,0,2,1,1,1,
2.024E+11,155 694 058,A01,1,7,0,2,3,15,1,
2.024E+11,155 694 045,A01,2,7,0,0,3,14,1,
2.024E+11,155 694 047,A01,1,80,0,2,8,19,3,
2.024E+11,155 694 050,Z01,2,2,0,2,1,1,1,
2.024E+11,155 694 043,A01,1,7,0,2,2,2,1,
2.024E+11,155 694 056,B01,1,30,3,2,4,2,1,
2.024E+11,155 694 044,B01,1,7,0,2,3,1,1,
2.024E+11,155 694 049,A01,2,7,0,2,3,17,1,
2.024E+11,155 694 051,A01,3,33,8,0,8,1,1,
2.024E+11,155 694 057,B01,3,7,0,2,3,15,1,
2.024E+11,155 694 042,A01,2,7,0,2,4,0,1,
2.024E+11,155 694 046,B01,2,7,0,2,1,0,1,
2.024E+11,155 694 053,C01,2,7,0,2,1,0,1,
2.024E+11,155 694 036,A01,1,33,6,0,7,1,1,
2.024E+11,155 694 035,A01,3,7,8,2,9,17,1,
2.024E+11,155 694 040,B01,2,7,0,2,3,2,1,
2.024E+11,155 694 031,A01,3,32,0,2,8,20,1,
2.024E+11,155 694 039,B01,3,10,0,2,5,20,3,
2.024E+11,155 694 032,A01,2,33,0,2,1,3,1,
2.024E+11,155 694 038,B01,2,7,0,2,6,11,1,
2.024E+11,155 694 028,A01,1,7,0,2,1,2,1,
2.024E+11,155 694 033,B01,1,7,0,2,4,2,1,
2.024E+11,155 694 027,B01,1,7,0,2,3,1,1,
2.024E+11,155 694 034,A01,2,7,0,2,3,1,1,
2.024E+11,155 694 026,B01,1,33,0,2,1,1,1,
2.024E+11,155 694 030,A01,1,7,0,2,3,15,1,
2.024E+11,155 694 025,D01,1,7,0,2,4,0,2,
2.024E+11,155 694 029,B01,1,7,1,2,6,9,1,
2.024E+11,155 694 037,A01,2,7,0,2,6,26,1,
2.024E+11,155 694 041,C01,1,7,1,0,4,0,2,
2.024E+11,155 694 019,A01,1,7,0,2,4,2,2,
2.024E+11,155 694 023,B01,1,7,0,2,1,2,1,
2.024E+11,155 694 015,A01,2,7,8,0,4,4,2,
2.024E+11,155 694 012,A01,1,7,0,0,2,13,2,
2.024E+11,155 694 024,B01,2,7,0,0,3,1,1,
2.024E+11,155 694 016,A01,1,7,0,2,1,2,1,
2.024E+11,155 694 022,B01,1,7,0,2,4,15,1,
2.024E+11,155 694 010,B01,2,7,0,2,3,1,1,
2.024E+11,155 694 014,A01,1,7,12,2,3,13,1,
2.024E+11,155 694 021,C01,1,37,0,2,0,0,1,1
2.024E+11,155 694 008,A01,1,7,0,2,1,2,1,
2.024E+11,155 694 018,B01,3,2,0,2,8,1,1,
2.024E+11,155 694 005,A01,1,10,0,2,1,14,1,
2.024E+11,155 694 009,B01,1,38,0,2,6,1,1,1
2.024E+11,155 694 004,A01,2,7,0,2,5,23,1,
2.024E+11,155 694 006,C01,2,7,0,2,6,1,1,
2.024E+11,155 694 011,D01,2,7,0,2,1,1,1,
2.024E+11,155 694 017,B01,2,7,1,0,3,1,1,
2.024E+11,155 694 020,E01,2,7,0,2,1,1,1,
2.024E+11,155 694 001,A01,3,10,0,1,1,1,1,
2.024E+11,155 694 007,A01,1,7,0,2,1,1,1,
2.024E+11,155 694 013,B01,1,7,0,0,4,15,1,
2.024E+11,155 694 000,A01,1,7,0,2,2,15,1,
2.024E+11,155 694 002,B01,2,33,0,2,1,1,1,
2.024E+11,155 693 996,A01,2,7,0,2,1,9,1,
2.024E+11,155 694 003,B01,3,80,0,2,7,1,3,
2.024E+11,155 693 997,A01,2,7,0,2,3,1,1,
2.024E+11,155 693 999,B01,1,14,0,2,3,1,1,
2.024E+11,155 693 992,A01,2,7,0,0,3,19,1,
2.024E+11,155 693 998,B01,1,10,0,2,1,1,1,
2.024E+11,155 693 990,A01,2,7,0,2,1,2,1,
2.024E+11,155 693 995,B01,2,7,0,2,4,1,1,
2.024E+11,155 693 991,A01,3,7,2,0,9,2,1,
2.024E+11,155 693 989,A01,1,7,0,2,3,13,1,
2.024E+11,155 693 993,B01,1,7,0,2,2,1,1,
2.024E+11,155 693 988,A01,2,7,0,0,1,0,1,
2.024E+11,155 693 987,B01,2,7,0,2,1,1,1,
2.024E+11,155 693 994,A01,2,3,0,2,7,16,1,
2.024E+11,155 693 985,A01,1,7,0,0,9,1,1,
2.024E+11,155 693 980,A01,3,7,13,0,3,1,1,
2.024E+11,155 693 977,A01,1,7,0,2,1,2,1,
2.024E+11,155 693 982,B01,1,7,0,2,4,1,1,
2.024E+11,155 693 978,B01,1,7,0,2,4,1,1,
2.024E+11,155 693 984,C01,1,7,0,2,4,1,1,
2.024E+11,155 693 986,A01,1,7,0,2,1,1,2,
2.024E+11,155 693 979,A01,3,36,16,0,9,1,1,
2.024E+11,155 693 974,B01,2,41,0,2,1,11,1,
2.024E+11,155 693 981,Z01,1,10,0,2,3,10,0,
2.024E+11,155 693 976,A01,1,7,0,2,1,13,1,
2.024E+11,155 693 983,B01,2,33,0,2,1,1,1,