Num_Acc,id_vehicule,num_veh,senc,catv,obs,obsm,choc,manv,motor,occutc
2.024E+11,155 693 973,B01,2,2,0,2,1,18,3,
2.024E+11,155 693 975,A01,2,10,0,2,7,22,1,
2.024E+11,155 693 969,A01,1,21,0,0,0,13,1,
2.024E+11,155 693 968,B01,2,7,0,9,3,15,1,
2.024E+11,155 693 972,A01,1,60,0,2,1,1,5,
2.024E+11,155 693 967,A01,1,7,1,0,3,1,1,
2.024E+11,155 693 966,A01,2,7,0,2,4,1,2,
2.024E+11,155 693 971,B01,2,7,0,2,1,1,2,
2.024E+11,155 693 965,A01,3,7,8,0,1,13,1,
2.024E+11,155 693 960,B01,1,14,0,2,6,1,1,
2.024E+11,155 693 963,A01,1,32,11,2,1,17,1,
2.024E+11,155 693 961,B01,2,1,0,2,5,19,5,
2.024E+11,155 693 964,A01,2,33,0,2,1,17,1,
2.024E+11,155 693 958,A01,1,2,0,0,0,1,1,
2.024E+11,155 693 956,A01,1,7,0,0,1,26,1,
2.024E+11,155 693 957,A01,3,1,0,1,1,0,5,
2.024E+11,155 693 953,B01,2,7,0,2,1,1,1,
2.024E+11,155 693 959,C01,2,7,0,2,6,1,1,
2.024E+11,155 693 962,D01,2,7,0,2,2,1,1,
2.024E+11,155 693 970,A01,1,7,0,2,7,13,1,
2.024E+11,155 693 951,A01,3,7,0,0,7,1,1,
2.024E+11,155 693 954,B01,3,7,0,2,1,1,2,
2.024E+11,155 693 946,A01,2,7,0,0,9,1,1,
2.024E+11,155 693 948,C01,2,7,0,2,4,2,1,
2.024E+11,155 693 952,B01,2,7,0,2,4,2,2,
2.024E+11,155 693 955,A01,2,7,0,2,1,2,1,
2.024E+11,155 693 944,A01,1,7,0,2,1,2,1,
2.024E+11,155 693 949,B01,1,7,0,2,4,2,1,
2.024E+11,155 693 943,A01,1,7,0,2,1,2,1,
2.024E+11,155 693 945,B01,2,7,0,2,4,1,1,
2.024E+11,155 693 940,A01,3,7,0,2,2,1,2,
2.024E+11,155 693 950,B01,3,7,0,2,1,13,1,
2.024E+11,155 693 939,A01,2,7,4,0,7,1,1,
2.024E+11,155 693 942,A01,3,7,0,2,3,15,1,
2.024E+11,155 693 947,B01,3,7,0,2,3,1,1,
2.024E+11,155 693 938,A01,3,37,0,2,5,17,0,1
2.024E+11,155 693 941,B01,3,80,0,2,3,1,3,
2.024E+11,155 693 937,A01,2,36,0,0,0,1,1,
2.024E+11,155 693 935,A01,1,32,0,2,1,3,1,
2.024E+11,155 693 936,B01,1,7,0,2,1,3,1,
2.024E+11,155 693 933,A01,1,7,4,0,3,1,1,
2.024E+11,155 693 932,A01,1,7,3,0,1,1,1,
2.024E+11,155 693 929,A01,2,7,0,0,1,1,1,
2.024E+11,155 693 925,A01,1,33,0,2,1,1,0,
2.024E+11,155 693 930,B01,2,3,0,0,5,11,0,
2.024E+11,155 693 934,C01,2,3,0,2,1,1,0,
2.024E+11,155 693 923,A01,2,7,4,0,1,1,1,
2.024E+11,155 693 922,A01,3,7,0,9,1,1,1,
2.024E+11,155 693 924,B01,3,1,0,0,0,0,5,
2.024E+11,155 693 920,A01,1,7,0,2,1,11,1,
2.024E+11,155 693 926,B01,2,13,0,2,1,1,1,
2.024E+11,155 693 921,A01,1,7,0,2,1,2,1,
2.024E+11,155 693 928,B01,1,3,0,2,4,1,3,
2.024E+11,155 693 919,A01,2,21,0,0,0,1,1,
2.024E+11,155 693 914,A01,1,7,1,0,2,14,1,
2.024E+11,155 693 916,D01,1,7,0,2,2,1,1,
2.024E+11,155 693 918,A01,1,7,0,2,1,1,1,
2.024E+11,155 693 927,B01,1,14,0,0,4,1,1,
2.024E+11,155 693 931,C01,1,10,0,2,2,1,1,
2.024E+11,155 693 911,A01,2,31,0,1,1,1,1,
2.024E+11,155 693 912,A01,2,7,0,9,3,9,1,
2.024E+11,155 693 917,B01,2,50,0,2,7,1,3,
2.024E+11,155 693 913,A01,1,33,0,6,1,0,1,
2.024E+11,155 693 908,A01,2,7,0,2,1,2,1,
2.024E+11,155 693 910,C01,2,7,0,2,3,2,1,
2.024E+11,155 693 915,B01,2,7,0,2,4,2,2,
2.024E+11,155 693 906,B01,1,17,0,2,5,1,1,
2.024E+11,155 693 909,A01,1,7,0,2,1,17,1,
2.024E+11,155 693 901,A01,3,10,11,0,3,0,1,
2.024E+11,155 693 899,A01,1,7,0,2,4,2,1,
2.024E+11,155 693 904,B01,1,32,0,2,1,2,1,
2.024E+11,155 693 902,A01,1,7,6,0,1,14,1,
2.024E+11,155 693 898,A01,1,7,0,2,2,1,1,
2.024E+11,155 693 903,Z01,2,13,0,2,3,0,0,
2.024E+11,155 693 896,C01,0,7,0,2,4,1,1,
2.024E+11,155 693 900,B01,0,7,0,2,4,1,1,
2.024E+11,155 693 907,A01,0,7,0,2,1,1,1,
2.024E+11,155 693 893,A01,2,7,0,2,5,13,1,
2.024E+11,155 693 905,B01,1,7,0,2,1,1,1,
2.024E+11,155 693 885,B01,3,32,0,2,3,1,1,
2.024E+11,155 693 892,A01,3,10,0,2,2,9,1,
2.024E+11,155 693 882,B01,1,30,0,2,1,26,1,
2.024E+11,155 693 888,A01,1,7,0,2,8,15,1,
2.024E+11,155 693 884,A01,1,7,0,2,2,13,1,
2.024E+11,155 693 891,B01,2,10,0,2,1,1,1,
2.024E+11,155 693 883,A01,2,7,0,2,1,17,1,
2.024E+11,155 693 889,B01,2,7,0,0,8,15,1,
2.024E+11,155 693 881,B01,1,7,0,2,6,23,1,
2.024E+11,155 693 887,C01,1,33,0,2,1,1,1,
2.024E+11,155 693 894,A01,1,10,0,2,5,21,1,
2.024E+11,155 693 880,A01,2,7,0,2,3,1,2,
2.024E+11,155 693 890,B01,2,7,0,2,1,19,2,
2.024E+11,155 693 878,A01,2,0,0,-1,4,26,-1,
2.024E+11,155 693 875,A01,1,7,0,2,6,1,1,
2.024E+11,155 693 877,B01,1,7,0,2,1,2,1,
2.024E+11,155 693 879,C01,1,7,0,2,1,2,1,
2.024E+11,155 693 870,A01,1,7,0,2,0,0,1,
2.024E+11,155 693 874,B01,1,32,0,2,1,2,1,
2.024E+11,155 693 871,B01,3,2,0,2,1,1,1,
2.024E+11,155 693 876,A01,3,7,0,2,1,19,1,
2.024E+11,155 693 868,A01,1,33,0,0,0,0,1,
2.024E+11,155 693 866,A01,3,33,0,6,3,1,1,
2.024E+11,155 693 865,A01,2,7,0,2,3,0,1,
2.024E+11,155 693 873,B01,1,7,0,2,3,0,1,
2.024E+11,155 693 863,Z01,3,7,0,1,2,1,0,
2.024E+11,155 693 862,A01,1,33,0,2,3,21,1,
2.024E+11,155 693 864,B01,1,17,0,2,5,1,1,
2.024E+11,155 693 869,C01,1,17,0,2,3,1,1,
2.024E+11,155 693 859,A01,3,32,0,1,1,7,1,
2.024E+11,155 693 858,A01,0,2,0,0,0,26,1,
2.024E+11,155 693 857,A01,-1,7,0,2,1,0,0,
2.024E+11,155 693 861,B01,1,7,0,2,4,2,1,
2.024E+11,155 693 849,A01,1,7,0,2,1,2,2,
2.024E+11,155 693 854,B01,1,7,0,0,0,0,1,
2.024E+11,155 693 844,B01,1,32,0,2,0,0,1,
2.024E+11,155 693 850,A01,2,7,0,2,2,23,1,
2.024E+11,155 693 847,B01,3,7,0,2,7,1,1,
2.024E+11,155 693 853,A01,3,10,0,2,1,1,1,
2.024E+11,155 693 846,A01,3,7,0,2,8,15,1,
2.024E+11,155 693 851,B01,0,33,0,2,7,1,1,
2.024E+11,155 693 845,A01,1,99,8,0,1,16,1,
2.024E+11,155 693 842,A01,2,7,0,2,3,15,1,
2.024E+11,155 693 848,B01,3,2,0,2,1,15,1,
2.024E+11,155 693 839,A01,1,30,8,0,0,26,1,
2.024E+11,155 693 837,B01,1,10,0,2,4,1,1,
2.024E+11,155 693 841,A01,1,33,0,2,1,1,1,
2.024E+11,155 693 838,A01,1,7,0,2,5,26,1,
2.024E+11,155 693 843,B01,1,7,0,2,3,2,1,
2.024E+11,155 693 835,A01,0,10,0,2,3,0,1,
2.024E+11,155 693 840,B01,3,1,0,2,1,0,5,
2.024E+11,155 693 832,A01,0,37,0,1,1,1,1,4
2.024E+11,155 693 833,A01,2,2,8,0,1,0,1,
2.024E+11,155 693 829,A01,0,7,0,1,3,21,1,
2.024E+11,155 693 831,A01,0,1,0,2,1,1,5,
2.024E+11,155 693 836,B01,2,7,0,2,3,1,1,
2.024E+11,155 693 826,A01,1,7,1,0,2,1,1,
2.024E+11,155 693 827,B01,1,2,0,2,1,1,1,
2.024E+11,155 693 834,A01,1,7,0,2,5,1,1,
2.024E+11,155 693 823,A01,1,10,0,1,3,16,1,
2.024E+11,155 693 824,B01,2,7,0,2,3,1,1,
2.024E+11,155 693 830,A01,1,7,0,2,3,1,1,
2.024E+11,155 693 822,A01,2,7,4,0,3,1,1,
2.024E+11,155 693 821,A01,2,7,0,2,1,2,1,
2.024E+11,155 693 825,B01,2,7,0,2,4,2,1,
2.024E+11,155 693 828,C01,2,7,0,2,4,1,1,
2.024E+11,155 693 819,A01,1,7,0,1,3,15,1,
2.024E+11,155 693 818,A01,1,31,0,2,7,14,1,
2.024E+11,155 693 817,A01,2,1,0,1,0,1,5,
2.024E+11,155 693 816,A01,3,2,0,2,2,17,1,
2.024E+11,155 693 820,B01,3,7,0,2,3,15,1,
2.024E+11,155 693 815,A01,0,7,0,1,1,1,1,
2.024E+11,155 693 812,A01,1,7,0,1,1,16,2,
2.024E+11,155 693 807,A01,0,80,0,1,1,1,3,
2.024E+11,155 693 808,A01,1,1,0,0,1,1,5,
2.024E+11,155 693 809,A01,2,7,4,0,0,0,1,
2.024E+11,155 693 811,A01,1,7,13,0,1,15,1,
2.024E+11,155 693 806,B01,1,7,0,2,2,19,1,
2.024E+11,155 693 814,A01,1,7,0,2,5,19,1,
2.024E+11,155 693 804,A01,2,2,0,0,1,26,3,
2.024E+11,155 693 805,B01,3,7,0,2,4,2,2,
2.024E+11,155 693 810,A01,3,1,0,2,1,2,5,
2.024E+11,155 693 803,A01,2,2,0,2,1,1,1,
2.024E+11,155 693 813,B01,2,7,0,2,2,1,2,
2.024E+11,155 693 794,B01,0,50,0,2,0,2,3,
2.024E+11,155 693 800,A01,0,7,0,0,5,2,1,
2.024E+11,155 693 793,A01,1,31,0,2,4,2,1,
2.024E+11,155 693 799,B01,1,7,0,2,1,2,1,
2.024E+11,155 693 792,B01,3,10,0,2,6,1,1,
2.024E+11,155 693 801,A01,3,31,0,2,1,1,1,
2.024E+11,155 693 789,B01,1,7,0,2,1,1,1,
2.024E+11,155 693 798,A01,1,30,0,2,3,5,1,
2.024E+11,155 693 785,A01,1,14,0,2,1,2,1,
2.024E+11,155 693 791,B01,1,10,0,2,4,2,1,
2.024E+11,155 693 797,C01,1,14,0,2,4,2,1,
2.024E+11,155 693 784,A01,1,7,16,0,0,0,1,
2.024E+11,155 693 790,A01,2,7,0,2,3,15,1,
2.024E+11,155 693 795,B01,2,1,0,2,1,1,5,
2.024E+11,155 693 782,A01,2,7,0,2,1,13,1,
2.024E+11,155 693 788,B01,2,10,0,2,1,1,1,
2.024E+11,155 693 783,A01,2,7,0,2,0,0,1,
2.024E+11,155 693 786,B01,1,30,0,2,0,0,0,
2.024E+11,155 693 781,B01,1,7,0,2,4,2,1,
2.024E+11,155 693 787,A01,1,7,0,2,1,26,1,
2.024E+11,155 693 780,A01,1,7,13,0,3,16,1,
2.024E+11,155 693 778,A01,3,2,0,0,0,1,1,
2.024E+11,155 693 779,Z01,3,0,0,0,0,0,0,
2.024E+11,155 693 774,A01,2,7,0,2,1,2,1,
2.024E+11,155 693 776,B01,2,34,0,2,4,2,1,
2.024E+11,155 693 772,B01,2,10,0,2,1,1,1,
2.024E+11,155 693 777,A01,2,7,4,2,1,12,1,
2.024E+11,155 693 771,A01,2,36,0,2,3,2,1,
2.024E+11,155 693 773,B01,2,7,0,2,5,15,1,
2.024E+11,155 693 769,A01,2,15,14,0,1,1,1,
2.024E+11,155 693 775,B01,2,7,8,0,0,0,1,
2.024E+11,155 693 767,Z01,1,7,0,1,8,1,2,
2.024E+11,155 693 766,A01,1,7,3,2,8,2,1,
2.024E+11,155 693 765,B01,2,80,0,2,8,1,3,
2.024E+11,155 693 770,A01,2,15,0,2,7,16,1,
2.024E+11,155 693 762,A01,1,33,13,0,1,0,1,
2.024E+11,155 693 763,A01,1,7,4,0,1,26,1,
2.024E+11,155 693 761,A01,1,7,0,1,3,1,1,
2.024E+11,155 693 764,A01,3,33,0,2,1,2,1,
2.024E+11,155 693 768,B01,3,7,0,2,4,23,1,
2.024E+11,155 693 759,A01,2,7,0,1,3,1,1,
2.024E+11,155 693 756,A01,1,7,4,0,9,0,1,
2.024E+11,155 693 754,B01,1,7,0,2,1,1,1,
2.024E+11,155 693 760,A01,2,1,0,2,1,5,5,
2.024E+11,155 693 753,A01,1,7,4,2,1,1,1,
2.024E+11,155 693 757,B01,1,7,0,2,6,1,1,
2.024E+11,155 693 750,A01,1,7,2,0,9,1,1,
2.024E+11,155 693 752,B01,2,10,0,2,5,1,1,
2.024E+11,155 693 758,A01,1,10,0,0,7,11,1,
2.024E+11,155 693 749,C01,0,7,1,0,4,0,1,
2.024E+11,155 693 751,A01,0,7,0,2,1,0,1,
2.024E+11,155 693 755,B01,0,7,0,0,0,0,1,
2.024E+11,155 693 746,A01,0,7,0,1,2,1,1,
2.024E+11,155 693 747,A01,3,7,15,0,1,0,1,
2.024E+11,155 693 745,A01,1,7,4,0,2,21,1,
2.024E+11,155 693 744,A01,1,7,6,0,1,0,1,
2.024E+11,155 693 748,A01,1,7,0,1,3,15,2,
2.024E+11,155 693 743,A01,2,7,0,1,4,26,1,
2.024E+11,155 693 742,A01,2,7,13,0,1,1,1,
2.024E+11,155 693 737,A01,3,7,0,2,1,1,1,
2.024E+11,155 693 741,B01,3,2,0,2,8,16,1,
2.024E+11,155 693 738,A01,3,7,1,0,1,1,2,
2.024E+11,155 693 735,A01,2,99,0,2,8,1,1,
2.024E+11,155 693 739,B01,1,50,0,2,0,1,3,
2.024E+11,155 693 734,A01,2,2,3,0,2,1,1,
2.024E+11,155 693 733,A01,3,10,0,1,2,1,1,
2.024E+11,155 693 731,C01,1,7,0,0,0,2,1,
2.024E+11,155 693 736,A01,1,7,0,0,8,17,1,
2.024E+11,155 693 740,B01,1,33,12,0,7,17,1,
2.024E+11,155 693 730,B01,2,7,0,2,1,2,1,
2.024E+11,155 693 732,A01,1,7,2,2,9,26,1,
2.024E+11,155 693 727,A01,3,10,0,1,4,4,1,
2.024E+11,155 693 724,A01,2,36,16,0,9,1,1,
2.024E+11,155 693 725,B01,1,7,0,2,1,1,1,
2.024E+11,155 693 728,A01,1,50,0,2,8,19,3,
2.024E+11,155 693 723,A01,2,10,0,2,1,17,1,
2.024E+11,155 693 726,B01,2,7,0,2,8,15,1,
2.024E+11,155 693 722,B01,1,1,0,2,1,1,5,
2.024E+11,155 693 729,A01,2,7,0,2,3,9,1,
2.024E+11,155 693 720,B01,2,30,0,1,1,1,3,
2.024E+11,155 693 718,A01,1,7,8,0,1,1,1,
2.024E+11,155 693 715,C01,1,7,0,2,1,2,1,
2.024E+11,155 693 719,A01,2,7,0,2,1,13,1,
2.024E+11,155 693 721,B01,1,7,0,2,1,1,1,
2.024E+11,155 693 712,A01,1,7,0,1,2,1,1,
2.024E+11,155 693 716,B01,1,7,0,2,3,1,1,
2.024E+11,155 693 713,A01,2,7,0,2,3,1,1,
2.024E+11,155 693 717,B01,2,7,0,2,5,15,1,
2.024E+11,155 693 710,A01,1,7,1,0,1,14,1,
2.024E+11,155 693 709,A01,2,7,0,1,2,1,1,
2.024E+11,155 693 706,B01,1,7,0,2,1,2,1,
2.024E+11,155 693 714,A01,1,7,4,2,1,26,1,
2.024E+11,155 693 705,A01,1,33,0,2,1,17,1,
2.024E+11,155 693 708,B01,1,7,0,0,6,15,1,
2.024E+11,155 693 702,A01,1,1,0,2,2,19,5,
2.024E+11,155 693 704,B01,2,7,0,2,1,1,1,
2.024E+11,155 693 700,A01,1,7,0,2,1,21,1,
2.024E+11,155 693 707,B01,1,7,0,2,6,15,1,
2.024E+11,155 693 711,C01,2,33,0,2,9,1,1,
2.024E+11,155 693 701,A01,1,1,0,0,7,14,5,
2.024E+11,155 693 698,A01,2,33,0,2,5,17,1,
2.024E+11,155 693 703,B01,2,7,0,2,8,15,1,
2.024E+11,155 693 695,B01,2,33,0,2,1,1,1,
2.024E+11,155 693 699,A01,2,7,0,2,2,15,1,
2.024E+11,155 693 694,A01,1,7,3,0,1,2,1,
2.024E+11,155 693 697,B01,1,7,0,2,1,2,1,
2.024E+11,155 693 696,A01,3,7,6,0,1,1,1,
2.024E+11,155 693 693,A01,1,7,0,1,1,1,1,
2.024E+11,155 693 688,B01,1,7,0,2,3,1,1,
2.024E+11,155 693 692,A01,2,7,0,2,3,5,1,
2.024E+11,155 693 689,A01,1,7,0,1,7,17,0,
2.024E+11,155 693 686,A01,1,7,6,0,3,13,1,
2.024E+11,155 693 683,A01,2,10,0,9,7,0,0,
2.024E+11,155 693 690,B01,2,50,0,2,8,0,3,
2.024E+11,155 693 684,A01,1,7,8,2,2,13,1,
2.024E+11,155 693 691,B01,2,7,0,2,2,1,1,
2.024E+11,155 693 682,A01,1,33,0,2,8,19,1,
2.024E+11,155 693 687,B01,2,10,0,2,8,23,1,
2.024E+11,155 693 680,A01,2,7,13,0,1,0,1,
2.024E+11,155 693 675,A01,1,7,12,1,0,16,1,
2.024E+11,155 693 676,A01,3,7,0,2,2,15,1,
2.024E+11,155 693 681,B01,3,60,0,2,6,15,5,
2.024E+11,155 693 671,B01,1,0,0,2,2,18,-1,
2.024E+11,155 693 674,A01,1,30,0,2,3,0,1,
2.024E+11,155 693 672,B01,1,7,0,2,3,1,1,
2.024E+11,155 693 677,A01,2,50,0,2,2,5,3,
2.024E+11,155 693 669,A01,1,1,0,2,3,13,5,
2.024E+11,155 693 673,B01,2,7,0,9,3,1,1,
2.024E+11,155 693 668,A01,1,7,4,0,0,0,1,
2.024E+11,155 693 666,B01,1,32,0,2,1,1,1,
2.024E+11,155 693 670,A01,2,7,0,2,2,15,1,
2.024E+11,155 693 667,B01,1,37,0,0,0,0,1,4
2.024E+11,155 693 678,A01,1,7,0,0,0,0,1,
2.024E+11,155 693 663,A01,1,33,0,5,1,1,1,
2.024E+11,155 693 661,B01,1,7,0,2,2,1,1,
2.024E+11,155 693 665,A01,3,7,0,2,3,15,1,
2.024E+11,155 693 659,A01,1,7,0,2,2,13,1,
2.024E+11,155 693 664,B01,2,7,0,2,1,1,1,
2.024E+11,155 693 655,B01,0,7,0,2,5,1,1,
2.024E+11,155 693 660,A01,0,7,0,2,3,11,1,
2.024E+11,155 693 654,B01,1,43,0,2,3,1,1,
2.024E+11,155 693 658,A01,1,7,0,2,5,1,3,
2.024E+11,155 693 656,A01,2,7,0,2,2,9,1,
2.024E+11,155 693 662,B01,1,30,0,2,3,1,1,
2.024E+11,155 693 652,A01,1,30,0,0,0,26,1,
2.024E+11,155 693 650,B01,3,7,0,0,4,2,1,
2.024E+11,155 693 657,A01,3,7,0,2,1,2,1,
2.024E+11,155 693 648,A01,3,7,0,2,7,15,1,
2.024E+11,155 693 651,B01,3,30,0,2,1,1,1,
2.024E+11,155 693 646,B01,1,7,0,2,4,2,1,
2.024E+11,155 693 649,A01,1,7,0,2,1,2,3,
2.024E+11,155 693 645,A01,3,7,1,0,1,14,1,
2.024E+11,155 693 643,A01,1,7,13,0,2,15,1,
2.024E+11,155 693 644,B01,3,33,0,2,1,1,1,
2.024E+11,155 693 647,A01,3,7,0,2,7,1,2,
2.024E+11,155 693 640,B01,2,31,0,2,0,0,0,
2.024E+11,155 693 642,A01,2,7,0,2,0,0,1,
2.024E+11,155 693 639,A01,3,7,12,0,1,1,1,
2.024E+11,155 693 633,A01,2,7,3,2,6,18,1,
2.024E+11,155 693 636,B01,2,7,0,2,2,1,2,
2.024E+11,155 693 637,B01,1,7,0,2,5,1,2,
2.024E+11,155 693 641,A01,1,7,0,2,3,1,2,
2.024E+11,155 693 631,A01,1,32,0,2,1,21,1,
2.024E+11,155 693 638,B01,1,7,0,2,4,1,1,
2.024E+11,155 693 628,A01,1,7,0,2,1,2,1,
2.024E+11,155 693 634,B01,1,7,0,2,4,23,1,
2.024E+11,155 693 629,A01,1,7,0,2,3,15,2,
2.024E+11,155 693 635,B01,1,1,0,2,0,15,5,
2.024E+11,155 693 626,B01,3,32,0,2,2,23,1,
2.024E+11,155 693 630,A01,3,7,0,2,2,15,1,
2.024E+11,155 693 627,B01,1,7,0,2,2,10,1,
2.024E+11,155 693 632,A01,2,7,0,2,3,1,3,
2.024E+11,155 693 625,A01,3,10,0,1,4,26,1,
2.024E+11,155 693 623,A01,2,7,13,0,1,1,1,
2.024E+11,155 693 622,A01,2,31,0,2,1,3,1,
2.024E+11,155 693 624,B01,2,7,0,2,2,12,1,
2.024E+11,155 693 620,A01,3,7,9,0,2,1,1,
2.024E+11,155 693 619,A01,1,7,4,0,1,15,2,
2.024E+11,155 693 617,A01,1,31,0,1,1,2,1,
2.024E+11,155 693 615,B01,2,33,0,2,1,2,1,
2.024E+11,155 693 621,A01,3,7,4,2,6,9,1,
2.024E+11,155 693 610,A01,2,7,4,0,2,1,1,
2.024E+11,155 693 608,B01,2,7,0,2,1,1,1,
2.024E+11,155 693 616,C01,2,7,0,2,1,1,1,
2.024E+11,155 693 618,A01,1,7,0,2,1,1,2,
2.024E+11,155 693 605,B01,2,1,0,2,0,0,5,
2.024E+11,155 693 607,A01,1,7,0,2,1,15,1,
2.024E+11,155 693 603,A01,2,7,0,2,6,1,1,
2.024E+11,155 693 606,B01,2,33,0,2,4,21,1,
2.024E+11,155 693 612,C01,2,34,0,2,1,21,1,
2.024E+11,155 693 614,Z01,2,7,0,2,0,0,0,
2.024E+11,155 693 601,B01,1,7,0,2,8,9,1,
2.024E+11,155 693 609,C01,1,7,0,2,8,23,1,
2.024E+11,155 693 613,A01,2,7,4,2,1,9,3,
2.024E+11,155 693 599,A01,2,7,0,1,1,1,1,
2.024E+11,155 693 595,A01,2,10,0,0,4,1,1,
2.024E+11,155 693 602,B01,2,7,0,2,1,2,1,
2.024E+11,155 693 611,C01,2,10,0,2,1,2,1,
2.024E+11,155 693 597,A01,1,30,0,2,2,1,1,
2.024E+11,155 693 604,B01,2,7,0,2,3,15,1,
2.024E+11,155 693 594,B01,1,7,0,2,4,1,1,
2.024E+11,155 693 598,A01,1,7,0,2,1,1,1,
2.024E+11,155 693 592,A01,1,1,0,1,1,1,5,
2.024E+11,155 693 590,A01,2,7,0,2,7,11,1,
2.024E+11,155 693 593,B01,2,43,0,2,7,3,1,
2.024E+11,155 693 589,A01,1,7,0,9,1,16,1,
2.024E+11,155 693 591,B01,1,1,0,2,1,19,5,
2.024E+11,155 693 588,A01,2,30,0,0,3,0,3,
2.024E+11,155 693 586,A01,1,7,0,1,2,1,2,
2.024E+11,155 693 587,A01,1,3,1,0,1,0,1,
2.024E+11,155 693 585,A01,2,7,1,0,2,14,1,
2.024E+11,155 693 578,A01,2,7,0,1,1,1,1,
2.024E+11,155 693 580,A01,2,7,0,2,6,1,1,
2.024E+11,155 693 584,B01,2,15,0,2,5,12,1,
2.024E+11,155 693 581,B01,2,7,0,2,3,1,1,
2.024E+11,155 693 583,A01,1,7,0,2,2,15,1,
2.024E+11,155 693 576,B01,2,7,0,2,1,1,1,
2.024E+11,155 693 582,A01,1,32,0,2,1,13,1,
2.024E+11,155 693 573,A01,3,7,0,2,1,1,1,
2.024E+11,155 693 579,B01,1,7,0,0,5,1,1,
2.024E+11,155 693 574,B01,1,10,0,2,1,2,1,
2.024E+11,155 693 577,A01,1,7,15,2,4,16,1,
2.024E+11,155 693 569,B01,3,7,0,2,3,1,0,
2.024E+11,155 693 575,A01,3,7,0,2,2,15,1,
2.024E+11,155 693 560,B01,2,7,0,2,4,1,1,
2.024E+11,155 693 568,C01,2,7,0,2,4,1,1,
2.024E+11,155 693 572,A01,2,7,0,2,1,2,1,
2.024E+11,155 693 562,B01,2,7,0,9,3,0,1,
2.024E+11,155 693 565,A01,1,1,0,9,1,1,5,
2.024E+11,155 693 557,A01,1,7,0,2,3,0,0,
2.024E+11,155 693 563,B01,1,2,0,2,5,0,1,
2.024E+11,155 693 556,B01,2,7,0,2,5,23,1,
2.024E+11,155 693 561,C01,2,15,0,0,6,23,1,
2.024E+11,155 693 567,A01,2,10,0,2,3,21,1,
2.024E+11,155 693 555,B01,1,33,0,2,4,1,1,
2.024E+11,155 693 558,C01,1,7,0,2,4,1,1,
2.024E+11,155 693 564,D01,2,7,0,2,3,1,1,
2.024E+11,155 693 570,A01,1,10,0,2,1,1,1,
2.024E+11,155 693 548,A01,1,7,0,2,7,17,1,
2.024E+11,155 693 551,B01,1,2,0,2,8,13,1,
2.024E+11,155 693 547,A01,1,7,0,1,3,15,3,
2.024E+11,155 693 549,A01,0,7,0,2,3,10,1,
2.024E+11,155 693 552,B01,0,33,0,2,1,1,1,
2.024E+11,155 693 544,B01,1,7,0,2,1,15,1,
2.024E+11,155 693 546,A01,2,2,0,2,1,1,3,
2.024E+11,155 693 542,B01,2,7,0,2,3,1,1,
2.024E+11,155 693 545,A01,1,7,0,2,3,1,1,
2.024E+11,155 693 541,A01,2,50,12,0,1,16,3,
2.024E+11,155 693 540,B01,2,7,0,2,1,1,1,
2.024E+11,155 693 543,D01,2,10,0,2,4,1,1,
2.024E+11,155 693 550,E01,2,7,0,2,4,1,3,
2.024E+11,155 693 553,H01,1,14,0,2,1,0,1,
2.024E+11,155 693 554,A01,2,7,0,2,7,1,1,
2.024E+11,155 693 559,C01,2,7,0,2,4,1,2,
2.024E+11,155 693 566,F01,2,7,0,2,7,1,2,
2.024E+11,155 693 571,G01,2,7,0,2,5,1,2,
2.024E+11,155 693 539,A01,1,7,4,0,1,0,1,
2.024E+11,155 693 538,A01,2,10,0,5,1,0,1,
2.024E+11,155 693 537,A01,1,14,0,1,5,15,1,
2.024E+11,155 693 534,A01,3,7,1,0,2,1,1,
2.024E+11,155 693 532,B01,-1,7,-1,-1,-1,-1,-1,
2.024E+11,155 693 535,A01,0,50,0,2,0,14,3,
2.024E+11,155 693 529,A01,1,7,0,2,1,2,1,
2.024E+11,155 693 533,B01,1,7,0,2,4,2,1,
2.024E+11,155 693 528,A01,2,7,0,2,6,15,1,
2.024E+11,155 693 530,B01,2,33,0,2,7,1,1,
2.024E+11,155 693 521,A01,1,7,0,2,3,26,1,
2.024E+11,155 693 525,B01,2,2,0,2,1,26,1,
2.024E+11,155 693 522,A01,1,7,14,2,7,1,1,
2.024E+11,155 693 527,B01,2,10,0,2,1,1,1,
2.024E+11,155 693 520,A01,1,7,0,2,4,4,1,
2.024E+11,155 693 524,B01,1,50,0,2,1,1,3,
2.024E+11,155 693 523,B01,1,34,0,2,2,17,1,
2.024E+11,155 693 526,C01,2,7,0,2,3,13,1,
2.024E+11,155 693 536,A01,1,7,0,2,3,1,1,
2.024E+11,155 693 519,A01,1,33,0,0,0,17,1,
2.024E+11,155 693 514,A01,1,7,13,0,0,1,1,
2.024E+11,155 693 513,A01,1,34,1,0,1,1,0,
2.024E+11,155 693 511,A01,1,7,8,2,1,1,0,
2.024E+11,155 693 517,B01,2,7,0,2,2,15,0,
2.024E+11,155 693 509,A01,0,7,0,2,3,15,1,
2.024E+11,155 693 518,B01,3,50,0,2,3,15,3,
2.024E+11,155 693 510,A01,3,21,0,2,7,1,1,
2.024E+11,155 693 515,B01,2,7,0,2,3,1,1,
2.024E+11,155 693 508,A01,3,33,0,2,5,19,1,
2.024E+11,155 693 512,B01,3,7,0,2,3,0,3,
2.024E+11,155 693 506,B01,3,7,0,2,3,1,1,
2.024E+11,155 693 516,A01,3,0,0,2,0,0,0,