Num_Acc,id_vehicule,num_veh,senc,catv,obs,obsm,choc,manv,motor,occutc
2.024E+11,155 693 042,A01,1,7,0,1,1,0,1,
2.024E+11,155 693 037,A01,2,7,0,2,1,2,1,
2.024E+11,155 693 041,B01,1,7,0,2,1,1,1,
2.024E+11,155 693 039,A01,1,7,4,0,1,0,1,
2.024E+11,155 693 036,A01,3,7,0,2,3,23,1,
2.024E+11,155 693 040,B01,3,2,1,0,1,0,1,
2.024E+11,155 693 035,A01,3,7,0,2,1,15,1,
2.024E+11,155 693 038,B01,3,33,0,2,1,1,1,
2.024E+11,155 693 034,A01,3,50,0,0,0,0,3,
2.024E+11,155 693 033,A01,2,7,4,0,8,11,1,
2.024E+11,155 693 031,A01,1,7,6,0,2,14,1,
2.024E+11,155 693 032,A01,1,7,0,1,1,2,1,
2.024E+11,155 693 030,A01,2,7,0,1,1,1,1,
2.024E+11,155 693 024,A01,1,7,0,2,3,1,1,
2.024E+11,155 693 029,B01,2,7,0,2,3,5,1,
2.024E+11,155 693 025,A01,3,7,0,2,1,15,1,
2.024E+11,155 693 028,B01,3,7,0,2,1,16,1,
2.024E+11,155 693 022,B01,3,33,0,2,3,1,1,
2.024E+11,155 693 027,A01,3,7,0,2,6,15,1,
2.024E+11,155 693 020,A01,2,7,0,2,7,12,1,
2.024E+11,155 693 023,B01,2,33,0,2,8,2,1,
2.024E+11,155 693 019,A01,1,50,0,0,0,1,3,
2.024E+11,155 693 016,B01,2,33,0,2,1,21,1,
2.024E+11,155 693 018,A01,2,7,0,2,3,26,1,
2.024E+11,155 693 013,A01,1,7,0,2,1,1,1,
2.024E+11,155 693 017,B01,1,7,0,2,5,16,1,
2.024E+11,155 693 012,B01,1,7,1,0,5,9,2,
2.024E+11,155 693 015,A01,3,33,0,2,3,7,1,
2.024E+11,155 693 011,A01,1,7,0,2,5,1,1,
2.024E+11,155 693 014,B01,1,10,0,2,6,23,1,
2.024E+11,155 693 010,A01,2,33,6,0,2,0,1,
2.024E+11,155 693 006,A01,1,7,0,2,3,24,2,
2.024E+11,155 693 009,B01,1,80,1,0,1,1,3,
2.024E+11,155 693 004,A01,0,30,0,2,1,2,1,
2.024E+11,155 693 007,B01,0,7,0,2,4,1,1,
2.024E+11,155 693 005,B01,0,10,0,2,1,1,1,
2.024E+11,155 693 008,A01,0,10,0,2,2,13,1,
2.024E+11,155 692 999,A01,3,7,0,2,8,19,1,
2.024E+11,155 693 002,B01,1,7,0,2,1,1,1,
2.024E+11,155 692 998,A01,0,10,0,1,3,15,0,
2.024E+11,155 692 997,C01,1,7,0,2,5,2,1,
2.024E+11,155 693 001,A01,1,33,0,2,2,3,1,
2.024E+11,155 693 003,B01,1,7,0,2,3,2,1,
2.024E+11,155 692 996,A01,2,7,0,1,1,1,1,
2.024E+11,155 692 994,A01,2,7,2,0,0,14,1,
2.024E+11,155 692 995,A01,2,33,0,2,1,1,1,
2.024E+11,155 693 000,B01,2,7,0,2,8,15,2,
2.024E+11,155 692 992,A01,0,7,3,0,2,0,1,
2.024E+11,155 692 990,Z01,2,2,0,0,0,0,0,
2.024E+11,155 692 993,A01,2,30,0,2,4,1,1,
2.024E+11,155 692 991,A01,2,7,4,0,8,0,1,
2.024E+11,155 692 988,B01,3,31,0,2,0,0,1,
2.024E+11,155 692 989,A01,3,7,0,2,0,0,1,
2.024E+11,155 692 983,A01,1,7,0,2,0,0,1,
2.024E+11,155 692 986,B01,1,7,0,2,6,21,1,
2.024E+11,155 692 984,A01,1,7,0,0,0,1,1,
2.024E+11,155 692 982,B01,1,7,6,2,1,17,3,
2.024E+11,155 692 985,A01,1,10,0,2,3,15,1,
2.024E+11,155 692 981,B01,2,33,0,2,7,1,1,
2.024E+11,155 692 987,A01,2,7,0,2,8,11,1,
2.024E+11,155 692 979,A01,1,31,6,0,1,0,1,
2.024E+11,155 692 978,A01,1,10,0,0,0,15,1,
2.024E+11,155 692 980,B01,2,2,0,0,0,1,1,
2.024E+11,155 692 976,A01,0,7,0,1,1,20,0,
2.024E+11,155 692 973,B01,2,7,0,2,4,2,1,
2.024E+11,155 692 975,A01,2,10,0,2,1,2,1,
2.024E+11,155 692 971,A01,2,33,0,2,1,3,1,
2.024E+11,155 692 974,B01,2,7,0,2,3,11,1,
2.024E+11,155 692 977,C01,2,7,0,2,6,2,2,
2.024E+11,155 692 969,A01,1,7,0,0,1,1,1,
2.024E+11,155 692 970,A01,1,21,0,0,6,15,1,
2.024E+11,155 692 972,B01,1,33,0,2,1,17,1,
2.024E+11,155 692 966,B01,1,7,0,2,1,1,1,
2.024E+11,155 692 967,A01,1,50,0,2,7,19,3,
2.024E+11,155 692 965,A01,2,7,0,2,2,1,1,
2.024E+11,155 692 968,B01,2,7,0,2,8,1,1,
2.024E+11,155 692 962,A01,1,33,0,0,7,26,1,
2.024E+11,155 692 961,A01,2,33,0,2,7,1,1,
2.024E+11,155 692 964,B01,2,7,0,2,3,15,1,
2.024E+11,155 692 959,A01,1,50,0,0,3,1,3,
2.024E+11,155 692 957,A01,2,7,0,2,1,1,1,
2.024E+11,155 692 958,B01,2,7,0,2,4,1,1,
2.024E+11,155 692 952,A01,1,7,4,0,3,26,1,
2.024E+11,155 692 955,C01,2,7,0,2,3,2,1,
2.024E+11,155 692 960,A01,1,7,0,2,3,1,1,
2.024E+11,155 692 963,B01,2,3,0,2,1,15,1,
2.024E+11,155 692 951,A01,1,10,0,2,1,15,6,
2.024E+11,155 692 954,B01,1,7,0,2,1,1,0,
2.024E+11,155 692 953,B01,0,7,0,2,1,1,1,
2.024E+11,155 692 956,A01,3,10,0,2,7,19,1,
2.024E+11,155 692 949,A01,2,7,0,2,4,1,0,
2.024E+11,155 692 950,B01,2,1,0,2,4,1,5,
2.024E+11,155 692 946,A01,2,7,0,2,3,11,0,
2.024E+11,155 692 948,B01,2,33,0,2,7,1,0,
2.024E+11,155 692 947,A01,3,33,0,0,1,13,1,
2.024E+11,155 692 944,A01,1,10,0,2,3,20,1,
2.024E+11,155 692 945,B01,1,50,0,2,0,1,3,
2.024E+11,155 692 943,A01,2,7,0,1,4,20,2,
2.024E+11,155 692 940,A01,1,10,0,1,2,2,1,
2.024E+11,155 692 939,A01,1,7,0,2,1,1,1,
2.024E+11,155 692 941,B01,2,7,0,2,7,1,1,
2.024E+11,155 692 937,B01,3,7,0,2,7,1,1,
2.024E+11,155 692 942,A01,3,10,0,2,1,1,3,
2.024E+11,155 692 936,A01,1,10,2,0,1,1,1,
2.024E+11,155 692 935,A01,1,7,0,2,3,9,1,
2.024E+11,155 692 938,B01,1,33,0,2,7,1,1,
2.024E+11,155 692 933,A01,0,7,0,2,2,4,1,
2.024E+11,155 692 934,B01,2,50,0,2,1,1,3,
2.024E+11,155 692 931,A01,1,7,0,1,1,19,2,
2.024E+11,155 692 929,A01,1,7,0,1,2,16,1,
2.024E+11,155 692 930,A01,2,36,0,9,2,1,1,
2.024E+11,155 692 932,B01,1,1,0,2,3,11,5,
2.024E+11,155 692 921,A01,1,10,0,2,1,1,1,
2.024E+11,155 692 926,B01,3,7,0,2,6,1,1,
2.024E+11,155 692 917,B01,1,13,0,2,4,2,1,
2.024E+11,155 692 922,D01,1,7,0,0,4,2,1,
2.024E+11,155 692 925,A01,1,14,0,2,1,2,1,
2.024E+11,155 692 927,C01,1,7,0,2,4,2,1,
2.024E+11,155 692 919,B01,1,7,0,2,1,1,1,
2.024E+11,155 692 923,C01,1,7,0,2,5,1,1,
2.024E+11,155 692 928,A01,1,7,0,2,3,15,1,
2.024E+11,155 692 920,A01,1,7,2,2,1,2,1,
2.024E+11,155 692 924,B01,1,7,0,2,3,15,1,
2.024E+11,155 692 916,A01,2,39,0,2,1,1,3,
2.024E+11,155 692 918,B01,1,10,0,4,6,1,1,
2.024E+11,155 692 914,A01,1,7,13,0,1,1,1,
2.024E+11,155 692 912,A01,2,7,0,2,1,2,1,
2.024E+11,155 692 915,B01,2,7,0,2,6,23,1,
2.024E+11,155 692 913,A01,1,7,4,0,9,13,1,
2.024E+11,155 692 909,A01,1,33,0,0,9,1,1,
2.024E+11,155 692 908,B01,1,33,0,2,1,1,1,
2.024E+11,155 692 911,A01,1,7,0,2,3,15,1,
2.024E+11,155 692 905,B01,2,14,0,0,5,23,1,
2.024E+11,155 692 910,A01,2,7,1,0,3,12,1,
2.024E+11,155 692 906,A01,1,7,0,0,9,14,1,
2.024E+11,155 692 904,A01,1,7,0,2,3,15,1,
2.024E+11,155 692 907,B01,2,37,0,2,3,1,3,1
2.024E+11,155 692 902,A01,1,7,0,1,3,1,1,
2.024E+11,155 692 898,A01,1,7,0,2,3,15,1,
2.024E+11,155 692 901,B01,1,33,0,2,1,17,1,
2.024E+11,155 692 896,B01,2,7,0,0,8,1,1,
2.024E+11,155 692 900,A01,2,7,0,2,7,17,1,
2.024E+11,155 692 903,C01,1,7,13,0,2,21,1,
2.024E+11,155 692 897,A01,1,10,0,1,2,2,1,
2.024E+11,155 692 895,A01,2,7,0,2,2,15,1,
2.024E+11,155 692 899,B01,1,33,0,2,1,1,1,
2.024E+11,155 692 892,A01,3,7,0,2,1,9,1,
2.024E+11,155 692 894,B01,1,7,0,2,3,1,1,
2.024E+11,155 692 891,A01,3,7,16,0,9,13,1,
2.024E+11,155 692 887,A01,1,7,0,0,1,15,1,
2.024E+11,155 692 886,B01,2,7,0,2,9,21,1,
2.024E+11,155 692 889,C01,2,7,0,2,4,26,2,
2.024E+11,155 692 893,A01,2,7,0,2,1,2,1,
2.024E+11,155 692 885,A01,2,10,0,1,1,16,1,
2.024E+11,155 692 881,A01,1,7,0,2,2,2,1,
2.024E+11,155 692 883,B01,1,7,0,2,4,2,1,
2.024E+11,155 692 880,A01,1,7,0,0,0,0,1,
2.024E+11,155 692 884,A01,2,7,0,0,8,13,1,
2.024E+11,155 692 876,B01,3,7,0,2,2,15,1,
2.024E+11,155 692 879,C01,3,33,0,2,1,1,0,
2.024E+11,155 692 882,A01,3,7,6,2,2,1,1,
2.024E+11,155 692 874,A01,1,7,0,2,3,13,1,
2.024E+11,155 692 878,B01,2,7,0,2,3,1,1,
2.024E+11,155 692 873,B01,2,99,0,0,3,19,1,
2.024E+11,155 692 875,A01,2,2,0,0,1,1,1,
2.024E+11,155 692 872,B01,1,2,0,2,1,1,1,
2.024E+11,155 692 877,A01,1,7,0,2,7,1,1,
2.024E+11,155 692 869,A01,1,7,0,0,2,17,1,
2.024E+11,155 692 868,A01,1,17,3,2,1,13,1,
2.024E+11,155 692 870,B01,2,7,3,0,1,1,1,
2.024E+11,155 692 866,B01,2,7,0,2,1,1,1,
2.024E+11,155 692 871,A01,1,7,0,2,1,14,1,
2.024E+11,155 692 865,A01,2,50,0,2,7,1,3,
2.024E+11,155 692 867,B01,2,7,0,2,2,1,1,
2.024E+11,155 692 862,A01,1,7,0,2,8,9,1,
2.024E+11,155 692 864,B01,1,14,0,2,1,2,1,
2.024E+11,155 692 860,A01,1,7,3,2,0,1,1,
2.024E+11,155 692 863,B01,1,7,3,2,0,1,2,
2.024E+11,155 692 859,B01,1,10,0,2,3,1,1,
2.024E+11,155 692 861,A01,2,7,0,2,3,13,1,
2.024E+11,155 692 857,A01,3,33,4,2,1,1,1,
2.024E+11,155 692 858,B01,3,7,0,2,1,1,1,
2.024E+11,155 692 855,A01,0,7,0,9,3,9,3,
2.024E+11,155 692 856,B01,0,1,0,2,7,1,5,
2.024E+11,155 692 853,A01,1,1,0,0,0,1,5,
2.024E+11,155 692 852,A01,2,15,0,2,1,1,1,
2.024E+11,155 692 854,B01,1,7,0,2,1,13,1,
2.024E+11,155 692 850,B01,1,7,0,2,2,1,1,
2.024E+11,155 692 851,A01,1,35,0,2,3,0,1,
2.024E+11,155 692 848,A01,2,7,0,2,1,2,1,
2.024E+11,155 692 849,B01,2,33,0,2,4,23,1,
2.024E+11,155 692 846,A01,3,7,13,0,3,14,1,
2.024E+11,155 692 844,A01,2,7,3,2,1,2,1,
2.024E+11,155 692 847,B01,2,7,3,0,4,2,1,
2.024E+11,155 692 843,A01,2,7,0,1,2,1,2,
2.024E+11,155 692 842,A01,1,7,13,0,9,14,1,
2.024E+11,155 692 840,A01,2,7,8,0,7,1,1,
2.024E+11,155 692 838,B01,3,7,0,2,8,15,1,
2.024E+11,155 692 841,A01,1,7,0,2,1,1,1,
2.024E+11,155 692 837,A01,2,7,13,0,2,1,1,
2.024E+11,155 692 836,A01,2,7,0,2,5,9,1,
2.024E+11,155 692 839,B01,2,80,0,2,1,1,3,
2.024E+11,155 692 833,A01,2,21,0,2,2,15,1,
2.024E+11,155 692 834,B01,2,30,0,2,1,1,1,
2.024E+11,155 692 832,A01,3,7,0,1,4,4,1,
2.024E+11,155 692 835,A01,1,33,13,0,0,16,1,
2.024E+11,155 692 828,A01,1,7,8,2,1,1,1,
2.024E+11,155 692 830,B01,1,7,0,0,7,0,1,
2.024E+11,155 692 829,A01,1,10,0,2,2,19,1,
2.024E+11,155 692 831,B01,2,7,0,2,1,1,1,
2.024E+11,155 692 826,A01,0,7,0,1,1,1,1,
2.024E+11,155 692 827,A01,2,7,13,0,1,1,1,
2.024E+11,155 692 825,A01,2,7,12,0,1,1,1,
2.024E+11,155 692 824,A01,0,7,8,0,2,15,1,
2.024E+11,155 692 820,A01,1,7,1,0,1,26,1,
2.024E+11,155 692 821,B01,1,7,0,2,3,26,1,
2.024E+11,155 692 818,A01,1,7,0,2,3,16,1,
2.024E+11,155 692 819,B01,1,43,0,2,1,1,1,
2.024E+11,155 692 817,A01,2,7,4,0,0,9,1,
2.024E+11,155 692 816,A01,1,7,4,0,1,1,1,
2.024E+11,155 692 814,A01,3,7,0,2,3,1,1,
2.024E+11,155 692 815,B01,3,33,0,2,1,1,1,
2.024E+11,155 692 812,A01,3,50,0,2,1,26,3,
2.024E+11,155 692 813,B01,3,37,0,2,5,1,0,1
2.024E+11,155 692 811,A01,2,7,8,0,1,1,1,
2.024E+11,155 692 810,A01,1,2,0,0,7,1,1,
2.024E+11,155 692 809,A01,2,7,0,1,6,4,1,
2.024E+11,155 692 808,A01,3,10,4,0,2,15,1,
2.024E+11,155 692 807,A01,1,7,0,1,3,26,1,
2.024E+11,155 692 805,B01,1,7,0,2,1,1,1,
2.024E+11,155 692 806,A01,2,2,0,2,1,13,1,
2.024E+11,155 692 803,A01,2,16,0,2,7,12,1,
2.024E+11,155 692 804,B01,1,7,0,2,8,1,1,
2.024E+11,155 692 802,A01,2,7,0,1,2,1,1,
2.024E+11,155 692 800,B01,3,50,0,0,0,0,3,
2.024E+11,155 692 801,Z01,3,7,0,2,4,4,1,
2.024E+11,155 692 799,A01,1,7,1,0,2,1,1,
2.024E+11,155 692 797,A01,2,17,0,2,1,1,1,
2.024E+11,155 692 798,B01,2,7,0,2,4,9,1,
2.024E+11,155 692 795,B01,1,7,5,2,3,5,1,
2.024E+11,155 692 796,A01,2,7,0,2,3,13,2,
2.024E+11,155 692 794,A01,3,50,0,0,3,1,3,
2.024E+11,155 692 793,A01,3,7,0,1,0,1,1,
2.024E+11,155 692 792,A01,1,7,0,1,3,1,1,
2.024E+11,155 692 791,A01,0,7,0,1,4,20,1,
2.024E+11,155 692 789,B01,1,7,0,2,4,2,2,
2.024E+11,155 692 790,A01,1,30,0,2,1,2,3,
2.024E+11,155 692 788,A01,1,7,0,0,0,13,1,
2.024E+11,155 692 786,B01,2,99,0,2,3,0,0,
2.024E+11,155 692 787,A01,1,7,0,9,2,2,1,
2.024E+11,155 692 785,A01,0,2,0,0,7,1,1,
2.024E+11,155 692 784,A01,2,7,13,0,1,1,1,
2.024E+11,155 692 782,A01,2,50,0,2,1,21,3,
2.024E+11,155 692 783,B01,3,14,0,2,4,4,1,
2.024E+11,155 692 781,A01,2,10,0,1,2,1,1,
2.024E+11,155 692 780,A01,2,7,0,1,1,1,1,
2.024E+11,155 692 778,Z01,2,13,0,9,1,1,1,
2.024E+11,155 692 779,B01,1,1,0,2,1,1,5,
2.024E+11,155 692 775,C01,2,10,0,2,1,1,1,
2.024E+11,155 692 776,A01,1,7,0,2,5,5,1,
2.024E+11,155 692 777,B01,3,7,0,2,1,5,1,
2.024E+11,155 692 773,A01,3,30,0,2,3,2,1,
2.024E+11,155 692 774,B01,3,10,0,2,3,15,1,
2.024E+11,155 692 771,A01,0,7,0,2,7,16,1,
2.024E+11,155 692 772,B01,0,7,0,2,0,0,1,
2.024E+11,155 692 770,A01,2,7,13,0,1,1,1,
2.024E+11,155 692 769,A01,1,7,7,0,1,15,1,
2.024E+11,155 692 767,B01,2,7,0,2,7,0,1,
2.024E+11,155 692 768,A01,1,7,0,2,1,1,1,
2.024E+11,155 692 766,A01,3,7,0,1,2,1,1,
2.024E+11,155 692 764,A01,3,50,0,2,1,19,3,
2.024E+11,155 692 765,B01,3,7,0,2,2,1,1,
2.024E+11,155 692 763,B01,1,2,0,2,7,1,1,
2.024E+11,155 692 760,A01,1,7,0,2,3,1,1,
2.024E+11,155 692 762,B01,1,7,0,2,3,23,1,
2.024E+11,155 692 759,A01,1,15,0,2,1,1,1,
2.024E+11,155 692 761,B01,1,7,0,0,4,1,1,
2.024E+11,155 692 756,A01,1,7,0,2,7,21,1,
2.024E+11,155 692 757,B01,2,7,0,2,6,23,1,
2.024E+11,155 692 753,A01,1,7,0,9,2,15,1,
2.024E+11,155 692 754,B01,2,1,0,9,1,2,5,
2.024E+11,155 692 755,A01,2,7,0,9,3,16,1,
2.024E+11,155 692 758,B01,2,50,0,2,7,1,3,
2.024E+11,155 692 751,B01,3,1,0,2,7,26,5,
2.024E+11,155 692 752,A01,1,7,0,9,0,0,1,
2.024E+11,155 692 747,A01,1,40,0,2,0,15,3,
2.024E+11,155 692 750,Y01,2,1,0,4,0,1,5,
2.024E+11,155 692 748,B01,1,7,0,2,2,26,1,
2.024E+11,155 692 749,A01,2,7,15,2,3,9,1,
2.024E+11,155 692 746,A01,2,7,6,0,1,2,1,
2.024E+11,155 692 745,A01,0,7,0,1,0,0,1,
2.024E+11,155 692 744,A01,3,30,0,5,7,1,1,
2.024E+11,155 692 742,A01,1,7,0,2,2,10,1,
2.024E+11,155 692 743,B01,2,31,0,2,1,1,1,
2.024E+11,155 692 741,A01,1,7,0,1,8,1,1,
2.024E+11,155 692 738,B01,1,7,0,2,6,2,1,
2.024E+11,155 692 740,A01,1,7,9,2,2,17,1,
2.024E+11,155 692 737,A01,3,33,0,2,7,16,1,
2.024E+11,155 692 739,B01,3,7,0,2,3,1,1,
2.024E+11,155 692 736,A01,1,7,3,0,3,1,1,
2.024E+11,155 692 735,A01,0,10,0,1,1,1,0,
2.024E+11,155 692 730,Z01,0,13,0,1,5,0,0,
2.024E+11,155 692 731,B01,3,33,0,2,1,1,1,
2.024E+11,155 692 732,D01,3,38,0,2,7,1,1,1
2.024E+11,155 692 733,C01,3,10,0,2,1,1,1,
2.024E+11,155 692 734,A01,3,7,0,2,8,11,2,
2.024E+11,155 692 729,A01,2,7,0,1,1,1,1,
2.024E+11,155 692 728,A01,1,1,0,1,1,17,5,
2.024E+11,155 692 727,A01,2,7,0,1,2,0,1,
2.024E+11,155 692 725,A01,2,7,0,2,3,20,1,
2.024E+11,155 692 726,B01,2,32,0,2,1,1,1,
2.024E+11,155 692 721,B01,1,7,0,2,4,2,1,
2.024E+11,155 692 723,C01,1,7,0,2,4,2,1,
2.024E+11,155 692 724,A01,1,10,0,2,1,26,1,
2.024E+11,155 692 720,B01,2,1,0,2,3,19,5,
2.024E+11,155 692 722,A01,2,7,0,2,2,1,1,
2.024E+11,155 692 718,B01,2,7,0,2,4,2,1,
2.024E+11,155 692 719,A01,2,7,0,2,1,2,1,
2.024E+11,155 692 716,A01,3,7,9,2,2,1,1,
2.024E+11,155 692 717,B01,2,7,0,2,1,1,1,
2.024E+11,155 692 712,Z01,1,0,0,1,2,1,0,
2.024E+11,155 692 713,B01,1,33,0,2,7,3,1,
2.024E+11,155 692 714,C01,1,7,0,2,5,1,1,
2.024E+11,155 692 715,A01,1,7,0,2,3,11,1,
2.024E+11,155 692 711,A01,2,7,4,0,2,1,1,
2.024E+11,155 692 709,A01,1,10,0,2,2,11,1,
2.024E+11,155 692 710,B01,2,7,0,2,3,15,1,
2.024E+11,155 692 707,A01,2,1,0,1,1,1,5,
2.024E+11,155 692 706,A01,1,7,0,2,1,15,1,
2.024E+11,155 692 708,B01,2,33,0,2,1,1,1,
2.024E+11,155 692 705,A01,2,31,12,0,8,13,1,
2.024E+11,155 692 704,A01,1,33,0,0,8,3,1,
2.024E+11,155 692 703,A01,2,33,0,1,8,18,1,
2.024E+11,155 692 702,A01,2,7,2,0,1,13,1,
2.024E+11,155 692 701,A01,3,37,0,1,3,1,1,1
2.024E+11,155 692 699,A01,3,33,0,0,0,1,1,
2.024E+11,155 692 697,A01,2,2,0,2,2,14,1,
2.024E+11,155 692 700,B01,2,7,0,2,3,1,1,
2.024E+11,155 692 696,A01,1,7,0,2,1,9,1,
2.024E+11,155 692 698,B01,1,7,4,2,7,14,1,
2.024E+11,155 692 695,A01,1,7,0,0,1,1,1,
2.024E+11,155 692 693,B01,3,1,0,2,7,1,5,
2.024E+11,155 692 694,A01,1,7,0,2,1,9,1,
2.024E+11,155 692 690,B01,0,7,14,0,1,2,1,
2.024E+11,155 692 692,A01,3,7,0,2,4,23,1,
2.024E+11,155 692 689,A01,0,2,0,2,3,1,1,
2.024E+11,155 692 691,B01,3,7,0,2,1,1,1,
2.024E+11,155 692 688,A01,3,7,0,1,2,1,1,
2.024E+11,155 692 687,A01,0,7,0,1,3,15,1,
2.024E+11,155 692 686,A01,3,10,8,0,0,9,0,
2.024E+11,155 692 685,A01,3,32,0,1,0,25,0,
2.024E+11,155 692 684,A01,2,31,0,0,0,21,1,
2.024E+11,155 692 683,A01,1,7,0,1,3,15,1,
2.024E+11,155 692 682,A01,3,7,0,1,5,4,1,
2.024E+11,155 692 681,A01,2,2,0,0,0,18,1,
2.024E+11,155 692 679,A01,1,7,0,1,2,16,1,
2.024E+11,155 692 678,B01,1,1,0,2,7,1,5,
2.024E+11,155 692 680,A01,3,7,0,2,1,9,1,
2.024E+11,155 692 677,A01,1,7,0,1,2,1,1,
2.024E+11,155 692 674,B01,2,10,0,2,4,4,1,
2.024E+11,155 692 676,A01,2,1,0,2,1,23,5,
2.024E+11,155 692 673,B01,1,10,0,2,8,15,1,
2.024E+11,155 692 675,A01,1,7,0,2,2,18,1,
2.024E+11,155 692 671,A01,1,33,0,2,8,17,1,
2.024E+11,155 692 672,B01,1,7,0,2,3,1,1,
2.024E+11,155 692 669,A01,2,7,0,2,2,16,1,
2.024E+11,155 692 670,B01,2,33,0,2,3,18,1,
2.024E+11,155 692 667,A01,1,7,0,2,3,1,1,
2.024E+11,155 692 668,B01,1,1,0,2,5,12,5,
2.024E+11,155 692 665,A01,2,7,0,1,1,1,1,
2.024E+11,155 692 664,B01,1,7,0,0,0,1,1,
2.024E+11,155 692 666,A01,2,50,0,0,0,5,3,
2.024E+11,155 692 660,A01,2,7,0,2,1,26,1,
2.024E+11,155 692 662,B01,2,3,0,2,4,0,1,
2.024E+11,155 692 663,C01,2,7,0,2,4,23,1,
2.024E+11,155 692 661,A01,2,7,4,0,1,1,1,
2.024E+11,155 692 658,B01,1,2,0,2,3,1,1,
2.024E+11,155 692 659,A01,2,7,0,2,2,15,0,
2.024E+11,155 692 657,A01,1,7,6,0,2,1,1,
2.024E+11,155 692 655,B01,3,7,0,2,1,1,1,
2.024E+11,155 692 656,A01,3,7,0,2,5,15,1,
2.024E+11,155 692 654,A01,1,7,0,1,2,1,1,
2.024E+11,155 692 652,A01,0,31,0,2,7,17,1,
2.024E+11,155 692 653,Z01,3,37,0,2,8,1,0,1
2.024E+11,155 692 649,A01,1,7,0,2,2,9,1,
2.024E+11,155 692 651,B01,2,7,0,2,2,15,1,
2.024E+11,155 692 648,B01,3,50,0,2,2,0,3,
2.024E+11,155 692 650,A01,3,7,0,9,1,19,1,
2.024E+11,155 692 645,B01,3,7,0,2,2,0,1,
2.024E+11,155 692 646,A01,2,32,0,2,1,0,1,
2.024E+11,155 692 647,C01,1,32,0,2,1,0,1,
2.024E+11,155 692 644,A01,2,10,0,1,1,15,1,
2.024E+11,155 692 642,B01,3,1,0,2,1,2,5,
2.024E+11,155 692 643,A01,2,32,0,2,0,26,1,
2.024E+11,155 692 641,A01,1,3,13,0,3,13,1,
2.024E+11,155 692 639,A01,3,7,0,2,8,15,1,
2.024E+11,155 692 640,B01,3,33,0,2,1,1,1,
2.024E+11,155 692 636,A01,3,10,0,2,1,16,1,
2.024E+11,155 692 638,B01,0,43,0,2,1,1,1,
2.024E+11,155 692 634,B01,1,37,0,2,4,1,1,2
2.024E+11,155 692 637,A01,1,10,0,2,1,2,1,
2.024E+11,155 692 633,B01,1,7,0,2,4,1,1,
2.024E+11,155 692 635,A01,2,7,0,2,1,2,1,
2.024E+11,155 692 630,A01,1,7,0,2,1,0,0,
2.024E+11,155 692 632,B01,3,7,0,2,0,0,1,
2.024E+11,155 692 628,A01,2,32,0,2,7,17,1,
2.024E+11,155 692 631,B01,2,7,0,2,3,15,1,
2.024E+11,155 692 627,A01,3,2,0,2,1,1,1,
2.024E+11,155 692 629,B01,3,32,0,2,2,19,1,
2.024E+11,155 692 625,A01,3,10,1,0,1,11,3,
2.024E+11,155 692 624,A01,1,10,0,2,4,4,1,
2.024E+11,155 692 626,B01,1,1,0,2,0,0,5,
2.024E+11,155 692 622,B01,2,7,0,2,6,1,1,
2.024E+11,155 692 623,A01,2,7,0,2,1,1,1,
2.024E+11,155 692 621,A01,2,50,0,2,1,17,3,
2.024E+11,155 692 619,A01,1,7,0,1,1,1,0,
2.024E+11,155 692 618,A01,2,7,0,2,2,5,1,
2.024E+11,155 692 620,B01,1,7,0,2,1,26,1,
2.024E+11,155 692 617,A01,2,37,0,1,2,1,3,1
2.024E+11,155 692 615,A01,2,10,0,1,1,1,1,
2.024E+11,155 692 614,A01,2,10,8,0,2,1,1,
2.024E+11,155 692 613,A01,1,7,0,2,2,9,1,
2.024E+11,155 692 616,B01,3,7,0,2,5,1,1,
2.024E+11,155 692 609,A01,2,7,0,2,3,1,1,
2.024E+11,155 692 612,B01,1,7,0,2,3,1,1,
2.024E+11,155 692 608,A01,1,30,0,2,4,2,1,
2.024E+11,155 692 611,B01,1,7,0,2,3,2,1,
2.024E+11,155 692 607,B01,3,1,0,2,1,1,5,
2.024E+11,155 692 610,A01,2,7,0,2,3,16,1,
2.024E+11,155 692 602,B01,1,2,0,2,1,3,1,
2.024E+11,155 692 603,A01,1,7,0,2,5,12,1,
2.024E+11,155 692 601,B01,2,10,0,2,1,1,1,
2.024E+11,155 692 606,A01,1,7,0,2,1,19,1,
2.024E+11,155 692 598,A01,0,33,0,2,1,2,1,
2.024E+11,155 692 600,B01,3,7,0,2,4,15,3,
2.024E+11,155 692 597,A01,3,50,0,1,1,19,3,
2.024E+11,155 692 596,A01,1,33,0,2,1,26,1,
2.024E+11,155 692 599,B01,1,7,0,2,4,2,1,
2.024E+11,155 692 595,A01,2,7,0,0,6,9,1,
2.024E+11,155 692 594,Z01,2,33,0,1,0,1,1,
2.024E+11,155 692 588,C01,1,7,0,2,6,1,3,
2.024E+11,155 692 591,D01,1,7,0,2,1,1,2,
2.024E+11,155 692 592,A01,1,10,0,2,3,11,1,
2.024E+11,155 692 593,B01,1,7,0,2,2,1,1,
2.024E+11,155 692 587,B01,0,7,0,2,4,1,1,
2.024E+11,155 692 589,Z01,0,7,0,2,1,1,1,
2.024E+11,155 692 583,A01,2,10,0,1,4,4,6,
2.024E+11,155 692 585,A01,1,33,0,2,1,2,1,
2.024E+11,155 692 586,B01,1,7,0,0,5,2,1,
2.024E+11,155 692 584,A01,2,33,0,0,7,0,1,