Num_Acc,id_vehicule,num_veh,senc,catv,obs,obsm,choc,manv,motor,occutc
2.024E+11,155 692 579,A01,3,13,0,0,0,15,0,
2.024E+11,155 692 582,B01,3,2,0,2,0,1,3,
2.024E+11,155 692 578,A01,3,2,0,2,8,10,1,
2.024E+11,155 692 581,B01,0,2,0,2,2,1,1,
2.024E+11,155 692 577,B01,3,10,0,2,0,0,0,
2.024E+11,155 692 580,A01,0,7,0,2,4,1,1,
2.024E+11,155 692 572,A01,2,7,16,0,1,15,1,
2.024E+11,155 692 576,B01,1,7,0,2,4,0,1,
2.024E+11,155 692 567,A01,3,7,14,0,0,19,3,
2.024E+11,155 692 568,B01,3,33,1,2,1,1,1,
2.024E+11,155 692 571,A01,1,50,0,2,1,1,3,
2.024E+11,155 692 575,B01,1,80,0,2,4,1,3,
2.024E+11,155 692 565,C01,1,7,0,2,3,1,1,
2.024E+11,155 692 569,A01,1,7,0,2,4,1,1,
2.024E+11,155 692 574,B01,1,7,0,2,1,1,1,
2.024E+11,155 692 566,A01,2,7,0,0,3,1,1,
2.024E+11,155 692 570,B01,2,7,0,0,3,1,1,
2.024E+11,155 692 573,C01,2,7,0,0,3,1,1,
2.024E+11,155 692 564,A01,1,7,0,0,1,0,1,
2.024E+11,155 692 557,B01,1,32,0,2,1,0,1,
2.024E+11,155 692 561,A01,1,7,0,2,5,0,1,
2.024E+11,155 692 559,A01,1,7,8,0,1,14,1,
2.024E+11,155 692 558,B01,3,7,0,2,4,1,1,
2.024E+11,155 692 562,A01,3,30,0,2,1,1,1,
2.024E+11,155 692 560,A01,2,1,0,2,1,21,5,
2.024E+11,155 692 563,B01,2,13,0,2,4,2,0,
2.024E+11,155 692 554,A01,3,7,8,0,9,14,1,
2.024E+11,155 692 553,A01,1,7,1,2,6,0,1,
2.024E+11,155 692 556,B01,1,7,0,2,3,0,1,
2.024E+11,155 692 552,B01,2,7,0,2,2,13,1,
2.024E+11,155 692 555,A01,2,7,0,2,3,15,1,
2.024E+11,155 692 550,B01,3,50,0,2,8,19,3,
2.024E+11,155 692 551,A01,1,7,0,2,2,1,1,
2.024E+11,155 692 549,A01,2,37,0,1,1,0,1,1
2.024E+11,155 692 544,B01,3,7,0,2,5,1,1,
2.024E+11,155 692 547,A01,3,7,0,2,1,1,1,
2.024E+11,155 692 545,A01,3,33,0,1,1,1,1,
2.024E+11,155 692 546,A01,2,7,0,1,3,1,1,
2.024E+11,155 692 542,A01,3,7,0,1,3,1,1,
2.024E+11,155 692 543,B01,2,7,0,2,2,0,1,
2.024E+11,155 692 548,A01,2,32,0,2,2,26,3,
2.024E+11,155 692 541,A01,0,2,14,0,1,16,1,
2.024E+11,155 692 537,A01,2,1,0,2,3,5,5,
2.024E+11,155 692 540,B01,2,7,0,9,3,26,3,
2.024E+11,155 692 536,A01,0,2,0,0,7,16,1,
2.024E+11,155 692 534,A01,1,30,0,2,1,0,0,
2.024E+11,155 692 539,B01,1,30,0,0,0,26,3,
2.024E+11,155 692 533,A01,0,7,0,2,1,1,1,
2.024E+11,155 692 535,B01,2,33,0,2,1,1,1,
2.024E+11,155 692 538,A01,1,7,0,2,3,15,1,
2.024E+11,155 692 532,A01,1,7,0,1,3,15,0,
2.024E+11,155 692 526,A01,1,10,0,2,1,15,1,
2.024E+11,155 692 529,B01,2,31,0,2,8,1,1,
2.024E+11,155 692 528,A01,2,7,2,0,2,2,1,
2.024E+11,155 692 530,A01,3,34,0,1,1,16,1,
2.024E+11,155 692 527,B01,2,80,0,2,8,1,3,
2.024E+11,155 692 531,A01,2,31,0,2,5,16,3,
2.024E+11,155 692 524,A01,2,7,0,2,3,10,1,
2.024E+11,155 692 525,B01,2,32,0,2,2,17,1,
2.024E+11,155 692 519,A01,2,7,6,1,2,1,1,
2.024E+11,155 692 518,B01,1,21,0,2,0,9,1,
2.024E+11,155 692 523,A01,1,34,0,2,0,1,1,
2.024E+11,155 692 513,A01,1,7,0,1,1,1,2,
2.024E+11,155 692 515,A01,1,7,0,1,1,1,1,
2.024E+11,155 692 516,A01,3,31,0,2,2,9,1,
2.024E+11,155 692 521,B01,3,7,0,2,3,9,1,
2.024E+11,155 692 514,A01,3,7,0,2,3,11,1,
2.024E+11,155 692 520,B01,3,32,0,2,1,1,1,
2.024E+11,155 692 517,A01,1,10,0,2,3,22,1,
2.024E+11,155 692 522,B01,1,1,0,2,2,1,5,
2.024E+11,155 692 512,A01,2,7,3,0,3,14,1,
2.024E+11,155 692 511,A01,1,7,0,1,1,1,1,
2.024E+11,155 692 507,Z01,3,7,0,1,3,15,1,
2.024E+11,155 692 509,A01,2,1,0,1,1,1,5,
2.024E+11,155 692 508,A01,3,7,0,1,2,1,1,
2.024E+11,155 692 505,A01,1,7,0,1,1,1,1,
2.024E+11,155 692 506,A01,3,7,8,0,1,1,1,
2.024E+11,155 692 504,B01,1,50,1,2,7,1,3,
2.024E+11,155 692 510,A01,1,32,1,2,8,9,1,
2.024E+11,155 692 499,A01,2,32,0,2,7,17,1,
2.024E+11,155 692 501,B01,2,7,0,0,8,13,1,
2.024E+11,155 692 498,A01,2,7,0,2,1,9,1,
2.024E+11,155 692 500,B01,1,2,0,2,7,1,1,
2.024E+11,155 692 495,B01,3,7,0,2,4,23,2,
2.024E+11,155 692 502,A01,3,7,0,2,1,2,1,
2.024E+11,155 692 497,A01,1,7,0,1,3,1,2,
2.024E+11,155 692 496,B01,1,7,0,2,1,1,2,
2.024E+11,155 692 503,A01,2,43,0,2,2,1,1,
2.024E+11,155 692 489,A01,1,50,0,2,5,19,3,
2.024E+11,155 692 492,B01,3,7,0,9,3,1,1,
2.024E+11,155 692 491,A01,1,7,0,2,3,0,1,
2.024E+11,155 692 494,B01,2,7,0,2,3,0,1,
2.024E+11,155 692 487,A01,3,7,0,2,1,15,1,
2.024E+11,155 692 493,B01,3,1,0,0,0,0,5,
2.024E+11,155 692 485,A01,2,7,0,1,3,15,2,
2.024E+11,155 692 484,A01,2,7,0,0,7,15,1,
2.024E+11,155 692 488,B01,1,33,0,0,1,1,1,
2.024E+11,155 692 486,Z01,2,50,0,1,1,1,3,
2.024E+11,155 692 483,B01,1,7,0,2,0,1,1,
2.024E+11,155 692 490,A01,1,7,0,2,0,1,1,
2.024E+11,155 692 481,A01,2,31,1,0,1,26,1,
2.024E+11,155 692 480,A01,2,7,0,1,3,1,1,
2.024E+11,155 692 478,B01,1,1,0,0,4,1,5,
2.024E+11,155 692 482,A01,1,7,0,9,4,17,1,
2.024E+11,155 692 474,A01,3,7,13,0,4,23,1,
2.024E+11,155 692 473,A01,1,7,2,0,5,1,1,
2.024E+11,155 692 477,A01,0,10,0,2,1,1,3,
2.024E+11,155 692 479,B01,0,7,0,2,4,23,1,
2.024E+11,155 692 476,A01,3,10,0,0,0,0,0,
2.024E+11,155 692 475,B01,1,1,0,5,1,1,5,
2.024E+11,155 692 469,B01,1,7,0,2,3,1,1,
2.024E+11,155 692 472,A01,3,7,0,2,8,15,1,
2.024E+11,155 692 467,A01,1,33,16,0,9,1,1,
2.024E+11,155 692 466,A01,1,33,0,0,4,2,1,
2.024E+11,155 692 470,B01,1,33,0,2,1,2,1,
2.024E+11,155 692 468,A01,1,10,0,2,7,2,1,
2.024E+11,155 692 471,B01,1,50,0,2,8,2,3,
2.024E+11,155 692 463,A01,3,7,9,2,1,9,1,
2.024E+11,155 692 465,B01,3,50,9,2,8,1,3,
2.024E+11,155 692 464,A01,1,10,0,1,1,1,1,
2.024E+11,155 692 462,A01,1,50,1,1,1,14,3,
2.024E+11,155 692 460,A01,3,7,0,1,0,0,0,
2.024E+11,155 692 457,A01,3,34,0,2,2,26,1,
2.024E+11,155 692 461,B01,3,2,0,2,1,0,0,
2.024E+11,155 692 453,A01,2,30,0,2,7,17,1,
2.024E+11,155 692 458,B01,2,7,0,2,6,15,1,
2.024E+11,155 692 454,B01,1,15,0,2,1,21,1,
2.024E+11,155 692 459,A01,2,7,10,2,6,1,1,
2.024E+11,155 692 452,A01,2,7,0,2,1,1,1,
2.024E+11,155 692 456,B01,2,33,0,2,4,1,1,
2.024E+11,155 692 450,A01,1,7,0,2,1,15,1,
2.024E+11,155 692 455,B01,2,33,0,2,8,1,1,
2.024E+11,155 692 449,A01,1,7,0,2,1,5,1,
2.024E+11,155 692 451,B01,2,7,0,2,2,13,1,
2.024E+11,155 692 445,B01,0,7,0,2,1,1,-1,
2.024E+11,155 692 448,A01,-1,1,0,2,1,1,5,
2.024E+11,155 692 443,A01,3,7,0,2,3,15,1,
2.024E+11,155 692 447,B01,3,7,0,2,8,0,1,
2.024E+11,155 692 440,B01,2,7,0,2,2,9,1,
2.024E+11,155 692 442,A01,1,80,0,2,1,1,3,
2.024E+11,155 692 439,A01,2,7,2,0,1,1,1,
2.024E+11,155 692 438,A01,2,7,1,2,6,23,1,
2.024E+11,155 692 444,B01,2,7,1,2,1,2,1,
2.024E+11,155 692 436,A01,3,7,0,1,1,1,1,
2.024E+11,155 692 435,B01,1,1,0,2,1,15,5,
2.024E+11,155 692 446,A01,3,7,0,2,2,1,1,
2.024E+11,155 692 433,A01,2,7,13,0,2,1,1,
2.024E+11,155 692 430,A01,1,7,0,0,3,1,1,
2.024E+11,155 692 437,B01,2,7,0,2,1,1,1,
2.024E+11,155 692 441,C01,1,17,0,2,1,1,1,
2.024E+11,155 692 429,A01,1,17,13,0,2,1,1,
2.024E+11,155 692 431,B01,1,7,14,0,1,1,1,
2.024E+11,155 692 426,A01,3,7,0,1,0,1,1,
2.024E+11,155 692 425,A01,1,33,0,0,0,0,1,
2.024E+11,155 692 427,A01,2,1,14,0,1,13,5,
2.024E+11,155 692 428,B01,1,7,0,2,1,1,1,
2.024E+11,155 692 432,A01,3,10,0,2,7,19,1,
2.024E+11,155 692 434,C01,3,10,0,2,1,23,1,
2.024E+11,155 692 421,A01,1,31,0,2,2,17,1,
2.024E+11,155 692 424,B01,1,7,0,2,6,15,1,
2.024E+11,155 692 418,B01,1,10,0,2,5,9,1,
2.024E+11,155 692 423,A01,1,10,0,2,3,2,1,
2.024E+11,155 692 419,A01,1,2,0,2,3,18,1,
2.024E+11,155 692 422,B01,1,10,0,2,2,16,1,
2.024E+11,155 692 416,B01,1,7,0,2,2,1,1,
2.024E+11,155 692 420,A01,1,7,0,2,3,10,1,
2.024E+11,155 692 417,A01,2,1,6,0,2,1,5,
2.024E+11,155 692 414,A01,0,7,0,1,6,4,1,
2.024E+11,155 692 410,B01,3,1,0,2,3,1,5,
2.024E+11,155 692 415,A01,3,7,0,2,1,1,1,
2.024E+11,155 692 413,A01,1,50,0,1,1,1,3,
2.024E+11,155 692 407,A01,0,32,0,2,1,1,0,
2.024E+11,155 692 412,B01,0,7,0,2,7,1,0,
2.024E+11,155 692 404,B01,1,7,0,2,3,1,1,
2.024E+11,155 692 411,A01,2,43,0,2,3,5,1,
2.024E+11,155 692 405,A01,1,32,14,0,8,11,1,
2.024E+11,155 692 403,B01,1,7,0,2,8,13,1,
2.024E+11,155 692 409,A01,1,33,0,2,1,17,1,
2.024E+11,155 692 402,A01,3,7,0,2,1,5,0,
2.024E+11,155 692 406,B01,3,7,0,2,1,1,0,
2.024E+11,155 692 397,B01,3,33,0,2,3,26,1,
2.024E+11,155 692 399,A01,3,7,0,2,2,16,1,
2.024E+11,155 692 396,BZ01,1,32,0,1,1,0,1,
2.024E+11,155 692 398,B01,0,7,0,9,3,23,1,
2.024E+11,155 692 401,A01,3,80,0,2,1,5,3,
2.024E+11,155 692 393,A01,2,7,13,0,1,0,1,
2.024E+11,155 692 395,C01,3,1,0,2,1,0,5,
2.024E+11,155 692 400,A01,3,7,0,2,3,0,1,
2.024E+11,155 692 408,B01,3,1,0,2,1,1,5,
2.024E+11,155 692 392,A01,1,7,0,1,2,1,1,
2.024E+11,155 692 391,A01,3,7,0,0,0,0,1,
2.024E+11,155 692 390,A01,1,33,0,0,8,13,1,
2.024E+11,155 692 389,A01,0,7,0,2,7,1,1,
2.024E+11,155 692 394,B01,3,50,0,2,1,1,3,
2.024E+11,155 692 388,A01,1,7,0,1,8,1,1,
2.024E+11,155 692 387,A01,3,2,0,1,2,1,1,
2.024E+11,155 692 386,A01,1,31,0,1,7,0,0,
2.024E+11,155 692 384,A01,3,10,0,1,2,17,1,
2.024E+11,155 692 382,A01,1,31,0,2,1,1,0,
2.024E+11,155 692 385,B01,0,7,0,2,3,1,0,
2.024E+11,155 692 383,A01,1,33,13,0,0,1,1,
2.024E+11,155 692 376,B01,1,32,0,2,1,1,1,
2.024E+11,155 692 379,A01,1,7,0,2,3,26,2,
2.024E+11,155 692 378,A01,1,7,0,2,2,22,1,
2.024E+11,155 692 380,B01,1,43,1,0,6,18,1,
2.024E+11,155 692 372,A01,2,33,0,0,7,16,1,
2.024E+11,155 692 374,A01,1,7,0,2,1,15,1,
2.024E+11,155 692 381,B01,1,7,0,2,3,15,1,
2.024E+11,155 692 371,A01,2,7,0,2,1,5,2,
2.024E+11,155 692 377,B01,1,7,0,2,1,1,1,
2.024E+11,155 692 370,A01,3,0,0,1,0,0,0,
2.024E+11,155 692 373,A01,2,1,0,0,0,1,5,
2.024E+11,155 692 369,A01,3,3,1,0,1,1,1,
2.024E+11,155 692 366,A01,3,7,16,0,9,1,1,
2.024E+11,155 692 367,A01,1,7,1,2,3,1,1,
2.024E+11,155 692 375,B01,1,7,0,2,1,1,1,
2.024E+11,155 692 362,A01,1,2,8,0,1,0,1,
2.024E+11,155 692 365,A01,3,32,0,1,0,16,1,
2.024E+11,155 692 361,A01,1,7,0,1,3,1,1,
2.024E+11,155 692 360,A01,1,50,1,0,1,9,3,
2.024E+11,155 692 358,A01,3,7,0,2,1,1,0,
2.024E+11,155 692 364,B01,3,7,0,2,6,16,1,
2.024E+11,155 692 359,A01,2,10,0,2,1,5,1,
2.024E+11,155 692 368,B01,1,7,0,2,1,13,1,
2.024E+11,155 692 356,A01,1,7,2,0,2,0,1,
2.024E+11,155 692 353,A01,0,7,10,0,7,1,1,
2.024E+11,155 692 354,A01,2,7,13,0,2,1,1,
2.024E+11,155 692 351,A01,2,1,0,1,1,2,5,
2.024E+11,155 692 348,B01,2,33,0,2,1,0,1,
2.024E+11,155 692 352,A01,1,7,0,2,2,13,1,
2.024E+11,155 692 355,B01,1,33,0,2,1,1,1,
2.024E+11,155 692 357,C01,2,7,0,2,3,2,1,
2.024E+11,155 692 363,A01,2,10,0,2,7,15,1,
2.024E+11,155 692 343,A01,1,7,13,0,9,1,1,
2.024E+11,155 692 347,A01,2,7,0,2,1,1,1,
2.024E+11,155 692 350,B01,2,10,0,2,2,1,1,
2.024E+11,155 692 341,A01,1,10,0,2,1,9,1,
2.024E+11,155 692 345,B01,2,7,0,2,2,1,1,
2.024E+11,155 692 339,A01,3,7,0,2,3,1,3,
2.024E+11,155 692 344,B01,3,2,0,2,7,1,1,
2.024E+11,155 692 342,B01,2,1,0,2,0,18,5,
2.024E+11,155 692 349,A01,2,7,0,2,0,16,1,
2.024E+11,155 692 338,A01,2,7,13,0,1,14,1,
2.024E+11,155 692 337,A01,1,1,0,0,0,0,5,
2.024E+11,155 692 335,A01,1,7,0,2,2,1,1,
2.024E+11,155 692 346,B01,2,7,0,2,8,1,1,
2.024E+11,155 692 332,A01,1,7,14,0,2,1,1,
2.024E+11,155 692 331,A01,1,3,0,1,2,2,0,
2.024E+11,155 692 333,B01,1,31,0,2,1,17,1,
2.024E+11,155 692 336,A01,2,7,0,2,3,0,2,
2.024E+11,155 692 330,A01,1,7,1,0,8,26,1,
2.024E+11,155 692 329,A01,3,7,0,2,7,17,1,
2.024E+11,155 692 334,B01,3,17,0,2,3,13,1,
2.024E+11,155 692 320,A01,1,7,0,1,1,1,1,
2.024E+11,155 692 323,A01,2,10,0,2,3,1,1,
2.024E+11,155 692 328,B01,1,7,0,2,3,1,1,
2.024E+11,155 692 318,A01,0,7,12,0,1,1,0,
2.024E+11,155 692 319,B01,0,7,0,0,1,1,0,
2.024E+11,155 692 315,A01,2,10,0,2,1,2,1,
2.024E+11,155 692 317,B01,2,7,0,2,4,2,1,
2.024E+11,155 692 313,A01,2,7,4,0,8,21,1,
2.024E+11,155 692 307,A01,1,7,0,2,5,12,1,
2.024E+11,155 692 312,B01,1,33,0,2,3,12,1,
2.024E+11,155 692 327,A01,3,33,11,0,7,1,1,
2.024E+11,155 692 306,A01,2,1,0,2,1,13,5,
2.024E+11,155 692 310,B01,2,7,0,2,4,23,1,
2.024E+11,155 692 309,B01,2,31,0,2,1,1,1,
2.024E+11,155 692 314,A01,2,10,0,2,4,11,1,
2.024E+11,155 692 326,A01,1,7,0,1,2,1,1,
2.024E+11,155 692 304,B01,2,7,0,2,6,1,1,
2.024E+11,155 692 305,A01,2,33,0,2,1,3,1,
2.024E+11,155 692 311,A01,2,7,0,2,2,1,1,
2.024E+11,155 692 316,B01,1,2,0,2,3,1,1,
2.024E+11,155 692 308,A01,1,2,0,2,1,19,1,
2.024E+11,155 692 321,B01,1,7,0,2,3,1,1,
2.024E+11,155 692 302,A01,3,33,0,0,0,12,1,
2.024E+11,155 692 303,C01,1,7,0,2,5,1,0,
2.024E+11,155 692 322,A01,1,7,0,2,1,13,1,
2.024E+11,155 692 325,B01,1,7,0,2,2,1,1,
2.024E+11,155 692 300,B01,2,7,0,2,3,1,1,
2.024E+11,155 692 324,A01,1,10,13,2,3,1,1,
2.024E+11,155 692 294,A01,2,7,0,2,1,5,1,
2.024E+11,155 692 297,B01,2,15,0,2,1,1,1,
2.024E+11,155 692 299,A01,2,33,14,0,1,1,1,
2.024E+11,155 692 293,A01,2,33,5,0,1,1,1,
2.024E+11,155 692 298,A01,3,7,4,2,3,11,1,
2.024E+11,155 692 301,B01,2,7,0,2,2,1,1,
2.024E+11,155 692 292,A01,0,7,13,2,8,17,1,
2.024E+11,155 692 295,B01,0,7,13,2,8,1,2,
2.024E+11,155 692 296,C01,0,7,13,2,8,2,1,
2.024E+11,155 692 289,A01,1,10,0,1,2,18,1,
2.024E+11,155 692 286,A01,1,7,0,2,1,2,1,
2.024E+11,155 692 291,B01,1,7,0,2,4,2,2,
2.024E+11,155 692 283,A01,2,7,6,0,9,1,1,
2.024E+11,155 692 285,B01,1,1,0,2,3,1,5,
2.024E+11,155 692 290,A01,2,7,0,2,5,15,1,
2.024E+11,155 692 281,B01,2,7,0,2,4,1,1,
2.024E+11,155 692 287,A01,2,7,0,2,1,13,1,
2.024E+11,155 692 278,A01,0,34,0,2,1,2,1,
2.024E+11,155 692 284,B01,0,7,0,2,3,17,1,
2.024E+11,155 692 275,A01,0,7,0,2,2,1,1,
2.024E+11,155 692 280,B01,0,32,0,2,1,2,1,
2.024E+11,155 692 277,A01,2,37,0,2,5,16,1,1
2.024E+11,155 692 282,B01,2,50,0,2,8,16,3,
2.024E+11,155 692 273,B01,1,7,0,2,8,12,1,
2.024E+11,155 692 288,A01,1,7,0,2,7,12,1,
2.024E+11,155 692 274,A01,2,32,0,2,1,17,1,
2.024E+11,155 692 279,B01,2,10,0,2,3,15,1,
2.024E+11,155 692 269,Z01,2,32,0,1,1,1,1,
2.024E+11,155 692 266,A01,1,7,0,2,1,1,1,
2.024E+11,155 692 271,B01,2,33,0,2,1,13,1,
2.024E+11,155 692 268,A01,2,7,0,1,2,15,1,
2.024E+11,155 692 267,A01,1,10,0,1,2,16,1,
2.024E+11,155 692 265,A01,1,7,0,1,2,1,1,
2.024E+11,155 692 263,A01,3,7,0,0,0,0,0,
2.024E+11,155 692 260,B01,1,7,3,0,6,23,1,
2.024E+11,155 692 270,A01,1,7,0,2,1,19,2,
2.024E+11,155 692 261,A01,1,7,0,0,0,1,1,
2.024E+11,155 692 254,Y01,1,60,1,2,1,19,5,
2.024E+11,155 692 258,A01,1,7,1,0,4,20,1,
2.024E+11,155 692 259,A01,3,7,0,2,2,16,2,
2.024E+11,155 692 264,B01,3,50,0,2,7,1,3,
2.024E+11,155 692 257,A01,2,33,0,2,7,1,1,
2.024E+11,155 692 262,B01,1,7,0,2,0,1,1,
2.024E+11,155 692 253,A01,1,7,0,1,2,26,1,
2.024E+11,155 692 252,A01,2,7,12,0,3,1,1,
2.024E+11,155 692 250,A01,1,7,0,2,2,2,1,
2.024E+11,155 692 255,B01,1,15,0,0,6,2,1,
2.024E+11,155 692 248,A01,3,33,12,0,3,16,1,
2.024E+11,155 692 251,A01,2,7,0,0,7,13,1,
2.024E+11,155 692 256,B01,1,7,0,2,1,1,1,
2.024E+11,155 692 245,A01,2,7,0,2,7,12,1,
2.024E+11,155 692 247,B01,2,7,0,2,6,2,1,
2.024E+11,155 692 249,C01,2,31,0,2,1,26,1,
2.024E+11,155 692 244,A01,3,7,0,1,1,1,1,
2.024E+11,155 692 239,A01,2,7,2,2,2,14,1,
2.024E+11,155 692 241,B01,1,14,0,2,3,1,1,
2.024E+11,155 692 246,A01,1,7,0,2,5,12,1,
2.024E+11,155 692 236,A01,2,7,0,2,2,1,1,
2.024E+11,155 692 243,B01,2,17,0,0,6,1,1,
2.024E+11,155 692 240,A01,1,2,6,0,6,1,1,
2.024E+11,155 692 230,A01,1,7,0,2,2,2,0,
2.024E+11,155 692 237,B01,2,10,0,2,3,2,1,
2.024E+11,155 692 231,A01,1,10,0,2,3,15,1,
2.024E+11,155 692 238,B01,1,34,0,2,2,1,1,
2.024E+11,155 692 228,A01,2,7,0,2,3,17,1,
2.024E+11,155 692 234,B01,2,7,0,2,6,15,1,
2.024E+11,155 692 229,A01,1,50,0,0,0,1,3,
2.024E+11,155 692 235,A01,1,33,0,2,1,1,1,
2.024E+11,155 692 242,Z01,2,7,0,2,2,15,0,
2.024E+11,155 692 226,B01,3,32,0,2,3,1,1,
2.024E+11,155 692 233,A01,3,7,0,2,7,16,2,
2.024E+11,155 692 224,B01,1,34,15,2,1,1,1,
2.024E+11,155 692 232,A01,1,7,0,2,3,0,1,
2.024E+11,155 692 223,B01,1,7,0,2,2,1,1,
2.024E+11,155 692 227,A01,1,30,14,0,5,1,1,
2.024E+11,155 692 222,B01,1,7,0,2,3,1,1,
2.024E+11,155 692 225,A01,2,33,0,2,1,5,1,
2.024E+11,155 692 218,A01,1,7,13,0,1,17,1,
2.024E+11,155 692 217,A01,2,7,12,0,0,12,0,
2.024E+11,155 692 220,B01,2,80,12,2,3,1,3,
2.024E+11,155 692 214,A01,1,7,0,9,3,16,2,
2.024E+11,155 692 219,B01,1,1,0,2,1,2,5,
2.024E+11,155 692 209,A01,1,30,0,2,1,5,1,
2.024E+11,155 692 216,B01,1,7,0,2,1,1,1,
2.024E+11,155 692 210,A01,2,7,0,2,3,9,1,
2.024E+11,155 692 221,B01,1,1,0,2,7,2,5,
2.024E+11,155 692 205,A01,1,50,0,1,0,7,3,
2.024E+11,155 692 204,A01,1,33,15,0,1,2,1,
2.024E+11,155 692 208,B01,1,33,0,0,7,2,1,
2.024E+11,155 692 211,A01,2,7,0,0,2,1,1,
2.024E+11,155 692 202,B01,3,10,0,2,0,15,1,
2.024E+11,155 692 206,A01,3,43,0,2,8,17,1,
2.024E+11,155 692 203,B01,2,7,0,9,2,1,2,
2.024E+11,155 692 215,A01,1,50,0,2,1,19,3,
2.024E+11,155 692 199,A01,1,10,6,0,2,26,1,
2.024E+11,155 692 198,B01,2,2,0,2,7,1,1,
2.024E+11,155 692 201,A01,1,7,0,2,2,9,1,
2.024E+11,155 692 190,A01,1,1,0,2,1,19,5,
2.024E+11,155 692 194,B01,1,33,0,2,3,7,1,
2.024E+11,155 692 191,B01,0,1,0,2,7,1,5,
2.024E+11,155 692 200,A01,3,7,0,9,1,1,2,
2.024E+11,155 692 186,B01,1,2,0,2,7,15,1,
2.024E+11,155 692 196,A01,3,10,0,2,1,9,1,
2.024E+11,155 692 188,B01,1,37,0,2,3,1,1,10
2.024E+11,155 692 207,A01,2,7,0,2,1,1,1,
2.024E+11,155 692 189,A01,2,17,0,0,4,23,1,
2.024E+11,155 692 195,C01,2,7,0,2,1,1,2,
2.024E+11,155 692 185,A01,1,10,0,2,1,9,1,
2.024E+11,155 692 193,C01,1,7,0,2,4,1,1,
2.024E+11,155 692 197,B01,1,7,0,2,4,1,1,
2.024E+11,155 692 183,A01,2,1,0,2,8,16,5,
2.024E+11,155 692 187,Z01,2,7,0,2,1,16,0,
2.024E+11,155 692 184,B01,2,7,0,2,3,1,1,
2.024E+11,155 692 192,A01,1,7,0,2,3,16,1,
2.024E+11,155 692 182,A01,2,7,2,0,8,14,1,
2.024E+11,155 692 179,A01,3,10,0,1,0,2,0,
2.024E+11,155 692 178,A01,3,21,6,0,1,0,1,
2.024E+11,155 692 175,A01,1,10,2,0,2,14,1,
2.024E+11,155 692 174,A01,3,37,0,1,1,1,1,1
2.024E+11,155 692 172,B01,1,7,0,2,5,12,2,
2.024E+11,155 692 176,C01,1,7,0,2,5,2,1,
2.024E+11,155 692 180,A01,1,31,0,2,2,18,1,
2.024E+11,155 692 173,A01,2,1,0,1,7,1,5,
2.024E+11,155 692 181,A01,2,7,4,0,1,2,1,
2.024E+11,155 692 169,A01,1,7,13,0,2,14,1,
2.024E+11,155 692 168,A01,2,7,0,2,1,2,0,
2.024E+11,155 692 171,B01,2,7,0,2,4,2,1,
2.024E+11,155 692 166,A01,1,10,13,0,1,1,0,
2.024E+11,155 692 167,A01,1,7,0,2,3,15,1,
2.024E+11,155 692 170,B01,1,1,0,2,7,17,5,
2.024E+11,155 692 162,A01,2,7,0,1,1,1,1,
2.024E+11,155 692 161,B01,2,7,0,2,2,1,2,
2.024E+11,155 692 165,A01,1,50,0,2,2,1,3,
2.024E+11,155 692 159,A01,2,7,13,0,1,1,2,
2.024E+11,155 692 158,A01,2,7,6,0,1,13,1,
2.024E+11,155 692 156,B01,1,43,0,2,1,1,1,
2.024E+11,155 692 164,A01,1,7,0,2,6,15,1,
2.024E+11,155 692 152,A01,3,7,0,2,1,1,1,
2.024E+11,155 692 157,B01,3,7,0,2,6,1,1,
2.024E+11,155 692 151,A01,0,10,0,6,0,1,1,
2.024E+11,155 692 149,A01,2,7,0,2,3,1,2,
2.024E+11,155 692 153,B01,0,1,0,0,3,0,5,
2.024E+11,155 692 163,A01,2,7,0,1,1,0,1,
2.024E+11,155 692 160,B01,1,7,0,2,4,2,1,
2.024E+11,155 692 177,A01,1,7,0,2,1,2,1,
2.024E+11,155 692 148,A01,3,7,0,0,2,15,1,
2.024E+11,155 692 155,B01,3,7,0,2,1,1,1,
2.024E+11,155 692 146,B01,1,31,0,2,1,2,1,
2.024E+11,155 692 150,A01,1,7,0,2,5,15,1,
2.024E+11,155 692 145,A01,2,7,0,1,3,1,1,
2.024E+11,155 692 142,B01,2,7,0,2,4,1,1,
2.024E+11,155 692 154,A01,2,7,0,2,1,1,1,
2.024E+11,155 692 144,A01,3,31,0,2,8,1,3,
2.024E+11,155 692 147,Z01,1,7,0,2,7,16,0,
2.024E+11,155 692 139,A01,3,7,0,2,3,15,1,
2.024E+11,155 692 143,B01,3,31,0,2,8,1,1,
2.024E+11,155 692 137,A01,3,7,15,0,2,1,1,
2.024E+11,155 692 138,A01,2,7,0,0,7,0,1,
2.024E+11,155 692 135,A01,3,31,0,2,2,17,1,
2.024E+11,155 692 140,B01,3,7,0,2,8,22,1,
2.024E+11,155 692 136,A01,3,7,0,2,1,1,1,
2.024E+11,155 692 141,B01,3,7,0,2,1,1,1,
2.024E+11,155 692 132,A01,1,2,0,0,0,0,3,
2.024E+11,155 692 133,A01,1,33,0,1,1,21,1,
2.024E+11,155 692 131,A01,1,7,0,2,2,2,1,
2.024E+11,155 692 134,B01,1,1,0,0,6,2,5,
2.024E+11,155 692 130,A01,3,80,0,1,1,1,3,
2.024E+11,155 692 127,B01,2,50,0,2,1,1,3,