Num_Acc,id_vehicule,num_veh,senc,catv,obs,obsm,choc,manv,motor,occutc
2.024E+11,155 692 129,A01,1,7,0,2,2,15,1,
2.024E+11,155 692 122,A01,2,7,13,2,8,17,1,
2.024E+11,155 692 128,B01,1,7,0,2,8,1,2,
2.024E+11,155 692 126,A01,2,10,14,1,3,2,1,
2.024E+11,155 692 121,A01,1,7,0,1,1,1,1,
2.024E+11,155 692 125,A01,1,7,4,0,2,1,1,
2.024E+11,155 692 124,Z01,2,7,0,1,2,1,1,
2.024E+11,155 692 117,A01,1,7,2,0,7,1,1,
2.024E+11,155 692 118,A01,1,7,0,2,2,21,1,
2.024E+11,155 692 120,B01,1,30,0,2,3,18,1,
2.024E+11,155 692 116,Z01,1,7,0,1,2,16,1,
2.024E+11,155 692 106,A01,1,7,0,2,4,2,1,
2.024E+11,155 692 113,B01,2,31,0,2,1,2,1,
2.024E+11,155 692 110,A01,2,7,4,0,3,1,1,
2.024E+11,155 692 108,A01,1,10,1,0,1,1,0,
2.024E+11,155 692 114,B01,1,10,15,0,4,23,0,
2.024E+11,155 692 109,A01,2,1,0,2,8,15,5,
2.024E+11,155 692 115,B01,2,7,0,2,7,17,1,
2.024E+11,155 692 107,B01,3,32,0,2,2,16,1,
2.024E+11,155 692 111,A01,3,7,0,2,3,2,1,
2.024E+11,155 692 105,A01,2,7,0,0,1,1,1,
2.024E+11,155 692 112,B01,1,7,0,2,4,13,1,
2.024E+11,155 692 100,B01,3,31,0,2,1,1,1,
2.024E+11,155 692 103,A01,3,7,0,2,1,1,1,
2.024E+11,155 692 101,A01,2,1,0,0,0,1,5,
2.024E+11,155 692 097,A01,1,7,0,2,8,2,1,
2.024E+11,155 692 099,A01,1,7,0,0,2,9,1,
2.024E+11,155 692 104,B01,1,33,0,2,3,2,1,
2.024E+11,155 692 096,B01,1,7,0,2,2,2,1,
2.024E+11,155 692 102,A01,1,33,0,1,1,3,1,
2.024E+11,155 692 093,B01,3,50,0,2,0,25,3,
2.024E+11,155 692 095,A01,3,37,0,2,1,1,1,1
2.024E+11,155 692 094,A01,1,7,0,2,7,1,0,
2.024E+11,155 692 098,B01,1,7,0,2,1,19,1,
2.024E+11,155 692 091,A01,0,7,0,1,3,15,2,
2.024E+11,155 692 087,A01,1,10,6,9,1,13,1,
2.024E+11,155 692 086,A01,2,7,0,2,1,2,1,
2.024E+11,155 692 092,B01,2,2,0,2,4,2,1,
2.024E+11,155 692 090,A01,2,7,0,1,8,1,2,
2.024E+11,155 692 088,A01,2,40,0,1,3,1,3,
2.024E+11,155 692 084,A01,1,7,3,0,1,1,1,
2.024E+11,155 692 083,A01,2,7,0,2,1,1,1,
2.024E+11,155 692 089,B01,2,7,0,2,1,1,1,
2.024E+11,155 692 080,A01,3,10,0,2,1,15,1,
2.024E+11,155 692 082,B01,3,31,0,2,4,1,1,
2.024E+11,155 692 079,A01,2,7,2,0,1,1,1,
2.024E+11,155 692 073,A01,1,10,0,1,1,1,1,
2.024E+11,155 692 075,B01,1,7,0,2,1,1,1,
2.024E+11,155 692 081,A01,1,7,0,2,1,5,1,
2.024E+11,155 692 076,A01,3,37,0,1,1,20,1,1
2.024E+11,155 692 077,A01,2,31,0,1,1,21,1,
2.024E+11,155 692 070,B01,1,30,0,2,1,13,1,
2.024E+11,155 692 074,A01,2,7,0,2,2,1,1,
2.024E+11,155 692 071,A01,1,7,0,1,3,16,3,
2.024E+11,155 692 068,B01,1,7,0,0,4,23,1,
2.024E+11,155 692 072,A01,1,7,0,2,1,2,1,
2.024E+11,155 692 069,B01,3,7,0,2,3,1,1,
2.024E+11,155 692 078,A01,3,2,0,2,1,17,1,
2.024E+11,155 692 065,A01,1,7,0,1,1,1,1,
2.024E+11,155 692 066,B01,2,1,1,1,1,2,5,
2.024E+11,155 692 062,B01,0,7,0,2,4,1,1,
2.024E+11,155 692 064,A01,0,7,0,2,1,1,1,
2.024E+11,155 692 059,B01,2,7,0,2,2,23,1,
2.024E+11,155 692 067,A01,1,1,0,2,1,19,5,
2.024E+11,155 692 063,A01,1,7,4,0,2,1,1,
2.024E+11,155 692 057,A01,2,2,6,0,3,1,1,
2.024E+11,155 692 061,B01,2,0,0,2,5,17,0,
2.024E+11,155 692 051,A01,2,32,0,2,2,17,1,
2.024E+11,155 692 055,B01,2,7,0,0,3,15,1,
2.024E+11,155 692 052,B01,1,1,0,2,3,13,5,
2.024E+11,155 692 060,A01,1,34,0,2,7,1,1,
2.024E+11,155 692 050,B01,3,50,0,2,1,1,3,
2.024E+11,155 692 058,A01,2,7,0,2,7,16,1,
2.024E+11,155 692 046,B01,2,7,0,9,3,1,1,
2.024E+11,155 692 053,A01,2,50,0,2,7,19,3,
2.024E+11,155 692 043,A01,1,7,0,2,3,1,1,
2.024E+11,155 692 048,B01,2,7,0,2,3,1,1,
2.024E+11,155 692 056,C01,2,7,0,2,2,1,1,
2.024E+11,155 692 042,B01,2,7,0,2,7,15,3,
2.024E+11,155 692 054,C01,0,2,0,2,1,1,1,
2.024E+11,155 692 041,A01,3,7,0,2,7,1,1,
2.024E+11,155 692 047,B01,3,7,0,2,3,1,1,
2.024E+11,155 692 040,A01,0,7,0,2,8,1,1,
2.024E+11,155 692 049,B01,0,31,0,2,1,1,1,
2.024E+11,155 692 038,A01,2,7,0,2,4,1,1,
2.024E+11,155 692 045,B01,2,7,0,2,1,2,1,
2.024E+11,155 692 035,B01,1,33,0,2,7,17,1,
2.024E+11,155 692 039,A01,1,10,0,2,3,15,1,
2.024E+11,155 692 034,B01,1,7,0,2,2,9,1,
2.024E+11,155 692 044,A01,1,7,0,2,2,1,2,
2.024E+11,155 692 033,B01,2,50,0,2,3,15,3,
2.024E+11,155 692 037,A01,2,7,0,2,3,1,1,
2.024E+11,155 692 031,A01,1,33,0,0,0,1,1,
2.024E+11,155 692 030,A01,1,50,0,2,3,19,3,
2.024E+11,155 692 036,B01,2,7,0,2,1,1,2,
2.024E+11,155 692 026,A01,0,7,0,0,0,0,1,
2.024E+11,155 692 024,A01,1,7,0,1,1,1,1,
2.024E+11,155 692 028,B01,1,7,0,2,1,1,0,
2.024E+11,155 692 032,A01,2,7,0,2,1,1,2,
2.024E+11,155 692 023,A01,3,7,0,1,0,1,1,
2.024E+11,155 692 027,A01,1,7,0,2,2,15,1,
2.024E+11,155 692 029,B01,2,50,0,2,1,1,3,
2.024E+11,155 692 020,A01,1,7,0,2,3,15,1,
2.024E+11,155 692 025,B01,1,32,0,2,1,3,1,
2.024E+11,155 692 017,B01,2,1,0,2,2,11,5,
2.024E+11,155 692 022,A01,1,7,0,2,2,16,2,
2.024E+11,155 692 012,B01,1,1,0,2,0,0,5,
2.024E+11,155 692 018,A01,1,33,0,2,8,21,1,
2.024E+11,155 692 011,A01,0,7,0,1,2,1,1,
2.024E+11,155 692 008,A01,2,1,0,0,4,1,5,
2.024E+11,155 692 014,B01,2,1,0,2,1,1,5,
2.024E+11,155 692 007,A01,1,7,0,2,1,9,1,
2.024E+11,155 692 016,B01,2,50,0,2,7,2,3,
2.024E+11,155 692 010,A01,2,7,0,1,1,1,1,
2.024E+11,155 692 015,B01,2,7,0,2,4,15,-1,
2.024E+11,155 692 021,A01,2,7,0,2,1,1,-1,
2.024E+11,155 692 009,B01,1,7,0,2,2,2,1,
2.024E+11,155 692 013,A01,1,33,0,2,6,1,1,
2.024E+11,155 692 006,A01,3,7,0,2,0,14,1,
2.024E+11,155 692 019,B01,3,50,0,2,0,0,3,
2.024E+11,155 692 005,A01,3,33,0,1,7,1,1,
2.024E+11,155 692 004,A01,1,1,12,0,2,1,5,
2.024E+11,155 692 001,A01,1,15,2,0,2,1,1,
2.024E+11,155 692 000,A01,1,7,0,9,9,21,1,
2.024E+11,155 691 999,A01,1,1,0,1,1,5,5,
2.024E+11,155 691 997,A01,2,7,0,1,2,19,1,
2.024E+11,155 691 996,A01,2,14,0,2,2,12,1,
2.024E+11,155 692 003,B01,2,7,0,2,8,1,2,
2.024E+11,155 691 994,A01,1,50,0,1,1,25,3,
2.024E+11,155 691 993,A01,2,38,0,2,5,15,1,1
2.024E+11,155 692 002,B01,2,30,0,2,1,0,1,
2.024E+11,155 691 991,A01,3,31,0,0,7,1,1,
2.024E+11,155 691 992,B01,3,7,0,2,2,1,1,
2.024E+11,155 691 998,A01,1,7,0,2,7,19,1,
2.024E+11,155 691 989,A01,2,34,0,0,0,0,3,
2.024E+11,155 691 987,A01,3,7,4,0,9,0,1,
2.024E+11,155 691 983,B01,1,7,0,2,1,1,1,
2.024E+11,155 691 995,A01,1,7,0,2,3,19,1,
2.024E+11,155 691 982,A01,2,1,14,1,1,1,5,
2.024E+11,155 691 984,B01,2,7,0,2,3,11,2,
2.024E+11,155 691 988,A01,2,33,0,2,1,0,1,
2.024E+11,155 691 985,A01,2,2,12,0,0,14,3,
2.024E+11,155 691 980,A01,1,7,5,0,1,13,1,
2.024E+11,155 691 981,B01,2,7,0,2,5,12,2,
2.024E+11,155 691 986,A01,2,15,0,2,3,1,1,
2.024E+11,155 691 990,C01,2,7,0,2,4,1,1,
2.024E+11,155 691 979,A01,2,7,6,0,1,13,1,
2.024E+11,155 691 976,A01,3,7,1,0,2,1,1,
2.024E+11,155 691 973,A01,2,43,0,2,7,21,1,
2.024E+11,155 691 975,A01,1,7,0,2,3,13,1,
2.024E+11,155 691 978,B01,1,7,0,2,3,1,1,
2.024E+11,155 691 969,A01,2,7,7,0,1,1,1,
2.024E+11,155 691 971,A01,3,1,0,2,1,13,5,
2.024E+11,155 691 977,B01,0,1,0,2,1,0,5,
2.024E+11,155 691 967,A01,1,7,0,0,1,1,1,
2.024E+11,155 691 968,A01,2,10,0,2,1,2,1,
2.024E+11,155 691 972,B01,2,7,0,2,4,2,1,
2.024E+11,155 691 970,A01,1,2,0,0,8,14,3,
2.024E+11,155 691 965,B01,1,7,0,2,1,23,2,
2.024E+11,155 691 974,A01,1,15,0,2,4,4,1,
2.024E+11,155 691 961,B01,3,50,0,2,7,19,3,
2.024E+11,155 691 964,A01,3,10,0,2,1,2,1,
2.024E+11,155 691 953,C01,1,10,0,2,6,2,1,
2.024E+11,155 691 959,A01,1,33,0,2,1,21,1,
2.024E+11,155 691 963,B01,1,7,0,2,5,2,1,
2.024E+11,155 691 954,A01,1,7,2,0,9,1,0,
2.024E+11,155 691 955,C01,1,7,0,2,8,1,1,
2.024E+11,155 691 960,A01,2,7,0,2,8,13,1,
2.024E+11,155 691 966,B01,1,7,0,2,8,1,1,
2.024E+11,155 691 952,A01,1,1,0,0,1,1,5,
2.024E+11,155 691 956,A01,2,1,0,2,3,2,5,
2.024E+11,155 691 962,B01,2,7,0,2,3,2,1,
2.024E+11,155 691 949,A01,1,7,0,2,4,2,1,
2.024E+11,155 691 957,B01,1,10,0,2,1,2,1,
2.024E+11,155 691 951,A01,1,2,0,1,1,0,0,
2.024E+11,155 691 950,B01,1,7,6,0,7,17,1,
2.024E+11,155 691 958,A01,1,10,0,0,8,17,1,
2.024E+11,155 691 948,A01,1,37,0,1,7,1,1,1
2.024E+11,155 691 946,A01,1,31,0,0,3,0,1,
2.024E+11,155 691 945,A01,2,7,0,2,1,15,2,
2.024E+11,155 691 947,B01,1,1,0,2,1,1,5,
2.024E+11,155 691 942,A01,2,30,0,0,0,0,1,
2.024E+11,155 691 936,A01,1,7,0,2,3,16,1,
2.024E+11,155 691 943,B01,2,50,0,2,1,1,3,
2.024E+11,155 691 935,A01,1,7,6,0,4,26,1,
2.024E+11,155 691 933,B01,1,31,0,0,0,0,1,
2.024E+11,155 691 941,A01,1,10,0,2,3,15,1,
2.024E+11,155 691 934,Z01,2,7,0,2,8,17,0,
2.024E+11,155 691 940,A01,2,37,0,2,3,15,1,3
2.024E+11,155 691 931,A01,2,7,0,2,1,1,1,
2.024E+11,155 691 938,B01,1,7,0,2,1,1,1,
2.024E+11,155 691 927,A01,1,7,1,0,1,14,1,
2.024E+11,155 691 930,B01,1,99,0,0,4,24,1,
2.024E+11,155 691 926,A01,2,7,0,1,1,1,1,
2.024E+11,155 691 928,D01,2,7,0,2,4,2,3,
2.024E+11,155 691 932,B01,2,7,0,2,9,2,1,
2.024E+11,155 691 937,C01,2,7,0,2,9,1,1,
2.024E+11,155 691 944,A01,1,10,0,2,3,2,1,
2.024E+11,155 691 922,B01,1,50,0,0,0,26,3,
2.024E+11,155 691 923,A01,1,15,0,2,1,2,1,
2.024E+11,155 691 929,B01,1,7,0,2,4,2,1,
2.024E+11,155 691 919,A01,1,10,0,2,1,16,0,
2.024E+11,155 691 925,B01,1,33,0,2,1,1,0,
2.024E+11,155 691 918,A01,0,50,0,1,0,25,3,
2.024E+11,155 691 916,A01,1,7,6,0,3,2,1,
2.024E+11,155 691 917,A01,3,7,0,2,6,16,2,
2.024E+11,155 691 921,B01,3,1,0,2,1,1,5,
2.024E+11,155 691 913,B01,3,38,0,2,3,1,1,1
2.024E+11,155 691 920,A01,3,33,0,2,2,1,1,
2.024E+11,155 691 910,A01,1,33,0,2,1,1,1,
2.024E+11,155 691 915,B01,1,10,0,2,4,1,1,
2.024E+11,155 691 906,A01,2,7,13,0,1,1,1,
2.024E+11,155 691 903,B01,2,7,0,2,1,0,1,
2.024E+11,155 691 914,A01,1,7,0,2,3,9,1,
2.024E+11,155 691 905,A01,1,33,0,0,4,1,1,
2.024E+11,155 691 901,C01,1,1,8,1,4,25,5,
2.024E+11,155 691 900,A01,3,7,1,2,1,13,2,
2.024E+11,155 691 907,C01,3,7,0,2,8,1,1,
2.024E+11,155 691 898,A01,3,30,0,2,2,12,1,
2.024E+11,155 691 902,B01,3,33,0,2,3,1,1,
2.024E+11,155 691 911,C01,3,7,0,2,5,2,1,
2.024E+11,155 691 908,B01,1,1,0,2,0,1,5,
2.024E+11,155 691 912,A01,2,7,0,2,0,15,1,
2.024E+11,155 691 899,C01,1,7,0,2,9,23,1,
2.024E+11,155 691 904,B01,1,7,0,2,9,23,1,
2.024E+11,155 691 909,A01,1,7,0,2,1,1,1,
2.024E+11,155 691 924,D01,1,7,0,2,4,23,2,
2.024E+11,155 691 894,A01,3,7,1,0,1,1,1,
2.024E+11,155 691 897,B01,3,7,0,2,4,0,1,
2.024E+11,155 691 892,A01,2,10,0,2,1,2,1,
2.024E+11,155 691 896,B01,2,7,0,2,4,2,2,
2.024E+11,155 691 889,A01,2,33,0,2,1,20,1,
2.024E+11,155 691 893,B01,2,50,0,2,8,2,3,
2.024E+11,155 691 888,A01,2,10,1,0,1,2,1,
2.024E+11,155 691 887,B01,2,7,0,2,2,1,1,
2.024E+11,155 691 895,A01,2,1,0,2,1,19,5,
2.024E+11,155 691 886,A01,1,31,0,2,1,3,1,
2.024E+11,155 691 891,B01,1,7,0,2,3,9,1,
2.024E+11,155 691 885,A01,3,7,0,2,1,15,1,
2.024E+11,155 691 890,B01,3,50,0,2,1,5,3,
2.024E+11,155 691 883,A01,3,7,0,1,2,1,1,
2.024E+11,155 691 880,A01,3,7,0,0,9,2,1,
2.024E+11,155 691 878,B01,2,33,12,2,5,17,1,
2.024E+11,155 691 884,A01,2,7,12,2,0,0,1,
2.024E+11,155 691 875,B01,1,7,0,2,6,1,1,
2.024E+11,155 691 881,A01,1,7,0,2,2,26,1,
2.024E+11,155 691 876,A01,1,34,13,2,1,3,1,
2.024E+11,155 691 882,B01,1,7,13,2,3,15,1,
2.024E+11,155 691 879,A01,1,7,1,0,2,0,1,
2.024E+11,155 691 870,A01,3,7,0,2,1,15,0,
2.024E+11,155 691 877,B01,2,2,0,2,8,1,1,
2.024E+11,155 691 871,A01,0,7,0,1,7,1,1,
2.024E+11,155 691 872,A01,1,33,0,2,7,12,1,
2.024E+11,155 691 869,A01,1,7,0,1,1,1,1,
2.024E+11,155 691 868,A01,0,7,0,0,4,16,1,
2.024E+11,155 691 873,B01,0,1,0,0,0,0,5,
2.024E+11,155 691 863,B01,1,31,0,2,3,3,1,
2.024E+11,155 691 866,A01,1,10,0,2,2,12,1,
2.024E+11,155 691 859,A01,1,7,0,1,0,1,1,
2.024E+11,155 691 861,B01,3,50,0,2,7,19,3,
2.024E+11,155 691 867,A01,2,7,0,2,1,1,1,
2.024E+11,155 691 862,B01,1,1,0,2,1,5,5,
2.024E+11,155 691 865,A01,0,7,0,9,3,15,1,
2.024E+11,155 691 854,A01,3,7,0,1,4,4,1,
2.024E+11,155 691 852,B01,3,10,0,2,1,1,1,
2.024E+11,155 691 858,A01,3,7,0,2,1,5,1,
2.024E+11,155 691 853,A01,1,2,0,0,6,1,1,
2.024E+11,155 691 860,B01,3,10,0,2,1,1,1,
2.024E+11,155 691 848,A01,1,7,0,2,2,12,1,
2.024E+11,155 691 851,C01,1,10,0,2,3,1,1,
2.024E+11,155 691 857,B01,1,7,0,2,1,21,2,
2.024E+11,155 691 864,D01,1,7,0,2,6,1,1,
2.024E+11,155 691 845,A01,2,7,0,2,8,11,1,
2.024E+11,155 691 849,B01,2,7,0,2,2,1,1,
2.024E+11,155 691 847,A01,3,7,0,2,3,9,0,
2.024E+11,155 691 856,B01,3,43,0,2,2,1,0,
2.024E+11,155 691 846,C01,1,15,0,2,1,1,1,
2.024E+11,155 691 850,A01,2,7,0,2,1,13,2,
2.024E+11,155 691 855,B01,1,10,0,2,3,1,1,
2.024E+11,155 691 839,B01,1,2,0,2,1,1,1,
2.024E+11,155 691 843,A01,2,7,0,2,8,19,1,
2.024E+11,155 691 837,B01,3,7,0,2,3,15,1,
2.024E+11,155 691 842,A01,3,34,0,2,3,1,1,
2.024E+11,155 691 836,A01,2,7,3,0,8,2,0,
2.024E+11,155 691 841,A01,3,7,0,1,3,1,1,
2.024E+11,155 691 834,A01,3,7,0,2,1,1,1,
2.024E+11,155 691 840,B01,3,7,0,2,2,1,1,
2.024E+11,155 691 829,B01,1,7,0,2,8,11,1,
2.024E+11,155 691 833,A01,1,33,0,2,7,3,1,
2.024E+11,155 691 830,A01,1,10,0,1,1,1,0,
2.024E+11,155 691 824,A01,1,30,0,0,8,1,1,
2.024E+11,155 691 827,B01,2,7,0,2,8,1,1,
2.024E+11,155 691 832,A01,1,7,0,2,4,15,1,
2.024E+11,155 691 838,D01,1,37,0,2,1,1,1,2
2.024E+11,155 691 844,C01,1,7,0,2,2,1,1,
2.024E+11,155 691 826,A01,3,3,0,2,3,1,1,
2.024E+11,155 691 831,B01,3,7,0,2,3,6,0,
2.024E+11,155 691 825,A01,1,7,2,0,8,1,1,
2.024E+11,155 691 828,A01,1,30,0,0,0,17,1,
2.024E+11,155 691 835,B01,1,7,0,0,0,2,1,
2.024E+11,155 691 822,A01,3,7,0,1,3,10,1,
2.024E+11,155 691 817,B01,1,60,0,2,1,26,5,
2.024E+11,155 691 821,A01,2,7,0,2,2,16,1,
2.024E+11,155 691 815,A01,3,33,1,0,1,26,1,
2.024E+11,155 691 811,A01,1,7,0,1,1,1,1,
2.024E+11,155 691 812,B01,2,7,0,2,4,11,1,
2.024E+11,155 691 819,A01,2,33,0,2,1,3,1,
2.024E+11,155 691 816,A01,1,7,0,1,1,1,1,
2.024E+11,155 691 818,B01,1,7,0,2,2,1,1,
2.024E+11,155 691 823,A01,1,1,0,2,1,19,5,
2.024E+11,155 691 810,A01,1,7,0,2,2,1,1,
2.024E+11,155 691 820,B01,2,33,0,2,3,1,1,
2.024E+11,155 691 809,A01,1,14,0,2,3,1,1,
2.024E+11,155 691 814,B01,2,7,0,2,1,1,1,
2.024E+11,155 691 808,B01,1,7,0,2,1,1,2,
2.024E+11,155 691 813,A01,1,7,7,0,7,1,1,
2.024E+11,155 691 807,A01,1,7,8,0,1,14,1,
2.024E+11,155 691 804,A01,1,7,17,0,2,1,1,
2.024E+11,155 691 806,A01,3,7,0,1,0,23,-1,
2.024E+11,155 691 799,A01,3,50,0,2,7,5,3,
2.024E+11,155 691 803,B01,3,37,0,9,6,1,1,1
2.024E+11,155 691 798,A01,3,32,0,0,0,1,1,
2.024E+11,155 691 800,B01,2,7,0,2,7,2,3,
2.024E+11,155 691 805,A01,2,32,0,2,9,13,1,
2.024E+11,155 691 794,Z01,2,34,0,2,1,13,1,
2.024E+11,155 691 801,A01,1,50,0,2,1,1,3,
2.024E+11,155 691 791,A01,1,7,0,2,6,15,1,
2.024E+11,155 691 796,B01,1,33,0,2,1,2,1,
2.024E+11,155 691 790,B01,1,7,14,2,9,23,1,
2.024E+11,155 691 795,C01,1,7,14,2,4,26,1,
2.024E+11,155 691 802,A01,1,14,0,2,7,19,0,
2.024E+11,155 691 788,A01,2,7,0,0,3,9,1,
2.024E+11,155 691 797,B01,1,30,0,2,3,1,3,
2.024E+11,155 691 789,A01,2,80,0,2,3,0,3,
2.024E+11,155 691 793,B01,1,7,0,9,3,1,1,
2.024E+11,155 691 787,B01,0,0,0,2,4,0,-1,
2.024E+11,155 691 792,A01,3,7,0,2,1,16,0,
2.024E+11,155 691 785,A01,2,7,6,0,1,1,1,
2.024E+11,155 691 782,A01,3,7,0,1,2,15,1,
2.024E+11,155 691 784,A01,1,1,12,0,1,1,5,
2.024E+11,155 691 780,B01,3,30,0,2,7,1,1,
2.024E+11,155 691 786,A01,3,7,0,2,1,1,2,
2.024E+11,155 691 779,A01,1,2,6,0,8,21,1,
2.024E+11,155 691 778,A01,2,7,6,0,1,14,1,
2.024E+11,155 691 776,A01,1,10,0,2,3,9,1,
2.024E+11,155 691 783,B01,2,80,0,2,7,1,3,
2.024E+11,155 691 777,A01,1,7,2,0,7,0,1,
2.024E+11,155 691 774,B01,2,10,0,2,1,1,1,
2.024E+11,155 691 781,A01,1,7,0,2,1,13,1,
2.024E+11,155 691 770,A01,2,10,0,2,1,13,1,
2.024E+11,155 691 773,B01,1,10,0,2,1,1,1,
2.024E+11,155 691 772,B01,3,1,0,2,0,0,5,
2.024E+11,155 691 775,A01,3,7,0,2,0,0,2,
2.024E+11,155 691 769,A01,2,31,0,1,3,1,3,
2.024E+11,155 691 768,A01,1,7,0,2,1,1,1,
2.024E+11,155 691 771,B01,1,1,0,2,0,19,5,
2.024E+11,155 691 766,A01,1,7,3,0,8,1,1,
2.024E+11,155 691 765,A01,1,10,0,1,1,1,1,
2.024E+11,155 691 764,A01,2,7,0,2,1,2,1,
2.024E+11,155 691 767,B01,2,7,0,2,4,2,1,
2.024E+11,155 691 762,A01,1,7,4,0,3,0,1,
2.024E+11,155 691 761,A01,3,7,12,0,7,9,0,
2.024E+11,155 691 759,A01,1,7,0,9,5,11,1,
2.024E+11,155 691 763,B01,1,2,0,2,7,1,1,
2.024E+11,155 691 758,A01,1,33,6,0,7,1,1,
2.024E+11,155 691 755,B01,3,60,0,2,3,19,5,
2.024E+11,155 691 760,A01,1,7,1,2,3,26,1,
2.024E+11,155 691 754,A01,1,7,0,1,1,1,1,
2.024E+11,155 691 752,A01,3,33,0,0,8,15,1,
2.024E+11,155 691 750,B01,1,1,0,2,1,1,5,
2.024E+11,155 691 753,A01,1,7,0,9,5,16,1,
2.024E+11,155 691 748,A01,0,80,0,0,3,1,3,
2.024E+11,155 691 749,B01,2,10,0,2,4,1,1,
2.024E+11,155 691 756,A01,2,7,0,2,1,1,1,
2.024E+11,155 691 744,A01,2,10,0,1,2,1,0,
2.024E+11,155 691 743,A01,1,7,13,0,6,5,1,
2.024E+11,155 691 742,A01,3,7,1,0,1,1,1,
2.024E+11,155 691 745,B01,3,7,0,2,4,23,1,
2.024E+11,155 691 741,A01,1,7,0,2,1,13,1,
2.024E+11,155 691 751,B01,2,7,0,2,1,1,1,
2.024E+11,155 691 757,C01,2,7,0,2,1,1,1,
2.024E+11,155 691 738,A01,1,7,2,0,3,1,1,
2.024E+11,155 691 737,A01,1,2,0,2,0,0,0,
2.024E+11,155 691 747,B01,1,7,0,2,3,1,1,
2.024E+11,155 691 740,B01,1,30,0,0,4,2,0,
2.024E+11,155 691 746,A01,1,7,0,2,2,2,1,
2.024E+11,155 691 735,A01,3,33,0,0,7,9,1,
2.024E+11,155 691 734,B01,1,80,0,2,0,16,3,
2.024E+11,155 691 739,A01,1,10,0,2,1,1,1,
2.024E+11,155 691 733,A01,2,33,0,2,1,17,1,
2.024E+11,155 691 736,B01,2,10,0,2,0,0,1,
2.024E+11,155 691 732,A01,0,7,0,1,3,1,0,
2.024E+11,155 691 729,A01,2,13,1,2,2,14,1,
2.024E+11,155 691 728,A01,0,7,0,1,3,1,1,
2.024E+11,155 691 726,A01,0,7,1,1,1,15,1,
2.024E+11,155 691 725,A01,0,7,1,2,3,22,0,
2.024E+11,155 691 730,B01,0,1,1,2,1,13,5,
2.024E+11,155 691 723,A01,2,2,0,2,1,26,3,
2.024E+11,155 691 731,B01,1,7,0,0,6,19,2,
2.024E+11,155 691 721,A01,2,14,0,2,1,5,4,
2.024E+11,155 691 724,B01,1,7,0,2,6,1,1,
2.024E+11,155 691 719,A01,2,7,0,2,3,13,1,
2.024E+11,155 691 722,B01,1,7,0,2,3,1,1,
2.024E+11,155 691 727,C01,2,15,13,1,3,14,1,
2.024E+11,155 691 717,A01,2,31,0,1,1,3,1,
2.024E+11,155 691 715,Z01,0,7,0,1,1,1,0,
2.024E+11,155 691 712,A01,1,2,1,0,1,1,1,
2.024E+11,155 691 720,B01,1,7,0,2,6,0,1,
2.024E+11,155 691 710,A01,1,3,0,1,1,1,1,
2.024E+11,155 691 709,A01,3,33,0,2,7,17,1,
2.024E+11,155 691 713,B01,3,10,0,2,8,1,1,
2.024E+11,155 691 711,A01,2,7,0,2,4,1,1,
2.024E+11,155 691 716,B01,2,10,0,2,1,1,1,
2.024E+11,155 691 706,B01,1,7,0,2,7,19,3,
2.024E+11,155 691 718,A01,1,7,0,2,1,1,1,
2.024E+11,155 691 707,A01,3,33,0,9,1,1,1,
2.024E+11,155 691 708,B01,0,7,0,0,4,23,1,
2.024E+11,155 691 714,A01,0,10,0,0,2,1,1,
2.024E+11,155 691 703,A01,2,33,0,0,1,1,1,
2.024E+11,155 691 702,A01,2,7,0,2,2,15,1,
2.024E+11,155 691 705,B01,1,32,0,2,1,1,1,
2.024E+11,155 691 697,A01,1,7,4,0,3,16,1,
2.024E+11,155 691 694,A01,1,50,1,1,1,1,3,
2.024E+11,155 691 696,A01,3,7,0,2,3,26,1,
2.024E+11,155 691 700,B01,3,10,0,2,5,1,1,
2.024E+11,155 691 695,A01,1,7,0,2,2,1,1,
2.024E+11,155 691 704,B01,1,17,0,0,6,1,1,
2.024E+11,155 691 692,A01,2,43,0,2,1,2,1,
2.024E+11,155 691 699,B01,2,10,0,2,5,2,1,
2.024E+11,155 691 693,A01,3,7,0,0,7,4,1,
2.024E+11,155 691 698,B01,3,1,0,2,7,1,5,
2.024E+11,155 691 690,B01,1,7,0,2,8,1,1,
2.024E+11,155 691 701,A01,1,7,0,2,1,1,1,
2.024E+11,155 691 689,A01,2,7,0,2,1,1,1,
2.024E+11,155 691 691,B01,2,7,6,2,7,1,1,
2.024E+11,155 691 687,A01,2,7,6,0,1,14,1,
2.024E+11,155 691 684,A01,1,7,4,0,9,2,1,
2.024E+11,155 691 682,A01,2,33,0,0,0,9,1,
2.024E+11,155 691 679,A01,0,7,6,0,2,0,1,
2.024E+11,155 691 680,B01,1,60,0,2,1,2,5,
2.024E+11,155 691 685,A01,3,10,0,9,8,2,1,
2.024E+11,155 691 677,A01,1,7,0,0,0,2,1,
2.024E+11,155 691 681,B01,1,1,0,0,0,2,5,
2.024E+11,155 691 675,A01,2,10,0,2,1,26,1,
2.024E+11,155 691 688,B01,1,7,0,2,3,15,1,
2.024E+11,155 691 673,A01,1,80,1,0,1,14,3,
2.024E+11,155 691 672,A01,2,7,0,2,3,1,1,
2.024E+11,155 691 676,B01,1,14,0,2,1,9,1,
2.024E+11,155 691 674,A01,2,7,0,2,4,26,1,
2.024E+11,155 691 678,B01,1,7,0,2,1,1,1,