Num_Acc,id_vehicule,num_veh,senc,catv,obs,obsm,choc,manv,motor,occutc
2.024E+11,155 689 332,B01,3,10,0,2,3,1,1,
2.024E+11,155 689 334,A01,3,10,0,2,3,1,1,
2.024E+11,155 689 327,A01,1,7,3,2,1,12,1,
2.024E+11,155 689 331,B01,1,7,3,2,4,23,1,
2.024E+11,155 689 326,A01,3,7,0,2,3,16,1,
2.024E+11,155 689 330,B01,3,2,0,2,7,16,1,
2.024E+11,155 689 320,A01,3,7,0,2,1,19,1,
2.024E+11,155 689 323,B01,1,7,0,2,3,1,1,
2.024E+11,155 689 319,D01,1,7,0,2,4,0,2,
2.024E+11,155 689 322,A01,1,7,0,2,1,0,1,
2.024E+11,155 689 324,C01,1,7,0,2,6,0,1,
2.024E+11,155 689 328,B01,1,7,6,2,4,1,1,
2.024E+11,155 689 317,A01,2,30,14,0,3,1,1,
2.024E+11,155 689 318,A01,2,7,0,2,1,9,1,
2.024E+11,155 689 321,B01,2,7,0,2,3,1,1,
2.024E+11,155 689 316,D01,2,7,0,2,4,15,1,
2.024E+11,155 689 329,C01,2,7,0,2,4,1,1,
2.024E+11,155 689 333,A01,2,7,0,2,3,13,1,
2.024E+11,155 689 335,B01,1,7,0,2,3,1,1,
2.024E+11,155 689 315,A01,3,50,0,2,1,1,3,
2.024E+11,155 689 325,B01,3,7,0,2,7,1,1,
2.024E+11,155 689 314,A01,3,7,0,1,3,15,1,
2.024E+11,155 689 312,A01,1,7,2,0,0,13,1,
2.024E+11,155 689 307,B01,1,7,0,2,1,1,1,
2.024E+11,155 689 309,A01,2,7,0,2,1,1,1,
2.024E+11,155 689 308,B01,1,7,0,2,1,20,1,
2.024E+11,155 689 313,A01,2,33,0,2,1,1,1,
2.024E+11,155 689 306,B01,1,7,0,2,7,0,1,
2.024E+11,155 689 310,A01,1,33,0,2,8,0,1,
2.024E+11,155 689 304,A01,1,7,0,2,3,15,1,
2.024E+11,155 689 311,B01,1,2,0,2,2,17,1,
2.024E+11,155 689 302,B01,1,7,0,2,3,1,1,
2.024E+11,155 689 305,A01,1,7,0,2,2,1,1,
2.024E+11,155 689 303,A01,2,21,0,1,1,15,1,
2.024E+11,155 689 296,B01,2,1,0,2,7,1,5,
2.024E+11,155 689 300,A01,2,7,0,9,1,16,1,
2.024E+11,155 689 298,B01,0,7,0,2,4,1,0,
2.024E+11,155 689 301,A01,0,7,0,2,1,1,1,
2.024E+11,155 689 295,A01,1,7,0,1,4,20,1,
2.024E+11,155 689 297,B01,1,2,0,2,8,19,1,
2.024E+11,155 689 299,A01,0,7,0,2,1,26,1,
2.024E+11,155 689 290,A01,0,50,0,1,1,1,3,
2.024E+11,155 689 289,A01,1,7,0,2,3,13,1,
2.024E+11,155 689 291,B01,2,7,0,2,3,1,1,
2.024E+11,155 689 293,C01,2,7,8,2,3,1,1,
2.024E+11,155 689 288,A01,3,7,14,0,1,0,1,
2.024E+11,155 689 294,A01,1,3,0,1,1,16,1,
2.024E+11,155 689 292,A01,1,7,0,0,2,14,2,
2.024E+11,155 689 286,B01,2,7,0,2,1,1,1,
2.024E+11,155 689 287,A01,1,7,0,2,1,1,1,
2.024E+11,155 689 284,A01,3,7,0,1,1,0,1,
2.024E+11,155 689 285,A01,2,37,0,0,0,26,2,1
2.024E+11,155 689 283,A01,0,10,8,0,1,5,1,
2.024E+11,155 689 277,A01,2,7,0,1,1,1,1,
2.024E+11,155 689 278,A01,0,7,0,2,1,2,1,
2.024E+11,155 689 281,B01,0,7,0,0,4,2,1,
2.024E+11,155 689 280,B01,1,37,0,2,6,1,1,1
2.024E+11,155 689 282,A01,1,50,0,2,2,1,3,
2.024E+11,155 689 275,A01,1,7,0,0,8,5,1,
2.024E+11,155 689 279,B01,2,33,0,0,6,17,1,
2.024E+11,155 689 274,A01,1,7,8,0,1,14,1,
2.024E+11,155 689 269,A01,2,33,8,0,0,1,1,
2.024E+11,155 689 266,A01,1,7,0,2,2,15,1,
2.024E+11,155 689 270,B01,1,0,0,2,1,0,1,
2.024E+11,155 689 272,A01,1,7,0,2,1,11,1,
2.024E+11,155 689 276,B01,1,7,0,2,1,1,1,
2.024E+11,155 689 267,A01,1,7,0,2,1,1,1,
2.024E+11,155 689 273,B01,2,7,0,2,3,16,1,
2.024E+11,155 689 268,B01,2,7,0,2,3,0,1,
2.024E+11,155 689 271,A01,1,31,0,2,1,26,1,
2.024E+11,155 689 264,A01,1,33,13,6,4,1,1,
2.024E+11,155 689 262,A01,1,7,0,2,3,13,1,
2.024E+11,155 689 265,B01,2,33,0,2,8,1,1,
2.024E+11,155 689 257,B01,1,33,0,2,1,1,1,
2.024E+11,155 689 260,A01,2,7,0,2,1,15,1,
2.024E+11,155 689 259,A01,2,7,0,2,8,15,1,
2.024E+11,155 689 263,B01,2,33,0,2,1,5,1,
2.024E+11,155 689 254,A01,3,7,0,2,3,1,1,
2.024E+11,155 689 258,B01,3,7,0,2,3,1,0,
2.024E+11,155 689 253,A01,3,7,0,0,1,0,1,
2.024E+11,155 689 256,A01,1,32,0,2,1,17,1,
2.024E+11,155 689 261,B01,1,7,0,2,6,15,1,
2.024E+11,155 689 252,B01,2,7,0,9,1,0,1,
2.024E+11,155 689 255,A01,1,1,0,2,1,26,5,
2.024E+11,155 689 247,A01,1,7,0,1,2,1,3,
2.024E+11,155 689 248,A01,2,7,13,0,1,21,1,
2.024E+11,155 689 246,B01,1,14,0,2,2,16,0,
2.024E+11,155 689 251,A01,1,33,8,0,2,18,1,
2.024E+11,155 689 245,A01,2,7,0,2,8,17,1,
2.024E+11,155 689 249,B01,2,7,13,2,7,0,1,
2.024E+11,155 689 243,A01,2,7,0,1,2,15,1,
2.024E+11,155 689 242,B01,1,2,0,2,9,1,1,
2.024E+11,155 689 250,A01,2,7,0,2,8,1,1,
2.024E+11,155 689 241,A01,2,1,0,9,1,0,5,
2.024E+11,155 689 244,B01,1,1,0,9,1,0,5,
2.024E+11,155 689 239,A01,2,32,0,1,1,18,1,
2.024E+11,155 689 240,A01,1,7,6,0,1,15,2,
2.024E+11,155 689 238,A01,2,7,0,0,1,1,1,
2.024E+11,155 689 236,A01,1,7,0,1,1,1,1,
2.024E+11,155 689 234,B01,0,10,0,2,3,15,0,
2.024E+11,155 689 237,A01,2,13,0,2,1,1,0,
2.024E+11,155 689 233,A01,1,33,8,0,2,26,3,
2.024E+11,155 689 229,A01,1,10,0,1,3,1,1,
2.024E+11,155 689 225,B01,1,1,0,2,7,1,5,
2.024E+11,155 689 232,A01,1,7,0,2,3,1,1,
2.024E+11,155 689 219,A01,2,1,0,1,2,1,5,
2.024E+11,155 689 218,A01,2,7,2,0,3,13,1,
2.024E+11,155 689 220,A01,0,37,0,0,7,1,2,5
2.024E+11,155 689 223,A01,1,33,0,2,1,1,1,
2.024E+11,155 689 230,B01,1,7,0,2,3,9,1,
2.024E+11,155 689 215,A01,3,7,0,2,2,19,1,
2.024E+11,155 689 221,B01,2,50,0,2,1,1,3,
2.024E+11,155 689 217,A01,0,7,0,2,1,2,1,
2.024E+11,155 689 228,B01,2,7,0,0,8,10,1,
2.024E+11,155 689 212,A01,2,7,0,2,3,1,1,
2.024E+11,155 689 214,B01,1,2,0,0,8,15,1,
2.024E+11,155 689 209,A01,2,17,4,0,8,16,1,
2.024E+11,155 689 208,A01,3,1,0,2,1,0,5,
2.024E+11,155 689 213,B01,3,37,0,2,7,1,1,1
2.024E+11,155 689 206,A01,2,7,8,0,8,1,1,
2.024E+11,155 689 205,B01,3,7,0,2,3,1,2,
2.024E+11,155 689 211,A01,1,50,0,2,1,1,3,
2.024E+11,155 689 202,B01,1,1,1,0,1,1,5,
2.024E+11,155 689 207,A01,1,10,0,2,8,24,1,
2.024E+11,155 689 201,A01,1,7,2,0,7,1,1,
2.024E+11,155 689 199,A01,1,7,0,1,2,16,1,
2.024E+11,155 689 198,A01,1,7,0,2,1,0,1,
2.024E+11,155 689 203,B01,1,7,0,2,1,2,1,
2.024E+11,155 689 210,C01,1,7,0,2,4,2,1,
2.024E+11,155 689 216,D01,1,7,0,2,1,0,1,
2.024E+11,155 689 222,E01,1,7,0,2,4,2,1,
2.024E+11,155 689 224,F01,1,7,0,2,3,2,1,
2.024E+11,155 689 227,G01,1,7,0,2,2,12,1,
2.024E+11,155 689 231,H01,1,7,0,2,4,2,1,
2.024E+11,155 689 235,I01,1,7,0,2,4,2,1,
2.024E+11,155 689 197,A01,3,10,0,1,2,1,1,
2.024E+11,155 689 200,B01,2,7,0,2,3,1,1,
2.024E+11,155 689 204,A01,1,2,0,2,1,13,1,
2.024E+11,155 689 196,A01,3,33,4,0,2,17,1,
2.024E+11,155 689 194,A01,3,32,0,0,9,1,1,
2.024E+11,155 689 191,A01,2,33,1,0,1,2,1,
2.024E+11,155 689 195,B01,1,10,0,2,0,10,1,
2.024E+11,155 689 190,A01,1,10,0,1,1,15,1,
2.024E+11,155 689 189,A01,1,32,0,2,1,2,1,
2.024E+11,155 689 193,B01,1,7,0,2,4,0,1,
2.024E+11,155 689 185,A01,2,30,0,1,8,1,1,
2.024E+11,155 689 184,B01,1,33,0,2,1,1,1,
2.024E+11,155 689 187,A01,2,7,0,2,2,15,1,
2.024E+11,155 689 186,A01,3,1,0,2,1,1,5,
2.024E+11,155 689 192,B01,3,14,0,9,5,16,1,
2.024E+11,155 689 176,A01,1,7,1,0,1,1,1,
2.024E+11,155 689 180,A01,2,7,0,2,3,15,1,
2.024E+11,155 689 183,B01,1,33,0,2,1,1,1,
2.024E+11,155 689 188,C01,1,34,0,2,1,1,1,
2.024E+11,155 689 178,A01,2,7,0,1,1,2,0,
2.024E+11,155 689 179,B01,1,31,0,2,1,1,1,
2.024E+11,155 689 182,A01,2,7,0,2,2,15,1,
2.024E+11,155 689 175,B01,3,7,0,2,4,1,1,
2.024E+11,155 689 181,A01,3,10,0,2,1,1,3,
2.024E+11,155 689 174,A01,1,3,3,0,8,13,1,
2.024E+11,155 689 170,B01,1,7,0,2,1,15,1,
2.024E+11,155 689 177,A01,2,7,0,2,1,1,1,
2.024E+11,155 689 169,A01,2,1,0,0,0,1,5,
2.024E+11,155 689 167,A01,3,7,0,2,6,15,1,
2.024E+11,155 689 173,B01,3,33,0,2,1,1,1,
2.024E+11,155 689 165,A01,1,34,0,2,1,1,1,
2.024E+11,155 689 171,B01,1,7,0,2,8,23,1,
2.024E+11,155 689 168,A01,1,10,0,2,1,1,1,
2.024E+11,155 689 172,B01,1,10,0,0,4,1,1,
2.024E+11,155 689 166,A01,2,7,0,0,1,12,1,
2.024E+11,155 689 164,A01,1,7,2,0,1,17,1,
2.024E+11,155 689 158,A01,1,7,6,0,1,1,1,
2.024E+11,155 689 161,A01,1,30,1,0,3,7,1,
2.024E+11,155 689 163,B01,1,7,0,2,4,23,2,
2.024E+11,155 689 160,A01,2,7,0,2,2,1,1,
2.024E+11,155 689 162,B01,1,7,0,2,3,1,1,
2.024E+11,155 689 155,A01,2,7,0,2,1,11,1,
2.024E+11,155 689 157,B01,1,7,0,2,3,1,1,
2.024E+11,155 689 152,A01,3,10,9,1,0,15,0,
2.024E+11,155 689 153,A01,3,7,0,1,3,15,2,
2.024E+11,155 689 151,A01,1,21,0,0,6,1,1,
2.024E+11,155 689 147,A01,3,2,0,0,0,1,1,
2.024E+11,155 689 144,C01,2,17,0,2,1,1,1,
2.024E+11,155 689 150,A01,1,7,16,2,1,13,1,
2.024E+11,155 689 156,B01,2,38,0,2,8,1,1,1
2.024E+11,155 689 149,B01,2,7,0,2,1,1,1,
2.024E+11,155 689 154,C01,2,7,0,2,1,1,1,
2.024E+11,155 689 159,A01,2,7,0,2,4,11,1,
2.024E+11,155 689 141,A01,3,7,0,1,1,9,1,
2.024E+11,155 689 143,B01,3,33,0,2,2,1,1,
2.024E+11,155 689 148,A01,3,7,0,2,3,15,1,
2.024E+11,155 689 140,A01,3,7,0,1,1,1,3,
2.024E+11,155 689 136,A01,1,10,2,0,7,1,1,
2.024E+11,155 689 134,B01,2,17,0,0,4,2,1,
2.024E+11,155 689 139,A01,2,10,0,2,1,2,1,
2.024E+11,155 689 130,A01,3,7,0,1,1,1,1,
2.024E+11,155 689 127,A01,1,50,0,0,1,1,3,
2.024E+11,155 689 128,A01,1,7,0,1,7,1,1,
2.024E+11,155 689 126,A01,1,7,8,0,3,1,1,
2.024E+11,155 689 135,A01,2,7,0,1,2,1,1,
2.024E+11,155 689 129,A01,1,7,0,2,3,15,0,
2.024E+11,155 689 132,B01,1,7,0,0,0,0,0,
2.024E+11,155 689 119,A01,3,7,1,0,1,14,2,
2.024E+11,155 689 122,B01,1,2,0,2,1,26,3,
2.024E+11,155 689 131,A01,1,31,0,2,2,1,1,
2.024E+11,155 689 120,A01,1,33,4,0,7,14,1,
2.024E+11,155 689 118,A01,1,33,0,2,8,13,1,
2.024E+11,155 689 123,B01,2,7,0,2,6,1,1,
2.024E+11,155 689 121,B01,2,31,0,2,4,1,1,
2.024E+11,155 689 125,A01,1,7,0,2,1,15,1,
2.024E+11,155 689 116,A01,1,80,6,0,9,26,3,
2.024E+11,155 689 113,Z01,0,7,0,2,1,13,1,
2.024E+11,155 689 114,A01,0,2,0,2,1,1,1,
2.024E+11,155 689 124,A01,3,37,0,2,2,1,1,4
2.024E+11,155 689 133,B01,3,10,0,2,3,10,1,
2.024E+11,155 689 117,A01,0,7,7,0,1,0,1,
2.024E+11,155 689 115,A01,2,7,10,0,2,1,2,
2.024E+11,155 689 112,A01,1,7,3,0,2,1,1,
2.024E+11,155 689 109,A01,3,7,13,0,8,13,1,
2.024E+11,155 689 108,A01,1,1,12,0,0,21,5,
2.024E+11,155 689 106,Z01,3,7,0,1,0,2,0,
2.024E+11,155 689 107,A01,2,7,2,0,1,0,1,
2.024E+11,155 689 103,B01,3,1,0,2,2,1,5,
2.024E+11,155 689 111,A01,3,7,0,2,3,9,1,
2.024E+11,155 689 105,A01,3,7,9,1,2,14,1,
2.024E+11,155 689 102,A01,2,7,6,0,3,1,1,
2.024E+11,155 689 098,A01,1,33,0,0,7,1,1,
2.024E+11,155 689 100,A01,1,33,0,6,2,1,1,
2.024E+11,155 689 097,B01,1,7,0,2,2,15,1,
2.024E+11,155 689 110,A01,2,33,0,2,1,1,1,
2.024E+11,155 689 096,Z01,3,7,0,1,4,20,6,
2.024E+11,155 689 094,B01,3,1,0,2,1,19,5,
2.024E+11,155 689 099,A01,3,7,8,2,3,15,1,
2.024E+11,155 689 095,A01,1,7,0,2,1,2,1,
2.024E+11,155 689 101,B01,1,7,0,2,4,2,1,
2.024E+11,155 689 104,C01,1,10,0,2,4,1,1,
2.024E+11,155 689 090,A01,2,7,10,0,1,1,1,
2.024E+11,155 689 089,A01,0,7,0,2,3,0,0,
2.024E+11,155 689 091,B01,2,7,0,2,3,0,0,
2.024E+11,155 689 088,B01,0,7,0,2,1,2,1,
2.024E+11,155 689 092,A01,0,7,0,0,4,1,1,
2.024E+11,155 689 087,Z01,3,7,0,1,2,0,1,
2.024E+11,155 689 085,A01,2,30,0,0,1,0,1,
2.024E+11,155 689 080,A01,1,7,0,2,3,9,1,
2.024E+11,155 689 084,B01,2,2,0,2,1,1,1,
2.024E+11,155 689 082,B01,1,30,0,2,8,2,1,
2.024E+11,155 689 093,A01,1,10,0,2,1,15,1,
2.024E+11,155 689 079,B01,2,2,0,2,1,1,1,
2.024E+11,155 689 086,A01,1,7,0,2,1,1,2,
2.024E+11,155 689 076,A01,2,7,0,9,2,16,1,
2.024E+11,155 689 083,B01,1,50,0,2,2,0,3,
2.024E+11,155 689 070,A01,3,10,0,1,0,0,0,
2.024E+11,155 689 065,A01,1,7,0,2,2,12,1,
2.024E+11,155 689 073,B01,1,7,0,2,3,1,1,
2.024E+11,155 689 071,A01,2,7,13,0,7,1,1,
2.024E+11,155 689 067,B01,3,3,0,2,4,2,1,
2.024E+11,155 689 074,A01,3,10,0,2,1,2,1,
2.024E+11,155 689 066,A01,2,7,0,1,2,1,1,
2.024E+11,155 689 064,A01,2,7,0,0,4,2,1,
2.024E+11,155 689 077,B01,2,10,0,2,1,2,1,
2.024E+11,155 689 062,B01,1,7,0,2,1,15,1,
2.024E+11,155 689 068,A01,2,7,0,2,1,1,1,
2.024E+11,155 689 055,B01,2,7,0,2,3,1,1,
2.024E+11,155 689 060,A01,1,7,0,2,1,15,1,
2.024E+11,155 689 054,B01,0,10,0,2,3,23,1,
2.024E+11,155 689 072,A01,1,36,0,2,1,1,1,
2.024E+11,155 689 053,F01,1,7,0,2,4,2,1,
2.024E+11,155 689 058,A01,1,7,0,2,1,2,1,
2.024E+11,155 689 063,C01,1,7,0,2,1,2,1,
2.024E+11,155 689 069,D01,1,7,0,2,4,1,3,
2.024E+11,155 689 075,E01,1,7,0,2,1,2,3,
2.024E+11,155 689 078,B01,1,7,0,2,4,1,2,
2.024E+11,155 689 081,G01,1,7,0,2,1,2,2,
2.024E+11,155 689 052,B01,2,7,0,2,3,11,2,
2.024E+11,155 689 059,A01,2,30,0,2,8,17,1,
2.024E+11,155 689 057,B01,2,43,0,2,1,3,1,
2.024E+11,155 689 061,A01,2,7,0,2,5,14,1,
2.024E+11,155 689 051,A01,1,33,2,0,3,26,1,
2.024E+11,155 689 049,A01,2,10,0,1,0,1,1,
2.024E+11,155 689 048,A01,0,30,0,2,1,1,1,
2.024E+11,155 689 056,B01,0,7,0,2,6,9,1,
2.024E+11,155 689 047,Z01,3,10,0,2,3,2,0,
2.024E+11,155 689 050,B01,3,43,0,2,7,1,1,
2.024E+11,155 689 045,A01,1,32,8,0,1,1,1,
2.024E+11,155 689 046,A01,3,7,0,1,3,1,1,
2.024E+11,155 689 040,A01,2,7,0,1,8,19,0,
2.024E+11,155 689 039,A01,1,7,13,0,1,13,1,
2.024E+11,155 689 038,A01,1,7,0,2,2,2,1,
2.024E+11,155 689 044,B01,1,7,0,2,4,1,1,
2.024E+11,155 689 037,A01,3,30,1,0,1,1,1,
2.024E+11,155 689 043,B01,3,7,0,2,4,23,1,
2.024E+11,155 689 033,A01,1,7,0,1,1,17,3,
2.024E+11,155 689 032,A01,1,33,0,0,0,13,1,
2.024E+11,155 689 036,B01,1,31,0,2,3,1,1,
2.024E+11,155 689 041,A01,1,7,0,2,2,12,1,
2.024E+11,155 689 029,A01,1,30,10,0,1,15,3,
2.024E+11,155 689 031,B01,2,7,10,0,3,1,1,
2.024E+11,155 689 027,A01,1,33,8,0,2,1,1,
2.024E+11,155 689 026,A01,2,7,3,0,1,0,1,
2.024E+11,155 689 034,B01,2,7,0,2,1,1,1,
2.024E+11,155 689 042,A01,1,7,3,2,9,15,1,
2.024E+11,155 689 024,B01,1,99,0,2,7,1,0,
2.024E+11,155 689 030,A01,1,7,0,2,1,1,1,
2.024E+11,155 689 022,A01,1,7,7,0,1,1,1,
2.024E+11,155 689 012,A01,1,33,0,2,3,13,1,
2.024E+11,155 689 019,B01,2,7,0,9,3,1,1,
2.024E+11,155 689 015,A01,1,7,0,2,2,1,1,
2.024E+11,155 689 020,Y01,1,1,0,2,3,19,5,
2.024E+11,155 689 016,B01,2,2,0,2,1,1,1,
2.024E+11,155 689 021,A01,1,7,0,2,3,13,1,
2.024E+11,155 689 014,A01,2,32,0,2,1,2,1,
2.024E+11,155 689 023,B01,2,7,0,0,5,2,1,
2.024E+11,155 689 010,B01,1,7,0,2,6,1,1,
2.024E+11,155 689 017,A01,1,10,0,2,2,14,1,
2.024E+11,155 689 009,A01,1,7,0,2,3,15,1,
2.024E+11,155 689 011,B01,2,7,0,2,3,1,1,
2.024E+11,155 689 018,A01,1,10,0,2,1,19,1,
2.024E+11,155 689 025,B01,0,10,0,2,8,1,1,
2.024E+11,155 689 003,A01,1,10,0,2,3,13,1,
2.024E+11,155 689 007,B01,2,10,0,2,3,1,1,
2.024E+11,155 689 006,B01,1,31,0,2,2,3,1,
2.024E+11,155 689 013,A01,1,7,0,2,6,1,1,
2.024E+11,155 689 000,A01,1,33,0,2,1,17,1,
2.024E+11,155 689 005,B01,1,10,0,2,3,15,1,
2.024E+11,155 689 001,A01,1,7,0,1,1,1,1,
2.024E+11,155 688 996,B01,1,7,0,2,4,2,1,
2.024E+11,155 689 004,A01,1,7,0,2,1,2,1,
2.024E+11,155 688 998,A01,1,30,0,2,1,26,1,
2.024E+11,155 689 008,B01,1,7,0,0,0,0,1,
2.024E+11,155 688 992,A01,1,10,0,2,3,11,1,
2.024E+11,155 688 995,B01,1,32,0,2,2,2,1,
2.024E+11,155 688 991,B01,1,7,0,2,6,1,1,
2.024E+11,155 689 002,A01,1,15,0,2,2,12,1,
2.024E+11,155 688 987,A01,2,7,0,2,1,1,1,
2.024E+11,155 688 990,B01,1,10,0,2,1,1,1,
2.024E+11,155 688 988,A01,2,7,0,2,1,26,1,
2.024E+11,155 688 994,B01,2,34,0,2,4,1,1,
2.024E+11,155 688 999,C01,2,33,0,2,1,1,1,
2.024E+11,155 688 985,A01,3,33,0,0,7,14,1,
2.024E+11,155 688 979,A01,3,7,0,2,1,0,0,
2.024E+11,155 688 984,B01,3,43,0,2,1,0,0,
2.024E+11,155 688 983,Y01,1,1,9,2,8,13,5,
2.024E+11,155 688 986,A01,0,7,0,2,8,14,1,
2.024E+11,155 688 978,B01,0,7,0,2,2,1,1,
2.024E+11,155 688 993,A01,1,10,0,2,7,15,1,
2.024E+11,155 688 997,C01,1,10,0,2,1,23,1,
2.024E+11,155 688 976,A01,2,7,0,2,8,11,1,
2.024E+11,155 688 982,B01,2,33,0,2,1,1,1,
2.024E+11,155 688 980,B01,1,33,0,2,1,17,1,
2.024E+11,155 688 989,A01,1,21,0,2,6,15,1,
2.024E+11,155 688 973,B01,2,2,0,0,1,1,1,
2.024E+11,155 688 981,A01,1,7,0,0,3,1,2,
2.024E+11,155 688 974,A01,2,7,0,2,1,13,1,
2.024E+11,155 688 977,B01,1,7,0,2,1,1,1,
2.024E+11,155 688 971,A01,2,33,0,0,1,20,1,
2.024E+11,155 688 969,A01,0,50,0,1,1,21,3,
2.024E+11,155 688 967,A01,3,7,0,2,3,9,1,
2.024E+11,155 688 975,B01,2,30,0,2,1,1,1,
2.024E+11,155 688 970,A01,3,7,0,2,7,16,1,
2.024E+11,155 688 972,B01,3,34,0,2,8,18,1,
2.024E+11,155 688 963,A01,1,7,5,0,1,1,1,
2.024E+11,155 688 964,A01,2,33,0,0,1,1,1,
2.024E+11,155 688 961,A01,2,33,0,2,1,3,1,
2.024E+11,155 688 965,B01,2,10,0,2,4,12,1,
2.024E+11,155 688 962,B01,1,50,0,2,8,1,3,
2.024E+11,155 688 968,A01,1,7,0,2,2,14,2,
2.024E+11,155 688 958,A01,1,7,2,0,2,14,1,
2.024E+11,155 688 956,A01,2,7,8,0,2,1,1,
2.024E+11,155 688 960,A01,2,10,0,1,1,17,1,
2.024E+11,155 688 959,A01,3,50,12,0,1,14,3,
2.024E+11,155 688 957,B01,1,7,0,2,5,1,1,
2.024E+11,155 688 966,A01,1,7,0,2,3,9,1,
2.024E+11,155 688 954,A01,1,7,2,0,0,13,1,
2.024E+11,155 688 955,A01,3,40,0,1,1,1,3,
2.024E+11,155 688 950,A01,1,33,13,0,7,1,1,
2.024E+11,155 688 947,A01,1,30,0,0,8,1,1,
2.024E+11,155 688 945,A01,2,7,0,2,1,2,1,
2.024E+11,155 688 952,B01,2,7,0,2,4,2,1,
2.024E+11,155 688 948,A01,2,7,1,0,2,14,1,
2.024E+11,155 688 943,A01,3,7,0,2,3,15,1,
2.024E+11,155 688 949,B01,3,43,0,2,1,1,1,
2.024E+11,155 688 942,B01,3,2,0,2,8,19,1,
2.024E+11,155 688 951,A01,2,7,0,2,2,1,1,
2.024E+11,155 688 940,A01,2,7,0,2,1,2,1,
2.024E+11,155 688 946,B01,2,7,0,2,4,2,1,
2.024E+11,155 688 953,C01,2,7,0,2,4,2,1,
2.024E+11,155 688 941,A01,1,33,0,2,8,13,1,
2.024E+11,155 688 944,B01,2,7,0,2,1,1,3,
2.024E+11,155 688 931,A01,0,32,0,2,1,5,1,
2.024E+11,155 688 937,B01,0,7,0,2,1,1,1,
2.024E+11,155 688 930,A01,1,10,0,2,6,17,1,
2.024E+11,155 688 936,B01,1,33,0,2,1,17,1,
2.024E+11,155 688 934,A01,1,7,0,2,2,15,1,
2.024E+11,155 688 938,B01,1,7,0,2,1,1,1,
2.024E+11,155 688 933,A01,2,37,0,0,1,15,2,1
2.024E+11,155 688 939,B01,1,32,0,0,0,1,1,
2.024E+11,155 688 926,A01,2,7,0,9,2,16,1,
2.024E+11,155 688 932,B01,2,1,0,2,1,1,5,
2.024E+11,155 688 924,B01,1,7,0,2,3,1,1,
2.024E+11,155 688 935,A01,2,7,0,2,2,12,1,
2.024E+11,155 688 923,A01,1,1,0,2,3,15,5,
2.024E+11,155 688 929,B01,1,32,0,2,1,1,1,
2.024E+11,155 688 922,A01,2,7,0,2,1,13,2,
2.024E+11,155 688 925,B01,1,15,0,2,8,1,1,
2.024E+11,155 688 921,A01,3,7,0,2,1,19,1,
2.024E+11,155 688 928,B01,1,31,0,2,7,1,1,
2.024E+11,155 688 919,A01,2,7,0,2,7,15,1,
2.024E+11,155 688 927,B01,1,7,0,2,2,1,1,
2.024E+11,155 688 918,A01,2,36,6,0,3,26,1,
2.024E+11,155 688 916,B01,1,50,0,2,8,0,3,
2.024E+11,155 688 920,A01,2,7,0,2,2,0,1,
2.024E+11,155 688 911,A01,3,31,0,0,9,1,1,
2.024E+11,155 688 913,A01,1,30,12,0,2,1,1,
2.024E+11,155 688 912,A01,3,33,0,2,5,17,1,
2.024E+11,155 688 915,B01,3,7,0,2,3,15,1,
2.024E+11,155 688 909,A01,2,10,0,1,3,15,1,
2.024E+11,155 688 908,C01,1,7,0,2,1,1,1,
2.024E+11,155 688 914,A01,1,7,0,2,1,13,1,
2.024E+11,155 688 917,B01,1,7,0,2,3,1,1,
2.024E+11,155 688 910,A01,2,37,0,1,7,1,2,1
2.024E+11,155 688 907,A01,1,7,0,1,1,1,1,
2.024E+11,155 688 905,A01,1,7,0,1,1,15,3,
2.024E+11,155 688 902,B01,2,7,8,0,1,10,1,
2.024E+11,155 688 903,A01,1,7,9,0,8,1,1,
2.024E+11,155 688 901,A01,3,7,0,1,1,2,1,
2.024E+11,155 688 898,A01,0,7,15,1,0,26,1,
2.024E+11,155 688 895,A01,3,7,0,2,1,15,1,
2.024E+11,155 688 904,B01,3,2,0,2,1,1,1,
2.024E+11,155 688 897,A01,1,50,0,1,1,25,3,
2.024E+11,155 688 891,A01,1,50,0,1,1,1,3,
2.024E+11,155 688 893,A01,2,31,0,0,8,15,1,
2.024E+11,155 688 899,B01,2,33,0,0,3,1,1,
2.024E+11,155 688 892,B01,1,10,0,2,4,2,1,
2.024E+11,155 688 900,A01,1,7,0,2,1,1,2,
2.024E+11,155 688 890,A01,1,7,0,2,3,15,2,
2.024E+11,155 688 896,B01,2,33,0,2,1,1,1,
2.024E+11,155 688 884,A01,2,80,0,2,8,16,3,
2.024E+11,155 688 888,B01,1,7,0,2,2,1,1,
2.024E+11,155 688 889,A01,1,7,0,2,1,16,1,
2.024E+11,155 688 894,B01,2,1,0,2,1,1,5,
2.024E+11,155 688 882,A01,1,7,0,2,4,1,1,
2.024E+11,155 688 886,B01,1,43,0,2,1,1,1,
2.024E+11,155 688 879,A01,2,50,0,2,7,1,3,
2.024E+11,155 688 887,B01,1,7,0,2,1,9,1,
2.024E+11,155 688 880,A01,2,7,0,2,2,15,1,
2.024E+11,155 688 883,B01,1,33,0,2,1,1,1,
2.024E+11,155 688 878,A01,3,7,0,0,5,20,1,
2.024E+11,155 688 875,A01,1,7,0,1,1,1,1,
2.024E+11,155 688 877,A01,2,7,14,0,1,0,1,
2.024E+11,155 688 885,B01,3,1,0,2,7,23,5,