Num_Acc,id_vehicule,num_veh,senc,catv,obs,obsm,choc,manv,motor,occutc
2.024E+11,155 687 039,C01,2,10,0,2,8,1,1,
2.024E+11,155 687 049,B01,3,7,0,2,1,15,1,
2.024E+11,155 687 027,A01,2,7,2,0,1,0,1,
2.024E+11,155 687 026,A01,2,7,0,2,8,11,1,
2.024E+11,155 687 032,B01,2,33,0,2,7,1,1,
2.024E+11,155 687 033,A01,3,7,0,2,3,15,1,
2.024E+11,155 687 037,B01,3,32,0,2,2,1,1,
2.024E+11,155 687 023,A01,1,33,8,0,9,1,1,
2.024E+11,155 687 025,A01,2,10,0,2,1,2,1,
2.024E+11,155 687 029,B01,2,10,0,2,4,2,1,
2.024E+11,155 687 021,A01,2,33,6,0,7,15,1,
2.024E+11,155 687 019,A01,2,7,0,2,4,1,1,
2.024E+11,155 687 022,B01,2,7,0,2,1,1,1,
2.024E+11,155 687 020,B01,3,2,0,2,1,1,1,
2.024E+11,155 687 030,A01,3,7,0,2,3,2,1,
2.024E+11,155 687 015,A01,3,2,0,2,8,0,1,
2.024E+11,155 687 017,B01,3,7,0,9,2,2,1,
2.024E+11,155 687 014,A01,1,30,0,2,8,1,1,
2.024E+11,155 687 018,Z01,1,10,0,0,0,0,0,
2.024E+11,155 687 013,A01,2,7,0,2,2,2,1,
2.024E+11,155 687 016,B01,2,7,0,2,3,26,1,
2.024E+11,155 687 010,A01,2,2,17,0,1,1,1,
2.024E+11,155 687 008,A01,3,50,0,0,0,25,3,
2.024E+11,155 687 007,A01,2,7,0,2,7,14,1,
2.024E+11,155 687 012,B01,2,33,0,2,8,1,1,
2.024E+11,155 687 006,A01,1,7,0,2,1,1,1,
2.024E+11,155 687 011,B01,1,7,0,2,4,1,2,
2.024E+11,155 687 002,A01,2,33,0,0,9,1,1,
2.024E+11,155 687 003,A01,1,7,14,0,1,6,1,
2.024E+11,155 687 001,A01,2,31,0,0,8,3,1,
2.024E+11,155 687 000,A01,1,32,0,2,1,17,1,
2.024E+11,155 687 005,B01,2,7,0,2,3,1,1,
2.024E+11,155 687 009,C01,1,7,0,2,3,23,1,
2.024E+11,155 686 997,A01,1,7,0,2,5,15,1,
2.024E+11,155 687 004,B01,1,33,0,2,1,1,1,
2.024E+11,155 686 998,A01,3,7,0,1,0,1,1,
2.024E+11,155 686 995,A01,2,7,0,2,2,15,1,
2.024E+11,155 686 999,B01,2,2,0,2,1,18,1,
2.024E+11,155 686 993,A01,1,7,15,0,7,1,1,
2.024E+11,155 686 992,A01,2,7,0,2,8,11,1,
2.024E+11,155 686 994,B01,2,33,0,2,7,1,1,
2.024E+11,155 686 991,B01,3,7,0,2,8,15,1,
2.024E+11,155 686 996,A01,3,33,0,2,1,13,1,
2.024E+11,155 686 987,A01,1,7,6,0,1,14,1,
2.024E+11,155 686 986,A01,2,33,0,1,1,17,1,
2.024E+11,155 686 985,A01,1,14,0,2,7,16,6,
2.024E+11,155 686 990,B01,1,32,12,0,6,2,1,
2.024E+11,155 686 983,A01,2,7,0,2,1,1,1,
2.024E+11,155 686 989,B01,2,7,0,2,4,1,1,
2.024E+11,155 686 981,A01,2,7,0,1,7,2,1,
2.024E+11,155 686 980,A01,3,7,0,9,8,2,2,
2.024E+11,155 686 978,A01,1,33,4,0,1,1,1,
2.024E+11,155 686 979,A01,2,17,0,0,8,14,1,
2.024E+11,155 686 976,A01,2,1,0,2,8,19,5,
2.024E+11,155 686 982,B01,1,33,0,9,2,1,1,
2.024E+11,155 686 974,Z01,0,7,0,1,1,26,0,
2.024E+11,155 686 973,A01,2,7,3,0,1,1,1,
2.024E+11,155 686 971,A01,1,7,12,0,3,2,1,
2.024E+11,155 686 970,A01,1,10,0,9,3,13,1,
2.024E+11,155 686 975,B01,1,32,0,2,2,13,1,
2.024E+11,155 686 968,B01,2,50,0,2,0,15,3,
2.024E+11,155 686 977,A01,1,7,0,9,0,1,1,
2.024E+11,155 686 966,A01,2,10,0,2,4,11,0,
2.024E+11,155 686 969,B01,2,33,0,2,1,1,1,
2.024E+11,155 686 956,B01,2,33,0,2,7,3,1,
2.024E+11,155 686 962,A01,2,7,0,2,3,11,1,
2.024E+11,155 686 965,C01,2,7,0,2,5,1,1,
2.024E+11,155 686 955,A01,1,32,0,2,1,2,1,
2.024E+11,155 686 961,B01,1,7,0,0,4,1,1,
2.024E+11,155 686 964,C01,2,7,0,2,1,1,1,
2.024E+11,155 686 954,A01,2,7,0,2,3,11,1,
2.024E+11,155 686 960,B01,2,31,0,2,2,3,1,
2.024E+11,155 686 951,A01,2,7,0,2,1,5,0,
2.024E+11,155 686 958,B01,1,7,0,2,1,1,1,
2.024E+11,155 686 947,A01,2,7,0,2,1,13,1,
2.024E+11,155 686 952,B01,1,38,0,2,1,1,1,3
2.024E+11,155 686 953,B01,0,7,0,2,6,15,1,
2.024E+11,155 686 959,A01,0,33,14,2,1,1,1,
2.024E+11,155 686 950,A01,0,7,0,2,3,15,1,
2.024E+11,155 686 963,B01,0,33,0,2,1,1,1,
2.024E+11,155 686 948,A01,0,7,0,2,0,14,0,
2.024E+11,155 686 957,B01,0,7,0,2,0,1,3,
2.024E+11,155 686 945,A01,0,33,0,2,0,2,1,
2.024E+11,155 686 949,B01,0,7,0,2,6,1,1,
2.024E+11,155 686 943,A01,1,2,7,0,1,13,1,
2.024E+11,155 686 942,B01,1,14,0,2,3,1,1,
2.024E+11,155 686 946,A01,2,7,0,2,3,13,1,
2.024E+11,155 686 941,A01,1,7,2,0,2,14,1,
2.024E+11,155 686 938,B01,1,10,0,2,5,14,1,
2.024E+11,155 686 944,A01,1,33,0,2,1,21,1,
2.024E+11,155 686 940,A01,1,7,1,0,3,26,2,
2.024E+11,155 686 937,A01,1,13,0,1,1,1,1,
2.024E+11,155 686 936,A01,3,7,0,0,1,0,1,
2.024E+11,155 686 933,A01,1,7,2,0,1,0,1,
2.024E+11,155 686 931,A01,2,7,0,0,7,1,1,
2.024E+11,155 686 932,A01,2,7,0,2,1,2,1,
2.024E+11,155 686 935,B01,2,7,0,2,4,1,1,
2.024E+11,155 686 939,C01,2,7,0,2,4,2,1,
2.024E+11,155 686 926,A01,1,7,0,2,2,12,1,
2.024E+11,155 686 928,B01,1,32,0,2,8,3,1,
2.024E+11,155 686 924,A01,3,1,0,0,0,1,5,
2.024E+11,155 686 925,A01,1,7,0,2,2,1,1,
2.024E+11,155 686 934,B01,1,7,0,2,6,1,1,
2.024E+11,155 686 921,A01,3,7,16,0,9,1,1,
2.024E+11,155 686 922,A01,1,7,0,2,1,0,1,
2.024E+11,155 686 930,B01,1,7,0,2,4,0,1,
2.024E+11,155 686 918,A01,1,7,13,0,2,1,1,
2.024E+11,155 686 920,A01,2,43,0,0,1,21,1,
2.024E+11,155 686 923,A01,2,33,0,2,2,1,1,
2.024E+11,155 686 927,B01,2,21,0,0,3,2,1,
2.024E+11,155 686 917,A01,1,33,0,0,7,1,1,
2.024E+11,155 686 916,A01,3,80,0,0,0,1,3,
2.024E+11,155 686 914,A01,1,7,0,2,2,15,1,
2.024E+11,155 686 919,B01,0,32,0,2,3,1,1,
2.024E+11,155 686 913,A01,3,7,0,2,1,2,1,
2.024E+11,155 686 909,A01,2,15,13,0,2,20,1,
2.024E+11,155 686 907,A01,1,15,0,2,4,1,1,
2.024E+11,155 686 912,B01,1,15,0,2,1,1,1,
2.024E+11,155 686 906,A01,2,7,1,0,1,1,1,
2.024E+11,155 686 911,B01,2,7,0,2,8,1,1,
2.024E+11,155 686 904,A01,1,7,2,9,5,1,1,
2.024E+11,155 686 903,A01,0,10,0,2,8,22,1,
2.024E+11,155 686 908,B01,0,1,0,2,1,1,5,
2.024E+11,155 686 902,A01,1,7,0,2,1,17,1,
2.024E+11,155 686 910,B01,2,7,0,2,1,1,1,
2.024E+11,155 686 900,B01,2,7,0,2,1,1,3,
2.024E+11,155 686 915,A01,1,7,0,2,4,13,1,
2.024E+11,155 686 898,A01,3,7,0,2,3,15,1,
2.024E+11,155 686 905,B01,0,32,0,2,2,3,1,
2.024E+11,155 686 895,A01,3,7,0,1,1,1,1,
2.024E+11,155 686 899,B01,3,7,0,2,4,1,1,
2.024E+11,155 686 890,A01,1,36,2,0,1,16,1,
2.024E+11,155 686 892,A01,2,7,0,2,2,12,1,
2.024E+11,155 686 896,B01,2,43,0,2,3,1,1,
2.024E+11,155 686 893,A01,2,10,0,2,2,17,1,
2.024E+11,155 686 897,B01,2,1,0,2,6,1,5,
2.024E+11,155 686 887,C01,3,7,0,2,4,2,1,
2.024E+11,155 686 894,A01,3,7,0,2,1,2,1,
2.024E+11,155 686 901,B01,3,7,0,2,4,2,1,
2.024E+11,155 686 884,A01,1,14,0,2,2,12,1,
2.024E+11,155 686 891,B01,2,7,0,2,6,1,1,
2.024E+11,155 686 886,A01,2,7,13,0,7,1,1,
2.024E+11,155 686 883,A01,1,7,0,0,0,26,1,
2.024E+11,155 686 881,B01,2,1,0,2,8,1,5,
2.024E+11,155 686 889,A01,1,7,0,2,3,15,1,
2.024E+11,155 686 882,A01,1,7,0,2,4,26,1,
2.024E+11,155 686 885,B01,1,37,0,2,1,1,3,1
2.024E+11,155 686 880,B01,2,2,0,2,1,0,1,
2.024E+11,155 686 888,A01,1,7,0,2,1,1,1,
2.024E+11,155 686 877,A01,1,21,6,1,0,1,1,
2.024E+11,155 686 875,A01,2,1,0,2,1,2,5,
2.024E+11,155 686 879,B01,2,10,0,0,6,2,1,
2.024E+11,155 686 871,A01,1,7,0,2,1,11,3,
2.024E+11,155 686 878,B01,1,7,0,2,6,2,2,
2.024E+11,155 686 869,B01,0,1,0,2,4,15,5,
2.024E+11,155 686 874,C01,0,7,0,9,3,1,1,
2.024E+11,155 686 870,A01,3,1,0,0,1,1,5,
2.024E+11,155 686 868,A01,2,33,0,2,2,0,1,
2.024E+11,155 686 872,B01,2,7,0,2,8,1,2,
2.024E+11,155 686 864,A01,1,7,13,0,3,1,1,
2.024E+11,155 686 861,B01,1,7,0,2,4,2,2,
2.024E+11,155 686 866,C01,1,7,0,2,4,1,1,
2.024E+11,155 686 876,A01,1,7,0,2,1,2,1,
2.024E+11,155 686 863,A01,0,10,0,2,1,1,1,
2.024E+11,155 686 867,B01,0,7,0,2,1,2,1,
2.024E+11,155 686 859,A01,2,7,0,2,3,0,1,
2.024E+11,155 686 865,B01,1,15,0,2,3,1,1,
2.024E+11,155 686 857,B01,2,7,0,2,1,1,1,
2.024E+11,155 686 862,A01,2,7,0,2,1,5,1,
2.024E+11,155 686 854,B01,1,7,0,2,4,0,1,
2.024E+11,155 686 858,A01,1,7,0,2,1,1,1,
2.024E+11,155 686 848,A01,1,7,15,0,1,1,1,
2.024E+11,155 686 850,B01,2,7,0,2,1,0,1,
2.024E+11,155 686 855,A01,1,7,15,2,2,5,3,
2.024E+11,155 686 852,B01,2,50,0,2,7,1,3,
2.024E+11,155 686 856,A01,1,7,0,2,3,9,1,
2.024E+11,155 686 849,A01,1,7,0,2,1,1,1,
2.024E+11,155 686 860,B01,2,7,0,2,8,0,2,
2.024E+11,155 686 846,A01,1,33,0,2,1,1,1,
2.024E+11,155 686 853,B01,2,7,0,2,1,15,1,
2.024E+11,155 686 844,A01,3,7,0,1,3,26,1,
2.024E+11,155 686 842,A01,3,10,0,2,2,1,1,
2.024E+11,155 686 847,B01,3,2,0,2,1,13,3,
2.024E+11,155 686 840,A01,1,7,0,2,9,1,1,
2.024E+11,155 686 843,B01,2,10,0,0,8,1,1,
2.024E+11,155 686 851,C01,2,10,0,0,2,21,1,
2.024E+11,155 686 838,A01,1,7,8,0,1,1,0,
2.024E+11,155 686 837,B01,1,7,0,2,4,2,1,
2.024E+11,155 686 841,A01,1,10,0,2,1,2,1,
2.024E+11,155 686 839,B01,2,10,0,2,3,21,1,
2.024E+11,155 686 845,A01,2,7,0,0,5,15,1,
2.024E+11,155 686 834,A01,3,7,0,1,2,1,1,
2.024E+11,155 686 831,A01,2,7,0,1,3,1,2,
2.024E+11,155 686 829,B01,1,2,0,2,1,1,1,
2.024E+11,155 686 835,A01,1,10,0,2,7,15,1,
2.024E+11,155 686 832,RB01,2,33,0,2,1,1,1,
2.024E+11,155 686 836,A01,1,7,0,2,7,15,1,
2.024E+11,155 686 828,A01,3,2,8,0,2,0,1,
2.024E+11,155 686 826,A01,2,7,0,2,1,5,1,
2.024E+11,155 686 833,B01,1,7,0,2,1,1,1,
2.024E+11,155 686 825,A01,3,2,0,2,7,1,1,
2.024E+11,155 686 830,B01,3,7,0,2,3,1,1,
2.024E+11,155 686 824,A01,1,7,4,0,1,11,1,
2.024E+11,155 686 822,A01,2,7,0,2,1,1,1,
2.024E+11,155 686 827,B01,1,7,0,2,1,1,1,
2.024E+11,155 686 817,A01,1,3,11,0,2,1,1,
2.024E+11,155 686 815,A01,1,3,15,0,3,13,1,
2.024E+11,155 686 818,A01,2,33,3,2,1,18,1,
2.024E+11,155 686 821,B01,2,7,0,2,4,1,1,
2.024E+11,155 686 811,A01,1,7,13,0,3,0,1,
2.024E+11,155 686 814,B01,2,7,0,2,1,15,1,
2.024E+11,155 686 820,A01,1,31,0,2,1,8,1,
2.024E+11,155 686 807,A01,1,10,0,2,8,15,1,
2.024E+11,155 686 812,B01,1,1,0,2,0,0,5,
2.024E+11,155 686 808,A01,1,7,0,2,3,9,1,
2.024E+11,155 686 816,B01,1,33,0,2,1,1,1,
2.024E+11,155 686 804,A01,1,7,0,2,0,2,1,
2.024E+11,155 686 809,B01,1,10,0,2,7,2,1,
2.024E+11,155 686 813,C01,1,17,0,2,0,2,1,
2.024E+11,155 686 803,A01,2,1,0,0,0,1,5,
2.024E+11,155 686 801,B01,3,1,0,2,7,1,5,
2.024E+11,155 686 806,A01,2,7,0,2,7,9,1,
2.024E+11,155 686 800,A01,2,7,8,2,5,1,1,
2.024E+11,155 686 810,B01,2,10,0,2,3,9,1,
2.024E+11,155 686 798,A01,2,7,0,2,1,15,1,
2.024E+11,155 686 802,B01,1,1,0,2,1,1,5,
2.024E+11,155 686 796,A01,1,33,0,2,1,1,1,
2.024E+11,155 686 799,B01,1,17,0,2,5,4,1,
2.024E+11,155 686 797,B01,1,7,0,2,0,13,0,
2.024E+11,155 686 805,A01,2,33,0,2,0,1,1,
2.024E+11,155 686 793,A01,2,7,3,0,2,14,1,
2.024E+11,155 686 790,A01,2,7,4,2,8,1,1,
2.024E+11,155 686 795,B01,2,17,0,2,1,12,1,
2.024E+11,155 686 789,A01,2,7,0,2,2,1,1,
2.024E+11,155 686 792,B01,2,50,0,2,4,1,3,
2.024E+11,155 686 786,B01,1,7,0,2,7,2,1,
2.024E+11,155 686 794,A01,1,7,0,2,7,11,1,
2.024E+11,155 686 787,A01,1,7,0,2,1,2,1,
2.024E+11,155 686 791,B01,1,7,0,2,4,23,1,
2.024E+11,155 686 784,A01,2,15,0,1,1,1,1,
2.024E+11,155 686 785,A01,1,7,10,0,1,14,1,
2.024E+11,155 686 781,B01,1,40,0,2,3,1,3,
2.024E+11,155 686 788,A01,1,50,0,4,1,16,3,
2.024E+11,155 686 777,A01,1,7,4,0,1,14,1,
2.024E+11,155 686 774,C01,2,10,0,2,5,2,1,
2.024E+11,155 686 776,A01,2,7,0,2,1,11,1,
2.024E+11,155 686 783,B01,2,33,0,2,1,3,1,
2.024E+11,155 686 770,A01,2,7,2,0,1,1,1,
2.024E+11,155 686 769,A01,1,33,0,2,7,21,1,
2.024E+11,155 686 772,A01,2,7,2,0,7,1,1,
2.024E+11,155 686 773,B01,2,1,0,2,1,1,5,
2.024E+11,155 686 780,A01,1,10,0,2,3,15,1,
2.024E+11,155 686 767,A01,2,7,0,2,2,16,1,
2.024E+11,155 686 775,B01,2,30,0,2,8,18,1,
2.024E+11,155 686 768,B01,3,7,0,2,2,0,1,
2.024E+11,155 686 778,C01,3,7,0,2,1,0,1,
2.024E+11,155 686 782,A01,3,7,0,2,3,11,1,
2.024E+11,155 686 766,A01,1,17,0,0,4,9,1,
2.024E+11,155 686 771,B01,1,10,0,2,1,2,1,
2.024E+11,155 686 761,A01,2,7,0,1,2,1,1,
2.024E+11,155 686 763,B01,1,7,0,2,1,1,1,
2.024E+11,155 686 765,C01,1,7,3,2,6,1,1,
2.024E+11,155 686 779,A01,2,7,0,2,3,13,1,
2.024E+11,155 686 759,A01,2,10,3,0,2,14,1,
2.024E+11,155 686 758,B01,2,17,0,2,1,1,0,
2.024E+11,155 686 762,A01,3,7,0,2,3,19,1,
2.024E+11,155 686 752,A01,2,7,0,1,2,26,1,
2.024E+11,155 686 754,A01,1,7,10,0,1,2,1,
2.024E+11,155 686 751,C01,2,7,0,2,4,1,1,
2.024E+11,155 686 756,A01,2,7,0,2,1,1,2,
2.024E+11,155 686 760,B01,2,7,0,2,4,1,1,
2.024E+11,155 686 750,B01,2,7,0,2,4,1,0,
2.024E+11,155 686 757,C01,2,7,0,2,4,1,0,
2.024E+11,155 686 764,A01,2,7,0,2,1,1,0,
2.024E+11,155 686 749,A01,1,33,0,0,9,1,1,
2.024E+11,155 686 745,A01,1,33,0,2,1,1,1,
2.024E+11,155 686 753,B01,1,7,0,2,8,15,1,
2.024E+11,155 686 744,B01,1,50,0,2,1,1,3,
2.024E+11,155 686 755,A01,3,7,0,2,3,9,1,
2.024E+11,155 686 741,A01,2,33,11,0,1,1,1,
2.024E+11,155 686 740,A01,2,7,0,2,3,9,1,
2.024E+11,155 686 748,B01,1,7,0,2,1,1,1,
2.024E+11,155 686 743,A01,0,7,0,2,3,18,1,
2.024E+11,155 686 747,B01,2,7,0,2,5,12,1,
2.024E+11,155 686 739,A01,1,7,3,0,3,1,1,
2.024E+11,155 686 742,B01,1,1,0,0,0,1,5,
2.024E+11,155 686 746,A01,1,7,0,0,0,12,1,
2.024E+11,155 686 737,A01,1,7,2,0,7,1,1,
2.024E+11,155 686 734,B01,1,50,0,2,1,1,3,
2.024E+11,155 686 738,A01,1,7,0,2,3,15,1,
2.024E+11,155 686 731,A01,0,7,0,2,3,23,1,
2.024E+11,155 686 736,B01,0,7,1,0,1,1,0,
2.024E+11,155 686 729,A01,1,37,0,1,7,16,3,1
2.024E+11,155 686 727,A01,0,7,0,2,2,1,1,
2.024E+11,155 686 732,B01,0,1,0,2,1,14,5,
2.024E+11,155 686 728,A01,2,10,0,2,2,15,1,
2.024E+11,155 686 735,B01,1,7,0,2,2,1,1,
2.024E+11,155 686 725,B01,2,1,0,2,1,1,5,
2.024E+11,155 686 733,A01,2,7,0,2,3,15,1,
2.024E+11,155 686 720,A01,2,1,0,1,1,1,5,
2.024E+11,155 686 723,A01,0,7,0,9,1,19,1,
2.024E+11,155 686 730,B01,1,1,0,2,5,1,5,
2.024E+11,155 686 718,B01,1,7,0,2,1,1,1,
2.024E+11,155 686 722,A01,1,7,0,2,1,13,1,
2.024E+11,155 686 719,A01,1,7,0,0,4,1,1,
2.024E+11,155 686 724,B01,1,10,0,2,1,1,1,
2.024E+11,155 686 712,B01,1,80,1,0,1,1,3,
2.024E+11,155 686 715,A01,1,7,0,2,3,22,1,
2.024E+11,155 686 713,A01,2,7,0,2,1,2,1,
2.024E+11,155 686 716,B01,2,7,0,2,4,2,1,
2.024E+11,155 686 721,C01,2,7,3,0,3,21,1,
2.024E+11,155 686 726,D01,2,7,0,2,7,21,1,
2.024E+11,155 686 709,A01,2,32,0,2,3,18,1,
2.024E+11,155 686 711,B01,2,10,0,2,2,16,1,
2.024E+11,155 686 717,C01,2,7,0,0,3,26,1,
2.024E+11,155 686 706,A01,1,7,2,0,9,1,1,
2.024E+11,155 686 704,A01,1,7,0,1,3,16,1,
2.024E+11,155 686 703,A01,2,7,15,0,1,2,1,
2.024E+11,155 686 701,Z01,1,7,0,2,4,1,0,
2.024E+11,155 686 705,B01,1,30,0,2,1,2,1,
2.024E+11,155 686 702,C01,1,33,0,2,2,3,1,
2.024E+11,155 686 710,A01,1,7,0,2,8,2,1,
2.024E+11,155 686 714,B01,2,7,0,2,1,2,1,
2.024E+11,155 686 697,A01,1,7,0,1,3,15,1,
2.024E+11,155 686 699,A01,1,33,0,2,8,17,1,
2.024E+11,155 686 707,B01,1,7,0,2,7,17,1,
2.024E+11,155 686 695,A01,1,2,14,0,1,1,1,
2.024E+11,155 686 698,A01,2,7,0,2,8,10,1,
2.024E+11,155 686 708,B01,2,7,0,2,1,1,1,
2.024E+11,155 686 693,A01,1,10,0,1,1,1,1,
2.024E+11,155 686 694,A01,1,7,4,0,1,14,2,
2.024E+11,155 686 692,A01,1,1,5,0,2,1,5,
2.024E+11,155 686 691,A01,1,50,16,0,0,1,3,
2.024E+11,155 686 682,A01,3,7,0,2,2,15,1,
2.024E+11,155 686 688,B01,1,30,0,2,8,1,1,
2.024E+11,155 686 684,A01,1,36,13,0,7,1,1,
2.024E+11,155 686 678,A01,1,2,0,2,1,17,3,
2.024E+11,155 686 683,B01,1,7,0,2,3,15,1,
2.024E+11,155 686 681,C01,3,7,0,2,4,2,1,
2.024E+11,155 686 687,A01,3,7,0,2,1,2,1,
2.024E+11,155 686 689,B01,3,7,0,2,4,2,1,
2.024E+11,155 686 676,A01,1,2,16,0,0,1,1,
2.024E+11,155 686 675,A01,2,7,0,2,1,13,1,
2.024E+11,155 686 680,B01,1,7,0,2,1,1,1,
2.024E+11,155 686 674,A01,2,7,13,0,9,1,1,
2.024E+11,155 686 672,A01,1,10,1,0,8,0,0,
2.024E+11,155 686 679,B01,0,7,1,0,0,0,1,
2.024E+11,155 686 686,C01,0,7,1,0,0,0,1,
2.024E+11,155 686 673,A01,2,7,0,2,7,1,1,
2.024E+11,155 686 685,B01,1,7,0,2,1,1,1,
2.024E+11,155 686 669,A01,3,10,13,0,2,16,1,
2.024E+11,155 686 666,B01,1,7,0,2,4,2,1,
2.024E+11,155 686 671,C01,1,7,0,2,4,2,1,
2.024E+11,155 686 677,A01,1,10,0,2,1,2,1,
2.024E+11,155 686 668,A01,2,33,0,2,8,18,1,
2.024E+11,155 686 670,B01,2,1,0,2,7,14,5,
2.024E+11,155 686 663,A01,2,7,2,0,1,13,1,
2.024E+11,155 686 662,A01,2,7,2,0,9,26,1,
2.024E+11,155 686 659,A01,1,7,2,0,1,0,1,
2.024E+11,155 686 658,A01,2,7,0,2,0,0,0,
2.024E+11,155 686 665,B01,2,7,0,0,0,0,1,
2.024E+11,155 686 657,A01,3,7,0,2,1,13,1,
2.024E+11,155 686 664,B01,3,7,0,2,1,1,1,
2.024E+11,155 686 656,B01,3,50,0,2,4,2,3,
2.024E+11,155 686 661,A01,3,7,0,2,3,2,1,
2.024E+11,155 686 660,B01,1,7,0,0,0,0,0,
2.024E+11,155 686 667,A01,1,2,0,2,7,12,1,
2.024E+11,155 686 655,A01,3,31,0,0,7,21,1,
2.024E+11,155 686 652,A01,2,7,2,0,7,21,1,
2.024E+11,155 686 650,B01,2,7,0,2,4,2,1,
2.024E+11,155 686 654,A01,2,33,0,2,1,2,1,
2.024E+11,155 686 651,A01,1,7,2,0,7,11,1,
2.024E+11,155 686 647,B01,1,7,0,2,5,26,1,
2.024E+11,155 686 653,A01,1,1,0,2,8,1,5,
2.024E+11,155 686 646,A01,3,99,0,1,0,2,0,
2.024E+11,155 686 644,A01,1,33,0,2,2,2,1,
2.024E+11,155 686 649,B01,1,33,0,2,6,2,1,
2.024E+11,155 686 641,B01,3,7,0,2,3,1,2,
2.024E+11,155 686 648,A01,3,1,0,2,1,1,5,
2.024E+11,155 686 639,A01,1,7,0,2,1,16,1,
2.024E+11,155 686 643,B01,1,32,0,2,2,1,1,
2.024E+11,155 686 640,A01,2,7,0,2,0,1,1,
2.024E+11,155 686 645,B01,2,7,0,2,0,16,1,
2.024E+11,155 686 636,A01,1,10,0,1,3,1,3,
2.024E+11,155 686 634,A01,1,7,2,0,2,1,1,
2.024E+11,155 686 633,B01,2,7,0,2,1,1,1,
2.024E+11,155 686 638,A01,1,10,0,2,7,26,1,
2.024E+11,155 686 637,A01,2,7,0,2,3,1,1,
2.024E+11,155 686 642,B01,1,7,0,2,2,15,1,
2.024E+11,155 686 631,A01,2,10,6,0,1,1,1,
2.024E+11,155 686 630,A01,1,33,6,0,1,0,1,
2.024E+11,155 686 628,A01,3,10,0,2,8,1,0,
2.024E+11,155 686 635,B01,3,7,0,2,1,1,1,
2.024E+11,155 686 624,A01,2,7,6,0,1,15,1,
2.024E+11,155 686 627,A01,1,7,17,0,2,14,1,
2.024E+11,155 686 625,A01,1,7,0,1,0,16,2,
2.024E+11,155 686 629,A01,1,7,0,2,1,19,1,
2.024E+11,155 686 632,B01,1,7,0,2,1,1,1,
2.024E+11,155 686 623,A01,2,80,0,0,0,2,3,
2.024E+11,155 686 622,A01,2,7,0,2,3,5,1,
2.024E+11,155 686 626,B01,1,1,0,2,1,1,5,
2.024E+11,155 686 620,A01,0,36,0,0,0,1,1,
2.024E+11,155 686 618,A01,1,7,6,0,1,13,1,
2.024E+11,155 686 614,A01,1,7,2,0,1,0,1,
2.024E+11,155 686 617,A01,2,2,0,2,3,16,1,
2.024E+11,155 686 621,B01,2,14,0,2,2,1,1,
2.024E+11,155 686 612,B01,1,32,0,2,8,1,1,
2.024E+11,155 686 616,A01,2,7,0,2,1,15,1,
2.024E+11,155 686 611,A01,2,7,0,2,2,15,3,
2.024E+11,155 686 619,B01,1,1,0,2,1,25,5,
2.024E+11,155 686 608,A01,1,33,0,5,1,0,1,
2.024E+11,155 686 607,B01,1,50,0,2,1,1,3,
2.024E+11,155 686 615,A01,3,7,0,2,3,1,1,
2.024E+11,155 686 606,A01,2,7,0,2,3,1,1,
2.024E+11,155 686 613,B01,1,1,0,2,1,19,5,
2.024E+11,155 686 603,A01,2,7,2,0,3,13,1,
2.024E+11,155 686 605,A01,2,7,0,2,2,1,1,
2.024E+11,155 686 610,B01,2,43,0,2,1,11,1,
2.024E+11,155 686 604,B01,2,7,0,2,1,0,1,
2.024E+11,155 686 609,A01,3,1,0,2,3,0,5,
2.024E+11,155 686 600,A01,1,7,0,1,1,1,1,
2.024E+11,155 686 598,A01,1,7,4,0,1,13,1,
2.024E+11,155 686 596,A01,1,7,0,2,2,1,1,
2.024E+11,155 686 601,B01,1,1,0,2,4,1,5,
2.024E+11,155 686 594,A01,0,7,0,2,3,15,1,
2.024E+11,155 686 602,B01,2,33,13,2,1,1,1,
2.024E+11,155 686 592,A01,1,7,0,2,1,13,1,
2.024E+11,155 686 595,B01,2,7,0,2,1,1,1,
2.024E+11,155 686 589,A01,1,7,0,0,9,1,1,
2.024E+11,155 686 591,B01,1,1,0,2,1,2,5,
2.024E+11,155 686 597,A01,1,7,0,9,4,23,1,
2.024E+11,155 686 588,B01,1,7,0,2,2,15,1,
2.024E+11,155 686 599,A01,2,7,3,2,6,1,1,
2.024E+11,155 686 587,A01,1,7,0,2,5,12,1,
2.024E+11,155 686 593,B01,1,31,0,0,8,1,1,
2.024E+11,155 686 583,A01,2,7,12,0,3,1,1,
2.024E+11,155 686 586,A01,2,7,0,2,2,15,2,
2.024E+11,155 686 590,B01,1,30,0,2,1,1,1,
2.024E+11,155 686 581,B01,3,50,0,2,4,1,3,
2.024E+11,155 686 584,A01,2,7,0,2,1,1,0,
2.024E+11,155 686 578,A01,0,7,0,2,1,16,1,
2.024E+11,155 686 585,B01,2,33,0,2,1,1,1,
2.024E+11,155 686 577,A01,1,7,13,0,3,14,1,
2.024E+11,155 686 574,A01,2,7,6,0,1,0,1,
2.024E+11,155 686 573,C01,3,7,0,2,4,1,1,
2.024E+11,155 686 575,D01,3,7,0,2,1,2,1,
2.024E+11,155 686 580,B01,3,7,0,2,4,2,1,
2.024E+11,155 686 572,A01,1,50,0,2,1,0,3,
2.024E+11,155 686 579,B01,1,1,0,2,1,0,5,
2.024E+11,155 686 569,A01,2,7,0,2,1,1,1,