Num_Acc,id_vehicule,num_veh,senc,catv,obs,obsm,choc,manv,motor,occutc
2.024E+11,155 686 576,B01,3,7,0,2,7,15,1,
2.024E+11,155 686 582,C01,1,7,0,2,2,23,1,
2.024E+11,155 686 567,A01,2,7,0,2,8,13,1,
2.024E+11,155 686 571,B01,1,33,0,2,7,17,1,
2.024E+11,155 686 568,A01,1,31,7,0,0,1,1,
2.024E+11,155 686 565,A01,2,10,0,2,3,10,1,
2.024E+11,155 686 570,B01,1,33,0,2,1,2,1,
2.024E+11,155 686 564,A01,3,7,0,1,3,1,1,
2.024E+11,155 686 563,A01,1,2,0,2,1,2,3,
2.024E+11,155 686 566,B01,1,10,0,2,4,1,1,
2.024E+11,155 686 561,A01,1,7,6,0,1,1,1,
2.024E+11,155 686 556,B01,2,7,0,2,1,1,1,
2.024E+11,155 686 559,A01,2,31,0,2,4,15,3,
2.024E+11,155 686 552,A01,1,7,0,0,8,10,1,
2.024E+11,155 686 558,B01,1,32,0,2,1,2,1,
2.024E+11,155 686 553,A01,2,7,0,2,3,13,1,
2.024E+11,155 686 560,B01,1,7,0,2,3,1,2,
2.024E+11,155 686 546,A01,0,36,0,2,1,1,1,
2.024E+11,155 686 555,B01,3,10,0,2,7,1,1,
2.024E+11,155 686 554,A01,0,15,0,9,4,1,0,
2.024E+11,155 686 557,B01,0,7,0,9,1,1,1,
2.024E+11,155 686 547,B01,3,1,0,2,1,1,5,
2.024E+11,155 686 551,A01,0,7,0,2,2,1,1,
2.024E+11,155 686 548,A01,1,7,0,1,2,1,1,
2.024E+11,155 686 544,A01,1,33,2,0,1,0,1,
2.024E+11,155 686 545,A01,2,1,1,0,1,26,5,
2.024E+11,155 686 549,B01,2,13,0,2,5,24,1,
2.024E+11,155 686 535,A01,1,7,2,0,1,14,1,
2.024E+11,155 686 533,A01,2,7,0,2,2,2,1,
2.024E+11,155 686 539,B01,2,80,0,0,4,2,3,
2.024E+11,155 686 532,A01,1,10,7,2,1,19,1,
2.024E+11,155 686 542,B01,2,7,8,2,3,1,1,
2.024E+11,155 686 531,A01,1,7,0,2,1,19,1,
2.024E+11,155 686 540,B01,1,7,0,2,7,1,1,
2.024E+11,155 686 527,A01,2,33,0,2,7,1,1,
2.024E+11,155 686 534,B01,2,7,0,2,3,17,1,
2.024E+11,155 686 529,A01,1,7,0,2,2,1,1,
2.024E+11,155 686 536,B01,1,7,4,0,6,1,1,
2.024E+11,155 686 528,A01,2,7,0,2,1,9,1,
2.024E+11,155 686 537,D01,2,7,0,2,1,2,1,
2.024E+11,155 686 541,B01,1,7,0,2,7,2,1,
2.024E+11,155 686 543,C01,2,7,0,2,1,2,1,
2.024E+11,155 686 526,B01,3,31,0,2,8,18,1,
2.024E+11,155 686 530,A01,3,7,0,2,2,12,1,
2.024E+11,155 686 523,A01,1,7,4,0,1,1,1,
2.024E+11,155 686 524,A01,0,33,0,0,7,1,1,
2.024E+11,155 686 520,A01,2,7,0,1,3,0,1,
2.024E+11,155 686 522,A01,2,33,16,0,7,26,1,
2.024E+11,155 686 518,A01,1,7,0,2,1,13,1,
2.024E+11,155 686 525,B01,1,7,0,2,1,1,2,
2.024E+11,155 686 538,C01,1,7,0,2,8,1,2,
2.024E+11,155 686 516,A01,2,7,0,1,4,26,1,
2.024E+11,155 686 517,A01,3,2,0,2,2,1,1,
2.024E+11,155 686 521,B01,0,7,0,2,8,1,1,
2.024E+11,155 686 515,B01,0,7,0,2,1,1,1,
2.024E+11,155 686 519,Z01,3,7,0,2,1,13,1,
2.024E+11,155 686 513,A01,3,2,11,0,0,0,1,
2.024E+11,155 686 510,A01,1,7,4,0,2,1,1,
2.024E+11,155 686 511,A01,2,7,1,0,3,24,1,
2.024E+11,155 686 514,B01,2,1,1,2,1,1,5,
2.024E+11,155 686 507,A01,1,1,0,2,1,2,5,
2.024E+11,155 686 509,B01,1,7,0,0,4,23,1,
2.024E+11,155 686 503,A01,0,7,8,0,3,13,1,
2.024E+11,155 686 504,B01,1,7,0,2,3,1,1,
2.024E+11,155 686 512,A01,1,7,0,2,2,1,1,
2.024E+11,155 686 502,B01,1,1,0,2,1,1,5,
2.024E+11,155 686 506,A01,1,7,0,2,3,1,1,
2.024E+11,155 686 496,B01,3,7,0,2,1,1,2,
2.024E+11,155 686 505,A01,3,7,0,2,3,1,1,
2.024E+11,155 686 499,A01,1,7,0,0,4,1,1,
2.024E+11,155 686 508,B01,2,7,0,0,1,13,1,
2.024E+11,155 686 498,A01,2,7,1,0,2,9,2,
2.024E+11,155 686 494,A01,1,7,0,2,3,10,2,
2.024E+11,155 686 500,B01,2,33,0,2,1,1,1,
2.024E+11,155 686 495,A01,2,7,13,0,1,1,1,
2.024E+11,155 686 490,B01,1,60,0,2,0,1,5,
2.024E+11,155 686 491,A01,1,50,0,0,0,0,3,
2.024E+11,155 686 489,A01,2,7,0,2,4,0,1,
2.024E+11,155 686 493,B01,2,50,0,2,1,0,3,
2.024E+11,155 686 487,A01,1,7,13,0,9,1,1,
2.024E+11,155 686 488,B01,1,7,0,2,3,2,1,
2.024E+11,155 686 492,A01,1,30,1,2,7,2,1,
2.024E+11,155 686 485,A01,1,33,0,0,0,0,1,
2.024E+11,155 686 484,A01,1,2,10,0,1,1,1,
2.024E+11,155 686 483,A01,2,10,1,0,8,22,1,
2.024E+11,155 686 486,B01,2,37,1,2,7,0,3,1
2.024E+11,155 686 477,A01,3,7,0,2,7,1,1,
2.024E+11,155 686 481,B01,3,7,0,2,1,1,1,
2.024E+11,155 686 479,A01,1,30,0,0,0,1,1,
2.024E+11,155 686 472,A01,0,7,0,2,1,2,1,
2.024E+11,155 686 476,B01,0,7,0,0,4,1,1,
2.024E+11,155 686 474,B01,1,10,0,2,3,13,1,
2.024E+11,155 686 478,A01,2,7,0,2,3,0,1,
2.024E+11,155 686 480,A01,2,7,0,2,4,2,1,
2.024E+11,155 686 482,B01,2,30,0,2,1,2,1,
2.024E+11,155 686 471,A01,1,33,0,2,1,17,1,
2.024E+11,155 686 475,B01,1,7,0,0,6,15,1,
2.024E+11,155 686 469,A01,2,7,1,2,3,19,1,
2.024E+11,155 686 473,B01,1,7,0,2,1,1,1,
2.024E+11,155 686 468,B01,1,33,0,2,3,1,1,
2.024E+11,155 686 470,A01,2,7,0,2,3,13,1,
2.024E+11,155 686 467,A01,0,7,1,1,2,1,1,
2.024E+11,155 686 466,A01,0,7,0,1,0,1,1,
2.024E+11,155 686 464,A01,1,7,0,1,1,1,1,
2.024E+11,155 686 465,A01,2,50,0,1,4,1,3,
2.024E+11,155 686 463,A01,1,7,13,0,3,1,1,
2.024E+11,155 686 462,A01,0,7,0,1,2,1,1,
2.024E+11,155 686 461,A01,2,7,6,0,1,1,1,
2.024E+11,155 686 460,A01,1,21,0,0,1,1,1,
2.024E+11,155 686 456,A01,1,99,0,0,8,16,1,
2.024E+11,155 686 453,B01,3,50,0,2,8,19,3,
2.024E+11,155 686 458,A01,2,7,0,2,1,9,2,
2.024E+11,155 686 454,A01,2,10,0,2,2,16,1,
2.024E+11,155 686 459,B01,2,80,0,2,1,1,3,
2.024E+11,155 686 449,A01,3,10,16,0,0,1,1,
2.024E+11,155 686 451,B01,1,7,3,2,3,1,1,
2.024E+11,155 686 457,A01,2,7,0,2,3,13,1,
2.024E+11,155 686 447,B01,2,43,0,2,1,1,1,
2.024E+11,155 686 455,A01,3,7,0,2,7,19,1,
2.024E+11,155 686 443,A01,1,13,0,2,2,2,3,
2.024E+11,155 686 446,B01,1,33,0,2,6,2,1,
2.024E+11,155 686 450,C01,1,7,0,2,5,2,2,
2.024E+11,155 686 442,B01,2,7,0,2,3,12,1,
2.024E+11,155 686 452,A01,1,7,0,2,3,5,1,
2.024E+11,155 686 440,A01,2,43,0,1,1,1,1,
2.024E+11,155 686 439,A01,1,7,13,0,3,1,1,
2.024E+11,155 686 445,A01,2,10,0,2,3,15,1,
2.024E+11,155 686 448,B01,1,33,0,2,1,21,1,
2.024E+11,155 686 438,B01,2,7,0,2,1,15,1,
2.024E+11,155 686 444,A01,1,33,0,2,2,26,1,
2.024E+11,155 686 437,A01,0,50,8,0,1,0,3,
2.024E+11,155 686 436,A01,1,7,0,9,3,2,3,
2.024E+11,155 686 441,B01,2,50,0,2,1,17,3,
2.024E+11,155 686 433,A01,3,1,0,0,0,0,5,
2.024E+11,155 686 431,A01,3,7,0,1,1,15,1,
2.024E+11,155 686 432,A01,1,7,14,0,1,2,1,
2.024E+11,155 686 429,A01,2,7,0,2,1,1,1,
2.024E+11,155 686 434,B01,2,7,0,0,4,23,1,
2.024E+11,155 686 428,A01,1,10,0,2,1,1,1,
2.024E+11,155 686 430,B01,1,7,0,2,4,2,1,
2.024E+11,155 686 435,C01,1,7,0,2,4,2,1,
2.024E+11,155 686 425,A01,1,31,0,1,1,1,1,
2.024E+11,155 686 426,A01,2,7,0,1,3,26,2,
2.024E+11,155 686 422,A01,1,99,0,2,1,0,6,
2.024E+11,155 686 427,B01,1,7,5,1,3,26,1,
2.024E+11,155 686 421,A01,1,30,9,0,1,1,1,
2.024E+11,155 686 420,A01,1,7,0,2,1,1,1,
2.024E+11,155 686 423,B01,3,1,0,2,7,1,5,
2.024E+11,155 686 418,A01,0,32,0,0,0,0,1,
2.024E+11,155 686 416,B01,1,7,0,2,5,2,2,
2.024E+11,155 686 424,A01,2,7,0,2,1,2,1,
2.024E+11,155 686 415,A01,2,31,0,1,4,4,1,
2.024E+11,155 686 413,A01,3,7,0,2,2,1,1,
2.024E+11,155 686 419,B01,0,7,0,0,0,0,1,
2.024E+11,155 686 414,B01,0,7,0,2,1,1,1,
2.024E+11,155 686 417,A01,0,7,0,2,4,26,1,
2.024E+11,155 686 412,A01,2,7,9,0,2,14,1,
2.024E+11,155 686 411,A01,3,33,0,0,0,1,1,
2.024E+11,155 686 410,A01,2,7,0,1,2,2,1,
2.024E+11,155 686 407,A01,3,7,0,1,1,1,0,
2.024E+11,155 686 409,A01,1,33,3,0,0,1,1,
2.024E+11,155 686 404,A01,1,30,0,0,3,15,3,
2.024E+11,155 686 399,A01,1,30,0,2,3,1,1,
2.024E+11,155 686 406,Z01,1,7,0,2,1,1,1,
2.024E+11,155 686 402,A01,0,7,0,0,0,13,1,
2.024E+11,155 686 401,A01,2,7,0,2,4,0,1,
2.024E+11,155 686 403,B01,2,7,0,2,4,0,1,
2.024E+11,155 686 408,C01,2,7,0,2,1,0,2,
2.024E+11,155 686 400,A01,2,7,0,2,1,1,1,
2.024E+11,155 686 405,B01,2,7,0,2,6,1,1,
2.024E+11,155 686 396,A01,3,7,0,1,5,1,1,
2.024E+11,155 686 398,A01,2,10,2,0,8,1,1,
2.024E+11,155 686 395,A01,2,7,0,1,0,1,1,
2.024E+11,155 686 394,A01,0,32,1,0,1,14,1,
2.024E+11,155 686 389,A01,2,7,0,1,1,1,1,
2.024E+11,155 686 387,A01,1,7,0,2,1,5,1,
2.024E+11,155 686 390,B01,2,7,0,2,1,1,1,
2.024E+11,155 686 386,A01,0,7,0,2,1,19,1,
2.024E+11,155 686 392,B01,0,2,0,2,1,1,1,
2.024E+11,155 686 385,A01,1,7,0,2,2,1,1,
2.024E+11,155 686 391,B01,1,7,0,0,6,1,1,
2.024E+11,155 686 397,C01,1,7,0,2,1,1,1,
2.024E+11,155 686 383,B01,2,7,0,2,4,11,3,
2.024E+11,155 686 388,C01,2,7,0,2,3,1,1,
2.024E+11,155 686 393,A01,2,33,0,2,4,3,1,
2.024E+11,155 686 380,A01,0,2,0,2,1,1,1,
2.024E+11,155 686 382,B01,0,7,0,2,6,1,1,
2.024E+11,155 686 378,A01,2,10,0,1,1,15,1,
2.024E+11,155 686 375,B01,3,30,0,2,7,1,1,
2.024E+11,155 686 381,A01,3,7,0,2,2,9,1,
2.024E+11,155 686 377,A01,1,7,0,1,1,15,2,
2.024E+11,155 686 373,A01,1,33,13,2,8,17,1,
2.024E+11,155 686 376,B01,2,7,0,2,3,1,1,
2.024E+11,155 686 374,A01,1,13,0,0,1,1,1,
2.024E+11,155 686 371,A01,1,34,13,0,7,26,1,
2.024E+11,155 686 369,B01,2,7,4,2,4,2,1,
2.024E+11,155 686 379,C01,2,7,0,2,3,2,1,
2.024E+11,155 686 384,A01,2,10,0,2,1,2,1,
2.024E+11,155 686 367,A01,3,10,0,2,2,15,0,
2.024E+11,155 686 370,B01,3,7,0,2,8,1,0,
2.024E+11,155 686 365,A01,3,43,0,2,2,17,1,
2.024E+11,155 686 368,B01,3,7,0,2,8,15,1,
2.024E+11,155 686 363,B01,3,7,0,2,7,16,1,
2.024E+11,155 686 366,A01,3,1,0,2,1,5,5,
2.024E+11,155 686 362,A01,2,7,13,0,2,2,1,
2.024E+11,155 686 361,A01,1,7,0,2,3,1,1,
2.024E+11,155 686 372,B01,2,7,0,2,2,1,1,
2.024E+11,155 686 360,A01,0,30,16,0,0,0,1,
2.024E+11,155 686 355,A01,3,7,0,2,1,1,1,
2.024E+11,155 686 364,B01,3,7,0,2,3,15,2,
2.024E+11,155 686 353,B01,1,7,0,2,4,2,1,
2.024E+11,155 686 357,A01,1,7,0,2,1,2,1,
2.024E+11,155 686 354,A01,2,7,8,0,0,1,1,
2.024E+11,155 686 351,A01,1,7,0,1,4,20,1,
2.024E+11,155 686 349,A01,1,7,0,2,4,23,1,
2.024E+11,155 686 356,B01,1,7,0,2,1,0,1,
2.024E+11,155 686 347,B01,2,33,0,2,7,1,1,
2.024E+11,155 686 352,A01,2,7,0,2,1,15,1,
2.024E+11,155 686 358,A01,1,7,0,0,3,15,1,
2.024E+11,155 686 359,B01,1,7,0,2,2,17,1,
2.024E+11,155 686 348,B01,1,80,0,9,1,17,3,
2.024E+11,155 686 350,A01,1,1,0,2,8,26,5,
2.024E+11,155 686 342,B01,1,7,0,2,3,10,1,
2.024E+11,155 686 346,A01,1,37,0,2,2,21,1,1
2.024E+11,155 686 341,A01,1,7,0,2,5,12,1,
2.024E+11,155 686 345,B01,1,31,0,2,1,3,1,
2.024E+11,155 686 338,B01,0,2,0,2,4,13,1,
2.024E+11,155 686 344,A01,3,7,0,2,2,17,1,
2.024E+11,155 686 335,B01,1,1,0,0,0,1,5,
2.024E+11,155 686 339,A01,1,1,0,0,0,1,5,
2.024E+11,155 686 343,C01,1,1,0,0,0,1,5,
2.024E+11,155 686 333,B01,0,7,0,2,1,1,1,
2.024E+11,155 686 340,A01,0,7,0,2,5,1,1,
2.024E+11,155 686 334,A01,2,7,0,2,1,5,1,
2.024E+11,155 686 337,B01,1,7,12,2,3,1,2,
2.024E+11,155 686 329,B01,2,1,0,2,1,1,5,
2.024E+11,155 686 332,A01,1,10,0,2,5,20,1,
2.024E+11,155 686 326,B01,1,7,0,2,1,1,2,
2.024E+11,155 686 336,A01,1,30,0,2,7,26,1,
2.024E+11,155 686 328,A01,1,7,13,0,6,1,1,
2.024E+11,155 686 327,B01,2,80,0,4,3,19,3,
2.024E+11,155 686 330,A01,2,40,0,2,1,1,3,
2.024E+11,155 686 325,A01,3,50,0,0,0,21,3,
2.024E+11,155 686 323,A01,2,2,0,0,0,1,1,
2.024E+11,155 686 324,A01,1,7,0,2,3,1,1,
2.024E+11,155 686 331,B01,1,1,0,2,7,2,5,
2.024E+11,155 686 321,B01,3,30,0,2,1,1,1,
2.024E+11,155 686 322,A01,3,7,3,2,6,1,2,
2.024E+11,155 686 319,A01,1,33,2,0,1,2,1,
2.024E+11,155 686 316,A01,2,7,12,0,6,1,1,
2.024E+11,155 686 315,A01,2,7,0,1,3,1,1,
2.024E+11,155 686 313,A01,1,43,11,0,1,14,1,
2.024E+11,155 686 314,B01,1,1,0,2,4,5,5,
2.024E+11,155 686 320,A01,3,7,0,2,2,16,1,
2.024E+11,155 686 312,A01,2,7,0,2,7,10,0,
2.024E+11,155 686 318,B01,2,33,0,2,2,17,1,
2.024E+11,155 686 311,B01,0,30,0,2,2,1,1,
2.024E+11,155 686 317,A01,0,7,0,2,3,9,1,
2.024E+11,155 686 306,A01,2,7,1,1,1,20,1,
2.024E+11,155 686 304,A01,1,7,0,9,2,12,1,
2.024E+11,155 686 310,B01,3,1,0,0,0,0,5,
2.024E+11,155 686 302,A01,1,31,0,0,7,1,1,
2.024E+11,155 686 303,B01,1,1,0,2,8,2,5,
2.024E+11,155 686 309,A01,2,7,0,9,7,17,1,
2.024E+11,155 686 301,A01,1,7,0,2,1,14,1,
2.024E+11,155 686 307,B01,1,7,0,2,8,1,5,
2.024E+11,155 686 300,A01,1,1,0,2,4,1,5,
2.024E+11,155 686 308,B01,1,7,0,2,1,1,1,
2.024E+11,155 686 295,B01,2,7,0,2,5,2,1,
2.024E+11,155 686 299,A01,2,30,0,2,1,2,3,
2.024E+11,155 686 298,B01,1,7,0,2,5,15,1,
2.024E+11,155 686 305,A01,1,33,0,2,1,1,1,
2.024E+11,155 686 293,B01,1,1,0,2,4,1,5,
2.024E+11,155 686 294,A01,1,33,0,2,1,2,1,
2.024E+11,155 686 291,A01,3,7,0,2,3,15,1,
2.024E+11,155 686 296,B01,3,50,0,2,1,5,3,
2.024E+11,155 686 292,A01,0,32,0,0,0,0,1,
2.024E+11,155 686 297,B01,0,2,0,0,4,7,1,
2.024E+11,155 686 285,B01,1,33,0,2,1,1,1,
2.024E+11,155 686 289,A01,2,7,0,2,2,1,1,
2.024E+11,155 686 287,B01,1,33,0,2,5,21,1,
2.024E+11,155 686 288,A01,3,31,0,2,1,20,1,
2.024E+11,155 686 283,A01,2,7,0,0,9,0,1,
2.024E+11,155 686 280,A01,2,7,0,2,1,13,1,
2.024E+11,155 686 286,B01,1,7,0,2,1,1,1,
2.024E+11,155 686 290,C01,1,7,0,2,1,1,1,
2.024E+11,155 686 281,A01,0,7,15,0,1,1,1,
2.024E+11,155 686 278,B01,2,50,0,2,3,0,3,
2.024E+11,155 686 284,A01,2,0,0,2,7,2,1,
2.024E+11,155 686 277,B01,3,7,0,2,2,1,2,
2.024E+11,155 686 282,A01,3,7,0,2,3,10,1,
2.024E+11,155 686 279,A01,3,7,0,1,4,4,1,
2.024E+11,155 686 275,A01,3,7,0,1,1,26,1,
2.024E+11,155 686 272,A01,2,7,2,0,1,13,1,
2.024E+11,155 686 270,A01,1,33,0,2,1,13,1,
2.024E+11,155 686 273,B01,2,7,0,2,8,1,1,
2.024E+11,155 686 274,A01,2,30,0,2,8,18,3,
2.024E+11,155 686 276,B01,2,7,0,2,7,16,1,
2.024E+11,155 686 267,B01,0,7,0,2,6,1,1,
2.024E+11,155 686 271,A01,0,32,0,2,1,17,1,
2.024E+11,155 686 265,B01,1,7,0,2,1,0,0,
2.024E+11,155 686 268,A01,1,3,0,2,2,9,1,
2.024E+11,155 686 266,A01,3,40,0,1,3,1,3,
2.024E+11,155 686 264,B01,1,32,0,2,3,0,1,
2.024E+11,155 686 269,A01,1,7,0,2,7,16,2,
2.024E+11,155 686 260,A01,2,7,0,1,3,15,1,
2.024E+11,155 686 259,A01,1,7,0,1,1,16,1,
2.024E+11,155 686 261,B01,1,2,0,2,3,1,0,
2.024E+11,155 686 263,A01,2,7,0,2,3,15,3,
2.024E+11,155 686 262,A01,3,7,0,1,2,16,1,
2.024E+11,155 686 256,A01,1,10,0,2,3,1,1,
2.024E+11,155 686 258,B01,1,7,0,2,6,1,2,
2.024E+11,155 686 255,A01,3,7,0,2,2,1,1,
2.024E+11,155 686 257,B01,0,50,0,2,8,19,3,
2.024E+11,155 686 254,A01,3,10,0,1,2,1,1,
2.024E+11,155 686 253,A01,1,33,0,0,1,1,1,
2.024E+11,155 686 251,A01,2,33,0,0,6,0,1,
2.024E+11,155 686 252,B01,2,33,0,2,2,2,1,
2.024E+11,155 686 249,A01,3,50,0,0,0,1,3,
2.024E+11,155 686 245,A01,2,7,0,2,3,13,-1,
2.024E+11,155 686 248,B01,1,33,0,2,8,1,0,
2.024E+11,155 686 243,A01,3,7,0,2,1,2,2,
2.024E+11,155 686 250,B01,3,7,0,2,6,23,1,
2.024E+11,155 686 246,A01,3,7,0,0,1,26,1,
2.024E+11,155 686 242,A01,2,7,13,0,2,1,1,
2.024E+11,155 686 244,B01,1,7,13,2,1,1,1,
2.024E+11,155 686 247,A01,1,3,13,2,2,1,1,
2.024E+11,155 686 240,A01,2,30,0,0,2,1,1,
2.024E+11,155 686 239,A01,2,7,0,2,3,11,1,
2.024E+11,155 686 241,B01,2,33,0,2,1,17,1,
2.024E+11,155 686 237,A01,3,7,8,0,1,1,1,
2.024E+11,155 686 233,A01,3,7,13,0,1,13,2,
2.024E+11,155 686 235,B01,1,7,0,2,5,23,1,
2.024E+11,155 686 238,A01,1,7,0,2,1,9,1,
2.024E+11,155 686 232,A01,2,7,0,2,1,1,1,
2.024E+11,155 686 234,B01,2,7,0,0,4,1,1,
2.024E+11,155 686 231,B01,3,99,0,2,1,1,0,
2.024E+11,155 686 236,A01,3,7,1,2,3,15,1,
2.024E+11,155 686 230,A01,2,7,5,0,1,1,1,
2.024E+11,155 686 228,A01,2,33,0,2,1,17,1,
2.024E+11,155 686 229,B01,2,7,0,0,6,1,3,
2.024E+11,155 686 225,A01,1,60,0,2,1,1,5,
2.024E+11,155 686 227,B01,2,1,0,2,1,1,5,
2.024E+11,155 686 223,B01,3,15,0,2,1,24,1,
2.024E+11,155 686 226,A01,1,7,1,0,3,13,1,
2.024E+11,155 686 221,A01,1,31,0,0,1,17,1,
2.024E+11,155 686 216,A01,2,7,0,2,6,18,1,
2.024E+11,155 686 219,B01,2,15,0,2,2,1,1,
2.024E+11,155 686 220,D01,2,7,0,2,1,1,2,
2.024E+11,155 686 222,C01,2,7,0,2,5,1,2,
2.024E+11,155 686 215,A01,1,7,0,9,2,1,1,
2.024E+11,155 686 218,B01,1,1,0,2,3,9,5,
2.024E+11,155 686 212,A01,2,50,0,2,1,26,3,
2.024E+11,155 686 217,B01,2,7,0,2,7,1,2,
2.024E+11,155 686 210,A01,2,7,0,2,1,2,1,
2.024E+11,155 686 213,B01,2,7,0,2,4,23,1,
2.024E+11,155 686 209,B01,2,7,14,0,2,0,1,
2.024E+11,155 686 211,A01,2,10,3,0,1,1,1,
2.024E+11,155 686 214,C01,2,10,14,0,1,1,1,
2.024E+11,155 686 205,A01,1,7,0,1,5,4,1,
2.024E+11,155 686 206,Z01,1,7,0,1,1,1,2,
2.024E+11,155 686 202,A01,2,33,0,0,8,6,1,
2.024E+11,155 686 201,A01,1,7,0,2,3,17,1,
2.024E+11,155 686 207,B01,2,7,0,2,1,1,1,
2.024E+11,155 686 208,C01,1,7,0,2,3,1,1,
2.024E+11,155 686 197,A01,1,10,0,2,1,5,1,
2.024E+11,155 686 200,B01,1,60,0,2,8,19,5,
2.024E+11,155 686 196,A01,2,1,1,0,2,1,5,
2.024E+11,155 686 199,Z01,1,1,1,0,3,15,5,
2.024E+11,155 686 198,B01,2,7,0,2,4,2,1,
2.024E+11,155 686 203,A01,2,7,0,2,1,2,1,
2.024E+11,155 686 204,C01,2,14,0,2,4,2,1,
2.024E+11,155 686 192,A01,2,33,0,2,9,17,1,
2.024E+11,155 686 194,B01,2,38,0,2,8,2,1,1
2.024E+11,155 686 195,C01,1,7,0,2,3,1,1,
2.024E+11,155 686 189,A01,1,14,0,2,8,22,1,
2.024E+11,155 686 193,B01,1,50,1,0,2,1,3,
2.024E+11,155 686 188,A01,1,7,0,2,3,1,1,
2.024E+11,155 686 190,B01,2,33,0,2,3,5,1,
2.024E+11,155 686 191,A01,1,1,0,1,1,16,5,
2.024E+11,155 686 184,A01,2,7,0,2,2,13,1,
2.024E+11,155 686 187,B01,2,1,0,2,4,2,5,
2.024E+11,155 686 183,A01,2,17,0,1,2,1,1,
2.024E+11,155 686 186,B01,1,1,0,1,2,1,5,
2.024E+11,155 686 182,B01,1,1,0,2,4,23,5,
2.024E+11,155 686 185,A01,1,1,14,2,1,1,5,
2.024E+11,155 686 181,A01,2,2,0,0,8,1,1,
2.024E+11,155 686 178,A01,2,7,0,2,1,15,3,
2.024E+11,155 686 179,B01,2,32,0,2,7,17,1,
2.024E+11,155 686 175,B01,1,7,0,0,5,15,1,
2.024E+11,155 686 177,C01,2,7,0,2,3,0,1,
2.024E+11,155 686 180,A01,1,10,0,2,3,2,1,
2.024E+11,155 686 173,A01,2,10,0,9,8,1,1,
2.024E+11,155 686 176,B01,2,1,0,2,4,15,5,
2.024E+11,155 686 170,A01,0,7,0,1,4,4,1,
2.024E+11,155 686 171,B01,1,7,0,2,0,0,0,
2.024E+11,155 686 174,A01,1,7,0,2,1,0,0,
2.024E+11,155 686 169,B01,2,7,0,2,2,1,1,
2.024E+11,155 686 172,A01,2,1,0,0,4,11,5,
2.024E+11,155 686 167,A01,1,7,0,2,1,13,1,
2.024E+11,155 686 168,B01,2,21,0,2,1,1,1,
2.024E+11,155 686 166,A01,2,1,4,0,1,15,5,
2.024E+11,155 686 165,A01,1,7,0,1,1,26,1,
2.024E+11,155 686 164,A01,3,7,0,1,1,1,1,
2.024E+11,155 686 162,A01,3,7,1,0,1,1,1,
2.024E+11,155 686 160,A01,2,7,0,2,1,0,1,
2.024E+11,155 686 163,B01,1,7,0,2,1,1,1,
2.024E+11,155 686 158,A01,1,10,0,2,1,13,1,
2.024E+11,155 686 161,B01,2,7,0,2,1,1,1,
2.024E+11,155 686 157,A01,1,7,1,0,3,13,1,
2.024E+11,155 686 156,B01,1,33,0,2,8,1,1,
2.024E+11,155 686 159,Z01,1,10,0,2,2,12,1,
2.024E+11,155 686 153,A01,1,1,0,2,1,1,5,
2.024E+11,155 686 154,B01,1,7,0,2,1,1,1,
2.024E+11,155 686 152,A01,1,7,0,2,3,19,1,
2.024E+11,155 686 155,B01,2,33,0,2,1,1,1,
2.024E+11,155 686 150,A01,2,7,0,2,0,0,1,
2.024E+11,155 686 151,B01,2,7,9,2,0,0,1,
2.024E+11,155 686 148,A01,1,32,0,2,3,1,1,
2.024E+11,155 686 149,B01,1,7,0,0,5,23,2,
2.024E+11,155 686 145,A01,1,7,0,1,2,1,0,
2.024E+11,155 686 144,B01,2,7,0,2,1,13,1,
2.024E+11,155 686 146,C01,2,7,14,0,2,1,1,
2.024E+11,155 686 147,A01,1,7,0,2,3,0,1,
2.024E+11,155 686 142,A01,1,32,0,2,1,1,1,
2.024E+11,155 686 143,B01,1,80,0,2,4,11,3,
2.024E+11,155 686 141,B01,1,10,0,1,4,20,0,
2.024E+11,155 686 136,B01,2,32,0,2,2,16,1,
2.024E+11,155 686 139,A01,2,30,0,2,1,1,1,
2.024E+11,155 686 133,A01,3,7,0,2,0,0,0,
2.024E+11,155 686 134,B01,2,50,0,2,0,0,3,
2.024E+11,155 686 128,A01,3,1,0,2,0,0,5,
2.024E+11,155 686 131,B01,3,50,0,2,0,0,3,
2.024E+11,155 686 130,A01,2,7,0,2,3,11,3,
2.024E+11,155 686 137,B01,2,1,0,2,7,2,5,
2.024E+11,155 686 127,A01,1,10,0,0,4,23,1,
2.024E+11,155 686 129,D01,1,7,0,2,4,23,1,
2.024E+11,155 686 132,C01,1,7,0,2,4,23,1,
2.024E+11,155 686 135,B01,1,7,0,2,4,23,1,
2.024E+11,155 686 138,E01,1,7,2,0,4,23,1,
2.024E+11,155 686 140,F01,1,10,0,2,1,1,1,
2.024E+11,155 686 126,A01,2,32,8,0,1,14,1,
2.024E+11,155 686 125,A01,3,7,1,0,3,0,1,
2.024E+11,155 686 122,A01,1,10,0,0,7,23,1,
2.024E+11,155 686 124,B01,1,7,1,0,3,2,1,
2.024E+11,155 686 119,Y01,1,60,1,2,7,0,5,
2.024E+11,155 686 120,A01,1,33,1,2,1,1,1,
2.024E+11,155 686 118,A01,1,10,0,2,1,2,1,
2.024E+11,155 686 121,B01,1,7,0,2,4,2,1,
2.024E+11,155 686 123,C01,1,7,0,2,5,2,1,